OBJECTID;UIDENTSTLAE;ULAND;UREGBEZ;UKREIS;UGEMEINDE;UJAHR;UMONAT;USTUNDE;UWOCHENTAG;UKATEGORIE;UART;UTYP1;ULICHTVERH;IstRad;IstPKW;IstFuss;IstKrad;IstGkfz;IstSonstige;LINREFX;LINREFY;XGCSWGS84;YGCSWGS84;STRZUSTAND
77637;5200218706100887372;5;5;58;16;2020;2;22;3;3;5;3;2;1;1;0;0;0;0;376641,824000000020000;5745742,709000000700000;7,209056569000040;51,848843531000057;1
77647;5200220601110230206;5;3;15;0;2020;2;13;5;3;0;7;0;1;0;0;0;0;0;356802,335199999620000;5644141,653400000200000;6,962191510000025;50,931110763000049;0
77649;5200219505100979382;5;1;14;0;2020;2;19;4;3;0;1;2;1;0;0;0;0;0;327893,607099999670000;5685991,496899999700000;6,531203279000067;51,299191409000059;0
77661;5200220518400963202;5;1;70;8;2020;2;19;5;3;1;6;2;1;1;0;0;0;0;343530,126400000420000;5714889,392000000900000;6,742541658000050;51,563348074000032;1
77677;5200221513130879060;5;1;62;22;2020;2;20;6;2;5;2;2;1;1;0;0;0;0;334183,609000000170000;5682767,505999999100000;6,622842481000021;51,272092792000080;0
77679;5200219500100860972;5;1;11;0;2020;2;16;4;3;5;2;0;1;1;0;0;0;0;346340,455099999900000;5676612,484300000600000;6,799622445000068;51,220194790000050;0
77688;5200220506100001207;5;1;16;0;2020;2;13;5;2;3;2;0;1;0;0;0;1;0;320835,786199999970000;5676202,487999999900000;6,434969462000026;51,209078918000046;0
77699;5200219500100136200;5;1;11;0;2020;2;9;4;2;5;2;0;1;1;0;0;0;0;345948,847900000400000;5677325,123199999300000;6,793712896000045;51,226492663000045;1
77700;5200221400100676097;5;7;11;0;2020;2;14;6;3;5;3;0;1;1;0;0;0;0;467272,741999999620000;5766035,326400000600000;8,522808593000036;52,043962511000075;0
77702;5200220709300111911;5;5;66;68;2020;2;13;5;3;0;7;0;1;0;0;0;0;1;375965,812400000170000;5785190,483100000800000;7,184948568000038;52,203188759000057;0
77718;5200220501316427200;5;1;12;0;2020;2;20;5;3;3;2;2;1;1;0;0;0;0;345851,235600000250000;5699065,296299999600000;6,782912964000047;51,421808063000071;1
77720;5200221709500427206;5;5;66;76;2020;2;6;6;3;5;3;2;1;1;0;0;0;0;398501,071999999690000;5789861,159000000000000;7,513182450000045;52,249777486000028;0
77723;5200219405228082048;5;7;54;28;2020;2;11;4;3;0;7;0;1;0;0;0;0;1;450874,452999999750000;5744508,312000000800000;8,286800754000069;51,849216593000051;1
77727;5200220405108006497;5;7;54;8;2020;2;15;5;3;5;2;0;1;0;0;0;0;1;457723,084999999960000;5751062,689799999800000;8,385418802000061;51,908705298000029;0
77729;5200219701300026177;5;5;62;14;2020;2;15;4;2;5;3;0;1;1;0;0;0;0;360009,629800000230000;5715784,430999999900000;6,979773569000031;51,575722446000043;0
77730;5200220406210395817;5;7;58;4;2020;2;17;5;3;5;3;1;1;1;0;0;0;0;469529,181300000290000;5783814,995500000200000;8,554115845000069;52,203939200000036;1
77733;5200219702100972414;5;5;15;0;2020;2;7;4;3;6;4;1;1;0;1;0;0;0;405754,262699999850000;5755701,178700000000000;7,628844956000023;51,944030350000048;1
77735;5200218601610430204;5;3;15;0;2020;2;10;3;3;6;4;0;1;0;1;0;0;0;365187,128200000150000;5642530,676300000400000;7,082035223000048;50,918652785000063;0
77741;5200222501315886205;5;1;12;0;2020;2;20;7;3;4;6;2;1;1;0;0;0;0;346475,074500000100000;5699644,975500000600000;6,791627170000027;51,427185877000056;1
77754;5200220300813077725;5;9;54;36;2020;2;7;5;3;6;4;1;1;0;1;0;0;0;384618,557300000450000;5700391,199799999600000;7,339768890000073;51,442943972000080;1
77760;5200218600110906207;5;3;14;0;2020;2;16;3;3;0;1;0;1;0;0;0;0;0;365659,623499999750000;5622854,349600000300000;7,095963898000036;50,741916607000064;1
77761;5200219316100588488;5;9;74;40;2020;2;7;4;2;5;3;0;1;1;0;0;0;0;437067,826299999840000;5713097,242399999900000;8,092053371000077;51,565436691000059;1
77763;5200220503100045205;5;1;24;0;2020;2;13;5;3;6;5;0;1;0;1;0;0;0;371134,633100000210000;5680238,998299999200000;7,153148960000067;51,258923521000042;0
77764;5200219706200065772;5;5;58;12;2020;2;20;4;3;5;3;2;1;1;0;0;0;0;373933,807000000030000;5757131,433000000200000;7,165597499000057;51,950583467000058;0
77771;5200219315140966216;5;9;70;36;2020;2;5;4;2;4;2;2;1;1;0;0;0;0;430922,046299999580000;5626304,018799999700000;8,020082689000049;50,784368814000061;1
77776;5200221313110773374;5;9;58;4;2020;2;14;6;3;5;3;0;1;0;0;0;1;0;427372,094700000250000;5701212,748700000300000;7,954641221000031;51,457427149000068;0
77778;5200220709100327204;5;5;66;8;2020;2;8;5;3;5;3;0;1;1;0;0;0;0;399424,316899999980000;5781819,322699999400000;7,529091565000044;52,177669710000032;1
77787;5200225709300538479;5;5;66;68;2020;2;18;3;2;5;2;2;1;1;0;0;0;0;375316,052500000220000;5785747,417799999900000;7,175240469000073;52,208046829000068;0
77795;5200225605152079447;5;3;74;52;2020;2;16;3;3;3;6;0;1;1;0;0;0;0;388249,533900000150000;5661427,506899999500000;7,404172453000058;51,093444273000046;0
77800;5200224701400652206;5;5;12;0;2020;2;11;2;2;5;2;0;1;1;0;0;0;0;356412,024899999610000;5710090,257400000500000;6,930216057000052;51,523651047000044;1
77820;5200225709100650200;5;5;66;8;2020;2;5;3;2;5;3;2;1;1;0;0;0;0;400570,111899999900000;5780170,959799999400000;7,546325840000066;52,163062246000038;0
77828;5200226505200387203;5;1;14;0;2020;2;6;4;3;5;2;2;1;1;0;0;0;0;329234,875099999830000;5689224,234400000400000;6,548876306000068;51,328637494000077;1
77829;5200225600360360203;5;3;82;12;2020;2;16;3;3;5;3;0;1;1;0;0;0;0;356492,075899999590000;5624739,204900000200000;6,965380368000069;50,756662967000068;0
77834;5200224516220768081;5;1;58;36;2020;2;12;2;2;5;3;0;1;1;0;0;0;0;362193,184600000270000;5682338,519400000600000;7,024273285000049;51,275700250000057;1
77843;5200224514119187208;5;1;66;16;2020;2;22;2;3;0;2;2;1;1;0;0;0;0;308518,776999999770000;5686305,936000000700000;6,253435876000026;51,295830093000063;1
77844;5200226302223275692;5;9;14;0;2020;2;22;4;3;0;6;2;1;1;0;0;0;0;390466,280799999830000;5689087,008099999300000;7,427365380000026;51,342497444000060;0
77848;5200224513120199200;5;1;62;20;2020;2;10;2;3;5;3;0;1;1;0;0;0;0;330746,877199999990000;5671188,610099999200000;6,579085646000067;51,167056428000080;1
77850;5200224513110255202;5;1;62;16;2020;2;12;2;3;5;2;0;1;0;0;0;0;1;334780,468700000080000;5678153,810900000900000;6,633521109000071;51,230814734000035;1
77867;5200225514212511205;5;1;66;12;2020;2;4;3;3;0;7;2;1;0;0;0;0;0;325039,170900000260000;5698360,696300000000000;6,484217100000024;51,409437630000070;1
77878;5200225508216423207;5;1;19;0;2020;2;10;3;3;0;1;0;1;0;0;0;0;0;351191,316399999890000;5712887,780999999500000;6,853834285000062;51,547436436000055;0
77893;5200224313130968898;5;9;58;44;2020;2;18;2;3;5;3;2;1;1;0;0;0;0;430804,598000000230000;5685778,861999999700000;8,007046306000063;51,319098123000060;1
77910;5200226501128832207;5;1;12;0;2020;2;14;4;2;0;3;0;1;0;0;0;1;0;343533,809100000190000;5703150,145500000600000;6,747804103000021;51,457874988000071;1
77945;5200223709500900952;5;5;66;76;2020;2;17;1;3;5;3;0;1;1;0;0;0;0;398226,073300000280000;5788042,750499999200000;7,509703267000020;52,233383669000034;1
77971;5200226505200965323;5;1;14;0;2020;2;0;4;3;2;2;2;1;0;0;0;0;1;329547,898099999870000;5690416,925200000400000;6,552794245000030;51,339446259000056;1
77994;5200225609128932726;5;3;58;28;2020;2;11;3;3;5;3;0;1;1;0;0;0;0;322363,350599999540000;5624152,016699999600000;6,482245679000073;50,741947078000067;0
77999;5200226610111471791;5;3;70;16;2020;2;5;4;3;5;2;2;1;1;0;0;0;0;298221,024400000460000;5660422,639799999100000;6,120452482000076;51,059821764000048;1
78005;5200226513130381521;5;1;62;22;2020;2;7;4;3;0;3;1;1;0;0;1;0;0;334677,339900000020000;5683306,756799999600000;6,629664716000036;51,277081066000051;1
78035;5200226505200379200;5;1;14;0;2020;2;6;4;3;0;1;2;1;0;0;0;0;0;329615,215400000100000;5690528,603599999100000;6,553706347000059;51,340469730000052;1
78036;5200225301101076202;5;9;13;0;2020;2;10;3;3;5;3;0;1;1;0;0;0;0;393815,922500000340000;5707441,676699999700000;7,469938306000074;51,508116680000057;1
78050;5200225608200118209;5;3;34;2;2020;2;15;3;3;5;2;0;1;1;0;0;0;0;298628,150999999610000;5629014,581000000200000;6,143591699000069;50,777877171000057;0
78064;5200226410230593094;5;7;70;4;2020;2;15;4;3;5;3;0;1;1;0;0;0;0;486584,544999999930000;5784270,464999999900000;8,803668949000041;52,208713192000062;1
78065;5200222700200866386;5;5;13;0;2020;2;21;7;2;5;2;2;1;1;0;0;0;0;364491,332299999890000;5716514,350500000600000;7,044126947000052;51,583376910000027;1
78077;5200226516800967202;5;1;58;20;2020;2;7;4;3;0;2;0;1;1;0;0;0;0;355257,102699999700000;5664807,519500000400000;6,931966960000068;51,116441440000074;1
78080;5200227301401865208;5;9;13;0;2020;2;6;5;3;0;2;1;1;1;0;0;0;0;395849,734899999570000;5706928,985099999200000;7,499385066000059;51,503886820000048;0
78086;5200222602600464203;5;3;62;20;2020;2;22;7;3;0;1;2;1;0;0;0;0;0;345979,786100000140000;5630667,603299999600000;6,813967703000060;50,807242897000037;1
78089;5200222602500390208;5;3;62;24;2020;2;9;7;3;5;3;0;1;1;0;0;0;0;342507,251000000160000;5644979,353000000100000;6,758558795000056;50,934912307000047;0
78090;5200226508200477208;5;1;19;0;2020;2;7;4;3;1;5;1;1;1;0;0;0;0;350006,253600000400000;5711276,544600000600000;6,837442580000072;51,532645326000079;1
78092;5200222602300273719;5;3;62;36;2020;2;1;7;3;0;7;2;1;0;0;0;0;0;345445,342600000090000;5651647,386099999800000;6,797507670000073;50,995625513000050;0
78103;5200222516500387202;5;1;58;16;2020;2;10;7;3;3;2;0;1;1;0;0;0;0;358282,411500000390000;5670444,708200000200000;6,972943841000074;51,167857109000067;0
78119;5200226702100064121;5;5;15;0;2020;2;7;4;3;5;3;1;1;1;0;0;0;0;408674,614199999720000;5761735,310300000000000;7,669714401000022;51,998755691000042;1
78122;5200225709700976667;5;5;66;72;2020;2;8;3;2;5;2;0;1;1;0;0;0;0;407758,987300000150000;5800202,630899999300000;7,645922678000034;52,344356378000043;0
78123;5200222503400371650;5;1;22;0;2020;2;9;7;2;5;3;0;1;1;0;0;0;0;361681,272499999960000;5672373,975700000300000;7,020785471000067;51,186027218000049;0
78125;5200224711212368279;5;5;70;4;2020;2;11;2;2;5;2;0;1;0;0;0;1;0;423796,392500000070000;5736183,911800000800000;7,895580173000042;51,771344030000080;0
78126;5200224705000970577;5;5;54;16;2020;2;17;2;2;9;1;1;1;0;0;0;0;0;363511,754399999980000;5757117,822599999600000;7,014045203000023;51,948001555000076;1
78128;5200226410110576398;5;7;70;24;2020;2;13;4;2;5;3;0;1;1;0;0;0;0;495515,080599999990000;5794954,894200000900000;8,934222450000050;52,304917232000037;0
78129;5200302310140616858;5;9;54;28;2020;3;15;2;3;5;3;0;1;1;0;0;0;0;377935,912800000050000;5691871,916400000500000;7,246590429000037;51,364974823000068;0
78130;5200227701920285643;5;5;62;28;2020;2;10;5;3;0;7;0;1;0;0;0;0;1;379865,302000000140000;5722598,449899999400000;7,263826171000062;51,641544479000061;0
78135;5200227701910785643;5;5;62;8;2020;2;7;5;3;3;2;1;1;1;0;0;0;0;385045,895499999630000;5722988,175699999600000;7,338532833000045;51,646130046000053;0
78139;5200227701500763201;5;5;62;24;2020;2;19;5;2;5;2;2;1;1;0;0;0;0;370281,754599999640000;5727010,136600000800000;7,123765542000058;51,679062066000029;1
78141;5200228606110063660;5;3;78;4;2020;2;7;6;3;3;2;0;1;1;0;0;0;0;368974,035099999980000;5651332,204700000600000;7,132711120000067;50,998631408000051;0
78143;5200228502324782209;5;1;13;0;2020;2;6;6;3;5;3;2;1;1;0;0;0;0;361743,138799999840000;5707869,273900000400000;7,007882852000023;51,505022945000064;1
78148;5200302702100272420;5;5;15;0;2020;3;19;2;3;0;7;2;1;1;0;0;0;0;405592,805999999870000;5754335,522399999200000;7,626871554000047;51,931727815000045;1
78155;5200302516800120205;5;1;58;20;2020;3;20;2;3;5;2;2;1;1;0;0;0;0;357196,984000000170000;5661771,134199999300000;6,960865663000050;51,089641278000045;1
78159;5200302405228082006;5;7;54;28;2020;3;10;2;3;8;7;0;1;0;0;0;0;0;452234,026399999860000;5743360,864700000700000;8,306695808000029;51,839018424000074;1
78164;5200229411232568118;5;7;74;32;2020;2;7;7;3;0;1;0;1;0;0;0;0;0;480063,760999999940000;5733288,529999999300000;8,711203016000070;51,750143659000059;1
78165;5200302701300662203;5;5;62;14;2020;3;13;2;3;5;3;0;1;1;0;0;0;0;360149,326700000090000;5715619,956599999200000;6,981853694000051;51,574279148000073;0
78175;5200228500100018207;5;1;11;0;2020;2;19;6;3;0;1;2;1;0;0;0;0;0;344630,579499999990000;5677927,878900000800000;6,774586815000021;51,231551335000063;1
78180;5200228410210940350;5;7;70;20;2020;2;10;6;3;5;2;0;1;1;0;0;0;0;478915,270999999720000;5794983,889200000100000;8,690763785000058;52,304791446000081;0
78181;5200229317140680649;5;9;78;28;2020;2;11;7;3;8;1;0;1;0;0;0;0;0;400453,667999999600000;5700287,808100000000000;7,567567779000058;51,445019344000059;0
78190;5200228410210079104;5;7;70;20;2020;2;10;6;3;5;3;0;1;1;0;0;0;0;475632,547000000250000;5795688,589999999900000;8,642568103000031;52,310991074000071;0
78192;5200229518200885919;5;1;70;24;2020;2;22;7;3;5;3;2;1;1;0;0;0;0;336185,503999999720000;5702506,814999999500000;6,642423608000058;51,450016663000042;0
78197;5200227609108548354;5;3;58;8;2020;2;6;5;3;5;2;1;1;1;0;0;0;0;322183,189699999990000;5630298,802500000200000;6,476723904000039;50,797115519000045;1
78198;5200228410110570394;5;7;70;24;2020;2;8;6;3;0;2;0;1;1;0;0;0;0;493022,979000000280000;5791746,616000000400000;8,897738823000054;52,276047202000029;0
78212;5200229514119577513;5;1;66;16;2020;2;12;7;3;0;3;0;1;1;0;0;0;0;308097,069099999960000;5687414,828400000900000;6,246798261000038;51,305647816000032;0
78214;5200227608100147206;5;3;34;2;2020;2;13;5;3;4;2;0;1;1;0;0;0;0;297430,707499999550000;5631169,373999999800000;6,125441467000030;50,796813504000056;1
78215;5200228709500957209;5;5;66;76;2020;2;7;6;3;0;3;0;1;1;0;0;0;0;393654,341199999680000;5794099,448699999600000;7,440876489000061;52,286952618000043;1
78225;5200228405228070271;5;7;54;28;2020;2;3;6;2;3;7;2;1;0;0;0;0;1;452118,565899999810000;5744878,310799999200000;8,304809940000041;51,852651185000070;1
78231;5200228404302853212;5;7;66;8;2020;2;6;6;3;0;7;1;1;0;0;0;0;0;481642,127100000160000;5770440,157800000200000;8,732086208000055;52,084227454000029;1
78256;5200228404000072322;5;7;66;16;2020;2;15;6;3;5;3;0;1;1;0;0;0;0;506133,240299999710000;5754411,034199999600000;9,089221541000029;51,940381205000051;0
78257;5200229602700985849;5;3;62;28;2020;2;9;7;3;0;1;0;1;0;0;0;0;0;352581,964499999770000;5638612,849500000500000;6,904407679000030;50,880362321000064;0
78274;5200228317130050994;5;9;78;12;2020;2;17;6;3;2;6;0;1;1;0;0;0;0;414366,498300000090000;5703313,787900000800000;7,766981162000036;51,474496804000069;0
78276;5200229601300087652;5;3;15;0;2020;2;15;7;3;0;1;0;1;0;0;0;0;0;353924,846300000320000;5646746,391100000600000;6,920226742000068;50,953797119000058;1
78277;5200227601310682202;5;3;15;0;2020;2;19;5;3;6;4;2;1;0;1;0;0;0;352976,924599999560000;5646966,755799999500000;6,906651121000039;50,955536406000078;1
78285;5200229709800074768;5;5;66;44;2020;2;12;7;2;5;3;0;1;1;0;0;0;0;429219,520200000140000;5777464,247899999800000;7,965658006000069;52,143148509000071;0
78299;5200228601220969209;5;3;15;0;2020;2;7;6;2;0;1;0;1;0;0;0;0;0;353044,649600000120000;5643883,316099999500000;6,908858605000035;50,927844065000045;2
78305;5200228606140414206;5;3;78;28;2020;2;19;6;3;5;2;2;1;1;0;0;0;0;370768,680300000120000;5640284,732400000100000;7,162193915000046;50,899743278000074;1
78306;5200302410230084201;5;7;70;4;2020;3;9;2;3;5;2;0;1;1;0;0;0;0;486817,324000000020000;5783374,835000000900000;8,807110446000024;52,200666564000073;0
78313;5200302702100478035;5;5;15;0;2020;3;6;2;3;5;3;0;1;1;0;0;0;0;405554,117999999780000;5750683,301000000900000;7,627310615000056;51,898893245000068;0
78316;5200228701620649387;5;5;62;12;2020;2;11;6;3;5;3;0;1;1;0;0;0;0;357335,700199999850000;5735445,506899999500000;6,933186272000057;51,751719525000055;0
78324;5200302405232358183;5;7;54;32;2020;3;7;2;3;5;2;0;1;1;0;0;0;0;457285,572399999950000;5731697,924799999200000;8,381447995000031;51,734569007000061;1
78326;5200229701120298202;5;5;62;32;2020;2;17;7;3;5;2;0;1;1;0;0;0;0;376117,719700000250000;5714999,007500000300000;7,212379607000059;51,572433935000049;0
78327;5200227515110022132;5;1;54;36;2020;2;12;5;3;5;3;0;1;1;0;0;0;0;303749,358799999580000;5740411,615800000700000;6,154953359000047;51,780113008000058;1
78385;5200228300400036442;5;9;11;0;2020;2;13;6;3;5;3;0;1;1;0;0;0;0;372145,192900000140000;5700850,351900000100000;7,160217581000040;51,444392194000045;0
78386;5200228606100774329;5;3;78;4;2020;2;5;6;1;5;2;2;1;0;0;0;1;0;365398,852400000210000;5653435,473700000000000;7,081010219000063;51,016709212000080;1
78395;5200228518210276683;5;1;70;28;2020;2;15;6;2;5;3;0;1;1;0;0;0;0;327752,019500000400000;5701328,699400000300000;6,521743408000020;51,436930932000053;0
78398;5200229506100916201;5;1;16;0;2020;2;10;7;3;5;3;0;1;1;0;0;0;0;321590,425099999640000;5668295,539699999600000;6,449685702000068;51,138284623000061;1
78401;5200228706000387372;5;5;58;16;2020;2;7;6;3;0;7;0;1;0;0;0;0;0;388797,719200000170000;5746987,599800000000000;7,385058379000043;51,862586048000026;2
78407;5200229608416715207;5;3;34;16;2020;2;13;7;3;5;3;0;1;1;0;0;0;0;294259,678000000310000;5634961,764000000400000;6,078379051000070;50,829756494000037;0
78413;5200228610212932769;5;3;70;40;2020;2;18;6;3;5;3;2;1;1;0;0;0;0;313011,767099999820000;5665581,198599999800000;6,328603572000077;51,111166100000048;1
78416;5200302400100474537;5;7;11;0;2020;3;16;2;3;5;3;0;1;1;0;0;0;0;469121,064600000160000;5765455,606599999600000;8,549810155000046;52,038856519000035;0
78437;5200228505100869426;5;1;14;0;2020;2;8;6;3;5;3;0;1;1;0;0;0;0;334893,783599999730000;5687416,226600000600000;6,630864572000064;51,314064763000033;1
78438;5200229518100535202;5;1;70;48;2020;2;21;7;2;0;1;2;1;0;0;0;0;0;335789,405199999920000;5725805,372700000200000;6,625850277000041;51,659215095000036;1
78441;5200302600360614203;5;3;82;12;2020;3;14;2;3;5;3;0;1;1;0;0;0;0;361745,262299999590000;5625946,943900000300000;7,039357597000048;50,768792854000026;0
78443;5200229601300486551;5;3;15;0;2020;2;17;7;3;5;3;0;1;1;0;0;0;0;354337,247299999930000;5645497,531800000000000;6,926593821000040;50,942678391000072;1
78445;5200229303100077925;5;9;15;0;2020;2;11;7;3;5;3;0;1;1;0;0;0;0;418561,397400000130000;5727796,951400000600000;7,821688585000061;51,695212612000034;0
78448;5200227410110639370;5;7;70;24;2020;2;9;5;3;0;1;0;1;0;0;0;0;0;495677,752500000410000;5795875,914500000000000;8,936596428000030;52,313198950000071;0
78449;5200228608100053858;5;3;34;2;2020;2;7;6;3;0;1;0;1;0;0;0;0;0;293450,921400000340000;5628363,376399999500000;6,070620847000043;50,770208207000053;2
78459;5200228706300868251;5;5;58;4;2020;2;5;6;2;4;6;2;1;1;0;0;0;0;405332,720399999990000;5738852,128100000300000;7,627332887000023;51,792509914000050;2
78466;5200229701300875295;5;5;62;14;2020;2;12;7;3;5;3;0;1;1;0;0;0;0;357396,434799999930000;5713986,266899999200000;6,942817663000028;51,558909488000040;0
78470;5200228606140430202;5;3;78;28;2020;2;23;6;3;0;1;2;1;0;0;0;0;0;372460,461299999620000;5640880,841099999800000;7,186031611000033;50,905477346000055;1
78472;5200227711112369112;5;5;70;52;2020;2;9;5;3;5;2;0;1;1;0;0;0;0;430150,827600000430000;5755154,996300000700000;7,983823899000072;51,942718697000032;1
78474;5200302300815141640;5;9;54;36;2020;3;7;2;3;3;2;0;1;0;0;1;0;0;386711,646999999880000;5699664,511800000400000;7,370105829000067;51,436834911000062;0
78478;5200302702100568314;5;5;15;0;2020;3;7;2;2;5;2;0;1;1;0;0;0;0;398359,335599999870000;5750828,614399999400000;7,522734029000048;51,898933455000076;1
78482;5200301513210175925;5;1;62;24;2020;3;1;1;3;1;1;2;1;1;0;0;0;0;337978,790599999950000;5675164,050799999400000;6,680641642000069;51,204869324000072;0
78483;5200228602700385849;5;3;62;28;2020;2;6;6;3;0;1;1;1;0;0;0;0;0;350910,344600000420000;5637657,280700000000000;6,881051977000027;50,871346190000054;2
78486;5200229608200712200;5;3;34;2;2020;2;14;7;3;0;1;0;1;0;0;0;0;0;295281,223899999630000;5629224,848999999500000;6,096063891000028;50,778594051000027;0
78498;5200301500100965864;5;1;11;0;2020;3;10;1;3;5;2;0;1;1;0;0;0;0;346413,791299999690000;5676002,080499999200000;6,800933218000068;51,214729719000047;0
78501;5200227705000621108;5;5;54;4;2020;2;7;5;3;5;3;2;1;1;0;0;0;0;362709,435999999750000;5772576,905700000000000;6,996179880000057;52,086710878000076;1
78504;5200227705000581049;5;5;54;20;2020;2;12;5;3;0;2;0;1;1;0;0;0;0;365773,496299999770000;5787069,785900000500000;7,035145830000033;52,217687400000045;1
78520;5200229601210734200;5;3;15;0;2020;2;12;7;2;0;5;0;1;1;0;0;0;0;353746,263299999760000;5642479,969799999100000;6,919398129000058;50,915410942000051;0
78533;5200227702100561966;5;5;15;0;2020;2;10;5;3;3;1;0;1;0;0;0;0;0;405458,485200000000000;5756271,278999999200000;7,624386321000031;51,949104480000074;0
78534;5200229508000573483;5;1;19;0;2020;2;17;7;3;3;2;0;1;1;0;0;0;0;352568,708599999550000;5709389,282700000300000;6,875149355000076;51,516362271000048;1
78537;5200303601410159208;5;3;15;0;2020;3;16;3;3;5;3;0;1;1;0;0;0;0;350401,087100000120000;5659192,010600000600000;6,864962582000032;51,064732729000070;0
78538;5200305301301515206;5;9;78;24;2020;3;8;5;3;5;2;0;1;1;0;0;0;0;397367,332399999720000;5719942,521500000700000;7,517443207000042;51,621138277000057;1
78541;5200305606000874303;5;3;78;4;2020;3;10;5;3;0;2;0;1;1;0;0;0;0;368858,208700000310000;5650390,541799999800000;7,131401414000038;50,990141618000052;1
78546;5200303601320092207;5;3;15;0;2020;3;10;3;3;3;2;0;1;0;0;0;0;1;352214,764000000430000;5644945,506999999300000;6,896627313000067;50,937177480000059;1
78558;5200304601110142207;5;3;15;0;2020;3;17;4;3;3;5;1;1;1;0;0;0;0;356392,667200000030000;5643135,130799999500000;6,956762039000068;50,921963404000053;1
78559;5200306601600281936;5;3;15;0;2020;3;13;6;3;0;2;0;1;1;0;0;0;0;361257,006599999960000;5645535,945200000000000;7,025012934000074;50,944730371000048;0
78564;5200304602300515064;5;3;62;36;2020;3;11;4;3;5;2;0;1;1;0;0;0;0;344600,292999999600000;5650094,995999999300000;6,786138815000072;50,981448485000044;0
78565;5200306602500667504;5;3;62;24;2020;3;11;6;3;0;1;0;1;0;0;0;0;0;345679,701700000090000;5642795,182700000700000;6,804597795000063;50,916142951000040;1
78566;5200305601420159204;5;3;15;0;2020;3;20;5;3;0;5;2;1;1;0;0;0;0;355667,284900000320000;5650696,323799999400000;6,943450163000023;50,989733176000072;1
78567;5200304500300650204;5;1;11;0;2020;3;19;4;3;5;3;2;1;1;0;0;0;0;352706,619599999860000;5669841,999500000800000;6,893494059000034;51,161032418000048;0
78569;5200303601300686626;5;3;15;0;2020;3;19;3;3;0;1;2;1;0;0;0;0;0;354191,832399999720000;5644856,030899999700000;6,924782133000065;50,936876666000046;1
78573;5200308513110078873;5;1;62;16;2020;3;15;1;3;4;6;0;1;1;0;0;0;0;331254,095900000070000;5676557,235799999900000;6,583811237000020;51,215439142000037;1
78577;5200307610212985763;5;3;70;40;2020;3;9;7;3;7;1;0;1;0;0;0;0;0;310388,490899999630000;5672490,787900000800000;6,287533512000039;51,172367721000057;0
78579;5200306600110631279;5;3;14;0;2020;3;12;6;3;0;4;0;1;0;1;0;0;0;365558,305999999870000;5621467,008999999600000;7,095034799000075;50,729423833000055;1
78584;5200305315110485296;5;9;70;40;2020;3;7;5;3;5;3;0;1;1;0;0;0;0;431711,277999999930000;5635838,901000000500000;8,029500712000072;50,870195009000042;1
78588;5200308303100019526;5;9;15;0;2020;3;7;1;3;3;7;0;1;1;0;0;0;0;417096,337899999690000;5728709,160900000500000;7,800279167000042;51,703198388000033;0
78589;5200303601110216209;5;3;15;0;2020;3;18;3;3;5;3;2;1;1;0;0;0;0;356377,107300000270000;5643159,529600000000000;6,956531195000025;50,922178801000030;1
78591;5200306702100742458;5;5;15;0;2020;3;8;6;3;3;6;0;1;1;0;0;0;0;408998,377799999900000;5757565,667799999900000;7,675535069000034;51,961329673000080;1
78612;5200304608200967557;5;3;34;2;2020;3;17;4;3;5;3;1;1;1;0;0;0;0;295404,217000000180000;5628772,433000000200000;6,098057833000041;50,774574164000057;0
78618;5200304513130681521;5;1;62;22;2020;3;8;4;3;0;1;0;1;1;0;0;0;0;339340,295900000260000;5679378,363900000200000;6,698226040000066;51,243119032000038;0
78632;5200303516500148209;5;1;58;16;2020;3;7;3;3;5;3;0;1;1;0;0;0;0;353401,465599999760000;5669834,249700000500000;6,903427361000070;51,161141246000057;0
78633;5200304501314772343;5;1;12;0;2020;3;8;4;3;0;7;0;1;1;0;0;0;0;346218,694000000130000;5701170,356300000100000;6,787279874000035;51,440822098000069;1
78647;5200303513210578746;5;1;62;24;2020;3;18;3;3;4;2;2;1;1;0;0;0;0;337640,111299999990000;5667599,282900000000000;6,679213584000024;51,136804922000067;0
78653;5200305601310184202;5;3;15;0;2020;3;22;5;3;0;1;2;1;0;0;0;0;0;353686,972099999900000;5646331,149700000900000;6,917009231000066;50,950005160000046;1
78658;5200307410240360209;5;7;70;40;2020;3;17;7;2;0;1;0;1;0;0;0;0;0;472779,928899999710000;5813651,698100000600000;8,599265848000073;52,472347896000031;0
78664;5200307609152405715;5;3;58;52;2020;3;6;7;2;5;3;1;1;1;0;0;0;0;333354,546699999830000;5631375,913899999100000;6,634611062000033;50,810113428000079;1
78666;5200306515210851438;5;1;54;20;2020;3;11;6;3;0;7;0;1;0;1;0;0;0;322153,391900000160000;5708321,319499999300000;6,437758984000027;51,498014509000029;0
78668;5200307701200343204;5;5;62;20;2020;3;13;7;3;5;2;0;1;1;0;0;0;0;371171,907399999910000;5717571,393699999900000;7,140107368000031;51,594443174000048;0
78673;5200306317140521202;5;9;78;28;2020;3;10;6;3;5;2;0;1;1;0;0;0;0;401221,520800000060000;5700294,722200000700000;7,578611277000050;51,445215947000065;1
78677;5200305702100339623;5;5;15;0;2020;3;9;5;3;0;7;0;1;0;0;0;0;0;405515,153699999680000;5754636,263199999900000;7,625659877000032;51,934417838000059;0