OBJECTID;UIDENTSTLAE;ULAND;UREGBEZ;UKREIS;UGEMEINDE;UJAHR;UMONAT;USTUNDE;UWOCHENTAG;UKATEGORIE;UART;UTYP1;ULICHTVERH;IstRad;IstPKW;IstFuss;IstKrad;IstGkfz;IstSonstige;LINREFX;LINREFY;XGCSWGS84;YGCSWGS84;STRZUSTAND
78680;5200304702100070617;5;5;15;0;2020;3;7;4;3;5;3;1;1;1;0;0;0;0;405788,246000000280000;5760322,271999999900000;7,628071417000058;51,985572503000071;1
78682;5200307605148573203;5;3;74;48;2020;3;13;7;3;3;2;0;1;1;0;0;0;0;396274,913999999870000;5646712,787000000500000;7,522945599000025;50,962674784000058;0
78687;5200306303100514063;5;9;15;0;2020;3;19;6;2;5;3;2;1;1;0;0;0;0;414036,468000000340000;5722417,780999999500000;7,757558679000056;51,646182607000071;1
78699;5200305609108979475;5;3;58;8;2020;3;7;5;3;8;1;1;1;0;0;0;0;0;322733,783699999560000;5631164,717800000700000;6,484110980000025;50,805063676000032;1
78707;5200305505100617923;5;1;14;0;2020;3;19;5;3;5;3;2;1;1;0;0;0;0;332048,826000000350000;5689276,430900000000000;6,589203805000068;51,329944355000066;1
78708;5200306301301942200;5;9;78;24;2020;3;8;6;3;5;3;0;1;1;0;0;0;0;397855,932000000030000;5718273,838999999700000;7,524984979000067;51,606228102000046;0
78714;5200304602700285834;5;3;62;28;2020;3;16;4;3;5;2;0;1;1;0;0;0;0;351000,174899999980000;5637787,008899999800000;6,882274914000050;50,872535162000077;1
78717;5200305601610050201;5;3;15;0;2020;3;14;5;3;0;7;0;1;0;0;0;0;0;360301,961099999960000;5644692,664300000300000;7,011750095000025;50,936921030000065;1
78719;5200304607500633852;5;3;82;56;2020;3;12;4;3;3;2;0;1;1;0;0;0;0;370884,333599999550000;5627467,062300000300000;7,168355263000024;50,784562218000076;0
78720;5200306608100977201;5;3;34;2;2020;3;8;6;3;5;5;0;1;1;0;0;0;0;294241,968999999580000;5626105,482999999100000;6,083086310000056;50,750210683000034;1
78723;5200303500100984206;5;1;11;0;2020;3;12;3;3;7;7;0;1;0;0;0;0;0;346239,403099999760000;5676793,669999999900000;6,798098837000055;51,221795630000031;0
78724;5200304502338773601;5;1;13;0;2020;3;15;4;3;5;3;0;1;1;0;0;0;0;364044,901999999770000;5705174,357999999100000;7,042065637000064;51,481363553000051;0
78727;5200305500200054342;5;1;11;0;2020;3;9;5;3;5;2;0;1;1;0;0;0;0;345277,235999999570000;5679768,326999999600000;6,783046529000046;51,248264170000027;0
78735;5200304601220077203;5;3;15;0;2020;3;16;4;3;5;3;0;1;1;0;0;0;0;355717,758000000380000;5640051,247999999700000;6,948385132000055;50,894080579000047;1
78738;5200305601310168206;5;3;15;0;2020;3;16;5;3;5;3;0;1;1;0;0;0;0;354250,629900000060000;5645184,429800000000000;6,925487016000034;50,939842751000072;1
78741;5200303406210082102;5;7;58;4;2020;3;8;3;3;5;3;0;1;1;0;0;0;0;472093,859000000170000;5782616,337999999500000;8,591742838000073;52,193298585000036;0
78744;5200305705000481092;5;5;54;4;2020;3;12;5;3;5;3;0;1;1;0;0;0;0;364063,655399999580000;5772169,326500000400000;7,016094923000026;52,083382826000047;0
78767;5200308314220069347;5;9;66;12;2020;3;13;1;3;5;3;0;1;1;0;0;0;0;431622,298399999740000;5671514,876000000200000;8,021504691000075;51,190952508000066;0
78769;5200304701400586110;5;5;12;0;2020;3;9;4;3;5;2;0;1;1;0;0;0;0;355572,786999999550000;5718643,644899999700000;6,914613181000050;51,600295076000066;1
78773;5200306506100706209;5;1;16;0;2020;3;7;6;3;5;2;1;1;1;0;0;0;0;322115,008700000120000;5674610,486500000600000;6,454053177000048;51,195177315000080;1
78777;5200306706300779094;5;5;58;24;2020;3;12;6;3;3;2;0;1;1;0;0;0;0;393148,548899999820000;5736752,635099999600000;7,451375520000056;51,771444925000026;1
78788;5200305608200517606;5;3;34;2;2020;3;18;5;3;5;2;2;1;1;0;0;0;0;295899,377000000330000;5626789,883999999600000;6,106171022000069;50,756942568000056;1
78802;5200305301201823205;5;9;13;0;2020;3;19;5;3;6;4;2;1;0;1;0;0;0;393121,275799999940000;5709260,725199999300000;7,459381033000057;51,524336144000074;1
78805;5200305603116981185;5;3;66;16;2020;3;5;5;3;3;2;2;1;1;0;0;0;0;345942,281000000420000;5612714,605900000800000;6,820935668000061;50,645900262000055;0
78811;5200304502104378754;5;1;13;0;2020;3;8;4;3;0;7;0;1;0;0;0;1;0;361120,957899999800000;5701894,608699999700000;7,001272792000066;51,451180385000043;1
78814;5200305411132261483;5;7;74;32;2020;3;17;5;2;5;3;0;1;0;0;0;0;0;485755,183199999850000;5731328,434299999800000;8,793728712000075;51,732693505000043;1
78821;5200307701300321204;5;5;62;14;2020;3;13;7;3;5;3;0;1;1;0;0;0;0;361387,218899999750000;5713956,995200000700000;7,000361510000062;51,559641265000039;0
78824;5200303702100842370;5;5;15;0;2020;3;17;3;3;3;6;1;1;0;0;0;0;0;410491,412999999710000;5760624,801000000900000;7,696461159000023;51,989069582000070;0
78826;5200305300110280205;5;9;11;0;2020;3;9;5;3;5;2;0;1;1;0;0;0;0;378055,675400000070000;5703796,922900000600000;7,244207164000045;51,472178182000050;1
78830;5200306602400871205;5;3;62;32;2020;3;14;6;3;5;3;0;1;1;0;0;0;0;341464,228900000450000;5637128,474300000800000;6,747135092000065;50,864080999000066;0
78833;5200306404101079366;5;7;66;20;2020;3;19;6;3;5;3;2;1;1;0;0;0;0;489638,701399999670000;5754198,371099999200000;8,849278594000055;51,938406471000064;1
78839;5200303303200081372;5;9;15;0;2020;3;19;3;3;5;2;2;1;1;0;0;0;0;414873,735000000340000;5727287,671000000100000;7,768470141000023;51,690087342000027;1
78857;5200305702100887529;5;5;15;0;2020;3;16;5;2;0;5;0;1;1;0;0;0;0;401181,352500000040000;5761882,617200000200000;7,560557625000058;51,998796682000034;1
78865;5200303702100061966;5;5;15;0;2020;3;10;3;3;4;2;0;1;1;0;0;0;0;407061,798799999990000;5757348,482300000300000;7,647416681000038;51,959057152000071;0
78872;5200303602600037209;5;3;62;20;2020;3;11;3;3;5;3;0;1;1;0;0;0;0;346028,398000000040000;5630575,119000000900000;6,814695913000037;50,806424731000050;0
78878;5200305701110448524;5;5;62;32;2020;3;6;5;3;5;3;2;1;1;0;0;0;0;375185,720999999900000;5719347,964999999900000;7,197391187000051;51,611313045000031;0
78891;5200303601600867774;5;3;15;0;2020;3;13;3;3;3;2;0;1;1;0;0;0;0;360202,610999999570000;5641361,877000000300000;7,011613809000039;50,906962512000064;0
78900;5200307500300638207;5;1;11;0;2020;3;14;7;3;8;6;0;1;0;0;0;0;1;346684,428600000220000;5671122,618000000700000;6,806888480000055;51,170957537000049;0
78914;5200306601610101209;5;3;15;0;2020;3;15;6;3;0;5;0;1;1;0;0;0;0;359748,364299999550000;5644837,273299999500000;7,003820478000023;50,938086277000082;1
78921;5200305705000881101;5;5;54;4;2020;3;13;5;3;0;7;0;1;0;0;0;0;0;361715,453999999910000;5773035,382999999400000;6,981496008000022;52,090582985000026;0
78927;5200308516700578785;5;1;58;8;2020;3;11;1;3;5;3;0;1;1;0;0;0;0;358817,615000000220000;5673418,813999999300000;6,979425442000036;51,194716644000039;0
78948;5200305508111159201;5;1;19;0;2020;3;16;5;3;5;3;0;1;1;0;0;0;0;350852,101200000380000;5705608,940700000200000;6,852025441000023;51,481943796000053;1
78951;5200307608200454205;5;3;34;2;2020;3;18;7;3;5;2;1;1;1;0;0;0;0;296950,293999999760000;5630634,473300000700000;6,118928962000041;50,791841236000039;0
78952;5200304518110886202;5;1;70;12;2020;3;15;4;3;5;3;0;1;1;0;0;0;0;334456,605999999680000;5733635,563400000300000;6,602883435000024;51,729167180000047;0
78957;5200302709700542445;5;5;66;28;2020;3;16;2;3;5;3;0;1;1;0;0;0;0;411986,468200000000000;5793002,594399999800000;7,709846857000059;52,280335819000072;1
78960;5200303601500872509;5;3;15;0;2020;3;17;3;3;5;3;0;1;1;0;0;0;0;357492,360999999570000;5644945,250000000000000;6,971690246000037;50,938503551000053;1
78964;5200306701400221202;5;5;12;0;2020;3;23;6;3;1;5;2;1;1;0;0;0;0;355796,546400000340000;5709855,919299999300000;6,921446267000022;51,521388528000045;0
78966;5200304506100275207;5;1;16;0;2020;3;9;4;3;5;3;0;1;1;0;0;0;0;321655,673999999650000;5669339,880000000800000;6,450100269000075;51,147686642000053;0
78971;5200302709700416209;5;5;66;72;2020;3;7;2;3;5;3;0;1;1;0;0;0;0;412774,393600000070000;5802135,651799999200000;7,719024905000026;52,362551356000040;1
78974;5200309506100915205;5;1;16;0;2020;3;7;2;3;5;3;0;1;1;0;0;0;0;321509,710900000300000;5672352,931399999200000;6,446520721000070;51,174708347000035;0
78980;5200310711111176726;5;5;70;52;2020;3;9;3;3;5;3;0;1;1;0;0;0;0;430846,533999999990000;5757494,164999999100000;7,993472683000050;51,963833899000065;1
78983;5200312515212921952;5;1;54;24;2020;3;8;5;3;5;3;0;1;1;0;0;0;0;318804,147199999540000;5736088,142699999700000;6,375199631000044;51,746356760000026;1
78984;5200309506100878206;5;1;16;0;2020;3;8;2;2;0;1;0;1;0;0;0;0;0;323601,681400000120000;5677752,013499999400000;6,473764056000050;51,223859850000053;1
78986;5200311505100691209;5;1;14;0;2020;3;12;4;3;0;7;0;1;0;0;0;0;0;331126,124400000090000;5689233,260900000100000;6,575992361000033;51,329283286000077;1
78989;5200310709300342520;5;5;66;84;2020;3;12;3;3;5;2;0;1;1;0;0;0;0;385811,650999999610000;5778232,076999999600000;7,331300312000053;52,142782122000028;0
78996;5200310702100760729;5;5;15;0;2020;3;15;3;3;5;3;0;1;1;0;0;0;0;404686,041899999600000;5759319,766300000300000;7,612304499000061;51,976373608000074;1
79009;5200310701300294209;5;5;62;14;2020;3;20;3;3;5;3;2;1;1;0;0;0;0;361007,223399999550000;5715013,608400000300000;6,994465449000074;51,569042605000050;1
79012;5200309501323211200;5;1;12;0;2020;3;16;2;3;5;2;0;1;1;0;0;0;0;344051,378299999980000;5694468,160399999500000;6,759067634000076;51,380010532000028;0
79016;5200310700100482208;5;5;13;0;2020;3;6;3;2;5;2;2;1;1;0;0;0;0;366837,021900000050000;5709341,838500000500000;7,080678303000070;51,519479612000055;1
79026;5200313518300786041;5;1;70;20;2020;3;13;6;3;5;3;0;1;1;0;0;0;0;327952,685800000090000;5708716,434000000400000;6,521031377000043;51,503358602000048;1
79037;5200312602300821203;5;3;62;36;2020;3;16;5;3;0;7;0;1;0;0;0;0;0;344488,748499999750000;5647730,068800000500000;6,785562230000039;50,960167560000059;0
79042;5200310606150969206;5;3;78;24;2020;3;14;3;3;6;4;0;1;0;1;0;0;0;381460,623100000430000;5646281,593299999800000;7,312221027000021;50,955941394000035;1
79052;5200312601210024209;5;3;15;0;2020;3;10;5;3;3;6;0;1;0;0;0;0;0;354034,175200000410000;5644417,398099999900000;6,922715539000024;50,932894928000053;0
79063;5200312406220032575;5;7;58;24;2020;3;10;5;3;5;3;0;1;0;0;0;1;0;480290,515200000260000;5785132,122300000900000;8,711508647000073;52,216270762000079;0
79074;5200312515111895207;5;1;54;8;2020;3;18;5;2;5;3;1;1;0;0;0;1;0;310009,573200000450000;5748124,258800000000000;6,241363044000025;51,851538962000063;0
79076;5200310600310372201;5;3;14;0;2020;3;13;3;3;5;3;0;1;1;0;0;0;0;362849,160000000150000;5620410,979000000300000;7,057063707000054;50,719299213000056;1
79083;5200310518400044103;5;1;70;8;2020;3;9;3;3;5;3;0;1;1;0;0;0;0;343551,430999999870000;5714920,255999999100000;6,742835036000031;51,563631286000032;1
79084;5200311706000503200;5;5;58;20;2020;3;13;4;2;5;3;0;1;1;0;0;0;0;390466,459999999960000;5759648,545399999200000;7,405254802000059;51,976707710000028;0
79086;5200310518301678237;5;1;70;4;2020;3;15;3;3;5;3;0;1;1;0;0;0;0;327826,264999999660000;5716676,144999999600000;6,515318684000022;51,574823933000062;1
79091;5200311711212876765;5;5;70;4;2020;3;19;4;2;7;1;2;1;0;0;0;0;0;426026,713999999690000;5741160,826799999900000;7,926836502000072;51,816384184000071;0
79102;5200310516300076014;5;1;58;28;2020;3;18;3;3;3;3;2;1;1;0;0;0;0;351418,826000000350000;5690977,595000000700000;6,866313358000070;51,350621555000032;1
79106;5200313405228882020;5;7;54;28;2020;3;7;6;3;0;7;1;1;0;0;0;0;0;452271,720999999900000;5743388,972400000300000;8,307239008000067;51,839274351000029;1
79109;5200312701930881203;5;5;62;36;2020;3;14;5;3;5;2;0;1;1;0;0;0;0;388484,161500000390000;5720523,756400000300000;7,388990796000030;51,624672360000034;0
79121;5200309400100276097;5;7;11;0;2020;3;20;2;2;0;1;2;1;0;0;0;0;0;466704,968600000250000;5771681,379799999300000;8,513979488000075;52,094689703000029;0
79128;5200312608100752485;5;3;34;2;2020;3;16;5;3;0;1;0;1;0;0;0;0;0;294017,214599999600000;5628159,478499999300000;6,078755283000021;50,768578292000029;0
79131;5200309316200451191;5;9;74;52;2020;3;15;2;3;5;3;0;1;1;0;0;0;0;425321,219499999660000;5712575,802899999500000;7,922721061000061;51,559315602000027;0
79136;5200313505200930200;5;1;14;0;2020;3;14;6;3;5;2;0;1;1;0;0;0;0;330082,542000000370000;5690036,982799999400000;6,560644001000071;51,336192965000066;0
79138;5200310502213886652;5;1;13;0;2020;3;15;3;3;5;3;0;1;1;0;0;0;0;362691,757299999710000;5700289,805500000700000;7,024487564000026;51,437141972000063;1
79141;5200311301301464290;5;9;78;24;2020;3;15;4;3;5;2;0;1;0;0;1;0;0;397868,259600000460000;5719855,104699999100000;7,524702132000073;51,620443656000077;1
79148;5200312601310247202;5;3;15;0;2020;3;13;5;3;5;2;0;1;1;0;0;0;0;351033,959999999960000;5645046,528000000900000;6,879792319000046;50,937781487000052;0
79157;5200311301202632209;5;9;13;0;2020;3;7;4;3;5;3;0;1;1;0;0;0;0;393586,733300000430000;5712497,953299999200000;7,465109147000021;51,553521675000070;1
79166;5200311405116581099;5;7;54;16;2020;3;14;4;3;5;3;0;1;1;0;0;0;0;446940,211000000130000;5756616,153000000900000;8,227824988000066;51,957709503000046;0
79176;5200312317110578006;5;9;78;36;2020;3;9;5;3;0;3;0;1;1;0;0;0;0;408580,013000000270000;5711502,914999999100000;7,681562164000070;51,547206098000061;1
79177;5200310410140478088;5;7;70;12;2020;3;13;3;3;5;3;0;1;1;0;0;0;0;487770,236100000330000;5795942,951899999800000;8,820598094000047;52,313682439000047;1
79178;5200309310120368927;5;9;54;32;2020;3;13;2;3;0;5;0;1;1;0;0;0;0;386587,881900000390000;5692720,559000000400000;7,370546235000063;51,374396311000055;1
79180;5200311709700270493;5;5;66;28;2020;3;7;4;3;9;1;1;1;0;0;0;0;0;412572,174899999980000;5793173,003599999500000;7,718385953000052;52,281960977000040;1
79182;5200310405236272203;5;7;54;36;2020;3;15;3;3;5;3;0;1;1;0;0;0;0;474946,298000000420000;5750288,818000000000000;8,635842265000065;51,902788489000045;1
79198;5200310400200187040;5;7;11;0;2020;3;19;3;3;5;2;2;1;1;0;0;0;0;474083,815000000410000;5764450,860999999600000;8,622237309000070;52,030077344000063;1
79205;5200311601520060200;5;3;15;0;2020;3;18;4;3;5;2;1;1;1;0;0;0;0;364540,041100000030000;5649220,828400000900000;7,070345962000033;50,978628863000040;1
79206;5200312705000620894;5;5;54;36;2020;3;15;5;3;4;6;0;1;1;0;0;0;0;370011,926400000230000;5766014,286100000100000;7,105195802000026;52,029502655000044;0
79208;5200310315120334205;5;9;70;16;2020;3;18;3;3;5;3;2;1;1;0;0;0;0;422848,564100000080000;5635556,220200000300000;7,903629273000036;50,866538326000068;1
79209;5200309307000067610;5;9;62;32;2020;3;12;2;2;5;3;0;1;1;0;0;0;0;403426,423700000160000;5675697,081700000900000;7,616999182000029;51,224479505000033;1
79211;5200311301101668206;5;9;13;0;2020;3;8;4;3;5;3;0;1;1;0;0;0;0;393107,393600000070000;5705815,893300000600000;7,460225340000022;51,493369776000065;1
79218;5200313400100504173;5;7;11;0;2020;3;18;6;3;5;2;2;1;1;0;0;0;0;467834,883999999610000;5765985,120999999300000;8,531009529000073;52,043544040000029;1
79221;5200309303100081372;5;9;15;0;2020;3;15;2;3;0;3;0;1;1;0;0;0;0;416834,631299999540000;5725047,562500000000000;7,797365441000068;51,670243882000079;1
79223;5200311702100072436;5;5;15;0;2020;3;13;4;3;3;6;0;1;0;0;0;0;0;406939,529000000100000;5756954,990000000200000;7,645744344000036;51,955499792000069;1
79234;5200312300110117202;5;9;11;0;2020;3;17;5;3;5;2;0;1;1;0;0;0;0;376448,405700000000000;5702544,304500000600000;7,221514939000031;51,460571653000045;1
79235;5200310303100575793;5;9;15;0;2020;3;7;3;3;5;3;0;1;1;0;0;0;0;422803,108400000260000;5726688,881600000000000;7,883292926000024;51,685850802000061;1
79244;5200311513210081042;5;1;62;24;2020;3;11;4;3;6;7;0;1;0;1;0;0;0;338552,886800000440000;5673601,126900000500000;6,689555612000049;51,190989191000028;1
79248;5200311515210082341;5;1;54;28;2020;3;18;4;2;1;3;1;1;1;0;0;0;0;321348,184399999680000;5701155,046399999400000;6,429792243000065;51,433388059000038;0
79274;5200311400100804173;5;7;11;0;2020;3;13;4;2;5;3;0;1;1;0;0;0;0;467638,029600000010000;5772003,706599999200000;8,527568622000047;52,097642944000029;0
79287;5200309711215970571;5;5;70;4;2020;3;9;2;3;0;6;0;1;0;1;0;0;0;422760,437099999750000;5735236,551799999500000;7,880779786000062;51,762685652000073;1
79298;5200309705000880892;5;5;54;32;2020;3;9;2;2;5;3;0;1;1;0;0;0;0;325406,032499999740000;5747652,438500000200000;6,464909327000044;51,852328700000044;0
79313;5200312602200685705;5;3;62;4;2020;3;13;5;2;5;3;0;1;1;0;0;0;0;330412,667000000370000;5653180,951300000800000;6,582762053000067;51,005170709000026;0
79316;5200311601210507201;5;3;15;0;2020;3;15;4;3;5;2;0;1;1;0;0;0;0;352179,894399999640000;5643657,435499999700000;6,896653753000066;50,925593237000044;0
79337;5200309608416879200;5;3;34;16;2020;3;16;2;3;4;6;0;1;0;0;0;0;0;297628,070399999620000;5641402,615700000900000;6,122586314000046;50,888791444000049;0
79356;5200312600310392155;5;3;14;0;2020;3;14;5;2;5;3;0;1;1;0;0;0;0;363574,661000000310000;5619178,194000000100000;7,067790947000049;50,708389930000067;0
79357;5200308702100547546;5;5;15;0;2020;3;10;1;3;5;1;0;1;1;0;0;0;0;397708,105999999680000;5754561,883999999600000;7,512163480000027;51,932369125000037;0
79372;5200312506100421203;5;1;16;0;2020;3;13;5;3;5;3;0;1;1;0;0;0;0;321743,051199999640000;5669894,042700000100000;6,451073830000041;51,152692102000060;0
79374;5200311500200334204;5;1;11;0;2020;3;22;4;3;5;2;2;1;1;0;0;0;0;346151,571100000290000;5682769,153100000700000;6,794273747000034;51,275464397000064;1
79381;5200311702100264414;5;5;15;0;2020;3;5;4;2;0;1;2;1;0;0;0;0;0;406290,763500000350000;5758766,258600000300000;7,635811876000048;51,971671369000035;1
79382;5200313405228072262;5;7;54;28;2020;3;14;6;3;3;2;0;1;1;0;0;0;0;449398,138199999930000;5745228,599300000800000;8,265264201000036;51,855560415000070;1
79389;5200311601600081797;5;3;15;0;2020;3;5;4;3;2;6;0;1;1;0;0;0;0;365986,808799999770000;5643734,560900000900000;7,092962960000023;50,929659133000030;1
79404;5200311518100212200;5;1;70;48;2020;3;5;4;3;5;3;2;1;1;0;0;0;0;336515,074000000020000;5725816,043600000400000;6,636327335000033;51,659522491000075;1
79409;5200309516500469209;5;1;58;16;2020;3;11;2;3;5;3;0;1;1;0;0;0;0;357568,497700000180000;5671572,172199999900000;6,962292588000025;51,177811780000070;0
79411;5200312701700650207;5;5;62;16;2020;3;7;5;3;5;3;0;1;1;0;0;0;0;374554,328999999910000;5734316,145400000700000;7,182899708000036;51,745690860000082;1
79415;5200309516340503201;5;1;58;28;2020;3;12;2;3;5;2;0;1;1;0;0;0;0;348907,041899999600000;5689082,490800000700000;6,831074872000045;51,332930785000030;1
79424;5200312601310053203;5;3;15;0;2020;3;10;5;3;1;3;0;1;1;0;0;0;0;353579,798700000160000;5646256,944000000100000;6,915514372000075;50,949311087000069;0
79425;5200309514210051383;5;1;66;12;2020;3;7;2;3;5;3;0;1;0;0;0;0;1;320078,175999999980000;5693375,300000000700000;6,415484919000051;51,363102990000073;1
79430;5200309506100993205;5;1;16;0;2020;3;13;2;3;5;3;0;1;1;0;0;0;0;321298,892699999730000;5673469,244300000400000;6,442952906000073;51,184670641000082;0
79445;5200314506100011761;5;1;16;0;2020;3;19;7;3;3;2;2;1;1;0;0;0;0;320954,549700000320000;5670563,292899999800000;6,439477997000040;51,158458034000034;0
79448;5200320502337513209;5;1;13;0;2020;3;14;6;3;5;3;0;1;1;0;0;0;0;365261,542600000280000;5705454,396600000600000;7,059469180000065;51,484171275000051;0
79453;5200314505100282284;5;1;14;0;2020;3;17;7;3;5;2;1;1;1;0;0;0;0;332943,210199999620000;5689939,252200000000000;6,601718987000027;51,336162630000047;0
79457;5200317700200472335;5;5;13;0;2020;3;15;3;2;5;3;0;1;1;0;0;0;0;365328,844499999660000;5716838,973700000000000;7,056083194000053;51,586494865000077;0
79460;5200319405228782085;5;7;54;28;2020;3;11;5;3;5;3;0;1;1;0;0;0;0;452428,900000000370000;5744688,427999999400000;8,309341457000073;51,850970575000076;0
79466;5200321300512677873;5;9;11;0;2020;3;20;7;3;0;7;2;1;0;0;0;0;0;377514,487599999640000;5702901,729599999300000;7,236729168000068;51,464015720000077;0
79470;5200317502402668208;5;1;17;0;2020;3;14;3;3;5;3;0;1;1;0;0;0;0;353218,595200000330000;5700591,659099999800000;6,888164296000070;51,437479226000050;0
79475;5200319600350491202;5;3;82;32;2020;3;15;5;3;1;5;0;1;1;0;0;0;0;359458,381299999540000;5606339,798200000100000;7,014400078000051;50,592022739000072;0
79479;5200321601210311206;5;3;15;0;2020;3;16;7;3;0;1;0;1;0;0;0;0;0;353842,707299999890000;5644323,150000000400000;6,920030413000063;50,931999463000068;0
79482;5200320610212005202;5;3;70;40;2020;3;15;6;3;5;3;0;1;1;0;0;0;0;305077,054299999960000;5670431,851299999300000;6,212761948000036;51,152089762000060;0
79490;5200318513210812206;5;1;62;24;2020;3;12;4;3;5;3;0;1;1;0;0;0;0;338381,492499999700000;5670544,865900000600000;6,688479235000045;51,163480558000060;0
79494;5200318303200880641;5;9;15;0;2020;3;14;4;3;7;5;0;1;1;0;0;0;0;412426,714999999850000;5726415,834000000700000;7,733296832000065;51,681873800000062;0
79495;5200314500100986833;5;1;11;0;2020;3;15;7;3;5;3;0;1;1;0;0;0;0;342037,028900000270000;5677977,288899999100000;6,737447466000049;51,231283326000039;0
79505;5200320601210162206;5;3;15;0;2020;3;21;6;3;5;3;2;1;1;0;0;0;0;354191,851999999960000;5644842,441999999800000;6,924787849000040;50,936754552000082;1
79514;5200314602500099209;5;3;62;24;2020;3;10;7;3;5;3;0;1;1;0;0;0;0;343138,900000000370000;5645404,726800000300000;6,767358017000049;50,938906758000030;0
79517;5200321406230904066;5;7;58;20;2020;3;12;7;3;0;7;0;1;1;0;0;0;0;474103,463999999690000;5787728,510999999900000;8,620750695000027;52,239357269000038;0
79519;5200315405244082127;5;7;54;44;2020;3;22;1;3;0;1;2;1;0;0;0;0;0;465689,418100000360000;5746991,753300000000000;8,501625443000023;51,872652079000034;0
79522;5200321503400374193;5;1;22;0;2020;3;17;7;3;0;7;0;1;1;0;0;0;0;361624,189600000160000;5669911,619999999200000;7,020917112000063;51,163884562000078;0
79523;5200315500100486835;5;1;11;0;2020;3;15;1;3;6;4;0;1;0;1;0;0;0;345508,994900000280000;5677626,731699999400000;6,787288428000068;51,229083867000043;1
79526;5200316609108774408;5;3;58;8;2020;3;15;2;3;3;2;0;1;1;0;0;0;0;320691,549599999560000;5634886,497700000200000;6,453337243000021;50,837871369000027;0
79533;5200318411220288207;5;7;74;20;2020;3;13;4;3;5;3;0;1;1;0;0;0;0;466900,202399999830000;5732448,052300000600000;8,520601056000032;51,741963729000076;0
79541;5200315317140126202;5;9;78;28;2020;3;12;1;2;5;3;0;1;1;0;0;0;0;398430,062400000170000;5698556,050699999600000;7,538955778000059;51,429093434000038;0
79549;5200316307000276208;5;9;62;40;2020;3;16;2;3;5;3;2;1;1;0;0;0;0;413170,045900000260000;5700880,930900000000000;7,750355641000056;51,452443914000071;0
79551;5200314315260965119;5;9;70;32;2020;3;15;7;2;2;7;0;1;0;0;0;0;0;444781,654099999930000;5635571,427999999400000;8,215272628000037;50,869186493000029;0
79553;5200318606150381162;5;3;78;24;2020;3;16;4;3;5;3;0;1;1;0;0;0;0;374994,647900000210000;5645990,591900000300000;7,220303839000053;50,951959485000032;0
79557;5200318405236682127;5;7;54;36;2020;3;16;4;2;5;3;0;1;1;0;0;0;0;472753,895200000140000;5749829,820499999400000;8,604012574000024;51,898558782000066;0
79567;5200316600140591201;5;3;14;0;2020;3;18;2;3;5;3;0;1;1;0;0;0;0;369286,671099999920000;5621108,176100000700000;7,147961031000023;50,727049471000043;0
79576;5200320608100091200;5;3;34;2;2020;3;8;6;3;4;2;0;1;1;0;0;0;0;295145,805800000210000;5629182,661399999600000;6,094169122000039;50,778167341000028;0
79580;5200317700100568361;5;5;13;0;2020;3;16;3;3;3;2;0;1;1;0;0;0;0;368993,104600000200000;5708120,715199999500000;7,112190161000058;51,509009781000032;0
79593;5200318307200570206;5;9;62;32;2020;3;17;4;3;1;5;0;1;1;0;0;0;0;407218,335300000380000;5670834,109699999900000;7,672543397000027;51,181391514000040;0
79594;5200321508102283205;5;1;19;0;2020;3;18;7;3;6;4;1;1;0;1;0;0;0;351308,806200000460000;5704945,886199999600000;6,858876906000035;51,476106179000055;0
79595;5200315503300281527;5;1;20;0;2020;3;15;1;3;0;3;0;1;1;0;0;0;0;377831,078700000420000;5673589,544900000100000;7,251337850000027;51,200632957000039;0
79596;5200317601310039208;5;3;15;0;2020;3;8;3;3;5;2;0;1;1;0;0;0;0;353355,164800000380000;5644869,437500000000000;6,912877271000070;50,936784997000075;0
79601;5200317404301021536;5;7;66;36;2020;3;12;3;3;5;3;0;1;1;0;0;0;0;494508,233199999670000;5772859,432700000700000;8,919814036000048;52,106255870000041;0
79604;5200316500100786919;5;1;11;0;2020;3;15;2;3;3;3;0;1;0;0;0;0;1;346413,025999999610000;5676001,059000000400000;6,800922706000051;51,214720334000049;0
79607;5200315300811277902;5;9;54;36;2020;3;16;1;3;0;1;0;1;0;0;0;0;0;384710,396999999880000;5696786,720000000700000;7,342262778000077;51,410565354000028;0
79616;5200321502340843206;5;1;13;0;2020;3;12;7;3;3;6;0;1;1;0;0;0;0;362155,947800000200000;5710808,189200000800000;7,012677586000052;51,531533725000031;0
79620;5200320515211022410;5;1;54;56;2020;3;12;6;3;5;3;0;1;1;0;0;0;0;312271,983699999750000;5727987,069399999500000;6,285049918000027;51,671448548000058;0
79635;5200318300110574202;5;9;11;0;2020;3;15;4;3;3;2;0;1;1;0;0;0;0;375395,864799999630000;5705836,322599999600000;7,205210827000030;51,489927459000057;0
79639;5200319506100849208;5;1;16;0;2020;3;10;5;3;4;2;0;1;1;0;0;0;0;321459,738099999730000;5671102,893600000100000;6,446427198000038;51,163463286000081;0
79642;5200317506100472492;5;1;16;0;2020;3;19;3;3;5;3;2;1;1;0;0;0;0;320764,395899999890000;5671391,632899999600000;6,436348835000047;51,165839682000069;0
79652;5200317701110996204;5;5;62;32;2020;3;9;3;2;5;3;0;1;1;0;0;0;0;380442,867999999780000;5718150,912000000500000;7,273686878000035;51,601695528000050;0
79666;5200320500300409201;5;1;11;0;2020;3;10;6;3;5;3;0;1;1;0;0;0;0;343426,889399999750000;5675544,753799999100000;6,758400768000058;51,209809351000047;0