OBJECTID;UIDENTSTLAE;ULAND;UREGBEZ;UKREIS;UGEMEINDE;UJAHR;UMONAT;USTUNDE;UWOCHENTAG;UKATEGORIE;UART;UTYP1;ULICHTVERH;IstRad;IstPKW;IstFuss;IstKrad;IstGkfz;IstSonstige;LINREFX;LINREFY;XGCSWGS84;YGCSWGS84;STRZUSTAND
79669;5200318601700553385;5;3;16;0;2020;3;10;4;3;5;3;0;1;1;0;0;0;0;361949,594800000080000;5656322,882300000600000;7,030765587000076;51,041841051000063;0
79672;5200316303100077884;5;9;15;0;2020;3;7;2;3;5;2;0;1;1;0;0;0;0;412691,357300000270000;5724623,604599999300000;7,737571796000054;51,665804166000044;0
79674;5200321601300067857;5;3;15;0;2020;3;11;7;3;0;7;0;1;1;0;0;0;0;353718,193699999710000;5646297,332599999400000;6,917466990000037;50,949709182000049;0
79676;5200317700000420256;5;5;13;0;2020;3;16;3;3;3;5;0;1;1;0;0;0;0;368818,039300000300000;5716147,398700000700000;7,106676535000077;51,581102983000051;0
79677;5200314609144485749;5;3;58;28;2020;3;15;7;3;0;7;0;1;0;0;0;0;0;322775,685600000430000;5620078,444800000600000;6,490041153000050;50,705474931000026;0
79679;5200316705000020819;5;5;54;16;2020;3;16;2;3;5;3;0;1;1;0;0;0;0;362178,466799999590000;5757705,131999999300000;6,994422654000061;51,952950113000043;0
79682;5200317500200665202;5;1;11;0;2020;3;17;3;3;0;6;0;1;1;0;0;0;0;348848,373900000010000;5678737,281300000800000;6,834611377000044;51,239957106000077;0
79693;5200317601100769647;5;3;15;0;2020;3;17;3;3;6;7;0;1;0;1;0;0;0;356540,143000000160000;5643049,365000000200000;6,958892631000026;50,921229322000045;0
79698;5200315513320249200;5;1;62;4;2020;3;14;1;3;0;1;0;1;0;0;0;0;0;344296,148299999540000;5661079,392599999900000;6,777090532000045;51,080068735000054;0
79700;5200320601600986470;5;3;15;0;2020;3;13;6;3;3;5;0;1;1;0;0;0;0;359776,049200000240000;5644843,712799999900000;7,004211779000059;50,938150883000048;0
79706;5200313711222076638;5;5;70;16;2020;3;6;6;3;5;3;0;1;1;0;0;0;0;410192,726999999960000;5744748,583000000600000;7,696253235000029;51,846314049000057;1
79709;5200314600110179203;5;3;14;0;2020;3;8;7;3;1;5;0;1;1;0;0;0;0;365921,486600000410000;5623320,227700000600000;7,099503605000052;50,746164418000035;0
79711;5200318301101433207;5;9;13;0;2020;3;16;4;3;4;7;0;1;1;0;0;0;1;394971,224100000230000;5706323,982999999100000;7,486912194000070;51,498286120000046;0
79720;5200319605131541840;5;3;74;44;2020;3;15;5;3;5;3;0;1;1;0;0;0;0;408518,479299999770000;5639204,792799999900000;7,699128138000049;50,897250182000050;0
79724;5200314709500802746;5;5;66;76;2020;3;15;7;3;5;2;0;1;1;0;0;0;0;394505,147900000210000;5792905,016200000400000;7,453718916000071;52,276381941000068;0
79725;5200317404102266149;5;7;66;40;2020;3;16;3;3;0;5;0;1;1;0;0;0;0;485406,174800000150000;5760651,091499999200000;8,787435930000072;51,996327620000045;0
79726;5200319700200581309;5;5;13;0;2020;3;13;5;3;5;3;0;1;1;0;0;0;0;366460,616000000390000;5715284,414999999100000;7,073000952000029;51,572794146000035;0
79730;5200314600110034447;5;3;14;0;2020;3;18;7;3;8;7;1;1;0;0;0;0;0;365705,324000000020000;5622834,036000000300000;7,096618644000046;50,741744601000050;0
79741;5200316602400069941;5;3;62;32;2020;3;16;2;3;5;3;0;1;1;0;0;0;0;338230,700299999680000;5638259,639799999100000;6,700724102000038;50,873349402000031;0
79742;5200318605112895209;5;3;74;12;2020;3;17;4;2;1;1;0;1;0;0;0;1;0;401129,034799999560000;5651223,316800000100000;7,590818564000074;51,004077098000039;0
79747;5200315602300176202;5;3;62;36;2020;3;10;1;3;5;2;0;1;1;0;0;0;0;345641,741999999620000;5650685,562999999200000;6,800712969000074;50,987035397000056;0
79753;5200318406220231786;5;7;58;24;2020;3;5;4;3;9;1;2;1;0;0;0;0;0;481238,237999999900000;5783249,660000000100000;8,725484787000028;52,199379507000060;0
79755;5200317702100970298;5;5;15;0;2020;3;18;3;3;0;7;1;1;1;0;0;0;0;407809,274000000210000;5761457,188999999300000;7,657188010000027;51,996112795000045;0
79757;5200317300210284207;5;9;11;0;2020;3;17;3;2;0;1;0;1;0;0;0;0;0;372333,711900000460000;5700970,184100000200000;7,162885571000061;51,445511675000034;0
79761;5200320405244582127;5;7;54;44;2020;3;5;6;3;5;3;2;1;1;0;0;0;0;465791,894000000320000;5748972,345699999500000;8,502917525000044;51,890465488000075;1
79769;5200321516920194200;5;1;58;26;2020;3;14;7;2;5;3;0;1;1;0;0;0;0;351500,496100000110000;5665385,006699999800000;6,878095080000037;51,120669623000026;0
79772;5200320608200556429;5;3;34;2;2020;3;14;6;3;5;3;0;1;1;0;0;0;0;296624,463000000450000;5628331,121999999500000;6,115586038000060;50,771039641000073;0
79778;5200313701930985643;5;5;12;0;2020;3;16;6;3;4;2;0;1;1;0;0;0;0;389584,639299999920000;5719104,686699999500000;7,405329340000037;51,612134689000072;1
79779;5200316513330409200;5;1;62;12;2020;3;15;2;3;0;3;0;1;1;0;0;0;0;325008,343299999830000;5664224,001900000500000;6,500469354000074;51,102761704000045;0
79781;5200316709300712229;5;5;66;84;2020;3;15;2;3;5;3;0;1;1;0;0;0;0;391564,859799999740000;5782909,896800000200000;7,413845091000042;52,185982234000051;0
79787;5200316516800049205;5;1;58;20;2020;3;9;2;3;5;3;0;1;1;0;0;0;0;357897,587000000290000;5665114,677799999700000;6,969546578000063;51,119862673000057;0
79788;5200318518200278396;5;1;70;24;2020;3;8;4;3;5;3;0;1;1;0;0;0;0;337206,967000000180000;5702651,164999999100000;6,657044573000064;51,451608108000073;0
79790;5200313701610134204;5;5;62;12;2020;3;11;6;2;5;3;0;1;1;0;0;0;0;359286,206899999640000;5726302,318399999300000;6,965115852000054;51,670054754000034;0
79795;5200317601320395204;5;3;15;0;2020;3;17;3;3;0;1;0;1;0;0;0;0;0;347744,969200000170000;5648166,166699999900000;6,831711552000058;50,964955997000061;0
79797;5200320601120871209;5;3;15;0;2020;3;10;6;3;0;7;0;1;0;0;0;0;0;356568,072499999780000;5646355,931299999400000;6,957988223000029;50,950952000000029;0
79799;5200318702100278035;5;5;15;0;2020;3;16;4;3;5;3;0;1;1;0;0;0;0;412162,022400000130000;5759473,362400000900000;7,721078959000067;51,978986312000075;0
79800;5200314711215779152;5;5;70;4;2020;3;8;7;3;0;7;0;1;0;0;0;0;0;422603,686499999840000;5735543,188300000500000;7,878440589000036;51,765420546000030;0
79812;5200318301403439201;5;9;13;0;2020;3;17;4;3;0;7;0;1;0;0;0;0;0;399188,508999999610000;5709058,050000000700000;7,546864877000076;51,523630042000036;0
79821;5200319607400142209;5;3;82;76;2020;3;19;5;3;6;4;2;1;0;1;0;0;0;398564,519199999980000;5629077,866000000400000;7,560433334000038;50,804547543000069;0
79824;5200318411132564298;5;7;74;32;2020;3;5;4;2;5;2;2;1;1;0;0;0;0;484762,399000000210000;5729736,346999999100000;8,779422542000077;51,718352438000068;0
79830;5200319502209151166;5;1;13;0;2020;3;17;5;3;0;1;0;1;0;0;0;0;0;359572,485299999830000;5700166,706299999700000;6,979687738000052;51,435271172000057;0
79838;5200319508218122208;5;1;19;0;2020;3;16;5;3;5;2;0;1;1;0;0;0;0;351689,674999999810000;5710050,717000000200000;6,862211400000035;51,522075461000043;0
79861;5200319600120503203;5;3;82;24;2020;3;16;5;3;5;3;0;1;1;0;0;0;0;373273,134100000370000;5620425,059100000200000;7,204648741000028;50,721792542000060;0
79862;5200313608312093208;5;3;34;12;2020;3;5;6;3;5;2;2;1;1;0;0;0;0;308584,276899999940000;5633220,843900000700000;6,282450945000051;50,819032073000074;1
79863;5200316301101675200;5;9;13;0;2020;3;14;2;3;5;2;0;1;1;0;0;0;0;395017,476999999960000;5706289,596000000800000;7,487588515000027;51,497985622000044;0
79868;5200316303100077976;5;9;15;0;2020;3;14;2;3;0;7;0;1;0;0;0;0;0;414927,510599999690000;5723374,418099999400000;7,770201096000051;51,654917748000059;0
79870;5200321601320333206;5;3;15;0;2020;3;17;7;3;0;2;0;1;1;0;0;0;0;347607,608000000010000;5646017,778999999200000;6,830656297000076;50,945614020000050;0
79871;5200315518400286204;5;1;70;8;2020;3;13;1;2;0;1;0;1;0;0;0;0;0;345824,519999999550000;5715117,046000000100000;6,775516959000072;51,566025380000042;0
79875;5200319307000578399;5;9;62;52;2020;3;11;5;2;5;2;0;1;1;0;0;0;0;418541,201600000260000;5676700,881300000500000;7,833172493000063;51,235861332000070;0
79878;5200320300600052944;5;9;16;0;2020;3;7;6;3;5;3;0;1;1;0;0;0;0;376437,641499999910000;5711031,237600000600000;7,218387760000042;51,536844647000066;0
79880;5200316515210016205;5;1;54;28;2020;3;7;2;3;3;6;1;1;1;0;0;0;0;320609,836000000130000;5700205,328999999900000;6,419662301000074;51,424623760000031;0
79883;5200315709800081941;5;5;66;44;2020;3;12;1;2;2;6;0;1;0;0;0;0;0;422679,924999999810000;5774773,148800000500000;7,870723503000022;52,118081501000063;0
79890;5200318701610174201;5;5;62;12;2020;3;5;4;2;5;2;2;1;1;0;0;0;0;359668,621799999850000;5725189,195900000600000;6,971089276000043;51,660148071000037;0
79897;5200318709700468339;5;5;66;56;2020;3;15;4;2;0;1;0;1;0;0;0;0;0;416648,211799999700000;5797235,883999999600000;7,777116219000050;52,319113225000081;0
79917;5200316405108178110;5;7;54;8;2020;3;11;2;3;5;3;0;1;1;0;0;0;0;456973,468500000420000;5748737,966399999300000;8,374812462000023;51,887747287000082;0
79921;5200326518100744728;5;1;70;48;2020;3;11;5;3;0;1;0;1;0;0;0;0;0;334697,090800000350000;5726979,860400000600000;6,609516884000072;51,669446104000031;0
79922;5200326709000076750;5;5;66;8;2020;3;7;5;3;5;3;0;1;1;0;0;0;0;399088,162800000050000;5781297,875399999300000;7,524332234000042;52,172921713000051;0
79925;5200328508000380961;5;1;19;0;2020;3;8;7;3;0;2;0;1;0;0;0;0;1;350530,919999999930000;5705367,972300000500000;6,847505387000069;51,479693816000065;0
79931;5200326516340944201;5;1;58;28;2020;3;7;5;3;5;3;0;1;1;0;0;0;0;349226,194299999620000;5689056,980100000300000;6,835663559000068;51,332786270000042;0
79934;5200323515111380204;5;1;54;8;2020;3;7;2;3;5;2;0;1;1;0;0;0;0;314344,505599999800000;5745185,973799999800000;6,305806366000070;51,826607918000036;0
79943;5200328500200002248;5;1;11;0;2020;3;11;7;3;5;5;0;1;1;0;0;0;0;346740,099600000310000;5681561,375099999800000;6,803222581000057;51,264770550000037;0
79956;5200401709300776711;5;5;66;36;2020;4;16;4;2;0;1;0;1;0;0;0;0;0;388304,146200000310000;5768891,963500000500000;7,370770566000033;52,059350656000049;0
79962;5200323508109233200;5;1;19;0;2020;3;11;2;3;5;2;0;1;1;0;0;0;0;349766,829599999820000;5703868,780700000000000;6,837147573000038;51,466020634000074;0
79963;5200328607200267674;5;3;82;20;2020;3;16;7;3;0;1;0;1;0;0;0;0;0;383089,236499999650000;5625290,496500000400000;7,342105536000076;50,767586602000051;0
79964;5200326407201761546;5;7;62;4;2020;3;11;5;2;5;2;0;1;1;0;0;0;0;501210,914099999700000;5731862,081000000200000;9,017536493000023;51,737671423000052;0
79966;5200328405108706225;5;7;54;8;2020;3;15;7;2;0;7;0;1;0;0;0;0;0;457358,477300000380000;5755083,506300000500000;8,379620610000075;51,944826832000047;0
79967;5200326406220033633;5;7;58;24;2020;3;15;5;3;5;3;0;1;0;0;1;0;0;482426,159599999900000;5785073,280999999500000;8,742771161000064;52,215814015000035;0
79969;5200326404301278175;5;7;66;44;2020;3;10;5;1;3;2;0;1;0;0;0;1;0;493261,786999999550000;5764756,847999999300000;8,901774524000075;52,033393061000027;0
79972;5200401606110574376;5;3;78;4;2020;4;17;4;3;5;3;0;1;1;0;0;0;0;367946,675699999560000;5649001,867499999700000;7,118925352000076;50,977452258000028;0
79980;5200328601310491205;5;3;15;0;2020;3;11;7;3;0;6;0;1;1;0;0;0;0;352195,389200000090000;5651926,573300000300000;6,893514919000040;50,999907685000039;0
80016;5200402500300352200;5;1;11;0;2020;4;14;5;3;0;1;0;1;0;0;0;0;0;345091,538900000040000;5676510,331800000700000;6,781796636000024;51,218939408000040;0
80019;5200327601420234202;5;3;15;0;2020;3;12;6;3;3;6;0;1;1;0;0;0;1;356308,318199999630000;5647891,191199999300000;6,953686528000048;50,964684418000047;0
80021;5200401518100373955;5;1;70;48;2020;4;16;4;3;5;3;0;1;1;0;0;0;0;336799,211500000210000;5728887,157600000500000;6,638996770000063;51,687195413000040;0
80023;5200328706300881209;5;5;58;24;2020;3;11;7;3;6;6;0;1;0;1;0;0;0;389455,530600000170000;5735239,616200000000000;7,398355287000072;51,757129103000068;0
80026;5200327303100280665;5;9;15;0;2020;3;17;6;3;0;5;0;1;1;0;0;0;0;421984,446800000030000;5727270,846300000300000;7,871322761000045;51,690969328000051;0
80029;5200325705000052632;5;5;54;12;2020;3;12;4;3;5;3;0;1;1;0;0;0;0;350095,147800000380000;5751728,595300000200000;6,821320821000029;51,896128328000032;0
80047;5200327600130740207;5;3;82;8;2020;3;17;6;2;0;7;0;1;0;0;0;0;0;379680,967299999670000;5612368,213700000200000;7,298008031000052;50,650731718000031;0
80053;5200328501132130206;5;1;12;0;2020;3;17;7;3;0;7;0;1;0;0;0;0;0;345280,332000000400000;5710484,300000000700000;6,769708588000071;51,524251890000073;0
80058;5200325608100983205;5;3;34;2;2020;3;11;4;3;0;1;0;1;0;0;0;0;0;292308,299399999900000;5630574,910100000000000;6,053189345000021;50,789661971000044;0
80064;5200401400100239207;5;7;11;0;2020;4;15;4;3;5;3;0;1;1;0;0;0;0;473536,665000000040000;5765251,684499999500000;8,614200102000041;52,037251472000037;0
80075;5200325601610361207;5;3;15;0;2020;3;19;4;3;0;7;2;1;0;0;0;0;0;365165,601200000380000;5645613,017999999200000;7,080588828000032;50,946350477000067;0
80076;5200330601310174207;5;3;15;0;2020;3;12;2;3;0;1;0;1;0;0;0;0;0;353600,074599999930000;5646425,480299999900000;6,915735058000053;50,950830809000081;0
80077;5200325600380377205;5;3;14;0;2020;3;15;4;3;0;7;0;1;0;0;0;0;0;368923,196100000290000;5615697,798599999400000;7,144734457000027;50,678337823000049;0
80080;5200401701110826207;5;5;62;32;2020;4;20;4;3;5;2;1;1;1;0;0;0;0;373662,913200000300000;5719942,119000000900000;7,175196059000029;51,616313044000037;0
80083;5200325515111572205;5;1;54;8;2020;3;13;4;2;3;2;0;1;0;0;0;1;0;312940,965499999930000;5745489,951999999600000;6,285298828000066;51,828869897000061;0
80086;5200323307300845204;5;9;62;16;2020;3;15;2;3;5;3;0;1;1;0;0;0;0;414306,889000000430000;5693403,589999999900000;7,768520765000062;51,385397548000071;0
80087;5200328602700720208;5;3;62;28;2020;3;12;7;3;0;1;0;1;0;0;0;0;0;349857,415500000120000;5638773,759899999900000;6,865639749000025;50,881106834000036;0
80092;5200402502320668820;5;1;13;0;2020;4;13;5;3;0;7;0;1;0;0;0;0;0;357137,793999999760000;5705706,638000000300000;6,942446063000034;51,484444274000055;0
80093;5200330516330673202;5;1;58;28;2020;3;13;2;3;3;6;0;1;0;0;0;0;0;347200,549999999810000;5683796,074999999300000;6,808861961000048;51,284974053000042;0
80094;5200325513210071877;5;1;62;24;2020;3;14;4;3;4;2;0;1;1;0;1;0;0;338115,516099999660000;5670985,930600000500000;6,684479958000054;51,167368276000047;0
80095;5200327602300065665;5;3;62;36;2020;3;16;6;3;0;1;0;1;0;0;0;0;1;343485,216699999760000;5646705,925799999400000;6,771724091000067;50,950693147000038;1
80099;5200328711313702968;5;5;70;8;2020;3;18;7;2;0;6;0;1;1;0;0;0;0;433782,384499999690000;5735890,987900000100000;8,040339582000058;51,769981067000060;0
80104;5200327605144541835;5;3;74;44;2020;3;17;6;3;5;3;0;1;1;0;0;0;0;404067,542000000370000;5637968,975999999800000;7,636178851000068;50,885417744000051;0
80110;5200326607300137134;5;3;82;52;2020;3;14;5;2;5;3;0;1;1;0;0;0;0;390930,434000000360000;5631957,707200000100000;7,451275397000075;50,829048976000081;0
80114;5200325501125175208;5;1;12;0;2020;3;16;4;3;0;7;0;1;1;0;0;0;0;343860,258000000380000;5704448,582599999400000;6,751925726000025;51,469631391000064;0
80116;5200328303100071295;5;9;15;0;2020;3;13;7;3;5;3;0;1;1;0;0;0;0;419119,998399999920000;5728229,984200000800000;7,829668575000028;51,699186153000028;0
80121;5200325500200714206;5;1;11;0;2020;3;20;4;3;0;5;2;1;1;0;0;0;0;345814,060100000350000;5677845,052899999500000;6,791560326000024;51,231128077000051;0
80124;5200323300210189203;5;9;11;0;2020;3;6;2;3;3;6;0;1;1;0;0;0;0;371795,625699999740000;5702698,692500000800000;7,154520379000076;51,460924457000033;0
80128;5200331605108875611;5;3;74;8;2020;3;14;3;3;5;3;0;1;1;0;0;0;0;389714,444400000390000;5649587,206199999900000;7,428688437000062;50,987294884000050;0
80131;5200327301101370207;5;9;13;0;2020;3;15;6;3;5;3;0;1;0;0;1;0;0;393166,083200000230000;5706114,305400000900000;7,460980085000074;51,496063143000072;0
80132;5200330709500202281;5;5;66;76;2020;3;18;2;3;5;3;0;1;1;0;0;0;0;392599,126699999910000;5794239,477399999300000;7,425367768000058;52,288005862000034;0
80151;5200325317140883205;5;9;78;28;2020;3;13;4;3;5;3;0;1;1;0;0;0;0;398292,069000000130000;5699472,805600000500000;7,536708196000063;51,437309296000080;0
80153;5200328500200850578;5;1;11;0;2020;3;14;7;2;3;6;0;1;0;0;0;0;0;343640,540099999870000;5679695,357100000600000;6,759646048000036;51,247162182000068;0
80157;5200325316200019035;5;9;74;52;2020;3;17;4;2;5;3;0;1;1;0;0;0;0;425540,403300000350000;5712746,923900000800000;7,925846053000043;51,560882968000044;0
80173;5200401405136854205;5;7;54;44;2020;4;10;4;3;5;3;0;1;1;0;0;0;0;466319,548700000160000;5748018,556700000500000;8,510677767000061;51,881922292000070;0
80174;5200322702100666481;5;5;15;0;2020;3;8;1;3;5;3;0;1;0;0;0;0;1;406462,691999999810000;5759014,996999999500000;7,638246205000030;51,973936106000053;0
80178;5200328405232082048;5;7;54;32;2020;3;13;7;3;0;7;0;1;0;0;0;0;0;460744,186099999580000;5741271,939899999600000;8,430447050000055;51,820900517000041;0
80180;5200327300310640201;5;9;11;0;2020;3;14;6;3;5;3;0;1;0;0;0;0;0;382937,332299999890000;5703484,278300000400000;7,314564990000065;51,470399271000076;0
80193;5200328601400981750;5;3;15;0;2020;3;12;7;3;5;2;0;1;1;0;0;0;0;356805,191999999810000;5654709,494000000900000;6,958069267000042;51,026082848000044;0
80200;5200328606110876504;5;3;78;4;2020;3;14;7;3;0;1;0;1;0;0;0;0;0;371139,076799999920000;5647553,583699999400000;7,164888439000038;50,965158451000036;0
80205;5200330600110122208;5;3;14;0;2020;3;17;2;3;3;2;0;1;0;0;0;0;1;364981,959200000390000;5622356,794500000800000;7,086547220000057;50,737287462000040;0
80208;5200324706000023116;5;5;58;24;2020;3;17;3;3;5;3;0;1;0;0;1;0;0;393598,943300000390000;5736240,906400000700000;7,458057406000023;51,766931271000033;0
80210;5200322600140873206;5;3;14;0;2020;3;16;1;3;5;3;0;1;0;0;1;0;0;367060,027499999850000;5622503,812200000500000;7,115927095000075;50,739088272000060;0
80226;5200327601120114208;5;3;15;0;2020;3;9;6;3;5;2;0;1;1;0;0;0;0;355226,877199999990000;5644469,866000000400000;6,939656623000076;50,933667061000051;0
80227;5200401506100899200;5;1;16;0;2020;4;19;4;3;5;2;0;1;1;0;0;0;0;325259,116000000390000;5669878,721999999100000;6,501306323000051;51,153638795000063;0
80230;5200327601420330208;5;3;15;0;2020;3;16;6;3;0;1;0;1;0;0;0;0;0;356477,582399999720000;5651364,203199999400000;6,954724031000069;50,995937873000059;0
80237;5200327307000068925;5;9;62;16;2020;3;17;6;3;5;2;0;1;0;0;0;0;0;415073,409799999560000;5694704,959799999400000;7,779222244000039;51,397211898000080;0
80241;5200331303100139204;5;9;15;0;2020;3;20;3;3;0;1;2;1;0;0;0;0;0;414638,383399999700000;5722849,211100000900000;7,766150760000073;51,650152615000081;0
80244;5200327709500576769;5;5;66;76;2020;3;7;6;3;5;3;0;1;1;0;0;0;0;396942,665099999870000;5787670,860799999900000;7,491030431000070;52,229802596000070;0
80246;5200402300420524206;5;9;16;0;2020;4;16;5;2;5;3;0;1;1;0;0;0;0;373755,084999999960000;5709453,943000000000000;7,180294869000022;51,522075723000057;0
80251;5200401405236578112;5;7;54;36;2020;4;14;4;2;2;6;0;1;0;0;0;0;0;474386,530100000090000;5749194,445599999300000;8,627787489000070;51,892923614000040;0
80254;5200324606100632403;5;3;78;4;2020;3;16;3;3;5;3;0;1;1;0;0;0;0;367339,256099999880000;5650912,173800000900000;7,109580344000051;50,994481757000074;0
80257;5200324601620789206;5;3;15;0;2020;3;16;3;2;7;1;0;1;0;0;0;0;0;366776,855499999600000;5638210,772600000700000;7,106214858000044;50,880195856000057;0
80261;5200324601310512202;5;3;15;0;2020;3;9;3;3;2;6;0;1;1;0;0;0;0;354471,071999999690000;5645755,774000000200000;6,928394210000022;50,945032931000071;0
80263;5200328502214788208;5;1;13;0;2020;3;15;7;2;0;1;0;1;0;0;0;0;0;361377,229000000280000;5696554,415699999800000;7,007048124000050;51,403254126000036;0
80265;5200330705000076685;5;5;54;24;2020;3;16;2;3;4;3;0;1;1;0;0;0;0;370031,570600000210000;5777913,552899999500000;7,100947584000039;52,136432882000065;0
80266;5200324601100097505;5;3;15;0;2020;3;9;3;3;5;3;0;1;0;0;0;0;0;354883,788900000040000;5644797,933499999300000;6,934646698000051;50,936529099000040;0
80270;5200322310230573218;5;9;54;12;2020;3;14;1;3;1;5;0;1;1;0;0;0;0;383088,056900000200000;5686717,056600000700000;7,322257292000074;51,319726339000056;0
80276;5200328607100336909;5;3;82;60;2020;3;6;7;3;5;3;1;1;1;0;0;0;0;373629,877999999560000;5628265,566999999800000;7,207008583000061;50,792344449000041;0
80278;5200331513110342205;5;1;62;16;2020;3;20;3;3;5;3;2;1;1;0;0;0;0;333063,244599999860000;5676610,194000000100000;6,609666583000035;51,216446688000076;0
80289;5200330601600278231;5;3;15;0;2020;3;16;2;3;7;1;0;1;0;0;0;0;0;362275,934999999590000;5636606,837999999500000;7,042876920000026;50,864725343000032;0
80293;5200401701400739203;5;5;12;0;2020;4;13;4;3;5;3;0;1;0;0;0;1;0;353707,314299999740000;5717909,661100000100000;6,888003226000024;51,593218462000038;0
80299;5200321711411580981;5;5;70;28;2020;3;6;7;2;1;5;0;1;1;0;0;0;0;441399,643799999730000;5735614,642500000100000;8,150765596000042;51,768345896000028;0
80303;5200328314310878438;5;9;66;20;2020;3;13;7;1;1;5;0;1;1;0;0;0;0;442340,791000000200000;5663773,593000000300000;8,176109995000047;51,122530207000068;0
80310;5200324407101577576;5;7;62;20;2020;3;16;3;3;5;2;0;1;1;0;0;0;0;526140,052600000050000;5736540,954600000800000;9,378908491000061;51,779131459000041;0
80312;5200321709110079238;5;5;66;8;2020;3;7;7;3;5;3;0;1;1;0;0;0;0;400278,740000000220000;5781238,339999999900000;7,541753800000038;52,172603070000036;0
80319;5200324400300052202;5;7;11;0;2020;3;19;3;2;0;7;2;1;1;1;0;0;0;469337,160500000230000;5757618,453099999600000;8,553661979000026;51,968407178000064;0
80322;5200327317210059203;5;9;78;20;2020;3;14;6;3;2;6;0;1;1;0;0;0;0;403750,921500000170000;5713926,194299999600000;7,611276214000043;51,568185891000041;0
80330;5200330506100572015;5;1;16;0;2020;3;14;2;3;5;3;0;1;1;0;0;0;0;323167,081199999900000;5676480,015799999200000;6,468173820000061;51,212298566000072;0
80332;5200327601410313203;5;3;15;0;2020;3;14;6;2;7;1;0;1;0;0;0;0;0;353520,458999999800000;5651903,216000000000000;6,912395530000026;51,000036637000051;0
80334;5200401516600067817;5;1;58;4;2020;4;15;4;3;3;6;0;1;1;0;0;0;0;352785,147199999540000;5677119,215099999700000;6,891632723000043;51,226446529000043;0
80342;5200331301403411206;5;9;13;0;2020;3;20;3;3;0;6;2;1;1;0;0;0;0;403712,669999999930000;5709952,237700000400000;7,611812315000066;51,532457439000041;0
80345;5200324307200903204;5;9;62;32;2020;3;14;3;3;0;1;0;1;0;0;0;0;0;403948,974399999720000;5676320,963700000200000;7,624312925000027;51,230176102000030;0
80346;5200401711142272431;5;5;70;44;2020;4;14;4;3;0;1;0;1;0;0;0;0;0;417080,298600000330000;5760138,453299999200000;7,792510601000060;51,985720574000027;0
80359;5200327518200476683;5;1;70;24;2020;3;9;6;3;5;3;0;1;1;0;0;0;0;334215,204400000160000;5699898,642400000200000;6,615314981000040;51,426011397000082;0
80364;5200331601410753208;5;3;15;0;2020;3;11;3;3;5;2;0;1;1;0;0;0;0;356328,708999999800000;5647699,452999999700000;6,954052432000026;50,962966387000051;0
80365;5200328501115090200;5;1;12;0;2020;3;13;7;3;3;6;0;1;1;0;0;0;0;344833,030399999580000;5706644,580700000700000;6,764955380000060;51,489629819000072;0
80370;5200323709700390204;5;5;66;28;2020;3;15;2;2;5;3;0;1;1;0;0;0;0;411963,608400000260000;5792233,550200000400000;7,709712639000031;52,273419795000052;0
80374;5200323706000468276;5;5;58;12;2020;3;10;2;3;3;6;0;1;0;0;0;0;0;374085,642500000070000;5755474,205000000100000;7,168412510000053;51,935725269000045;0
80375;5200327506100480200;5;1;16;0;2020;3;14;6;3;5;3;0;1;1;0;0;0;0;314153,560499999670000;5672230,699100000800000;6,341465956000036;51,171267286000045;0
80379;5200323705000740327;5;5;54;12;2020;3;16;2;3;6;7;0;1;0;1;0;0;0;352983,258000000380000;5747119,955000000100000;6,865226773000074;51,855489502000069;0
80381;5200327513330970209;5;1;62;12;2020;3;13;6;3;2;6;0;1;0;0;0;0;0;322796,500300000420000;5664414,054500000600000;6,468815536000022;51,103789713000026;0
80382;5200401405228779364;5;7;54;28;2020;4;13;4;3;5;3;0;1;1;0;0;0;0;453508,077100000340000;5745792,219799999100000;8,324859740000022;51,860985212000060;0
80384;5200328609128105710;5;3;58;28;2020;3;11;7;2;0;1;0;1;0;0;0;0;0;322856,488699999640000;5625593,034600000800000;6,488535046000038;50,755044172000055;0
80390;5200323702100209409;5;5;15;0;2020;3;6;2;3;0;1;0;1;0;0;0;0;0;407458,976800000300000;5758096,393600000100000;7,652993788000060;51,965846020000072;0
80396;5200323609108580768;5;3;58;8;2020;3;15;2;3;5;2;0;1;1;0;0;0;0;320554,544099999590000;5630431,220499999800000;6,453572481000037;50,797803207000072;0
80399;5200321608312327203;5;3;34;12;2020;3;18;7;3;2;7;0;1;1;0;0;0;0;307929,718000000340000;5635222,708000000600000;6,272120792000067;50,836797255000079;0
80402;5200331410230346204;5;7;70;4;2020;3;8;3;3;5;3;0;1;1;0;0;0;0;486475,652800000270000;5784792,352800000500000;8,802054503000022;52,213402604000066;0
80403;5200328307000768936;5;9;62;20;2020;3;13;7;2;3;6;0;1;0;0;0;0;0;410069,670500000010000;5671740,044800000300000;7,713100331000021;51,189991505000080;0
80407;5200323607100361209;5;3;82;60;2020;3;18;2;3;5;3;0;1;1;0;0;0;0;373060,432900000360000;5629809,600900000000000;7,198399604000031;50,806098354000028;0
80412;5200323602900017206;5;3;62;40;2020;3;6;2;3;5;3;0;1;1;0;0;0;0;357298,605899999850000;5632574,682099999900000;6,973764147000054;50,827280853000048;0
80414;5200323601310729207;5;3;15;0;2020;3;7;2;3;2;3;0;1;1;0;0;0;0;347666,160000000150000;5647794,961999999400000;6,830745494000041;50,961599480000075;0
80416;5200323601310269203;5;3;15;0;2020;3;16;2;2;0;5;0;1;1;0;0;0;0;355015,494900000280000;5644791,385299999300000;6,936522497000055;50,936503380000033;0