OBJECTID;UIDENTSTLAE;ULAND;UREGBEZ;UKREIS;UGEMEINDE;UJAHR;UMONAT;USTUNDE;UWOCHENTAG;UKATEGORIE;UART;UTYP1;ULICHTVERH;IstRad;IstPKW;IstFuss;IstKrad;IstGkfz;IstSonstige;LINREFX;LINREFY;XGCSWGS84;YGCSWGS84;STRZUSTAND
80418;5200321601700285207;5;3;16;0;2020;3;13;7;3;5;3;0;1;0;0;0;0;1;363091,901100000370000;5655275,236800000100000;7,047445862000075;51,032698981000067;0
80422;5200327317110171243;5;9;78;36;2020;3;14;6;3;5;3;0;1;0;0;0;0;0;409864,753299999980000;5709644,115700000900000;7,700561236000056;51,530703388000063;0
80429;5200323600110889201;5;3;14;0;2020;3;5;2;3;5;2;2;1;1;0;0;0;0;365245,858099999840000;5623065,029999999300000;7,090025922000052;50,743714305000026;0
80430;5200326709000176750;5;5;66;64;2020;3;16;5;3;5;3;0;1;1;0;0;0;0;398336,957200000060000;5771271,284700000700000;7,516347731000053;52,082667437000055;0
80433;5200323516500504209;5;1;58;16;2020;3;17;2;3;0;7;0;1;0;0;0;0;0;354783,932099999860000;5670332,334000000700000;6,922983569000053;51,165969774000075;0
80435;5200401508219776333;5;1;19;0;2020;4;15;4;2;5;2;0;1;1;0;0;0;0;350429,111999999730000;5710335,681099999700000;6,843934084000068;51,524303553000038;0
80436;5200321601520662201;5;3;15;0;2020;3;18;7;3;3;6;0;1;1;0;0;0;0;357918,500300000420000;5644682,951199999100000;6,977853718000063;50,936251430000027;0
80439;5200327303100075271;5;9;15;0;2020;3;10;6;2;0;1;0;1;0;0;0;0;0;418697,028699999680000;5716238,419099999600000;7,826336649000041;51,591325526000048;0
80441;5200406317140653201;5;9;78;28;2020;4;14;2;3;0;1;0;1;0;0;0;0;0;399550,233000000010000;5700016,635199999400000;7,554649100000063;51,442422259000068;0
80448;5200406502408504206;5;1;17;0;2020;4;17;2;2;0;1;0;1;0;0;0;0;0;351890,447399999950000;5699398,505500000000000;6,869568474000062;51,426412346000063;0
80455;5200405601320875206;5;3;15;0;2020;4;16;1;3;5;3;0;1;1;0;0;0;0;350764,147699999620000;5645051,507999999400000;6,875952907000055;50,937756478000040;0
80459;5200406515110022303;5;1;54;36;2020;4;10;2;2;0;1;0;1;0;0;0;0;0;303771,437900000250000;5742245,241599999400000;6,154236155000035;51,796587055000032;0
80472;5200404515111776183;5;1;54;8;2020;4;19;7;3;5;2;0;1;1;0;0;0;0;312215,217000000180000;5745758,391000000800000;6,274633593000033;51,831037316000049;0
80475;5200406410250572272;5;7;70;44;2020;4;12;2;3;5;3;0;1;1;0;0;0;0;464360,971099999730000;5804201,369599999900000;8,476334682000072;52,386905420000062;0
80484;5200404303100051349;5;9;15;0;2020;4;13;7;3;5;3;0;1;1;0;0;0;0;425120,131599999960000;5728402,688200000700000;7,916435847000059;51,701571410000042;0
80485;5200404515110757541;5;1;54;36;2020;4;19;7;2;5;2;0;1;1;0;0;0;0;302170,182000000030000;5740411,162000000500000;6,132091093000042;51,779553022000073;0
80489;5200405500200065870;5;1;11;0;2020;4;15;1;3;5;3;0;1;0;0;0;0;1;354510,303100000140000;5682181,005200000500000;6,914264713000023;51,272374908000074;0
80492;5200405300510757200;5;9;54;36;2020;4;9;1;3;5;3;0;1;1;0;0;0;0;381375,820000000300000;5698609,091000000000000;7,293727859000057;51,426256787000057;0
80494;5200404301402340201;5;9;13;0;2020;4;10;7;3;0;5;0;1;1;0;0;0;0;402584,306499999950000;5704023,496099999200000;7,597187501000065;51,478970297000046;0
80500;5200406502210487209;5;1;13;0;2020;4;15;2;3;0;2;0;1;1;0;0;0;0;362103,623399999920000;5699080,858100000800000;7,016501949000030;51,426134987000069;0
80513;5200405316100376100;5;9;74;32;2020;4;18;1;3;5;3;0;1;1;0;0;0;0;434791,409599999900000;5705046,173900000800000;8,060706094000068;51,492795126000033;0
80514;5200406500300128204;5;1;11;0;2020;4;18;2;3;4;2;0;1;1;0;0;0;0;352130,264299999920000;5669866,205199999700000;6,885247410000034;51,161101258000031;0
80516;5200404608320478363;5;3;34;20;2020;4;15;7;2;0;1;0;1;0;0;0;0;0;305820,548999999650000;5603588,205000000100000;6,258826675000023;50,551933087000066;0
80521;5200406609248405734;5;3;58;48;2020;4;23;2;2;0;1;2;1;0;0;0;0;0;319653,218700000080000;5637462,781899999800000;6,437337224000032;50,860693404000074;0
80523;5200405518400382155;5;1;70;8;2020;4;13;1;2;5;3;0;1;0;0;1;0;0;348561,246500000360000;5718265,911699999100000;6,813614020000046;51,595059668000033;0
80524;5200405314130174676;5;9;66;28;2020;4;13;1;2;0;1;0;1;0;0;0;0;0;418946,951500000430000;5648478,296700000800000;7,845323942000050;50,982184153000048;0
80527;5200404603144077527;5;3;66;44;2020;4;14;7;3;5;3;0;1;1;0;0;0;0;334875,444699999880000;5617535,173900000800000;6,662384345000021;50,686184654000044;0
80528;5200406300220844204;5;9;11;0;2020;4;8;2;2;5;2;0;1;1;0;0;0;0;372473,987300000150000;5700941,471999999100000;7,164913363000039;51,445285238000054;0
80531;5200405514121402207;5;1;66;4;2020;4;17;1;3;5;2;0;1;1;0;0;0;0;304656,672000000250000;5680976,413000000600000;6,201020899000071;51,246652167000036;0
80533;5200406317210643200;5;9;78;20;2020;4;13;2;3;5;3;0;1;1;0;0;0;0;411693,618700000460000;5715242,178899999700000;7,725514186000055;51,581315729000039;0
80534;5200403702100107204;5;5;15;0;2020;4;13;6;3;4;2;0;1;1;0;0;0;0;405371,123700000350000;5761224,111300000900000;7,621750228000053;51,993607670000074;0
80536;5200405310230869337;5;9;54;12;2020;4;16;1;3;5;3;0;1;0;0;0;0;0;383695,108000000010000;5691035,273000000000000;7,329554269000028;51,358663569000043;0
80538;5200403701910119202;5;5;62;8;2020;4;7;6;3;5;3;0;1;1;0;0;0;0;386207,571700000200000;5724016,664799999400000;7,354980753000064;51,655610179000064;0
80540;5200405711232073422;5;5;70;40;2020;4;13;1;2;2;6;0;1;1;0;1;0;0;414167,135800000280000;5745942,600500000600000;7,753638797000065;51,857672357000069;0
80541;5200406601410639201;5;3;15;0;2020;4;17;2;3;2;6;0;1;0;0;0;0;0;355249,774199999870000;5651506,020800000100000;6,937182619000055;50,996904819000065;0
80545;5200406316100780557;5;9;74;40;2020;4;18;2;3;5;3;0;1;0;0;0;0;1;436269,244800000450000;5709880,819700000800000;8,081116324000050;51,536429777000080;0
80546;5200403701110144200;5;5;62;32;2020;4;10;6;2;0;1;0;1;0;0;0;0;0;373265,606100000440000;5720772,710999999200000;7,169160080000040;51,623688221000066;0
80553;5200404601620675202;5;3;15;0;2020;4;14;7;3;0;1;0;1;0;0;0;0;0;360205,679999999700000;5641368,456000000200000;7,011654913000029;50,907022382000036;0
80561;5200403608200275518;5;3;34;2;2020;4;16;6;3;0;3;0;1;1;0;0;0;0;299026,571899999860000;5626646,227700000600000;6,150529221000056;50,756743459000063;0
80563;5200404601320665201;5;3;15;0;2020;4;14;7;2;0;1;0;1;0;0;0;0;0;347268,960500000040000;5644733,547399999600000;6,826377637000064;50,933984152000050;0
80565;5200405315240081061;5;9;70;20;2020;4;13;1;3;5;7;0;1;1;0;0;0;0;440006,875000000000000;5646565,662000000500000;8,145615815000042;50,967566674000068;0
80570;5200406501127934201;5;1;12;0;2020;4;16;2;3;5;3;0;1;1;0;0;0;0;346719,502199999990000;5704034,869100000700000;6,793238926000072;51,466695847000040;0
80571;5200403518400578790;5;1;70;8;2020;4;6;6;2;0;7;1;1;0;0;0;0;0;344885,621700000020000;5717440,188100000800000;6,760955507000062;51,586640749000026;0
80573;5200406302100377788;5;9;14;0;2020;4;16;2;3;5;2;0;1;1;0;0;0;0;391264,708499999720000;5693855,476500000800000;7,437365932000034;51,385512570000060;0
80582;5200404503400523203;5;1;22;0;2020;4;13;7;3;3;6;0;1;1;0;0;0;0;360463,546699999830000;5670099,276000000500000;7,004255273000069;51,165289056000063;0
80587;5200403502325010201;5;1;13;0;2020;4;12;6;3;5;2;0;1;1;0;0;0;0;362096,742600000460000;5704332,941400000800000;7,014356009000039;51,473330667000027;0
80589;5200405515110722216;5;1;54;4;2020;4;12;1;3;2;6;0;1;0;0;0;0;0;306846,590499999930000;5738846,754599999600000;6,200665945000026;51,767137081000044;0
80595;5200404601110719204;5;3;15;0;2020;4;18;7;3;2;6;0;1;1;0;0;0;0;354734,805599999610000;5644609,261099999800000;6,932602993000046;50,934796041000027;0
80596;5200406601310590204;5;3;15;0;2020;4;17;2;3;0;1;0;1;0;0;0;0;0;354543,084300000220000;5645717,241200000000000;6,929433978000077;50,944704822000062;0
80597;5200404600110982200;5;3;14;0;2020;4;14;7;3;0;7;0;1;0;0;0;0;0;365514,842400000430000;5622920,644400000600000;7,093888895000021;50,742478945000073;0
80600;5200405513130762205;5;1;62;22;2020;4;13;1;3;2;6;0;1;1;0;0;0;0;340807,071200000120000;5687404,597400000300000;6,715646735000064;51,315645348000032;0
80604;5200404500200756204;5;1;11;0;2020;4;18;7;3;2;6;0;1;0;0;0;0;1;349868,967799999750000;5677913,865700000900000;6,849566375000052;51,232827544000031;0
80606;5200406516700781458;5;1;58;8;2020;4;16;2;3;5;3;0;1;1;0;0;0;0;361500,328999999910000;5675126,208000000600000;7,017136109000035;51,210717183000042;0
80608;5200405404302621301;5;7;66;40;2020;4;16;1;2;5;3;0;1;1;0;0;0;0;483597,168800000100000;5763725,400299999900000;8,760940126000037;52,023917821000055;0
80609;5200406502318527205;5;1;13;0;2020;4;23;2;3;0;1;2;1;0;0;0;0;0;355291,533999999990000;5704534,435300000000000;6,916354558000023;51,473441715000035;0
80611;5200404705000270558;5;5;54;48;2020;4;21;7;3;5;3;2;1;0;0;0;0;1;343745,320000000300000;5744551,805999999900000;6,732356506000031;51,829907261000074;0
80615;5200405606500532398;5;3;78;24;2020;4;16;1;2;0;2;0;1;1;0;0;0;0;375149,797899999660000;5645126,144799999900000;7,222807959000022;50,944223249000061;0
80622;5200406513320943206;5;1;62;4;2020;4;17;2;3;4;5;0;1;1;0;0;0;0;343718,006299999540000;5664802,126100000000000;6,767232102000037;51,113362257000063;0
80628;5200403315250079307;5;9;70;12;2020;4;8;6;2;5;3;0;1;1;0;0;0;0;448095,551799999550000;5649219,425300000200000;8,260419577000050;50,992214466000064;1
80629;5200406606220080564;5;3;78;8;2020;4;14;2;3;0;1;0;1;0;0;0;0;0;370903,424800000150000;5662931,905600000200000;7,156055410000022;51,103322969000033;0
80630;5200405516500551203;5;1;58;16;2020;4;12;1;3;5;2;0;1;1;0;0;0;0;353692,781999999660000;5669937,321000000500000;6,907548709000025;51,162142043000074;0
80631;5200405313110980674;5;9;58;4;2020;4;16;1;2;0;1;0;1;0;0;0;0;0;431536,469800000080000;5693548,639299999900000;8,016051632000028;51,389041855000073;0
80632;5200406404101770326;5;7;66;20;2020;4;16;2;3;5;2;0;1;1;0;0;0;0;487069,897099999710000;5754365,959300000200000;8,811905184000068;51,939859491000050;0
80633;5200403310110130645;5;9;54;16;2020;4;17;6;2;5;2;0;1;1;0;0;0;0;370455,485999999570000;5698107,576999999600000;7,136920270000076;51,419358711000029;0
80640;5200406602800588205;5;3;62;12;2020;4;17;2;3;0;1;0;1;0;0;0;0;0;352922,386599999850000;5634546,412699999300000;6,910877810000045;50,843905118000066;0
80655;5200404405232582151;5;7;54;32;2020;4;15;7;2;5;3;0;1;1;0;0;0;0;459165,338700000200000;5743048,752200000000000;8,407331602000056;51,836762219000036;0
80656;5200405609224566204;5;3;58;24;2020;4;13;1;3;0;1;0;1;0;0;0;0;0;318995,586699999870000;5647536,079700000600000;6,423008063000054;50,950982016000069;0
80657;5200405603116081272;5;3;66;16;2020;4;13;1;1;5;3;0;1;1;0;0;0;0;346563,387500000190000;5612484,284399999300000;6,829809543000067;50,643994348000035;0
80659;5200405400100474537;5;7;11;0;2020;4;15;1;3;0;1;0;1;0;0;0;0;0;465415,569299999620000;5764857,810300000000000;8,495849638000038;52,033263231000035;0
80660;5200406501314791206;5;1;12;0;2020;4;10;2;2;5;3;0;1;1;0;0;0;0;347840,803899999710000;5700265,348300000700000;6,810990489000062;51,433128415000056;0
80671;5200405601610846202;5;3;15;0;2020;4;12;1;3;5;3;0;1;1;0;0;0;0;361357,224299999890000;5645028,303899999700000;7,026631829000053;50,940192182000033;0
80674;5200402601300073653;5;3;15;0;2020;4;15;5;3;0;3;0;1;0;0;1;0;0;354803,073900000190000;5646613,452400000800000;6,932774970000025;50,952824360000079;0
80678;5200404701400374207;5;5;12;0;2020;4;17;7;3;4;6;0;1;0;0;0;0;0;355283,764700000170000;5714378,552799999700000;6,912200674000076;51,561896381000054;0
80682;5200405605152581765;5;3;74;52;2020;4;14;1;2;4;6;0;1;1;0;0;0;0;388468,303899999710000;5662741,579199999600000;7,406889258000035;51,105298887000060;0
80684;5200405314120543390;5;9;66;8;2020;4;14;1;2;8;1;0;1;0;0;0;0;0;411660,184200000020000;5650722,687899999300000;7,740996975000030;51,001289976000066;0
80687;5200406300110947203;5;9;11;0;2020;4;15;2;3;0;1;0;1;0;0;0;0;0;376429,525999999610000;5702652,335100000700000;7,221205558000065;51,461538452000070;0
80688;5200402515110557541;5;1;54;24;2020;4;12;5;3;5;3;0;1;1;0;0;0;0;313337,216199999680000;5734707,019700000100000;6,296840233000069;51,732158104000064;0
80689;5200406602400775572;5;3;62;32;2020;4;14;2;3;5;3;0;1;1;0;0;0;0;339527,895899999890000;5639407,331800000700000;6,718642114000033;50,884023652000053;0
80691;5200406606140066207;5;3;78;28;2020;4;16;2;3;0;7;0;1;0;0;0;0;0;371853,805100000460000;5639726,192099999600000;7,177813153000045;50,894964900000048;0
80692;5200405515210073911;5;1;54;12;2020;4;11;1;3;5;3;0;1;1;0;0;0;0;314884,308000000190000;5709830,756999999300000;6,332360672000050;51,509238930000038;0
80695;5200402513210499205;5;1;62;24;2020;4;8;5;3;0;7;0;1;1;0;0;0;0;337073,211000000130000;5673037,833000000600000;6,668654413000070;51,185508236000032;1
80699;5200406601400678386;5;3;15;0;2020;4;17;2;3;3;2;0;1;0;0;0;0;1;351213,357200000440000;5651965,555600000500000;6,879513420000023;51,000004898000043;0
80700;5200404515211065718;5;1;54;16;2020;4;17;7;3;0;1;0;1;0;0;0;0;0;295679,823300000280000;5730039,854599999300000;6,044220754000037;51,684093765000057;0
80711;5200409310140130645;5;9;54;28;2020;4;13;5;3;5;2;0;1;1;0;0;0;0;378760,001299999650000;5692293,508400000600000;7,258278508000046;51,368940512000052;0
80713;5200410503200580512;5;1;24;0;2020;4;14;6;2;0;7;0;1;0;0;0;0;0;375310,328999999910000;5681540,321000000500000;7,212507961000028;51,271548022000047;0
80715;5200408606200574350;5;3;78;12;2020;4;15;4;2;5;3;0;1;1;0;0;0;0;375752,100899999960000;5656414,770400000700000;7,227514905000021;51,045817910000039;0
80726;5200408602700796202;5;3;62;28;2020;4;12;4;3;0;5;0;1;1;0;0;0;0;347721,035199999810000;5639930,906500000500000;6,834810749000042;50,890946186000065;0
80733;5200407514111582307;5;1;66;32;2020;4;5;3;3;0;1;0;1;0;0;0;0;0;313471,669999999930000;5680837,534399999300000;6,327248166000061;51,248355357000037;0
80737;5200409608100673753;5;3;34;2;2020;4;16;5;3;5;2;0;1;1;0;0;0;0;294737,538399999960000;5628121,888800000800000;6,088977777000025;50,768495961000042;0
80742;5200409601420200205;5;3;15;0;2020;4;11;5;3;9;1;0;1;0;0;0;0;0;355452,780100000090000;5651074,015399999900000;6,940245572000038;50,993073549000030;0
80743;5200409701300779131;5;5;62;14;2020;4;16;5;3;5;2;0;1;1;0;0;0;0;361426,945399999620000;5713845,425899999200000;7,000978204000035;51,558648447000053;0
80755;5200407505200676213;5;1;14;0;2020;4;11;3;3;5;3;0;1;1;0;0;0;0;330518,122399999760000;5693847,251900000500000;6,565076271000066;51,370553786000073;0
80756;5200408316400077920;5;9;74;44;2020;4;17;4;3;0;1;0;1;0;0;0;0;0;446029,390999999830000;5703539,868000000700000;8,222795637000047;51,480436646000044;0
80762;5200407606140087208;5;3;78;28;2020;4;13;3;2;0;7;0;1;0;0;0;0;0;371631,546699999830000;5639836,740900000600000;7,174615587000062;50,895909163000056;0
80764;5200408303100571598;5;9;15;0;2020;4;16;4;3;0;1;0;1;0;0;0;0;0;417506,424800000150000;5726297,739099999900000;7,806782467000062;51,681581402000063;0
80766;5200407502318273583;5;1;13;0;2020;4;19;3;3;0;7;0;1;0;0;0;0;0;354283,638399999590000;5705356,944199999800000;6,901513113000021;51,480573880000065;0
80768;5200407502307780438;5;1;13;0;2020;4;13;3;2;0;2;0;1;0;0;0;0;0;359875,037999999710000;5703573,619000000900000;6,982688303000032;51,465961381000056;0
80772;5200408501314511207;5;1;12;0;2020;4;15;4;3;5;3;0;1;1;0;0;0;0;347835,699000000020000;5700261,569700000800000;6,810918729000036;51,433093093000082;0
80778;5200409506100736208;5;1;16;0;2020;4;14;5;3;5;2;0;1;1;0;0;0;0;320330,118599999700000;5672511,087500000400000;6,429584587000022;51,175759717000062;0
80783;5200408602500794204;5;3;62;24;2020;4;14;4;3;5;5;0;1;1;0;0;0;0;343186,422799999830000;5645277,809399999700000;6,768088495000029;50,937779233000072;0
80784;5200409701400676204;5;5;12;0;2020;4;15;5;3;5;2;0;1;1;0;0;0;0;356412,627899999730000;5710106,571300000000000;6,930218095000043;51,523797794000075;0
80785;5200407500200001791;5;1;11;0;2020;4;18;3;3;5;3;0;1;0;0;1;0;0;351308,596199999560000;5676866,194499999300000;6,870606549000058;51,223790171000076;0
80788;5200409502209180203;5;1;13;0;2020;4;16;5;3;5;3;0;1;1;0;0;0;0;360267,171900000420000;5702178,056600000700000;6,988881381000056;51,453517472000044;0
80794;5200409601110340201;5;3;15;0;2020;4;18;5;2;0;1;0;1;0;0;0;0;0;357035,538399999960000;5646033,445100000100000;6,964765564000061;50,948169987000028;0
80799;5200408705000040603;5;5;54;32;2020;4;8;4;3;0;7;0;1;1;0;0;0;0;322631,506199999710000;5747127,359300000600000;6,424936351000042;51,846737765000057;0
80801;5200407410110706719;5;7;70;24;2020;4;16;3;3;5;2;0;1;1;0;0;0;0;492264,877500000410000;5793397,655700000000000;8,886589572000048;52,290880741000080;0
80811;5200408316200719180;5;9;74;48;2020;4;18;4;2;5;3;0;1;1;0;0;0;0;426232,605999999680000;5717257,236999999700000;7,934882292000054;51,601521869000067;0
80817;5200408513320206208;5;1;62;4;2020;4;15;4;3;5;3;0;1;0;0;1;0;0;346233,076999999580000;5667163,161499999500000;6,802128792000076;51,135258129000078;0
80818;5200407602300658204;5;3;62;36;2020;4;11;3;3;3;6;0;1;1;0;0;0;0;343308,673000000420000;5653924,778899999300000;6,766100349000055;51,015511593000042;0
80820;5200407701300976207;5;5;62;14;2020;4;10;3;3;5;3;0;1;1;0;0;0;0;361343,554999999700000;5716455,698000000800000;6,998745960000065;51,582084205000058;0
80825;5200408307400065200;5;9;62;36;2020;4;16;4;3;5;3;0;1;1;0;0;0;0;404710,975499999710000;5661665,254100000500000;7,639106492000053;51,098553424000045;0
80827;5200407405228572282;5;7;54;28;2020;4;16;3;3;4;1;0;1;0;0;0;0;0;456494,150600000280000;5742943,240399999500000;8,368578094000043;51,835611881000034;0
80838;5200410410230712203;5;7;70;4;2020;4;19;6;2;4;6;0;1;0;0;0;0;0;485410,655199999920000;5787890,739000000100000;8,786333388000060;52,241231620000065;0
80842;5200407400100803231;5;7;11;0;2020;4;16;3;3;3;6;0;1;1;0;0;0;0;464663,029000000100000;5765279,048000000400000;8,484836520000044;52,037002940000036;0
80844;5200409702100479102;5;5;15;0;2020;4;17;5;2;5;3;0;1;1;0;0;0;0;409263,479799999860000;5760354,296099999900000;7,678655099000025;51,986438884000052;0
80845;5200407400100270319;5;7;11;0;2020;4;6;3;3;0;3;0;1;1;0;0;0;0;469953,935999999750000;5767290,360899999700000;8,561791040000060;52,055397867000067;0
80853;5200408601400566089;5;3;15;0;2020;4;16;4;2;2;3;0;1;1;0;0;0;0;354664,500000000000000;5652858,919099999600000;6,928306123000027;51,008915276000039;0
80856;5200409608200812206;5;3;34;2;2020;4;16;5;3;3;2;0;1;1;0;0;0;0;299649,339300000110000;5626044,736999999700000;6,159674682000059;50,751556266000080;0
80863;5200408411220955201;5;7;74;20;2020;4;16;4;2;8;1;0;1;0;0;0;0;0;466780,098299999720000;5732376,296599999100000;8,518868454000028;51,741311463000045;0
80864;5200409500100801203;5;1;11;0;2020;4;7;5;3;5;3;0;1;1;0;0;0;0;346130,057599999940000;5677666,219699999300000;6,796159628000055;51,229606459000081;0
80865;5200408706300968251;5;5;58;36;2020;4;12;4;2;4;3;0;1;1;0;0;0;0;387667,595999999900000;5729901,725999999800000;7,374184357000047;51,708797772000082;0
80871;5200407610111614204;5;3;70;16;2020;4;10;3;3;5;3;0;1;1;0;0;0;0;298958,288300000130000;5662111,744599999900000;6,130020906000027;51,075250379000067;0
80872;5200408315120276787;5;9;70;16;2020;4;17;4;2;5;3;0;1;1;0;0;0;0;424579,520999999720000;5639264,268999999400000;7,927457357000037;50,900106220000055;0
80875;5200408609220670203;5;3;58;20;2020;4;14;4;2;5;3;0;1;1;0;0;0;0;317789,645999999720000;5638019,277000000700000;6,410608190000062;50,865108520000035;0
80880;5200407601210842203;5;3;15;0;2020;4;8;3;2;5;3;0;1;1;0;0;0;0;354925,823699999600000;5643341,336799999700000;6,935824237000077;50,923449582000046;0
80881;5200409513330345205;5;1;62;12;2020;4;16;5;3;5;3;0;1;1;0;0;0;0;325594,311999999920000;5663829,342000000200000;6,509021340000061;51,099394690000054;0
80882;5200408307000975645;5;9;62;36;2020;4;15;4;2;0;7;0;1;0;0;0;0;0;407603,670800000430000;5667604,623900000000000;7,678884764000031;51,152421342000082;0
80888;5200409706300071208;5;5;58;24;2020;4;16;5;3;3;6;0;1;0;0;0;0;0;394376,536399999630000;5734745,108999999200000;7,469776419000027;51,753634111000054;0
80889;5200407301401049209;5;9;13;0;2020;4;12;3;2;1;5;0;1;1;0;0;0;0;396270,435999999750000;5708261,393999999400000;7,505052369000055;51,515940752000063;0
80895;5200407300100437276;5;9;11;0;2020;4;15;3;3;5;3;0;1;0;0;0;0;1;377320,036100000140000;5704266,042700000100000;7,233457702000067;51,476235363000058;0
80910;5200409300120546209;5;9;11;0;2020;4;14;5;3;0;3;0;1;1;0;0;0;0;374403,305599999610000;5706372,047800000800000;7,190731070000027;51,494522559000075;0
80911;5200410407101076222;5;7;62;20;2020;4;15;6;2;0;7;0;1;0;0;0;0;0;528898,094399999830000;5738407,814099999100000;9,419041601000060;51,795780840000077;0
80913;5200408601500519411;5;3;15;0;2020;4;12;4;2;5;2;0;1;1;0;0;0;0;360070,248999999840000;5648489,540400000300000;7,006994876000022;50,970987871000034;0
80914;5200409601310119205;5;3;15;0;2020;4;10;5;3;0;7;0;1;0;0;0;0;0;352035,033800000320000;5647623,978499999300000;6,892982722000056;50,961201466000034;0
80915;5200409700000315749;5;5;13;0;2020;4;13;5;3;5;2;0;1;1;0;0;0;0;367074,224299999890000;5710380,339199999300000;7,083703286000059;51,528868133000060;0
80917;5200408407230004904;5;7;62;28;2020;4;15;4;2;4;6;0;1;1;0;0;0;0;504770,337500000370000;5738921,969200000200000;9,069181114000060;51,801130045000036;0
80920;5200408705000072375;5;5;54;56;2020;4;6;4;3;5;2;1;1;1;0;0;0;0;356835,799399999900000;5762414,680900000000000;6,914766572000076;51,993916127000034;0
80926;5200408313130963980;5;9;58;44;2020;4;5;4;3;5;7;2;1;0;0;1;0;0;430500,227699999700000;5687177,535199999800000;8,002406493000024;51,331635975000040;0
80932;5200409405108969382;5;7;54;8;2020;4;15;5;2;2;6;0;1;1;0;0;0;0;458452,574000000020000;5751303,117000000600000;8,395993773000043;51,910921774000030;0
80933;5200408702100687529;5;5;15;0;2020;4;19;4;3;5;3;0;1;1;0;0;0;0;399096,639999999660000;5756797,636600000800000;7,531696417000035;51,952717747000065;0
80936;5200408515110253209;5;1;54;4;2020;4;11;4;3;5;3;0;1;1;0;0;0;0;304914,100999999790000;5737767,921000000100000;6,173300910000023;51,756778857000029;0
80938;5200409513110337202;5;1;62;16;2020;4;15;5;3;5;3;0;1;1;0;0;0;0;333182,956899999640000;5677703,478199999800000;6,610870422000062;51,226304105000054;0
80961;5200406701910533208;5;5;62;8;2020;4;8;2;2;5;2;0;1;1;0;0;0;0;384586,218999999580000;5724180,880000000800000;7,331498388000057;51,656755526000040;0
80968;5200408601410804200;5;3;15;0;2020;4;18;4;3;0;7;0;1;0;0;0;0;0;351532,753299999980000;5644417,479699999100000;6,887142663000020;50,932257192000066;0
80984;5200408316100180557;5;9;74;8;2020;4;17;4;3;4;7;0;1;1;0;0;0;0;443149,938000000080000;5716951,185499999700000;8,179168030000028;51,600732267000069;0
80985;5200409400100453209;5;7;11;0;2020;4;11;5;3;3;6;0;1;0;0;1;0;0;474271,798700000160000;5767906,605499999600000;8,624717207000060;52,061155644000053;0
80987;5200408701400445208;5;5;12;0;2020;4;18;4;2;5;3;0;1;1;0;0;0;0;357821,000400000250000;5709772,480799999100000;6,950640262000036;51,521151985000074;0
80989;5200408513130281642;5;1;62;16;2020;4;12;4;3;5;3;0;1;1;0;0;0;0;333987,645999999720000;5679587,953400000900000;6,621511107000060;51,243469552000079;0
80990;5200407702100292200;5;5;15;0;2020;4;16;3;3;6;6;0;1;0;1;0;0;0;408582,508899999780000;5753993,956100000100000;7,670433908000064;51,929156697000053;0
80991;5200409508000180955;5;1;19;0;2020;4;16;5;3;5;2;0;1;1;0;0;0;0;347199,027999999930000;5711012,299000000600000;6,797115523000059;51,529518341000028;0
80994;5200412518400973903;5;1;70;8;2020;4;10;1;3;5;3;0;1;1;0;0;0;0;342407,291100000030000;5715088,574599999900000;6,726266409000061;51,564825018000079;0
80996;5200412518100373955;5;1;70;48;2020;4;14;1;2;5;2;0;1;1;0;0;0;0;338174,671000000090000;5725977,668999999800000;6,660225379000053;51,661454787000082;0
80997;5200412515210379207;5;1;54;28;2020;4;11;1;3;5;2;0;1;1;0;0;0;0;321266,716099999850000;5701229,982599999800000;6,428583637000031;51,434035502000029;0
80998;5200412513340081559;5;1;62;28;2020;4;14;1;3;0;1;0;1;0;0;0;0;0;338263,951000000350000;5656029,956000000200000;6,693301651000070;51,033030387000053;0
81000;5200415513320763207;5;1;62;4;2020;4;10;4;1;5;3;0;1;0;0;0;0;1;347151,789900000210000;5660368,186300000200000;6,818127938000032;51,074445776000061;0
81002;5200412506100857201;5;1;16;0;2020;4;13;1;2;3;2;0;1;0;0;0;0;0;314993,065000000410000;5668161,892000000900000;6,355552645000046;51,134990697000035;0
81005;5200412502319557795;5;1;13;0;2020;4;15;1;3;0;1;0;1;0;0;0;0;0;356539,486899999900000;5706342,724300000800000;6,933576575000075;51,490008632000070;0
81009;5200415500300924207;5;1;11;0;2020;4;19;4;3;0;7;1;1;0;0;0;0;1;351691,166699999940000;5669941,446300000000000;6,878941260000033;51,161663723000061;0
81011;5200412404102138203;5;7;66;40;2020;4;14;1;3;5;3;0;1;0;0;1;0;0;489302,946700000200000;5759274,006799999600000;8,844236445000036;51,984035081000059;0
81020;5200412315250575713;5;9;70;12;2020;4;14;1;2;4;2;0;1;1;0;0;0;0;451696,485299999830000;5649565,617300000000000;8,311678700000073;50,995640901000058;0
81024;5200414500200154024;5;1;11;0;2020;4;17;3;3;5;3;0;1;1;0;0;0;0;345180,794999999930000;5679102,228000000100000;6,781953824000027;51,242252850000057;0
81028;5200412307000766128;5;9;62;32;2020;4;16;1;3;0;7;0;1;0;0;0;0;0;404117,031200000080000;5674734,400299999900000;7,627143588000024;51,215941840000028;0