OBJECTID;UIDENTSTLAE;ULAND;UREGBEZ;UKREIS;UGEMEINDE;UJAHR;UMONAT;USTUNDE;UWOCHENTAG;UKATEGORIE;UART;UTYP1;ULICHTVERH;IstRad;IstPKW;IstFuss;IstKrad;IstGkfz;IstSonstige;LINREFX;LINREFY;XGCSWGS84;YGCSWGS84;STRZUSTAND
81037;5200413602800181207;5;3;62;12;2020;4;20;2;2;5;3;0;1;1;0;0;0;0;351532,424100000410000;5633181,507700000000000;6,891701681000029;50,831284187000051;0
81038;5200412300410747202;5;9;16;0;2020;4;12;1;3;5;2;0;1;1;0;0;0;0;380757,268199999820000;5712250,174799999200000;7,280227531000037;51,548728995000033;0
81048;5200411709500207209;5;5;66;76;2020;4;9;7;2;5;3;0;1;1;0;0;0;0;396325,917000000370000;5792656,901000000500000;7,480472681000038;52,274498418000064;0
81049;5200415307000378635;5;9;62;28;2020;4;23;4;2;0;1;2;1;0;0;0;0;0;401221,039599999790000;5665663,654200000700000;7,588184855000066;51,133906749000062;0
81051;5200411709110872341;5;5;66;64;2020;4;16;7;3;2;6;0;1;0;0;0;0;0;393306,841000000010000;5769702,744200000500000;7,443458216000067;52,067623550000064;0
81055;5200411705000881028;5;5;54;28;2020;4;13;7;2;2;6;0;1;0;0;0;0;0;357112,663099999540000;5744439,516100000600000;6,926252661000035;51,832477400000073;0
81060;5200414709300295200;5;5;66;52;2020;4;17;3;2;3;3;0;1;1;0;0;0;0;377880,511199999600000;5780328,142100000800000;7,214703450000059;52,159921789000066;0
81064;5200411701800917203;5;5;62;4;2020;4;13;7;3;5;2;0;1;0;0;0;0;1;383618,952899999920000;5709957,963199999200000;7,322238641000070;51,528724550000049;0
81068;5200411701500935207;5;5;62;24;2020;4;12;7;3;5;2;0;1;1;0;0;0;0;370363,041600000110000;5725448,007500000300000;7,125520347000077;51,665042535000055;0
81073;5200411701400877207;5;5;12;0;2020;4;10;7;3;5;2;0;1;1;0;0;0;0;357034,252899999730000;5709681,147099999700000;6,939345054000057;51,520132685000078;0
81074;5200414609224787209;5;3;58;24;2020;4;15;3;3;0;1;0;1;0;0;0;0;0;313966,593200000000000;5644253,114399999400000;6,353165782000076;50,919890182000074;0
81075;5200413513210505205;5;1;62;24;2020;4;14;2;3;0;1;0;1;0;0;0;0;0;337100,796000000090000;5669880,863800000400000;6,670479106000073;51,157151388000045;0
81077;5200411701200863200;5;5;62;20;2020;4;5;7;2;0;1;2;1;0;0;0;0;0;367838,668499999680000;5718426,140499999700000;7,091691717000060;51,601352319000057;0
81078;5200415610212532873;5;3;70;40;2020;4;14;4;3;5;3;0;1;0;0;0;0;1;309310,836799999700000;5668339,634700000300000;6,274335092000058;51,134723496000049;0
81079;5200411701120985202;5;5;62;32;2020;4;22;7;2;0;1;2;1;0;0;0;0;0;379096,650700000110000;5716575,899800000700000;7,254800918000058;51,587252862000071;0
81080;5200411700200248207;5;5;13;0;2020;4;9;7;3;2;6;0;1;1;0;0;0;0;364587,618800000290000;5714189,168500000600000;7,046412068000052;51,562505081000040;0
81082;5200411610211877516;5;3;70;4;2020;4;19;7;3;0;7;0;1;0;0;0;0;0;305373,461099999960000;5664157,152599999700000;6,220382023000070;51,095833138000046;0
81086;5200414600380176884;5;3;14;0;2020;4;19;3;3;5;3;0;1;1;0;0;0;0;370483,363800000400000;5615655,402300000200000;7,166819849000035;50,678306059000079;0
81091;5200415607500332320;5;3;82;56;2020;4;12;4;2;5;3;0;1;0;0;0;0;0;373156,958800000140000;5627933,868100000500000;7,200416651000069;50,789259712000046;0
81092;5200411608100971205;5;3;34;2;2020;4;15;7;3;0;1;0;1;0;0;0;0;0;293031,929999999700000;5631407,236999999700000;6,062973245000023;50,797395860000051;0
81093;5200415316100754200;5;9;74;40;2020;4;14;4;2;5;3;0;1;0;0;1;0;0;432386,667799999940000;5711673,165300000500000;8,024800550000066;51,552091882000070;0
81102;5200411606210978463;5;3;78;32;2020;4;19;7;3;4;2;0;1;1;0;0;0;0;373334,837100000120000;5666748,454500000900000;7,189424860000031;51,138167824000050;0
81104;5200411605152369880;5;3;74;52;2020;4;16;7;3;0;1;0;1;0;0;0;0;0;388327,561900000090000;5664450,865700000900000;7,404350562000047;51,120635981000078;0
81108;5200415303100575377;5;9;15;0;2020;4;13;4;3;5;3;0;1;1;0;0;0;0;416722,372899999840000;5724958,948100000600000;7,795763610000051;51,669430655000042;0
81112;5200411602400880807;5;3;62;32;2020;4;12;7;3;4;2;0;1;1;0;0;0;0;343173,103900000450000;5634935,480100000300000;6,772338650000052;50,844840974000078;0
81114;5200411601700805202;5;3;16;0;2020;4;15;7;3;5;3;0;1;1;0;0;0;0;361604,747299999930000;5658391,955800000600000;7,025058592000050;51,060353008000050;0
81118;5200411601600069934;5;3;15;0;2020;4;18;7;3;2;6;0;1;1;0;0;0;0;359592,897099999710000;5644807,156899999800000;7,001620781000042;50,937777784000048;0
81121;5200415516400047206;5;1;58;24;2020;4;18;4;3;0;1;0;1;0;1;0;0;0;359724,253100000320000;5679436,067500000800000;6,990037931000074;51,249014732000035;0
81134;5200414601420790207;5;3;15;0;2020;4;17;3;3;5;2;0;1;1;0;0;0;0;356257,936200000350000;5648357,813600000000000;6,952785139000071;50,968865294000068;0
81135;5200415503400573886;5;1;22;0;2020;4;20;4;3;1;5;2;1;1;0;0;0;0;366066,504900000060000;5671193,837899999700000;7,083935793000023;51,176465472000075;0
81137;5200411516340504208;5;1;58;28;2020;4;14;7;3;5;3;0;1;1;0;0;0;0;350362,892799999560000;5689386,266100000600000;6,851830008000036;51,336045380000030;0
81139;5200412709000042537;5;5;66;76;2020;4;15;1;2;5;3;0;1;1;0;0;0;0;398245,513500000350000;5794401,943900000300000;7,508070578000059;52,290540577000058;0
81153;5200411502232325206;5;1;13;0;2020;4;16;7;2;2;1;0;1;1;0;1;0;0;366665,493700000460000;5694755,208900000900000;7,083705768000073;51,388352745000077;0
81156;5200411501126971201;5;1;12;0;2020;4;16;7;3;3;6;0;1;1;0;0;0;0;345874,129900000060000;5704320,725700000300000;6,780953343000022;51,469034685000054;0
81157;5200411500300251209;5;1;11;0;2020;4;19;7;3;5;1;0;1;1;0;0;0;0;345212,279000000100000;5674819,952999999700000;6,784253590000049;51,203783355000041;0
81160;5200415400300754716;5;7;11;0;2020;4;15;4;2;5;3;0;1;0;0;0;0;0;469648,164599999790000;5757309,308399999500000;8,558216237000067;51,965644809000082;0
81162;5200411411132851246;5;7;74;32;2020;4;19;7;3;5;3;0;1;0;0;1;0;0;483871,347299999560000;5731499,958699999400000;8,766442210000037;51,734184688000028;0
81163;5200414317220018902;5;9;78;4;2020;4;11;3;3;5;2;0;1;1;0;0;0;0;404576,036600000230000;5717739,356899999100000;7,622141057000022;51,602602641000033;0
81166;5200411410110670383;5;7;70;24;2020;4;12;7;3;0;7;0;1;0;0;0;0;0;496138,071999999690000;5794223,980299999900000;8,943367860000024;52,298350691000053;0
81169;5200415601200726636;5;3;15;0;2020;4;19;4;3;0;4;0;1;1;1;0;0;0;353464,082600000310000;5643068,657400000800000;6,915150187000052;50,920629704000078;0
81170;5200411406210274489;5;7;58;4;2020;4;14;7;2;0;1;0;1;0;0;0;0;0;472447,968899999750000;5782203,924799999200000;8,596956735000049;52,189608617000033;0
81176;5200411404302878192;5;7;66;8;2020;4;13;7;2;4;6;0;1;0;0;1;0;0;485499,753899999890000;5765043,269899999700000;8,788612902000068;52,035819589000027;0
81190;5200411314220175679;5;9;66;12;2020;4;13;7;3;0;2;0;1;0;0;0;0;0;427340,059600000270000;5667316,682700000700000;7,961084264000021;51,152679129000035;0
81192;5200411314130079319;5;9;66;28;2020;4;14;7;3;5;3;0;1;1;0;0;0;0;417041,000400000250000;5645252,932700000700000;7,818913689000056;50,952914577000058;0
81194;5200411313130673372;5;9;58;4;2020;4;15;7;3;0;1;0;1;0;0;0;0;0;435271,608599999920000;5696124,465900000200000;8,069254743000045;51,412638705000063;0
81203;5200415701910769205;5;5;62;8;2020;4;16;4;3;1;5;0;1;1;0;0;0;0;384915,201999999580000;5722743,749700000500000;7,336725144000070;51,643906481000045;0
81207;5200411300213463872;5;9;11;0;2020;4;18;7;3;1;6;0;1;1;0;0;0;0;370582,355600000360000;5702417,810900000900000;7,137168245000055;51,458124061000035;0
81208;5200415500100915205;5;1;11;0;2020;4;19;4;3;3;6;0;1;0;0;0;0;1;347085,142099999820000;5675271,507400000500000;6,810849600000040;51,208345253000061;0
81216;5200414502214781325;5;1;13;0;2020;4;15;3;3;4;2;0;1;1;0;0;0;0;363102,841300000440000;5698826,389699999200000;7,030963837000058;51,424090445000047;0
81219;5200415316300940200;5;9;74;16;2020;4;15;4;3;0;5;0;1;1;0;0;0;0;453696,833999999800000;5718013,256600000000000;8,331297118000066;51,611247256000070;0
81221;5200410706300376677;5;5;58;36;2020;4;11;6;3;8;1;0;1;0;1;0;0;0;385158,957399999720000;5729551,469300000000000;7,338007866000055;51,705141904000072;0
81224;5200410702100401206;5;5;15;0;2020;4;8;6;3;5;2;0;1;1;0;0;0;0;408979,301099999810000;5754137,261700000600000;7,676165235000042;51,930509850000078;0
81225;5200410701500800207;5;5;62;24;2020;4;16;6;2;0;1;0;1;0;0;0;0;0;366451,651600000450000;5724569,618899999200000;7,069333484000026;51,656233056000076;0
81239;5200415506100411662;5;1;16;0;2020;4;13;4;3;5;2;0;1;1;0;0;0;0;321108,366499999540000;5671455,198699999600000;6,441231852000044;51,166518378000035;0
81241;5200410608312896200;5;3;34;12;2020;4;17;6;2;0;1;0;1;0;1;0;0;0;308897,360600000250000;5638111,817900000100000;6,284339689000035;50,863069351000036;0
81243;5200412602300673659;5;3;62;36;2020;4;18;1;3;3;1;0;1;0;0;0;0;0;346858,904400000350000;5651483,290500000100000;6,817705223000075;50,994528847000026;0
81244;5200415600330638209;5;3;82;48;2020;4;13;4;2;0;1;0;1;0;0;0;0;0;355944,390700000340000;5610116,035599999100000;6,963321433000033;50,625104820000047;0
81245;5200412602100123209;5;3;62;8;2020;4;15;1;3;0;7;0;1;0;0;0;0;0;337580,113699999640000;5653143,601299999300000;6,684849816000053;51,006903308000062;0
81247;5200415300310207201;5;9;11;0;2020;4;14;4;3;5;3;0;1;1;0;0;0;0;379163,451600000260000;5706817,694900000500000;7,259115482000027;51,499565339000071;0
81250;5200410606000481777;5;3;78;16;2020;4;15;6;2;0;1;0;1;0;0;0;0;0;363496,629300000150000;5664842,701500000400000;7,049601684000038;51,118779758000073;0
81254;5200412601420959205;5;3;15;0;2020;4;10;1;3;1;5;0;1;1;0;0;0;0;356067,242999999780000;5649199,740000000200000;6,949737846000062;50,976383885000075;0
81260;5200412601310064206;5;3;15;0;2020;4;21;1;3;5;2;2;1;1;0;0;0;0;354191,851999999960000;5644842,441999999800000;6,924787849000040;50,936754552000082;0
81262;5200410602400977203;5;3;62;32;2020;4;12;6;3;1;3;0;1;1;0;0;0;0;333945,992600000460000;5638675,606000000600000;6,639689878000070;50,875871848000031;0
81263;5200410602250975205;5;3;62;16;2020;4;11;6;2;2;6;0;1;0;0;0;0;0;326767,799599999560000;5646629,022500000900000;6,533981844000039;50,945221005000064;0
81265;5200410601620570208;5;3;15;0;2020;4;14;6;3;6;4;0;1;0;1;0;0;0;364944,133999999610000;5639221,171000000100000;7,079804609000064;50,888851483000053;0
81266;5200415411224194203;5;7;74;24;2020;4;11;4;2;0;7;0;1;0;0;0;0;0;476291,924300000070000;5741891,211400000400000;8,655977124000060;51,827344470000071;0
81267;5200412601300976544;5;3;15;0;2020;4;16;1;3;0;3;0;1;1;0;0;0;0;348681,052000000140000;5648550,367499999700000;6,844872522000060;50,968655124000065;0
81268;5200410601420556200;5;3;15;0;2020;4;13;6;3;0;7;0;1;0;0;0;0;1;357964,844800000080000;5647116,824999999300000;6,977563585000041;50,958136015000036;0
81270;5200412601110045203;5;3;15;0;2020;4;19;1;3;5;2;0;1;1;0;0;0;0;357151,429800000040000;5646254,810000000500000;6,966327433000060;50,950188103000073;0
81271;5200410518200072018;5;1;70;24;2020;4;17;6;2;5;3;0;1;0;0;0;0;0;336055,173600000330000;5706800,779899999500000;6,638557882000043;51,488556520000031;0
81272;5200410516400412209;5;1;58;24;2020;4;14;6;3;0;1;0;1;0;0;0;0;0;360160,105200000110000;5680563,558499999300000;6,995838366000044;51,259254081000051;0
81276;5200415610112337202;5;3;70;8;2020;4;16;4;3;0;1;0;1;0;0;0;0;0;294053,435399999840000;5655144,441299999100000;6,064059947000033;51,010940836000032;0
81277;5200410515210569488;5;1;54;48;2020;4;19;6;3;5;3;0;1;1;0;0;0;0;325914,412499999630000;5701768,381799999600000;6,495115263000059;51,440319057000067;0
81280;5200410515210076795;5;1;54;12;2020;4;15;6;2;0;3;0;1;1;0;0;0;0;312343,383999999610000;5712191,758999999600000;6,294530793000035;51,529606672000057;0
81285;5200410513320881460;5;1;62;4;2020;4;12;6;3;3;3;0;1;1;0;0;0;0;346494,057199999690000;5663679,467800000700000;6,807339169000045;51,104024652000078;0
81286;5200414501314761209;5;1;12;0;2020;4;16;3;3;3;6;0;1;0;0;0;0;1;345250,492100000380000;5700849,144899999700000;6,773500331000037;51,437672336000048;0
81288;5200410513210381203;5;1;62;24;2020;4;14;6;3;0;7;0;1;0;0;0;0;0;341883,030000000260000;5672118,441199999300000;6,737825073000067;51,178597996000065;0
81291;5200410506100805208;5;1;16;0;2020;4;17;6;2;4;2;0;1;1;0;0;0;0;315424,944899999540000;5675268,173599999400000;6,358071886000062;51,198963556000081;0
81294;5200416601510305201;5;3;15;0;2020;4;16;5;3;5;2;0;1;1;0;0;0;0;360551,196000000460000;5648895,708000000600000;7,013684783000031;50,974754796000070;0
81296;5200417410230878205;5;7;70;4;2020;4;13;6;3;5;3;0;1;1;0;0;0;0;485177,144000000320000;5785051,767899999400000;8,783038004000048;52,215701488000036;0
81299;5200416601400076589;5;3;15;0;2020;4;11;5;3;0;1;0;1;0;0;1;0;0;351724,649100000040000;5655280,808199999900000;6,885439896000037;51,029928905000077;0
81302;5200416601220383201;5;3;15;0;2020;4;19;5;2;4;6;0;1;0;0;0;0;0;357584,582100000230000;5634603,486600000400000;6,977033640000059;50,845584435000035;0
81308;5200420501127667208;5;1;12;0;2020;4;10;2;3;3;2;0;1;1;0;0;0;0;346130,082100000230000;5704066,756999999300000;6,784746041000062;51,466822416000070;0
81312;5200419606400766058;5;3;78;28;2020;4;16;1;2;3;6;0;1;0;0;0;0;0;371361,368800000290000;5639976,956000000200000;7,170726391000073;50,897109307000051;0
81314;5200418502325871562;5;1;13;0;2020;4;15;7;3;0;7;0;1;0;0;0;0;0;361799,185600000430000;5705325,818800000500000;7,009685875000059;51,482180390000053;1
81315;5200420404302276131;5;7;66;8;2020;4;15;2;3;5;2;0;1;0;0;0;0;0;481978,079199999570000;5770424,031500000500000;8,736989870000059;52,084093507000034;0
81317;5200419705000218559;5;5;54;4;2020;4;15;1;3;0;1;0;1;0;0;0;0;0;365975,504900000060000;5772548,252299999800000;7,043830516000071;52,087253850000081;0
81323;5200417317140430201;5;9;78;28;2020;4;21;6;3;3;7;2;1;1;0;0;0;0;400965,132899999620000;5701913,083900000900000;7,574470080000026;51,459718648000035;0
81324;5200420410110772324;5;7;70;24;2020;4;15;2;3;5;2;0;1;1;0;0;0;0;491805,723699999970000;5793590,822799999300000;8,879852891000041;52,292610752000030;0
81326;5200420307300821206;5;9;62;16;2020;4;16;2;3;5;3;0;1;1;0;0;0;0;414292,966000000010000;5693509,346000000800000;7,768295204000026;51,386346174000039;0
81329;5200416600110666204;5;3;14;0;2020;4;3;5;2;9;1;2;1;1;0;1;0;0;366005,094700000250000;5622826,868899999200000;7,100867459000028;50,741749436000077;0
81331;5200417508213625208;5;1;19;0;2020;4;16;6;3;5;3;0;1;1;0;0;0;0;349233,944600000050000;5708288,319100000000000;6,827594666000039;51,505589747000045;0
81332;5200416518400576675;5;1;70;8;2020;4;14;5;3;5;3;0;1;1;0;0;0;0;341984,300999999980000;5715368,767999999200000;6,720042769000031;51,567224060000058;0
81337;5200416516100260486;5;1;58;32;2020;4;17;5;2;2;6;0;1;1;0;0;0;0;369654,223299999720000;5690428,191999999800000;7,128221829000040;51,350159666000081;0
81338;5200418608200044207;5;3;34;2;2020;4;12;7;3;5;3;0;1;1;0;0;0;0;299812,826899999750000;5627459,202899999900000;6,161220283000034;50,764317154000082;0
81340;5200418405108876343;5;7;54;8;2020;4;9;7;3;5;2;0;1;1;0;0;0;0;458594,248999999840000;5750191,024000000200000;8,398186928000030;51,900933934000079;0
81343;5200419501320510208;5;1;12;0;2020;4;16;1;2;0;7;0;1;0;0;0;0;0;337327,072999999860000;5691628,134999999800000;6,663825419000034;51,352607518000070;0
81344;5200416515212078833;5;1;54;64;2020;4;18;5;3;5;3;0;1;0;0;0;0;1;303445,602500000040000;5723425,049200000200000;6,160129989000041;51,627461561000075;0
81347;5200418601510095207;5;3;15;0;2020;4;13;7;2;0;1;0;1;0;0;0;0;0;359320,796600000000000;5647729,483200000600000;6,996621419000064;50,963974639000071;0
81353;5200418400100066297;5;7;11;0;2020;4;9;7;2;5;3;0;1;1;0;0;0;0;467639,883399999700000;5771333,063500000200000;8,527659365000034;52,091613631000030;0
81359;5200417407101480592;5;7;62;20;2020;4;13;6;3;0;1;0;1;0;0;0;0;0;526013,214900000020000;5736628,529899999500000;9,377076545000023;51,779924768000058;0
81364;5200416513130467486;5;1;62;22;2020;4;14;5;2;5;3;0;1;1;0;0;0;0;340587,074199999680000;5685173,182499999200000;6,713489573000061;51,295534809000060;0
81368;5200418709000061948;5;5;66;76;2020;4;14;7;2;5;3;0;1;1;0;0;0;0;397356,320799999870000;5787506,492300000000000;7,497134824000057;52,228402592000066;0
81372;5200416508107562203;5;1;19;0;2020;4;15;5;3;5;2;0;1;1;0;0;0;0;351647,913700000380000;5703956,580499999200000;6,864171651000049;51,467305779000071;0
81376;5200418501114420207;5;1;12;0;2020;4;16;7;2;4;2;0;1;1;0;0;0;0;346647,492800000120000;5706657,077099999400000;6,791064684000048;51,490237078000064;1
81377;5200420404301021551;5;7;66;44;2020;4;13;2;2;0;1;0;1;0;0;0;0;0;488851,772800000380000;5763173,842599999200000;8,837539885000069;52,019089321000081;0
81379;5200419609108305960;5;3;58;8;2020;4;19;1;3;8;1;0;1;0;0;0;0;0;320201,455799999650000;5630576,311699999500000;6,448496243000022;50,798997262000057;0
81381;5200417600110068203;5;3;14;0;2020;4;23;6;2;0;1;2;1;0;0;0;0;0;366996,020700000230000;5622484,320900000600000;7,115027526000063;50,738898427000038;0
81383;5200416506100477208;5;1;16;0;2020;4;16;5;3;1;5;0;1;1;0;0;0;0;322097,384899999950000;5669351,970100000500000;6,456403034000061;51,147932699000080;0
81384;5200418701610481206;5;5;62;12;2020;4;15;7;3;0;1;0;1;0;0;0;0;0;359052,337100000120000;5726981,675699999600000;6,961461990000032;51,676100678000068;1
81387;5200420307000966128;5;9;62;32;2020;4;12;2;2;5;2;0;1;1;0;0;0;0;403584,893000000160000;5674117,628000000500000;7,619692588000021;51,210307715000056;0
81389;5200420500200881998;5;1;11;0;2020;4;13;2;2;0;1;0;1;0;0;0;0;0;346757,796099999920000;5677819,168999999800000;6,805078067000068;51,231149685000048;0
81391;5200420313122081972;5;9;58;8;2020;4;14;2;3;5;2;0;1;1;0;0;0;0;458764,987499999810000;5690476,569399999500000;8,407702796000024;51,364051715000073;0
81392;5200417705000721161;5;5;54;20;2020;4;17;6;2;5;3;0;1;1;0;0;0;0;361826,769999999550000;5781204,092000000200000;6,979801943000041;52,164008098000068;0
81394;5200416506100475200;5;1;16;0;2020;4;15;5;3;5;3;0;1;1;0;0;0;0;322032,616100000220000;5676342,860899999700000;6,452016192000031;51,210714083000028;0
81395;5200417515210645204;5;1;54;12;2020;4;19;6;3;5;2;1;1;1;0;0;0;0;313376,895999999720000;5711160,203999999900000;6,309959744000025;51,520683971000039;0
81402;5200417608200964204;5;3;34;2;2020;4;16;6;3;5;3;0;1;1;0;0;0;0;297740,421799999660000;5631062,259299999100000;6,129889548000051;50,795959605000064;0
81405;5200416607400937202;5;3;82;44;2020;4;9;5;3;7;2;0;1;1;0;0;0;0;361321,777599999680000;5633040,205199999700000;7,030677037000032;50,832442454000045;0
81407;5200417701200274208;5;5;62;20;2020;4;10;6;3;0;1;0;1;0;0;0;0;0;371554,855600000360000;5719459,721799999500000;7,144941262000032;51,611500747000036;0
81410;5200416607111332320;5;3;82;20;2020;4;17;5;3;1;5;0;1;1;0;0;0;0;384695,693300000390000;5621419,771400000900000;7,366088479000041;50,733113317000061;0
81411;5200417505100679394;5;1;14;0;2020;4;16;6;3;5;3;0;1;0;0;0;0;1;330142,015499999750000;5688300,104000000300000;6,562324936000039;51,320606885000075;0
81418;5200419410230874603;5;7;70;4;2020;4;16;1;3;8;1;0;1;0;0;0;0;0;486046,099899999800000;5789544,335500000000000;8,795571336000023;52,256114789000037;0
81419;5200416502103077707;5;1;13;0;2020;4;7;5;3;3;2;0;1;1;0;0;0;0;362920,614000000060000;5703932,063999999300000;7,026366700000040;51,469928418000052;0
81423;5200418502403494209;5;1;17;0;2020;4;21;7;2;5;3;2;1;1;0;0;0;0;351507,937900000250000;5701815,009400000800000;6,863057093000066;51,448025915000073;0
81425;5200416705000362116;5;5;54;32;2020;4;16;5;3;5;3;0;1;0;0;0;0;0;322269,803500000390000;5745170,686799999300000;6,420695908000027;51,829047750000029;0
81426;5200418601400453760;5;3;15;0;2020;4;14;7;3;0;1;0;1;0;0;0;0;0;355750,529000000100000;5650496,745100000900000;6,944714708000049;50,987960484000041;0
81427;5200416706300573206;5;5;58;44;2020;4;18;5;3;5;3;0;1;1;0;0;0;0;398883,938900000420000;5742524,642400000200000;7,532786534000024;51,824391009000067;0
81432;5200417601620842208;5;3;15;0;2020;4;16;6;2;0;1;0;1;0;0;0;0;0;363778,851099999620000;5643539,867799999200000;7,061635058000036;50,927392133000069;0
81436;5200417405108606528;5;7;54;8;2020;4;15;6;3;0;3;0;1;1;0;0;0;0;462728,591900000350000;5752408,657600000500000;8,458034630000043;51,921163911000065;0
81438;5200416702100069209;5;5;15;0;2020;4;15;5;3;5;3;0;1;0;0;0;0;0;410233,605200000110000;5751951,281199999200000;7,694973065000056;51,911064336000038;0
81445;5200419307000073240;5;9;62;20;2020;4;17;1;3;0;1;0;1;0;0;0;0;0;416579,564100000080000;5671877,592299999700000;7,806202187000054;51,192215484000030;0
81447;5200419706000651312;5;5;58;28;2020;4;14;1;3;0;1;0;1;0;1;0;0;0;404887,138700000010000;5731625,338700000200000;7,622851983000032;51,727474707000056;0
81449;5200417600330722873;5;3;82;48;2020;4;5;6;3;0;7;1;1;0;0;0;0;0;357065,974399999720000;5603988,282700000300000;6,981525783000052;50,570307473000071;0
81460;5200416405228368068;5;7;54;28;2020;4;17;5;3;5;3;0;1;1;0;0;0;0;450865,599799999970000;5745253,437899999300000;8,286566308000033;51,855914859000052;0
81461;5200416605120308200;5;3;74;20;2020;4;9;5;3;0;3;0;1;1;0;0;0;0;385015,322200000290000;5653066,124700000500000;7,360663633000058;51,017646734000039;0
81462;5200417508224323206;5;1;19;0;2020;4;10;6;3;5;2;0;1;1;0;0;0;0;352878,760999999940000;5711343,027000000700000;6,878798776000053;51,533998516000054;0
81464;5200418606300074237;5;3;78;20;2020;4;15;7;3;0;1;0;1;0;0;0;0;0;368558,750900000330000;5656760,911800000800000;7,124828195000021;51,047328008000079;0
81474;5200416317140342208;5;9;78;28;2020;4;16;5;3;5;2;0;1;1;0;0;0;0;397409,172199999910000;5697254,214600000500000;7,524652794000076;51,417207496000060;0
81476;5200417502226287201;5;1;13;0;2020;4;11;6;3;0;1;0;1;0;0;0;0;0;361369,123999999840000;5696551,732999999100000;7,006932724000023;51,403228038000066;0
81480;5200416701610946200;5;5;62;12;2020;4;9;5;3;2;2;0;1;1;0;0;0;0;361671,078200000340000;5732155,680700000400000;6,997259687000053;51,723244915000066;0
81491;5200418516210573203;5;1;58;12;2020;4;18;7;3;0;1;0;1;0;0;0;0;0;357006,104700000030000;5687993,302200000700000;6,947690936000072;51,325237527000070;1
81497;5200417601210829209;5;3;15;0;2020;4;14;6;3;3;1;0;1;1;0;0;0;0;353014,418800000100000;5644811,976900000100000;6,908054234000076;50,936181873000066;0
81498;5200419317210777814;5;9;78;20;2020;4;12;1;3;0;1;0;1;0;0;0;0;0;403735,797799999830000;5716340,527100000500000;7,610396232000028;51,589885651000031;0
81509;5200420503400081629;5;1;22;0;2020;4;16;2;3;3;6;0;1;1;0;0;0;0;361117,585500000040000;5670600,622800000000000;7,013410111000042;51,169953745000043;0
81512;5200417711411253165;5;5;70;28;2020;4;13;6;3;2;6;0;1;0;0;0;0;0;441817,835599999870000;5740752,406300000800000;8,155963493000058;51,814579572000071;0
81513;5200419701110606207;5;5;62;32;2020;4;17;1;2;0;1;0;1;0;0;0;0;0;377437,816300000060000;5718525,966700000700000;7,230187179000041;51,604420307000055;0
81515;5200417600130028209;5;3;82;8;2020;4;14;6;3;1;7;0;1;1;0;0;0;0;374573,760999999940000;5611774,107999999100000;7,226000568000075;50,644314210000061;0
81522;5200417702100587529;5;5;15;0;2020;4;16;6;3;4;6;0;1;0;0;0;0;0;407694,539900000210000;5758509,091199999700000;7,656310619000067;51,969594732000076;0
81526;5200419606220404201;5;3;78;8;2020;4;13;1;3;4;7;0;1;1;0;0;0;0;368386,218799999920000;5659021,328199999400000;7,121546103000071;51,067604166000081;0
81534;5200418404301343049;5;7;66;24;2020;4;16;7;3;3;2;0;1;1;0;0;0;0;500389,595999999900000;5764561,625000000000000;9,005679070000042;52,031678633000070;0
81537;5200419501318772343;5;1;12;0;2020;4;14;1;3;3;2;0;1;1;0;0;0;0;343832,109899999570000;5698770,815800000000000;6,754025907000028;51,418609504000074;0
81538;5200416302223475742;5;9;14;0;2020;4;15;5;3;5;3;0;1;1;0;0;0;0;396286,473199999890000;5691166,037399999800000;7,510291790000053;51,362277480000046;0
81540;5200417501128138204;5;1;12;0;2020;4;7;6;3;5;2;0;1;0;0;0;1;0;343287,779099999930000;5701747,571399999800000;6,744886919000066;51,445205047000059;0
81547;5200418317140429201;5;9;78;28;2020;4;12;7;2;8;1;0;1;0;0;0;0;0;401211,778900000270000;5700807,732200000400000;7,578327914000056;51,449825714000042;0
81550;5200419411232270369;5;7;74;32;2020;4;17;1;2;0;1;0;1;0;0;0;0;0;480272,637600000020000;5733166,828500000800000;8,714235673000076;51,749056808000034;0
81554;5200418513130119207;5;1;62;22;2020;4;17;7;3;5;3;0;1;1;0;0;0;0;340607,434799999930000;5687650,337600000200000;6,712674629000048;51,317797395000071;0
81560;5200418307000477916;5;9;62;8;2020;4;19;7;3;5;2;0;1;1;0;0;0;0;420871,444000000130000;5687201,177999999400000;7,864217926000038;51,330590072000064;1
81574;5200417516500530193;5;1;58;16;2020;4;7;6;3;5;3;0;1;1;0;0;0;0;355977,236100000330000;5668184,066700000300000;6,940899293000030;51,146966192000036;0
81578;5200417313231913703;5;9;58;48;2020;4;12;6;3;7;7;0;1;0;0;0;0;1;463900,489699999800000;5668039,580499999200000;8,483730527000034;51,162654126000064;0
81586;5200420313110873345;5;9;58;4;2020;4;14;2;3;0;1;0;1;0;0;0;0;0;425067,493200000380000;5702961,515499999700000;7,921105786000055;51,472848502000033;0
81589;5200415711161669095;5;5;70;24;2020;4;13;4;3;7;7;0;1;0;0;0;0;0;420791,902800000270000;5752926,029100000900000;7,848210020000067;51,921428241000058;0
81592;5200418606400872570;5;3;78;24;2020;4;12;7;2;0;1;0;1;0;0;0;0;0;379381,024199999870000;5643408,699599999900000;7,283576886000049;50,929686719000074;0