OBJECTID;UIDENTSTLAE;ULAND;UREGBEZ;UKREIS;UGEMEINDE;UJAHR;UMONAT;USTUNDE;UWOCHENTAG;UKATEGORIE;UART;UTYP1;ULICHTVERH;IstRad;IstPKW;IstFuss;IstKrad;IstGkfz;IstSonstige;LINREFX;LINREFY;XGCSWGS84;YGCSWGS84;STRZUSTAND
81594;5200418400300579076;5;7;11;0;2020;4;17;7;3;3;6;0;1;0;1;0;0;0;470713,971099999730000;5754197,987600000600000;8,573994185000061;51,937728771000081;1
81600;5200419506100669209;5;1;16;0;2020;4;18;1;2;5;3;0;1;0;0;0;0;0;322640,053000000310000;5674835,500000000000000;6,461448709000024;51,197361886000067;0
81601;5200415709700542411;5;5;66;28;2020;4;14;4;2;5;3;0;1;1;0;0;0;0;411963,740399999540000;5792233,809599999300000;7,709714505000022;52,273422148000066;0
81611;5200419410220813973;5;7;70;8;2020;4;10;1;2;5;3;0;1;1;0;0;0;0;475579,581500000320000;5804812,679500000600000;8,641127471000061;52,393016500000044;0
81612;5200415709100272380;5;5;66;8;2020;4;12;4;2;3;2;0;1;0;0;0;1;0;398631,298399999740000;5781233,470200000300000;7,517673012000046;52,172259119000046;0
81614;5200421503100165520;5;1;24;0;2020;4;13;3;3;3;6;0;1;1;0;0;0;0;370081,184600000270000;5674907,166500000300000;7,139993620000041;51,210765181000056;0
81619;5200423405244678039;5;7;54;44;2020;4;15;5;2;0;7;0;1;0;0;0;0;0;463274,298999999650000;5750341,082000000400000;8,466189866000036;51,902611217000072;0
81622;5200421502339892209;5;1;13;0;2020;4;1;3;3;0;7;2;1;0;0;0;0;0;364620,513700000010000;5707622,302799999700000;7,049411083000052;51,503500137000060;0
81624;5200421501318046208;5;1;12;0;2020;4;17;3;3;5;2;0;1;1;0;0;0;0;344689,372999999670000;5699319,632999999400000;6,766104289000055;51,423776134000036;0
81625;5200423609132473747;5;3;58;32;2020;4;16;5;3;0;3;0;1;1;0;0;0;0;314206,666400000450000;5632655,604499999400000;6,362467136000021;50,815785388000052;0
81629;5200423514210035822;5;1;66;12;2020;4;18;5;2;5;3;0;1;1;0;0;0;0;320915,456000000240000;5690675,710000000900000;6,428857630000039;51,339117438000073;0
81630;5200422608328116207;5;3;34;28;2020;4;17;4;3;5;3;0;1;1;0;0;0;0;309085,677000000140000;5609844,302999999400000;6,301652997000076;50,609208055000067;0
81632;5200423316300377156;5;9;74;20;2020;4;11;5;3;0;1;0;1;0;0;0;0;0;460389,672100000080000;5723866,819700000800000;8,427285819000076;51,664387751000049;0
81634;5200422608200680752;5;3;34;2;2020;4;10;4;3;5;3;0;1;1;0;0;0;0;297780,756000000050000;5626925,120300000500000;6,132735961000037;50,758815691000052;0
81635;5200422608100075510;5;3;34;2;2020;4;7;4;3;5;2;0;1;1;0;0;0;0;292158,252600000240000;5628288,558900000500000;6,052355667000029;50,769074652000029;0
81641;5200422607400036846;5;3;82;44;2020;4;9;4;3;4;3;0;1;0;0;0;0;0;363605,620299999600000;5627263,983100000800000;7,065235401000052;50,781070419000059;0
81646;5200422606220481724;5;3;78;8;2020;4;9;4;3;5;3;0;1;1;0;0;0;0;367264,423499999570000;5661072,024800000700000;7,104791618000036;51,085776403000068;0
81654;5200422605112578619;5;3;74;12;2020;4;18;4;3;0;3;0;1;1;0;0;0;0;399848,165400000290000;5652295,790500000100000;7,572272687000066;51,013496735000047;0
81656;5200423602900188203;5;3;62;40;2020;4;6;5;3;1;3;0;1;1;0;0;0;0;354769,072100000460000;5633116,154999999300000;6,937657101000070;50,831517998000038;0
81658;5200421406110082059;5;7;58;12;2020;4;18;3;3;8;1;0;1;0;0;0;0;0;473550,126799999740000;5774772,484200000800000;8,613658037000050;52,122850116000052;0
81659;5200422602900163206;5;3;62;40;2020;4;17;4;3;0;1;0;1;1;0;0;0;0;355770,339700000360000;5633223,131999999300000;6,951823712000021;50,832729756000049;0
81662;5200424411216553230;5;7;74;16;2020;4;22;6;2;0;7;2;1;0;0;0;0;0;466447,291000000200000;5716138,466199999700000;8,515608128000054;51,595294932000058;0
81663;5200422601610433207;5;3;15;0;2020;4;18;4;3;0;3;0;1;1;0;0;0;0;358849,254499999810000;5642379,001700000800000;6,991983696000034;50,915774206000037;0
81665;5200422601420414204;5;3;15;0;2020;4;15;4;3;0;7;0;1;0;0;0;0;0;354787,935499999670000;5652584,619500000000000;6,930174169000054;51,006481425000061;0
81667;5200423600130991201;5;3;82;8;2020;4;19;5;2;5;3;0;1;1;0;0;0;0;379947,146999999880000;5612462,926999999200000;7,301740850000044;50,651638022000043;0
81672;5200422601210291201;5;3;15;0;2020;4;14;4;2;8;1;0;1;0;0;0;0;0;353005,568199999630000;5640632,023900000400000;6,909612701000071;50,898615915000050;0
81673;5200424404301621339;5;7;66;24;2020;4;22;6;2;0;7;2;1;0;0;0;0;0;500166,294999999930000;5765565,018200000700000;9,002424540000050;52,040700155000081;0
81676;5200423500200728205;5;1;11;0;2020;4;19;5;3;3;6;0;1;1;0;0;0;0;347093,049800000150000;5677643,285299999600000;6,809951269000067;51,229659193000032;0
81677;5200422600140497714;5;3;14;0;2020;4;16;4;3;5;3;0;1;0;0;0;0;0;369892,879300000150000;5623834,757600000100000;7,155582761000062;50,751692723000076;0
81679;5200422600110792206;5;3;14;0;2020;4;20;4;3;0;2;0;1;1;0;0;0;0;363629,136599999850000;5621199,907500000700000;7,067814773000066;50,726573511000026;0
81681;5200422516800183209;5;1;58;20;2020;4;2;4;3;0;7;2;1;0;0;0;0;0;357375,193799999540000;5664622,752200000000000;6,962281873000052;51,115312120000056;0
81682;5200421404102072223;5;7;66;40;2020;4;18;3;3;5;2;0;1;1;0;0;0;0;485926,173000000420000;5759242,472400000300000;8,795067649000032;51,983676268000067;0
81687;5200423404101376155;5;7;66;20;2020;4;16;5;3;0;2;0;1;1;0;0;0;0;490596,777999999930000;5753937,384999999800000;8,863222417000031;51,936076954000043;0
81690;5200422516200758563;5;1;58;12;2020;4;16;4;3;5;3;0;1;1;0;0;0;0;357591,026600000450000;5687780,358599999900000;6,956165328000054;51,323470709000048;0
81692;5200423608332279202;5;3;34;32;2020;4;10;5;3;5;3;0;1;1;0;0;0;0;303784,009600000460000;5629801,061799999300000;6,216213164000067;50,786708653000062;0
81700;5200421310230360806;5;9;54;12;2020;4;12;3;3;0;1;0;1;0;0;0;0;0;384346,698300000280000;5685733,539300000300000;7,340630249000071;51,311143536000031;0
81704;5200422513130605200;5;1;62;22;2020;4;20;4;3;5;3;0;1;1;0;0;0;0;338278,957100000230000;5686487,641400000100000;6,679816780000067;51,306693916000029;0
81705;5200423317110928202;5;9;78;36;2020;4;16;5;3;5;3;0;1;1;0;0;0;0;412825,752000000330000;5713286,816999999800000;7,742334718000052;51,563914368000042;0
81707;5200422513130550208;5;1;62;22;2020;4;10;4;3;0;1;0;1;0;0;0;0;0;335924,889299999920000;5683886,254000000700000;6,647269279000057;51,282648158000029;0
81714;5200422506100083208;5;1;16;0;2020;4;18;4;3;5;3;0;1;1;0;0;0;0;319657,548999999650000;5677455,537000000500000;6,417489332000059;51,219964304000030;0
81716;5200422506100080201;5;1;16;0;2020;4;17;4;3;5;3;0;1;0;0;0;0;0;316342,405199999920000;5671275,451899999800000;6,373229710000032;51,163393542000051;0
81719;5200423316200019156;5;9;74;48;2020;4;11;5;3;5;3;0;1;1;0;0;0;0;426230,170599999840000;5719973,540500000100000;7,934275350000064;51,625941109000053;0
81723;5200423601700912206;5;3;16;0;2020;4;15;5;3;3;2;0;1;1;0;0;0;0;359831,796799999660000;5659601,520600000400000;6,999305743000036;51,070793171000048;0
81727;5200423501112555200;5;1;12;0;2020;4;16;5;3;4;2;0;1;1;0;0;0;0;344800,786500000390000;5708425,441500000700000;6,763708033000057;51,505621789000031;0
81732;5200422501323082364;5;1;12;0;2020;4;15;4;3;5;2;0;1;1;0;0;0;0;343938,288200000300000;5693951,615599999200000;6,757670784000027;51,375338287000034;0
81740;5200423601420737209;5;3;15;0;2020;4;11;5;3;4;2;0;1;1;0;0;0;0;356574,619900000280000;5647115,761299999400000;6,957781996000051;50,957782111000029;0
81750;5200422406110378113;5;7;58;12;2020;4;7;4;2;5;3;0;1;1;0;0;0;0;482350,370199999770000;5775856,342700000900000;8,742141418000074;52,132945789000075;0
81751;5200420709500370605;5;5;66;76;2020;4;8;2;3;5;3;0;1;1;0;0;0;0;394383,870000000110000;5793700,971000000800000;7,451692657000024;52,283512095000049;0
81757;5200423317240538803;5;9;78;40;2020;4;12;5;2;5;3;0;1;1;0;0;0;0;405979,978500000200000;5724950,036800000800000;7,640470010000058;51,667655513000057;0
81760;5200422400200803820;5;7;11;0;2020;4;12;4;3;5;3;0;1;1;0;0;0;0;467321,361999999730000;5763075,369200000500000;8,523800263000055;52,017353587000059;0
81763;5200424317120016208;5;9;78;16;2020;4;12;6;3;4;6;0;1;0;0;0;0;0;405364,040799999610000;5706779,250099999800000;7,636465145000045;51,504214216000037;0
81764;5200420709110009177;5;5;66;8;2020;4;14;2;3;0;1;0;1;1;0;0;0;0;399088,405100000090000;5781312,501199999800000;7,524331426000060;52,173053209000045;0
81768;5200422400100703550;5;7;11;0;2020;4;14;4;2;5;3;0;1;1;0;0;0;0;462508,089200000280000;5766667,090900000200000;8,453269775000024;52,049340586000028;0
81770;5200422317220793200;5;9;78;4;2020;4;15;4;3;5;3;0;1;1;0;0;0;0;402483,252299999820000;5720672,611300000900000;7,591116089000025;51,628610662000028;0
81774;5200422317140913821;5;9;78;28;2020;4;12;4;3;3;6;0;1;1;0;0;0;0;401424,475399999880000;5700442,960200000600000;7,581489468000029;51,446583830000066;0
81775;5200423317110829209;5;9;78;36;2020;4;8;5;3;4;2;0;1;1;0;0;0;0;408632,608199999670000;5711144,017599999900000;7,682413664000023;51,543988389000049;0
81776;5200424300220876204;5;9;11;0;2020;4;7;6;3;6;4;0;1;0;1;0;0;0;370986,360299999830000;5701000,591600000900000;7,143497017000072;51,445479623000040;0
81778;5200420705000565798;5;5;54;20;2020;4;8;2;3;4;2;0;1;1;0;0;0;0;363164,753600000400000;5786746,747300000900000;6,997113803000048;52,214143124000032;0
81780;5200422317140796207;5;9;78;28;2020;4;16;4;3;0;7;0;1;0;1;0;0;0;400308,033800000320000;5699459,958599999500000;7,565706024000065;51,437552188000041;0
81781;5200422317110418613;5;9;78;36;2020;4;9;4;3;7;1;0;1;0;0;0;0;0;406578,017199999650000;5707613,942199999500000;7,653729994000059;51,511919447000082;0
81785;5200420702100785206;5;5;15;0;2020;4;16;2;3;0;6;0;1;0;0;0;0;1;398715,575600000100000;5753689,182399999400000;7,527068732000032;51,924709455000027;0
81787;5200423506100167204;5;1;16;0;2020;4;10;5;2;5;2;0;1;1;0;0;0;0;318364,457799999970000;5667972,505999999100000;6,403784544000075;51,134368635000044;0
81792;5200423711212002816;5;5;70;4;2020;4;13;5;3;3;2;0;1;1;0;0;0;0;427203,855999999680000;5740187,198000000800000;7,944115252000074;51,807786110000052;0
81793;5200422315110176516;5;9;70;40;2020;4;21;4;3;7;7;2;1;0;0;0;0;0;432346,235000000340000;5639523,309000000400000;8,037840956000025;50,903397695000081;0
81794;5200420701920255641;5;5;62;28;2020;4;11;2;3;1;5;0;1;1;0;0;0;0;379942,610999999570000;5722367,037100000300000;7,265022276000025;51,639481192000062;0
81795;5200423601520662205;5;3;15;0;2020;4;7;5;2;0;6;0;1;0;0;0;0;0;357481,607699999590000;5644840,317600000600000;6,971578342000043;50,937557871000081;0
81797;5200422313110875323;5;9;58;4;2020;4;17;4;3;3;6;0;1;1;0;0;0;0;424546,915699999780000;5704346,018799999700000;7,913316064000071;51,485226192000027;0
81802;5200424410110482043;5;7;70;24;2020;4;6;6;3;5;3;1;1;1;0;0;0;0;488350,635999999940000;5791904,024000000200000;8,829251799000076;52,277383220000047;0
81809;5200422303200069762;5;9;15;0;2020;4;7;4;2;5;3;0;1;1;0;0;0;0;415767,859400000420000;5727135,504300000100000;7,781439088000070;51,688854325000079;0
81810;5200423709100680202;5;5;66;12;2020;4;10;5;3;5;3;0;1;0;0;0;0;1;403400,162800000050000;5772994,779600000000000;7,589725998000063;52,099065072000030;0
81813;5200423601210031204;5;3;15;0;2020;4;19;5;2;3;6;0;1;0;0;0;0;0;354323,411000000310000;5642492,882999999400000;6,927597708000064;50,915672963000077;0
81816;5200423302100575675;5;9;14;0;2020;4;17;5;3;0;7;0;1;0;0;0;0;0;393847,824599999930000;5691806,571599999400000;7,475085738000075;51,367584559000079;0
81817;5200422301403164204;5;9;13;0;2020;4;18;4;3;0;1;0;1;0;0;0;0;0;399211,657599999570000;5709059,677200000700000;7,547197968000035;51,523648801000036;0
81831;5200422300120552200;5;9;11;0;2020;4;15;4;3;3;2;0;1;1;0;0;0;0;375663,928899999710000;5705679,333499999700000;7,209125268000037;51,488575552000043;0
81833;5200422300120457203;5;9;11;0;2020;4;10;4;3;0;1;0;1;0;0;0;0;0;378124,672700000000000;5705986,989099999900000;7,244444296000040;51,491876340000033;0
81834;5200424316300207205;5;9;74;4;2020;4;11;6;3;5;3;0;1;1;0;0;0;0;453396,184999999590000;5712725,174000000600000;8,327657693000049;51,563677440000049;0
81844;5200423301201499208;5;9;13;0;2020;4;15;5;3;5;3;0;1;1;0;0;0;0;393975,225399999880000;5709542,520099999400000;7,471600865000028;51,527030024000055;0
81851;5200421711121376747;5;5;70;36;2020;4;15;3;2;5;3;0;1;1;0;0;0;0;433750,790300000460000;5760720,740499999400000;8,035114461000035;51,993193592000068;0
81859;5200421709100379238;5;5;66;8;2020;4;17;3;2;0;3;0;1;1;0;0;0;0;399309,722500000150000;5781222,222899999500000;7,527593469000067;52,172282243000041;0
81862;5200421706100036202;5;5;58;16;2020;4;18;3;2;4;2;0;1;1;0;0;0;0;381201,934899999760000;5743183,873700000300000;7,276107049000075;51,826836003000039;0
81864;5200421705000976754;5;5;54;8;2020;4;10;3;2;5;3;0;1;1;0;0;0;0;335760,951000000350000;5746338,345000000700000;6,615741109000055;51,843666396000060;0
81865;5200420606500072757;5;3;78;28;2020;4;15;2;2;5;3;0;1;1;0;0;0;0;371715,970999999900000;5643875,782299999100000;7,174395256000025;50,932231100000081;0
81868;5200420602600851208;5;3;62;20;2020;4;14;2;2;5;3;0;1;1;0;0;0;0;345183,583999999800000;5629790,767999999200000;6,803045641000040;50,799151273000064;0
81869;5200423602500250200;5;3;62;24;2020;4;12;5;3;5;2;0;1;1;0;0;0;0;345418,529099999930000;5641994,854499999400000;6,801224248000040;50,908881301000065;0
81870;5200421705000278089;5;5;54;8;2020;4;13;3;2;0;7;0;1;0;0;0;0;0;331640,801500000060000;5745976,979199999900000;6,556162769000025;51,839193249000061;0
81871;5200420601700072639;5;3;16;0;2020;4;11;2;3;5;2;0;1;1;0;0;0;0;360846,456500000320000;5657309,393899999600000;7,014660725000056;51,050440733000073;0
81875;5200424411133055604;5;7;74;32;2020;4;18;6;3;5;2;0;1;1;0;0;0;0;485425,312400000170000;5734940,136099999800000;8,788800679000076;51,765158858000063;0
81888;5200422705000076754;5;5;54;8;2020;4;11;4;3;0;3;0;1;1;0;0;0;0;334864,760200000370000;5745870,370799999700000;6,602966761000062;51,839198124000063;0
81889;5200421608200269732;5;3;34;2;2020;4;8;3;2;0;1;0;1;0;0;0;0;0;296925,923999999650000;5628103,781999999700000;6,119981279000058;50,769103387000030;0
81891;5200423500200502248;5;1;11;0;2020;4;14;5;3;5;7;0;1;0;0;0;0;1;347863,887699999850000;5678383,599400000600000;6,820668832000024;51,236517380000066;0
81902;5200423400100603237;5;7;11;0;2020;4;18;5;3;5;3;0;1;1;0;0;0;0;466839,225499999710000;5770080,231200000300000;8,516094948000045;52,080302634000077;0
81903;5200424314220438785;5;9;66;12;2020;4;17;6;3;0;6;0;1;0;0;0;1;0;428843,142400000240000;5668826,063999999300000;7,982273596000027;51,166438616000050;0
81904;5200421605112081843;5;3;74;12;2020;4;16;3;2;2;1;0;1;0;0;0;0;1;397538,065000000410000;5648797,987199999400000;7,540339124000070;50,981645989000071;0
81909;5200421605104740030;5;3;74;4;2020;4;17;3;3;5;3;0;1;1;0;0;0;0;404743,292000000370000;5652771,544999999900000;7,641909329000043;51,018605447000027;0
81910;5200420601210017200;5;3;15;0;2020;4;15;2;3;0;1;0;1;0;0;0;0;0;353008,923100000250000;5641342,712099999200000;6,909374261000039;50,905003483000030;0
81912;5200421602500011201;5;3;62;24;2020;4;15;3;3;5;2;0;1;1;0;0;0;0;346614,084400000050000;5642140,009199999300000;6,818155658000023;50,910504590000073;0
81920;5200421601610517200;5;3;15;0;2020;4;12;3;3;5;3;0;1;1;0;0;0;0;365883,033699999560000;5644077,806299999400000;7,091360794000025;50,932719970000051;0
81921;5200420600110447200;5;3;14;0;2020;4;16;2;3;5;3;0;1;1;0;0;0;0;363069,235799999910000;5625120,100199999300000;7,058429501000035;50,761675461000038;0
81923;5200421601220850202;5;3;15;0;2020;4;8;3;3;1;6;0;1;0;0;0;0;0;358061,307300000450000;5641006,234899999600000;6,981315650000056;50,903243823000082;0
81925;5200421601220767209;5;3;15;0;2020;4;18;3;3;0;7;0;1;0;0;0;0;0;359203,748999999840000;5637019,257200000800000;6,999089140000024;50,867691849000039;0
81929;5200420516900378617;5;1;58;26;2020;4;17;2;3;1;6;0;1;1;0;0;0;0;352120,856300000100000;5664843,289200000500000;6,887175055000057;51,115962098000068;0
81931;5200423513120365652;5;1;62;20;2020;4;15;5;3;4;2;0;1;1;0;0;0;0;331762,158699999560000;5669492,227199999600000;6,594387198000050;51,152115091000042;0
81932;5200421518210675888;5;1;70;28;2020;4;17;3;3;5;2;0;1;1;0;0;0;0;327746,581000000240000;5701327,505999999100000;6,521665819000020;51,436918558000059;0
81939;5200421516400154205;5;1;58;24;2020;4;17;3;3;5;3;0;1;1;0;0;0;0;356912,739000000060000;5676993,672100000100000;6,950755850000064;51,226368018000073;0
81942;5200423500300718204;5;1;11;0;2020;4;18;5;3;5;3;0;1;1;0;0;0;0;343317,583899999970000;5675251,055299999200000;6,756965430000037;51,207140412000058;0
81949;5200421508000771486;5;1;19;0;2020;4;14;3;3;5;2;0;1;0;0;0;0;1;351666,985999999570000;5705486,732599999800000;6,863803651000069;51,481059982000033;0
81950;5200423709500042530;5;5;66;76;2020;4;18;5;3;0;3;0;1;1;0;0;0;0;394435,866899999790000;5793734,507200000800000;7,452444115000048;52,283823483000049;0
81951;5200421506100953200;5;1;16;0;2020;4;22;3;3;5;3;2;1;1;0;0;0;0;322030,650999999610000;5667607,768999999400000;6,456311671000037;51,132243080000080;0
81954;5200422701930515200;5;5;62;36;2020;4;15;4;3;5;3;0;1;1;0;0;0;0;386632,155899999660000;5719790,876299999700000;7,362484712000025;51,617715268000040;0
81957;5200421506100930201;5;1;16;0;2020;4;12;3;3;5;3;0;1;1;0;0;0;0;317924,599000000390000;5676190,510999999900000;6,393342984000071;51,208050781000054;0
81959;5200421506100769470;5;1;16;0;2020;4;15;3;2;5;3;0;1;1;0;0;0;0;314570,148400000300000;5675681,321000000500000;6,345637320000037;51,202397911000048;0
81961;5200423300220827208;5;9;11;0;2020;4;18;5;3;5;2;0;1;1;0;0;0;0;375884,515800000170000;5700433,422299999700000;7,214142706000075;51,441476882000075;0
81967;5200423314310962953;5;9;66;20;2020;4;17;5;2;8;1;0;1;0;0;0;0;0;433344,594700000250000;5663827,855499999600000;8,047571437000045;51,122041907000039;0
81969;5200429301201127203;5;9;13;0;2020;4;14;4;3;0;5;0;1;1;0;0;0;1;393772,769299999810000;5709360,920700000600000;7,468738247000033;51,525359673000082;1
81970;5200425501311994203;5;1;12;0;2020;4;17;7;3;5;2;0;1;1;0;0;0;0;344359,757399999540000;5700282,021900000100000;6,760944385000073;51,432332755000061;0
81971;5200427500300391204;5;1;11;0;2020;4;12;2;3;5;3;0;1;0;0;0;0;1;345675,644000000320000;5675220,318000000000000;6,790709059000051;51,207506197000043;0
81975;5200425601320908202;5;3;15;0;2020;4;12;7;3;5;3;0;1;1;0;0;0;0;347495,247000000440000;5645730,453999999900000;6,829178340000055;50,943002370000045;0
81977;5200428300400571482;5;9;11;0;2020;4;20;3;2;0;1;0;1;0;0;0;0;0;371758,836199999790000;5698559,744400000200000;7,155490641000029;51,423718778000080;1
81978;5200426606120432569;5;3;78;12;2020;4;17;1;3;0;1;0;1;0;0;0;0;0;376334,587199999950000;5652951,739299999500000;7,237001906000046;51,014817227000037;0
81980;5200429514220102180;5;1;66;36;2020;4;17;4;3;5;3;0;1;1;0;0;0;0;321123,016099999660000;5682138,842100000000000;6,436113029000069;51,262496012000042;0
81983;5200429603116374202;5;3;66;16;2020;4;11;4;3;5;3;0;1;0;0;1;0;0;345767,153099999760000;5612914,288400000000000;6,818377356000042;50,647648382000057;0
81985;5200428701300934204;5;5;62;14;2020;4;17;3;3;5;3;0;1;1;0;0;0;0;359280,499499999920000;5715925,009600000500000;6,969202134000057;51,576804145000040;1
81991;5200426516920997202;5;1;58;26;2020;4;16;1;3;5;3;0;1;1;0;0;0;0;352569,183000000190000;5666051,892999999200000;6,893081693000056;51,126938410000037;0
81992;5200428503200212209;5;1;24;0;2020;4;16;3;3;1;3;0;1;1;0;0;0;0;372961,438900000420000;5678391,261399999300000;7,179971693000027;51,242726860000062;0
81995;5200426601510179209;5;3;15;0;2020;4;19;1;3;0;3;0;1;1;0;0;0;0;359819,196700000200000;5647491,726500000800000;7,003806003000022;50,961959383000078;0
82000;5200424711112674649;5;5;70;52;2020;4;18;6;3;0;1;0;1;0;0;0;0;0;430444,947999999860000;5755934,977000000000000;7,987944265000067;51,949767290000068;0
82006;5200427701930596200;5;5;62;36;2020;4;13;2;2;5;3;0;1;1;0;0;0;0;386629,702999999750000;5719790,137000000100000;7,362449537000032;51,617708130000040;0
82007;5200426513310378714;5;1;62;8;2020;4;18;1;3;5;3;0;1;1;0;0;0;0;329637,245000000110000;5661414,587999999500000;6,567847601000040;51,078915401000074;0
82013;5200424705000876626;5;5;54;4;2020;4;18;6;3;0;3;0;1;0;0;0;0;0;362674,630099999720000;5771093,302100000900000;6,996269447000032;52,073371574000078;0
82015;5200427314110972205;5;9;66;24;2020;4;6;2;3;2;6;0;1;0;0;0;0;1;418051,358000000010000;5658533,063999999300000;7,830294938000066;51,072455612000056;0
82018;5200427601220217200;5;3;15;0;2020;4;19;2;2;0;6;0;1;0;0;0;0;0;358155,839599999600000;5640873,830199999700000;6,982710661000056;50,902077125000062;0
82020;5200424702100134203;5;5;15;0;2020;4;15;6;3;5;3;0;1;1;0;0;0;0;408810,300400000070000;5754084,666999999400000;7,673721883000042;51,930009431000030;0
82021;5200428601610552205;5;3;15;0;2020;4;12;3;3;3;2;0;1;1;0;0;0;0;365180,903900000270000;5645578,503399999800000;7,080819314000053;50,946043855000028;0
82026;5200427610121833514;5;3;70;12;2020;4;18;2;3;5;3;0;1;1;0;0;0;0;298008,970999999900000;5650695,516000000800000;6,122846094000067;50,972386880000045;0
82030;5200425500200194207;5;1;11;0;2020;4;10;7;3;6;4;0;1;0;1;0;0;0;348299,512699999850000;5681609,777899999200000;6,825536808000038;51,265622625000049;0
82031;5200427502229340206;5;1;13;0;2020;4;16;2;3;5;7;0;1;1;0;0;0;0;359447,358400000260000;5694218,551400000200000;6,980246011000077;51,381788416000063;0
82035;5200425603212233207;5;3;66;40;2020;4;9;7;2;5;3;0;1;1;0;0;0;0;345908,416000000200000;5619892,914999999100000;6,817465889000062;50,710399017000043;0
82041;5200426609144178208;5;3;58;44;2020;4;9;1;3;0;6;0;1;0;0;0;0;0;317066,775200000030000;5615717,136199999600000;6,411432896000065;50,664525882000078;0
82042;5200427607500778287;5;3;82;56;2020;4;14;2;3;5;3;0;1;1;0;0;0;0;374867,964999999850000;5623366,229000000300000;7,226232707000065;50,748575176000031;0
82043;5200426411232479080;5;7;74;32;2020;4;16;1;3;0;6;0;1;0;1;0;0;0;477876,466000000010000;5732061,719000000500000;8,679596339000057;51,739031025000031;0
82047;5200427500200494203;5;1;11;0;2020;4;16;2;3;5;2;0;1;1;0;0;0;0;343401,908900000150000;5689866,134099999400000;6,751768825000056;51,338482495000051;0
82051;5200424701300898201;5;5;62;14;2020;4;7;6;3;5;3;0;1;1;0;0;0;0;356800,122999999670000;5714531,687999999200000;6,933999177000032;51,563659455000050;0
82053;5200426601700126207;5;3;16;0;2020;4;15;1;3;4;2;0;1;1;0;0;0;0;364274,326100000180000;5659675,381999999300000;7,062649119000071;51,072524769000040;0
82061;5200427405116370277;5;7;54;16;2020;4;18;2;2;5;3;0;1;1;0;0;0;0;449252,803899999710000;5757504,878599999500000;8,261345564000067;51,965915260000031;0
82064;5200427605120499200;5;3;74;20;2020;4;10;2;3;0;5;0;1;0;0;0;1;0;385939,272599999790000;5653122,844200000200000;7,373812853000061;51,018340603000070;0
82066;5200429607100811201;5;3;82;60;2020;4;9;4;3;5;3;0;1;0;0;0;0;1;373006,340300000270000;5629852,999399999200000;7,197617282000067;50,806476580000037;0
82072;5200427300210483207;5;9;11;0;2020;4;14;2;3;5;3;0;1;1;0;0;0;0;369532,771200000310000;5704895,860200000900000;7,121154478000051;51,480153212000062;0
82075;5200424608416180750;5;3;34;16;2020;4;10;6;3;3;6;0;1;0;0;0;1;0;294909,698200000450000;5635058,749800000300000;6,087542676000055;50,830858160000048;0
82081;5200427317140080649;5;9;78;28;2020;4;13;2;3;0;7;0;1;0;0;0;0;0;402001,631000000050000;5696444,491800000900000;7,590898288000062;51,410741317000031;0
82082;5200425701400214019;5;5;12;0;2020;4;13;7;3;5;3;0;1;1;0;0;0;0;357423,361800000070000;5713463,589900000000000;6,943417758000066;51,554219602000046;0
82086;5200428500200815202;5;1;11;0;2020;4;15;3;3;5;3;0;1;1;0;0;0;0;344763,430700000380000;5678614,146099999500000;6,776190770000028;51,237753845000043;1
82089;5200426516340995204;5;1;58;28;2020;4;15;1;2;0;1;0;1;0;0;0;0;0;348991,643600000070000;5690340,586400000400000;6,831754879000073;51,344257919000029;0
82090;5200424608324594205;5;3;34;24;2020;4;9;6;3;5;3;0;1;1;0;0;0;0;300978,003999999720000;5614352,952999999700000;6,184785668000075;50,646996766000029;0
82095;5200428601400181700;5;3;15;0;2020;4;10;3;2;3;2;0;1;1;0;0;0;0;356308,272800000380000;5647891,666500000300000;6,953685694000058;50,964688678000073;0
82096;5200427315250335782;5;9;70;12;2020;4;7;2;2;0;1;0;1;0;0;0;0;0;452872,068599999880000;5649983,846999999100000;8,328375135000044;50,999499063000030;0
82098;5200428400200868206;5;7;11;0;2020;4;8;3;3;5;3;0;1;1;0;0;0;0;469737,895100000310000;5761636,824799999600000;8,559140422000041;52,004557169000066;0
82099;5200426610211565680;5;3;70;4;2020;4;15;1;2;5;3;0;1;1;0;0;0;0;309408,639700000170000;5660783,025200000000000;6,279720586000053;51,066881182000031;0
82103;5200429301401060202;5;9;13;0;2020;4;12;4;3;0;1;0;1;0;0;0;0;0;397075,290799999610000;5708757,586899999500000;7,516502794000076;51,520548093000059;0
82107;5200427701300619201;5;5;62;14;2020;4;15;2;3;5;3;0;1;1;0;0;0;0;361802,652099999600000;5712004,501199999800000;7,007117753000046;51,542197695000027;0
82113;5200426307000069811;5;9;62;60;2020;4;19;1;3;5;3;0;1;1;0;0;0;0;413968,614000000060000;5678471,950999999400000;7,767264318000059;51,251112144000047;0
82115;5200427313212313803;5;9;58;36;2020;4;11;2;2;0;7;0;1;1;0;0;0;0;467460,001400000420000;5688600,795299999400000;8,532763995000039;51,347750183000073;0
82128;5200427300410461207;5;9;16;0;2020;4;13;2;3;5;2;0;1;1;0;0;0;0;378072,650999999610000;5712081,026000000500000;7,241586799000061;51,546635066000078;0
82132;5200425601600481671;5;3;15;0;2020;4;12;7;3;4;6;0;1;1;0;0;0;0;362644,829800000410000;5645172,920700000600000;7,044892937000043;50,941800069000067;0