OBJECTID;UIDENTSTLAE;ULAND;UREGBEZ;UKREIS;UGEMEINDE;UJAHR;UMONAT;USTUNDE;UWOCHENTAG;UKATEGORIE;UART;UTYP1;ULICHTVERH;IstRad;IstPKW;IstFuss;IstKrad;IstGkfz;IstSonstige;LINREFX;LINREFY;XGCSWGS84;YGCSWGS84;STRZUSTAND
82139;5200426405220281985;5;7;54;20;2020;4;21;1;3;0;3;1;1;1;0;0;0;0;450469,389999999660000;5749117,189999999500000;8,280259446000059;51,890616679000061;0
82140;5200429606100076840;5;3;78;4;2020;4;9;4;3;5;3;0;1;1;0;0;0;0;367517,224999999630000;5647305,638000000300000;7,113429345000043;50,962108470000032;0
82142;5200428701500904201;5;5;62;24;2020;4;15;3;3;3;2;0;1;1;0;0;0;0;370144,482699999590000;5725319,349700000100000;7,122409740000023;51,663835869000081;0
82143;5200427410110178088;5;7;70;24;2020;4;18;2;2;5;7;0;1;0;0;0;0;0;495479,986999999730000;5793160,186000000700000;8,933731841000054;52,288781625000070;0
82150;5200424603116229200;5;3;66;16;2020;4;18;6;2;0;7;0;1;0;0;0;0;0;345237,637000000100000;5614178,335300000400000;6,810364911000022;50,658867284000053;0
82155;5200426601610115207;5;3;15;0;2020;4;12;1;3;0;1;0;1;0;0;0;0;0;367031,440200000070000;5642313,130999999100000;7,108337912000025;50,917125490000046;0
82158;5200427602400878209;5;3;62;32;2020;4;16;2;3;2;2;0;1;1;0;0;0;0;338122,483599999920000;5637014,596500000000000;6,699738223000054;50,862131831000056;0
82160;5200429601210261204;5;3;15;0;2020;4;11;4;3;5;2;0;1;1;0;0;0;0;352175,194600000050000;5643655,635099999600000;6,896587657000055;50,925575854000044;0
82163;5200427404103153267;5;7;66;32;2020;4;17;2;3;5;3;0;1;1;0;0;0;0;495555,024799999780000;5746642,627299999800000;8,935438204000036;51,870550747000038;0
82167;5200426709700068331;5;5;66;28;2020;4;18;1;3;0;1;0;1;0;0;0;0;0;414651,368300000210000;5792751,624199999500000;7,748963777000029;52,278500255000040;0
82168;5200427702100550181;5;5;15;0;2020;4;6;2;3;5;7;0;1;1;0;0;0;0;402080,758000000380000;5761134,528999999200000;7,573868107000067;51,992232076000050;0
82175;5200424601510281203;5;3;15;0;2020;4;8;6;3;5;3;0;1;1;0;0;0;0;359872,138000000270000;5649177,312000000800000;7,003909975000056;50,977120765000052;0
82180;5200426609236575612;5;3;58;36;2020;4;10;1;2;5;3;0;1;1;0;0;0;0;309219,835900000300000;5648082,254699999500000;6,283705750000024;50,952735756000038;0
82181;5200424601420721207;5;3;15;0;2020;4;20;6;3;0;1;0;1;0;0;0;0;0;358263,118400000040000;5647392,665699999800000;6,981700443000023;50,960688432000040;0
82182;5200428602500025962;5;3;62;24;2020;4;12;3;3;5;2;0;1;0;0;0;1;0;346746,672000000250000;5643613,752000000300000;6,819421073000058;50,923783024000045;0
82184;5200425701120242203;5;5;62;32;2020;4;20;7;2;0;1;0;1;0;0;0;0;0;375759,597400000320000;5713833,976500000800000;7,207626504000075;51,561884740000039;0
82188;5200426506100382205;5;1;16;0;2020;4;15;1;3;4;6;0;1;0;0;0;0;0;321944,444000000130000;5669802,795399999200000;6,453995668000061;51,151935083000069;0
82190;5200429315110776475;5;9;70;40;2020;4;6;4;3;4;1;0;1;0;0;0;0;0;430616,615600000140000;5640973,392000000900000;8,012970763000055;50,916230544000030;0
82192;5200427502337338207;5;1;13;0;2020;4;16;2;3;2;6;0;1;1;0;1;0;0;365450,002199999990000;5705570,843499999500000;7,062137371000063;51,485262603000081;0
82193;5200426302120477749;5;9;14;0;2020;4;20;1;3;0;5;1;1;1;0;0;0;0;388814,762199999760000;5688961,917400000600000;7,403702514000031;51,341052413000057;0
82195;5200425513210571856;5;1;62;24;2020;4;22;7;3;0;1;2;1;0;0;0;0;0;337200,927600000050000;5673059,442299999300000;6,670470518000059;51,185738778000029;0
82196;5200427310110775454;5;9;54;16;2020;4;15;2;2;5;2;0;1;1;0;0;0;0;373626,612200000320000;5695466,619200000500000;7,183442757000023;51,396339348000026;0
82198;5200428310130086200;5;9;54;20;2020;4;15;3;3;5;3;0;1;0;0;0;0;0;390731,164300000300000;5697947,890399999900000;7,428440878000060;51,422194729000068;1
82205;5200426500300804202;5;1;11;0;2020;4;14;1;3;5;3;0;1;0;0;0;0;0;351297,880300000310000;5666470,569199999800000;6,874754231000054;51,130372061000060;0
82210;5200426300120226204;5;9;11;0;2020;4;17;1;3;1;5;0;1;1;0;0;0;0;375920,130599999800000;5706452,253599999500000;7,212541813000030;51,495578341000055;0
82213;5200425601210961205;5;3;15;0;2020;4;18;7;2;5;3;0;1;0;0;0;0;1;352974,146099999550000;5644465,657299999100000;6,907621187000075;50,933059372000059;0
82215;5200428300110585207;5;9;11;0;2020;4;8;3;3;0;1;0;1;0;0;0;0;0;378087,441700000320000;5705973,008500000500000;7,243913101000032;51,491742663000082;0
82222;5200424516360808200;5;1;58;28;2020;4;12;6;3;2;2;0;1;1;0;0;0;0;354234,162100000310000;5688522,790200000600000;6,907718444000068;51,329291884000043;0
82236;5200426600360168764;5;3;82;12;2020;4;16;1;2;5;3;0;1;1;0;0;0;0;355707,173999999650000;5625689,491699999200000;6,953887223000038;50,765008707000050;0
82240;5200426317230081200;5;9;78;8;2020;4;17;1;3;5;2;0;1;0;0;1;0;0;414306,821399999780000;5715206,921700000800000;7,763228353000045;51,581402198000035;0
82244;5200425702100065908;5;5;15;0;2020;4;11;7;3;5;2;0;1;1;0;0;0;0;405517,718700000080000;5754619,942800000300000;7,625701658000025;51,934271578000050;0
82246;5200426706100285202;5;5;58;32;2020;4;21;1;3;0;7;2;1;0;0;0;0;0;383225,018600000070000;5755137,938300000500000;7,301405131000024;51,934696055000074;0
82247;5200427701300649204;5;5;62;14;2020;4;19;2;2;1;5;0;1;1;0;0;0;0;362183,195100000130000;5711416,359999999400000;7,012832114000048;51,537005559000079;0
82248;5200426513130914208;5;1;62;22;2020;5;11;3;3;5;3;0;1;1;0;0;0;0;335427,912999999710000;5682184,130999999100000;6,640933172000075;51,267212176000044;0
82250;5200429317110277915;5;9;78;36;2020;4;10;4;2;1;5;0;1;1;0;0;0;0;410556,976700000460000;5710670,899199999900000;7,710277104000056;51,540043637000053;1
82258;5200428601510565203;5;3;15;0;2020;4;12;3;3;5;2;0;1;0;0;0;0;1;360872,793999999760000;5647711,000000000000000;7,018715896000060;50,964185413000052;0
82260;5200425610212880751;5;3;70;40;2020;4;14;7;2;0;2;0;1;1;0;0;0;0;310053,533099999650000;5671175,350700000300000;6,283442267000055;51,160441159000072;0
82262;5200425502409007209;5;1;17;0;2020;4;13;7;3;3;6;0;1;0;0;0;0;0;349359,676900000310000;5700030,771500000700000;6,832924354000056;51,431426496000029;0
82269;5200427502208367201;5;1;13;0;2020;4;21;2;3;0;1;2;1;0;0;0;0;0;357898,384999999780000;5701664,577999999700000;6,955017769000051;51,448313765000080;0
82273;5200425601610864200;5;3;15;0;2020;4;11;7;3;6;7;0;1;0;1;0;0;0;365464,941300000060000;5645667,762900000400000;7,084827258000075;50,946912436000048;0
82275;5200427515212043540;5;1;54;64;2020;4;17;2;3;5;3;0;1;1;0;0;0;0;304933,836299999620000;5726565,113800000400000;6,179854047000049;51,656179084000030;0
82276;5200426307000071477;5;9;62;12;2020;4;15;1;3;3;6;0;1;1;0;0;0;0;395977,985299999830000;5667707,287799999100000;7,512683616000061;51,151349037000045;0
82277;5200428601100569788;5;3;15;0;2020;4;15;3;3;5;2;0;1;1;0;0;0;0;355303,141699999570000;5645497,559699999200000;6,940333102000068;50,942921858000034;1
82281;5200426609140775502;5;3;58;40;2020;4;12;1;3;8;6;0;1;0;0;0;0;0;327886,786000000310000;5631614,876000000200000;6,556962979000048;50,810661789000051;0
82284;5200424513340481414;5;1;62;28;2020;4;14;6;3;5;3;0;1;1;0;0;0;0;338295,966000000010000;5660503,365000000200000;6,691759523000030;51,073233514000037;0
82291;5200426601620113209;5;3;15;0;2020;4;14;1;3;3;2;0;1;0;0;1;0;0;366840,855800000020000;5638928,233599999900000;7,106862704000037;50,886658981000039;0
82292;5200424513210845208;5;1;62;24;2020;4;18;6;3;0;1;0;1;0;0;0;0;0;341295,447800000200000;5666306,903799999500000;6,731988078000029;51,126217350000047;0
82294;5200424513210729200;5;1;62;24;2020;4;5;6;3;0;1;1;1;0;0;0;0;0;338496,107099999670000;5677486,684699999200000;6,686994686000048;51,225884301000065;0
82295;5200428301302167207;5;9;78;24;2020;4;20;3;3;1;3;0;1;1;0;0;0;0;391849,850700000300000;5717207,954199999600000;7,438616344000025;51,595526158000041;1
82301;5200429606100681786;5;3;78;4;2020;4;11;4;3;0;2;0;1;1;0;0;0;0;372971,331399999560000;5649647,120400000400000;7,190236158000062;50,984382203000052;1
82302;5200424513110838204;5;1;62;16;2020;4;0;6;3;5;3;2;1;1;0;0;0;0;333142,925999999980000;5676523,460000000900000;6,610846815000059;51,215690729000073;0
82303;5200428702100765812;5;5;15;0;2020;4;8;3;3;5;3;0;1;1;0;0;0;0;403769,270399999800000;5754709,913100000500000;7,600252444000034;51,934780680000074;0
82305;5200425709700281515;5;5;66;28;2020;4;17;7;2;3;2;0;1;1;0;0;0;0;410948,559999999590000;5792341,053400000600000;7,694811566000055;52,274222586000064;0
82315;5200428602700798206;5;3;62;28;2020;4;15;3;2;5;2;0;1;1;0;0;0;0;351847,758999999610000;5637314,331000000200000;6,894504314000074;50,868505258000027;1
82317;5200425701200277201;5;5;62;20;2020;4;23;7;3;0;1;2;1;0;0;0;0;0;371469,681400000120000;5718853,534099999800000;7,143934076000051;51,606033598000067;0
82325;5200428500200775206;5;1;11;0;2020;4;14;3;3;2;6;0;1;1;0;0;0;0;344955,380900000220000;5678085,507899999600000;6,779167100000052;51,233056025000053;0
82326;5200426709700676376;5;5;66;56;2020;4;15;1;2;2;6;0;1;1;0;0;0;0;416653,097099999900000;5797231,987500000700000;7,777188841000054;52,319078943000079;0
82327;5200427706300076677;5;5;58;28;2020;4;17;2;3;5;3;0;1;0;0;1;0;0;399858,474700000140000;5729436,027000000700000;7,550695307000069;51,706920404000073;0
82330;5200429500200129208;5;1;11;0;2020;4;16;4;2;0;1;0;1;0;0;0;0;0;345054,536999999550000;5680820,297299999700000;6,779402663000042;51,257656036000071;0
82331;5200427518300178925;5;1;70;20;2020;4;14;2;3;5;3;0;1;1;0;0;0;0;327758,459999999960000;5708900,737999999900000;6,518145674000039;51,504955104000032;0
82338;5200426610211377521;5;3;70;4;2020;4;14;1;2;0;6;0;1;0;1;0;0;0;310410,620699999850000;5662972,017100000800000;6,292856619000077;51,086875219000035;0
82342;5200426702100576642;5;5;15;0;2020;4;13;1;3;5;3;0;1;0;0;0;0;0;402739,751600000080000;5754892,935799999200000;7,585230485000068;51,936246772000061;0
82343;5200427701110473209;5;5;62;32;2020;4;9;2;3;5;5;0;1;1;0;0;0;0;376062,886300000360000;5719146,627299999800000;7,210124000000064;51,609697371000038;0
82344;5200426508200137200;5;1;19;0;2020;4;19;1;3;5;3;1;1;1;0;0;0;0;351093,166299999690000;5712989,421900000400000;6,852376785000047;51,548323823000032;0
82349;5200426303100041177;5;9;15;0;2020;4;3;1;3;0;7;2;1;0;1;0;0;0;417727,568799999540000;5725264,352700000600000;7,810223917000030;51,672324204000063;0
82350;5200428600140078250;5;3;14;0;2020;4;15;3;3;5;2;0;1;1;0;0;0;0;367555,300599999730000;5623008,665200000600000;7,122760779000032;50,743739095000080;1
82351;5200425502408024204;5;1;17;0;2020;4;15;7;3;0;5;0;1;1;0;0;0;0;352013,283599999730000;5698689,931700000500000;6,871629964000022;51,420077448000029;0
82355;5200425501313017207;5;1;12;0;2020;4;18;7;3;5;2;0;1;1;0;0;0;0;344099,613300000320000;5700804,848700000000000;6,756974848000027;51,436958804000028;0
82358;5200426406210474584;5;7;58;4;2020;4;16;1;2;5;3;0;1;1;0;0;0;0;469326,444699999880000;5783928,067199999500000;8,551139025000055;52,204944510000075;0
82359;5200424502402944207;5;1;17;0;2020;4;15;6;3;0;1;0;1;0;0;0;0;0;354878,703999999910000;5701700,484999999400000;6,911577568000041;51,447870649000038;0
82361;5200425711114374620;5;5;70;52;2020;4;18;7;2;0;1;0;1;0;0;0;0;0;429047,551500000060000;5752358,238800000400000;7,968352779000043;51,917437335000045;0
82365;5200503601200972647;5;3;15;0;2020;5;11;1;3;5;3;0;1;0;0;1;0;0;352982,446200000120000;5641317,755400000100000;6,909008004000043;50,904772464000075;0
82366;5200505709700834934;5;5;66;28;2020;5;20;3;3;0;1;0;1;0;0;0;0;0;412050,863300000320000;5792205,094599999500000;7,710998541000038;52,273177993000047;0
82367;5200506601620828204;5;3;15;0;2020;5;12;4;3;2;6;0;1;1;0;0;0;0;364305,263700000010000;5638473,146099999500000;7,071004528000060;50,881978831000026;0
82371;5200430518400877721;5;1;70;8;2020;4;13;5;3;3;2;0;1;1;0;0;0;0;344767,060600000430000;5715768,570900000600000;6,759984368000062;51,571589079000034;0
82375;5200505400200764116;5;7;11;0;2020;5;11;3;3;3;3;0;1;0;0;0;0;1;468494,685300000010000;5762483,207000000400000;8,540952053000069;52,012097532000041;0
82387;5200503513130587207;5;1;62;22;2020;5;17;1;2;4;6;0;1;0;0;0;0;0;340576,542299999860000;5680536,432900000400000;6,715406829000074;51,253871063000076;0
82388;5200505702100072376;5;5;15;0;2020;5;11;3;2;5;3;0;1;1;0;0;0;0;408256,248900000010000;5754128,073400000100000;7,665654447000065;51,930308548000028;0
82390;5200503508000582165;5;1;12;0;2020;5;15;1;3;2;6;0;1;1;0;0;0;0;348499,489699999800000;5704027,883700000100000;6,818848106000075;51,467112381000049;0
82391;5200505508112532203;5;1;19;0;2020;5;15;3;3;5;3;0;1;1;0;0;0;0;350407,574400000270000;5705474,926599999900000;6,845685147000040;51,480622238000080;0
82394;5200505310110069325;5;9;54;16;2020;5;13;3;3;5;3;0;1;0;0;0;0;1;373373,918700000270000;5695612,341600000900000;7,179760381000051;51,397592661000033;0
82396;5200430513210581042;5;1;62;24;2020;4;17;5;3;5;3;0;1;1;0;0;0;0;337345,584499999880000;5675778,457800000900000;6,671306683000069;51,210209671000030;1
82399;5200503502407285206;5;1;17;0;2020;5;20;1;3;0;1;1;1;0;0;0;0;0;350745,572399999950000;5697603,244500000000000;6,853868694000028;51,409980612000027;0
82402;5200505606130078504;5;3;78;20;2020;5;8;3;2;5;2;0;1;1;0;0;0;0;368217,816700000320000;5655783,536599999300000;7,120322780000038;51,038465645000031;0
82403;5200506508000069104;5;1;19;0;2020;5;8;4;3;4;2;0;1;1;0;0;0;0;346545,107499999930000;5710477,662599999500000;6,787928600000043;51,524537317000068;0
82412;5200506300420480206;5;9;16;0;2020;5;8;4;3;0;6;0;1;1;0;0;0;0;373523,186099999580000;5708662,370799999700000;7,177238163000027;51,514909867000028;0
82414;5200503410240140741;5;7;70;40;2020;5;21;1;2;8;1;2;1;0;0;0;0;0;474483,568099999800000;5809535,798599999400000;8,624660958000050;52,435427968000056;0
82423;5200503400100102202;5;7;11;0;2020;5;17;1;3;5;2;0;1;1;0;0;0;0;469013,034199999650000;5769909,611500000600000;8,547831068000050;52,078894616000071;0
82425;5200506501328065200;5;1;12;0;2020;5;4;4;3;0;7;2;1;1;0;0;0;0;342046,642199999650000;5693408,165599999900000;6,730755481000074;51,369932381000069;0
82426;5200503316400782042;5;9;74;44;2020;5;17;1;3;5;7;0;1;1;0;0;0;0;455138,429200000130000;5699573,602000000000000;8,354463924000072;51,445571011000027;0
82432;5200503310110675695;5;9;54;16;2020;5;11;1;3;0;1;0;1;0;0;0;0;0;375209,249400000090000;5697776,579700000600000;7,205367619000072;51,417450353000049;0
82434;5200506602500649201;5;3;62;24;2020;5;7;4;3;5;3;0;1;1;0;0;0;0;346262,584999999960000;5641893,512299999600000;6,813263463000055;50,908196038000028;0
82436;5200504404101776171;5;7;66;20;2020;5;10;2;3;5;3;0;1;1;0;0;0;0;488648,235200000000000;5755114,194100000000000;8,834840527000040;51,946621318000041;1
82440;5200503300813260841;5;9;54;36;2020;5;13;1;2;1;6;0;1;0;0;0;0;0;381888,589999999850000;5698965,778000000900000;7,300981048000040;51,429569749000052;0
82441;5200504501134811202;5;1;12;0;2020;5;19;2;3;5;2;0;1;0;0;0;0;0;342954,003100000320000;5710874,010099999600000;6,736028673000021;51,527111239000078;0
82446;5200505405148506330;5;7;54;48;2020;5;7;3;3;5;3;0;1;1;0;0;0;0;444059,741000000390000;5767664,797000000300000;8,184105823000039;52,056754890000036;0
82448;5200430502210908206;5;1;13;0;2020;4;8;5;3;0;1;0;1;0;0;0;0;0;362077,932000000030000;5700774,492900000900000;7,015473057000065;51,441348471000026;0
82453;5200506601110661203;5;3;15;0;2020;5;15;4;3;1;5;0;1;1;0;0;0;0;354841,198499999940000;5646227,855699999300000;6,933471121000025;50,949368713000069;0
82454;5200502709300972411;5;5;66;84;2020;5;15;7;2;7;1;0;1;0;0;0;0;0;390014,097900000400000;5775790,224700000100000;7,393476162000070;52,121689395000033;1
82455;5200430501112981208;5;1;12;0;2020;4;4;5;3;5;3;2;1;1;0;0;0;0;345258,936700000430000;5708604,040899999400000;6,770225850000031;51,507352115000060;1
82456;5200505514122771835;5;1;66;4;2020;5;14;3;3;5;3;0;1;1;0;0;0;0;304635,112900000070000;5686374,187100000700000;6,197762906000037;51,295123970000077;0
82459;5200505316100781075;5;9;74;8;2020;5;7;3;3;8;1;0;1;0;0;0;0;0;442386,151999999770000;5714669,969000000500000;8,168515850000063;51,580145048000077;0
82462;5200506315110580451;5;9;70;40;2020;5;16;4;3;5;3;0;1;1;0;0;0;0;430584,245299999600000;5636920,124399999200000;8,013280894000047;50,879782416000069;0
82470;5200502702100268314;5;5;15;0;2020;5;14;7;3;1;5;0;1;1;0;0;0;1;405708,453400000000000;5755662,309299999800000;7,628189355000075;51,943673211000032;0
82471;5200504601500976824;5;3;15;0;2020;5;12;2;3;5;3;0;1;1;0;0;0;0;359723,523000000040000;5647260,102000000000000;7,002533773000039;50,959854468000060;0
82477;5200502610122080789;5;3;70;28;2020;5;13;7;2;0;1;0;1;0;0;0;0;0;296167,033999999990000;5645896,676000000900000;6,099331493000022;50,928639529000066;0
82481;5200430500200050578;5;1;11;0;2020;4;13;5;3;5;3;0;1;1;0;0;0;0;346402,490500000310000;5679849,255000000800000;6,799122265000051;51,249295490000065;0
82482;5200506310140680524;5;9;54;28;2020;5;16;4;3;5;2;0;1;1;0;0;0;0;377801,196000000460000;5691551,882999999400000;7,244766229000049;51,362069485000063;0
82490;5200504515111076741;5;1;54;8;2020;5;17;2;3;0;1;0;1;0;0;0;0;0;304394,466799999590000;5750689,376000000200000;6,158486971000059;51,872634982000079;0
82493;5200506508105599202;5;1;19;0;2020;5;18;4;3;1;5;0;1;0;0;0;0;1;353213,581500000320000;5704521,595200000300000;6,886461357000030;51,472791069000039;0
82500;5200430411224737539;5;7;74;24;2020;4;9;5;3;0;7;0;1;1;0;0;0;0;476515,328400000000000;5740978,461500000200000;8,659280746000036;51,819147308000026;0
82506;5200505601610112205;5;3;15;0;2020;5;17;3;2;2;6;0;1;0;0;0;0;1;361211,067400000060000;5645040,314500000300000;7,024548254000024;50,940264962000072;0
82515;5200505500200353204;5;1;11;0;2020;5;17;3;3;5;3;0;1;1;0;0;0;0;344439,318900000300000;5679167,041099999100000;6,771311371000024;51,242633510000076;0
82516;5200502501323343203;5;1;12;0;2020;5;13;7;3;0;1;0;1;0;0;0;0;0;344586,656000000420000;5693474,210999999200000;6,767187830000069;51,371226604000071;1
82529;5200502500213073972;5;1;11;0;2020;5;17;7;3;0;5;0;1;0;0;0;1;0;346579,343999999580000;5678932,695000000300000;6,802047145000074;51,241107344000056;1
82532;5200430406130731878;5;7;58;8;2020;4;16;5;3;5;7;0;1;1;0;0;0;0;470730,823200000450000;5776510,028699999700000;8,572329315000047;52,138329423000073;0
82536;5200505702100701949;5;5;15;0;2020;5;7;3;3;3;6;0;1;0;0;0;0;0;404814,470700000410000;5761202,207299999900000;7,613651333000064;51,993315658000029;0
82537;5200506600140974207;5;3;14;0;2020;5;16;4;3;5;3;0;1;1;0;0;0;0;368709,596499999990000;5622833,710400000200000;7,139174591000028;50,742428734000043;0
82538;5200504307000041983;5;9;62;12;2020;5;19;2;3;0;1;0;1;0;0;0;0;0;399934,541400000450000;5672143,879699999500000;7,568000581000035;51,191936979000047;0
82540;5200505711131280988;5;5;70;12;2020;5;16;3;2;5;3;0;1;1;0;0;0;0;439388,963999999690000;5753687,336999999400000;8,118461807000074;51,930607654000028;0
82542;5200504303200323120;5;9;15;0;2020;5;14;2;3;5;3;0;1;1;0;0;0;0;413729,243300000210000;5729995,488500000900000;7,751246883000022;51,714253959000075;0
82546;5200430405116072283;5;7;54;16;2020;4;14;5;3;5;2;0;1;1;0;0;0;0;445380,659199999650000;5757327,550599999700000;8,205018148000022;51,963954066000042;0
82547;5200505515211065318;5;1;54;56;2020;5;6;3;3;5;3;1;1;1;0;0;0;0;310614,099700000140000;5729644,734099999100000;6,260203797000031;51,685779968000077;0
82550;5200505400300420670;5;7;11;0;2020;5;12;3;3;5;3;0;1;1;0;0;0;0;473116,917100000200000;5753522,788699999500000;8,609000210000033;51,931779447000054;0
82551;5200502405108080589;5;7;54;8;2020;5;19;7;3;0;7;0;1;0;0;0;0;0;459053,018600000070000;5750528,294999999900000;8,404814464000026;51,904000116000077;1
82553;5200506317140765208;5;9;78;28;2020;5;7;4;3;5;3;0;1;1;0;0;0;0;401231,357599999760000;5700748,947300000100000;7,578625990000035;51,449300710000045;0
82555;5200504601110356206;5;3;15;0;2020;5;15;2;2;9;6;0;1;0;0;0;0;0;356861,052400000390000;5645472,038499999800000;6,962503915000070;50,943081385000028;0
82576;5200502301101694203;5;9;13;0;2020;5;17;7;3;5;2;0;1;1;0;0;0;0;394135,394799999890000;5707399,881400000300000;7,474552539000058;51,507800947000078;1
82577;5200505606400367760;5;3;78;28;2020;5;11;3;3;0;7;0;1;0;0;0;0;0;370772,526800000110000;5640282,773900000400000;7,162249279000037;50,899726536000060;0
82589;5200506608100458602;5;3;34;2;2020;5;17;4;3;0;3;0;1;0;0;0;0;1;295031,797799999830000;5628137,931800000400000;6,093136277000042;50,768744071000071;0
82593;5200505601520208200;5;3;15;0;2020;5;19;3;2;0;7;0;1;0;0;0;0;0;362936,842600000090000;5648365,576099999200000;7,047844582000039;50,970563062000053;0
82598;5200506609116215080;5;3;58;16;2020;5;13;4;3;0;6;0;1;1;0;0;0;0;312881,988099999730000;5618247,516599999700000;6,351003395000021;50,685927658000026;0
82599;5200501711411079196;5;5;70;28;2020;5;19;6;3;5;2;0;1;1;0;0;0;0;441774,393799999730000;5741589,816800000100000;8,155192573000022;51,822103586000026;0
82602;5200505602400624204;5;3;62;32;2020;5;18;3;3;5;3;0;1;1;0;0;0;0;343472,117100000380000;5638290,048900000800000;6,775147910000044;50,875065884000037;0
82605;5200505500200064292;5;1;11;0;2020;5;16;3;2;5;2;0;1;1;0;0;0;0;350426,016999999990000;5677263,242699999400000;6,857810979000021;51,227127419000055;0
82607;5200430301301435202;5;9;78;24;2020;4;15;5;3;3;5;0;1;1;0;0;0;0;397924,787499999630000;5720171,376299999700000;7,525426229000061;51,623296738000079;0
82617;5200505518100953508;5;1;70;48;2020;5;15;3;3;5;3;0;1;1;0;0;0;0;334674,158900000150000;5726168,587700000000000;6,609569377000071;51,662151176000066;0
82620;5200505404301021651;5;7;66;36;2020;5;19;3;2;0;5;0;1;1;0;0;0;0;496852,910199999810000;5772932,069599999100000;8,954048266000029;52,106927245000065;0
82622;5200505405228676094;5;7;54;28;2020;5;10;3;3;0;7;0;1;0;0;0;0;0;451908,527599999680000;5745173,316099999500000;8,301719589000072;51,855285375000051;0
82624;5200430301101761103;5;9;13;0;2020;4;14;5;3;5;2;0;1;1;0;0;0;0;394242,567599999720000;5707024,021900000100000;7,476208967000048;51,504442589000064;0
82630;5200501503100667207;5;1;24;0;2020;5;20;6;3;5;3;1;1;1;0;0;0;0;371132,807000000030000;5680235,392000000900000;7,153124103000039;51,258890697000027;1
82633;5200430300310309204;5;9;11;0;2020;4;16;5;3;5;3;0;1;1;0;0;0;0;377252,124300000260000;5701100,795199999600000;7,233579206000059;51,447772949000068;0
82635;5200501407340279192;5;7;62;40;2020;5;10;6;3;1;5;0;1;1;0;0;0;0;502590,055100000460000;5719517,387299999600000;9,037417648000030;51,626670108000042;0
82641;5200506702100142019;5;5;15;0;2020;5;10;4;3;5;1;0;1;1;0;0;0;0;406997,196999999690000;5751290,437999999200000;7,648114338000028;51,904593285000033;0
82654;5200505701920152208;5;5;62;28;2020;5;8;3;2;5;2;0;1;1;0;0;0;0;379518,986700000240000;5722439,820100000100000;7,258878362000075;51,640044732000035;0
82664;5200506610121495205;5;3;70;12;2020;5;11;4;2;4;2;0;1;1;0;0;0;0;298501,755699999630000;5649346,836899999500000;6,130602816000021;50,960446624000042;0
82680;5200506303100677883;5;9;15;0;2020;5;4;4;3;5;3;1;1;0;0;0;0;1;414807,219499999660000;5724552,837500000400000;7,768175378000024;51,665492814000061;0
82688;5200430709100953107;5;5;66;8;2020;4;10;5;2;5;2;0;1;0;0;0;1;0;399301,029699999840000;5781225,539300000300000;7,527465414000062;52,172310464000077;1
82697;5200430702100661900;5;5;15;0;2020;4;8;5;2;5;2;0;1;0;1;0;0;0;405930,756000000050000;5756160,029600000000000;7,631286357000022;51,948184590000039;0
82698;5200504400200072285;5;7;11;0;2020;5;16;2;3;5;2;0;1;1;0;0;0;0;474079,773299999540000;5764459,858999999200000;8,622177716000067;52,030158054000026;0
82707;5200430701300432209;5;5;62;14;2020;4;16;5;3;5;3;0;1;0;0;0;0;1;359425,707999999630000;5714892,504000000700000;6,971709424000039;51,567562304000035;0
82711;5200505405104038700;5;7;54;4;2020;5;15;3;3;5;3;0;1;1;0;0;0;0;449531,639999999660000;5770758,415999999300000;8,263448987000061;52,085092304000057;0
82712;5200430700100881231;5;5;13;0;2020;4;17;5;3;5;2;0;1;1;0;0;0;0;364453,487300000150000;5709787,515000000600000;7,046173493000026;51,522917733000043;0
82713;5200429706200272440;5;5;58;40;2020;4;7;4;3;5;3;0;1;1;0;0;0;0;371491,324099999850000;5762463,138000000300000;7,128080730000022;51,997936306000042;0
82715;5200504608100734205;5;3;34;2;2020;5;13;2;3;0;6;0;1;1;0;0;0;0;292929,341599999930000;5632524,299300000100000;6,060889642000063;50,807391520000067;1
82717;5200505702100887529;5;5;15;0;2020;5;10;3;2;0;1;0;1;0;0;0;0;0;405455,252999999560000;5759121,153999999200000;7,623554810000030;51,974719809000078;0
82718;5200506600370728209;5;3;82;4;2020;5;10;4;3;5;2;0;1;1;0;0;0;0;360120,192999999970000;5623144,017000000900000;7,017391499000041;50,743212022000080;0
82723;5200429705000270620;5;5;54;8;2020;4;7;4;3;0;1;1;1;0;0;0;0;0;335281,626899999570000;5745846,740900000600000;6,609023378000074;51,839108952000061;1
82727;5200505404000121318;5;7;66;44;2020;5;8;3;3;5;3;0;1;0;0;0;0;1;488292,148000000040000;5765291,805999999900000;8,829312178000066;52,038120137000078;0
82733;5200430607500879209;5;3;82;56;2020;4;6;5;3;5;2;1;1;1;0;0;0;0;372456,157300000080000;5626780,287300000000000;7,190879618000054;50,778737158000069;1
82737;5200505503400175946;5;1;22;0;2020;5;17;3;3;5;3;0;1;1;0;0;0;0;365245,763199999930000;5671072,487199999400000;7,072246789000076;51,175182040000038;0
82741;5200430607000037104;5;3;82;28;2020;4;18;5;3;0;2;0;1;1;0;0;0;0;373931,743999999950000;5633539,444000000100000;7,209477147000030;50,839813869000068;1
82750;5200429700200081309;5;5;13;0;2020;4;15;4;2;5;3;0;1;0;0;0;0;1;365370,378800000060000;5715371,506400000300000;7,057244939000043;51,573317498000051;0