OBJECTID;UIDENTSTLAE;ULAND;UREGBEZ;UKREIS;UGEMEINDE;UJAHR;UMONAT;USTUNDE;UWOCHENTAG;UKATEGORIE;UART;UTYP1;ULICHTVERH;IstRad;IstPKW;IstFuss;IstKrad;IstGkfz;IstSonstige;LINREFX;LINREFY;XGCSWGS84;YGCSWGS84;STRZUSTAND
82751;5200506315110473236;5;9;70;40;2020;5;13;4;3;3;2;0;1;0;0;0;0;0;430610,703900000080000;5641508,506100000800000;8,012784869000029;50,921041199000058;0
82752;5200506701110613203;5;5;62;32;2020;5;11;4;3;6;4;0;1;0;1;0;0;0;374357,011099999770000;5719888,130899999300000;7,185235486000067;51,615983207000056;0
82764;5200429609108048354;5;3;58;8;2020;4;13;4;2;0;1;0;1;0;0;0;0;0;324938,489699999800000;5631955,570399999600000;6,514992966000023;50,812839266000026;0
82766;5200506608200010200;5;3;34;2;2020;5;13;4;3;0;7;0;1;0;0;0;0;1;297510,963100000280000;5627293,036000000300000;6,128713319000042;50,762026093000031;0
82767;5200430601620014205;5;3;15;0;2020;4;16;5;2;3;6;0;1;0;0;0;1;0;365718,438199999740000;5643464,230100000300000;7,089245832000074;50,927167092000047;0
82770;5200505601520805202;5;3;15;0;2020;5;10;3;2;5;2;0;1;1;0;0;0;0;358180,053299999800000;5644798,231699999400000;6,981528878000063;50,937351838000041;0
82771;5200506500200582202;5;1;11;0;2020;5;15;4;2;1;7;0;1;0;0;0;0;1;350952,155600000170000;5680269,105499999600000;6,864089605000061;51,254275369000027;0
82773;5200505410110378144;5;7;70;24;2020;5;8;3;3;5;2;0;1;1;0;0;0;0;494220,756000000050000;5795343,166999999400000;8,915232742000057;52,308395894000057;0
82775;5200505603236533410;5;3;66;36;2020;5;16;3;2;0;1;0;1;0;0;0;0;0;323461,808400000450000;5605030,034399999300000;6,506915810000066;50,570480973000031;0
82777;5200430601220949208;5;3;15;0;2020;4;13;5;3;6;6;0;1;0;1;0;0;0;357185,912399999800000;5638767,919099999600000;6,969749004000050;50,882912182000041;0
82778;5200505500200341205;5;1;11;0;2020;5;17;3;3;5;2;0;1;1;0;0;0;0;345404,629200000320000;5679527,447499999800000;6,784974452000029;51,246134317000042;0
82780;5200429608436713205;5;3;34;36;2020;4;13;4;3;0;1;0;1;0;0;0;0;0;300428,522800000380000;5634393,488700000600000;6,166172973000073;50,826811749000058;0
82790;5200505518200048286;5;1;70;24;2020;5;10;3;3;5;2;0;1;1;0;0;0;0;338029,295900000260000;5702423,025200000000000;6,668973603000040;51,449794233000034;0
82794;5200430600110981175;5;3;14;0;2020;4;14;5;3;3;6;0;1;1;0;0;0;0;366013,983000000010000;5622386,721500000000000;7,101153403000069;50,737795460000029;0
82799;5200511500200584203;5;1;11;0;2020;5;12;2;3;5;3;0;1;0;0;0;0;1;346640,679999999700000;5680276,719000000500000;6,802349384000024;51,253200562000075;0
82802;5200509411224737696;5;7;74;24;2020;5;16;7;3;5;3;0;1;1;0;0;0;0;476461,796400000340000;5742368,765100000400000;8,658409575000064;51,831645368000068;0
82806;5200512300510710208;5;9;54;36;2020;5;9;3;3;1;5;0;1;1;0;0;0;0;384237,351800000300000;5700747,228299999600000;7,334169732000021;51,446066173000077;0
82807;5200507601310688209;5;3;15;0;2020;5;14;5;3;5;2;0;1;1;0;0;0;0;352989,643000000160000;5644898,165999999300000;6,907667096000068;50,936950104000061;0
82809;5200507503100279242;5;1;24;0;2020;5;10;5;3;5;3;0;1;1;0;0;0;0;370234,039499999960000;5675137,610500000400000;7,142097390000060;51,212871036000081;0
82812;5200507502209509203;5;1;13;0;2020;5;11;5;3;0;1;0;1;0;0;0;0;0;360752,722500000150000;5700783,042999999600000;6,996414050000055;51,441101079000077;0
82813;5200511606140481251;5;3;78;28;2020;5;12;2;3;5;2;0;1;1;0;0;0;0;371726,725999999790000;5642132,699300000400000;7,175161429000070;50,916566575000047;0
82817;5200507501132573910;5;1;12;0;2020;5;16;5;3;5;2;0;1;1;0;0;0;0;342801,568799999540000;5712744,379100000500000;6,732997968000063;51,543873404000067;0
82819;5200509405228906342;5;7;54;28;2020;5;9;7;3;0;3;0;1;1;0;0;0;0;450853,318199999630000;5745267,265499999700000;8,286386027000049;51,856038094000041;0
82821;5200507700100781260;5;5;13;0;2020;5;6;5;3;5;2;0;1;1;0;0;0;0;367527,676599999890000;5709434,322200000300000;7,090592206000054;51,520473134000042;0
82822;5200510410210940180;5;7;70;20;2020;5;10;1;2;5;3;0;1;1;0;0;0;0;472089,251799999740000;5796954,464099999500000;8,590489901000069;52,322202896000078;0
82825;5200513405108157427;5;7;54;8;2020;5;16;4;2;0;1;0;1;0;0;0;0;0;464296,491999999620000;5753954,470000000700000;8,480672121000055;51,935164601000054;0
82827;5200508515110022287;5;1;54;36;2020;5;10;6;3;5;2;0;1;1;0;0;0;0;302296,863199999560000;5739100,144400000600000;6,134671366000021;51,767824776000054;0
82832;5200509702100941596;5;5;15;0;2020;5;12;7;3;4;6;0;1;0;0;0;0;0;401118,934500000440000;5761933,328299999200000;7,559634092000067;51,999241367000081;0
82835;5200511601310511203;5;3;15;0;2020;5;7;2;3;8;1;0;1;0;0;0;0;0;354009,946800000030000;5646070,212999999500000;6,921708649000038;50,947742103000053;1
82839;5200507500300572290;5;1;11;0;2020;5;7;5;3;5;2;0;1;1;0;0;0;0;353319,390399999920000;5667570,222799999600000;6,903177002000064;51,140775127000040;0
82845;5200508701200317206;5;5;62;20;2020;5;15;6;3;1;5;0;1;1;0;0;0;0;367656,478099999950000;5719051,126599999100000;7,088826736000044;51,606926013000077;0
82848;5200508506100069725;5;1;16;0;2020;5;10;6;2;1;5;0;1;1;0;0;0;0;318037,316800000150000;5673539,607899999200000;6,396298339000055;51,184273904000065;0
82853;5200509501318913205;5;1;12;0;2020;5;13;7;3;5;2;0;1;1;0;0;0;0;343845,488699999640000;5698835,376199999800000;6,754189718000021;51,419193260000043;0
82864;5200510711212453661;5;5;70;4;2020;5;15;1;3;9;1;0;1;0;0;0;0;0;425404,317499999890000;5735523,044700000400000;7,919021263000047;51,765619617000027;0
82867;5200507607400473847;5;3;82;44;2020;5;9;5;3;4;2;0;1;1;0;0;0;0;364345,820600000210000;5627074,664000000800000;7,075798716000065;50,779542501000037;0
82868;5200510302100075766;5;9;14;0;2020;5;20;1;3;5;2;1;1;1;0;0;0;0;396444,832000000400000;5690477,365000000200000;7,512766107000061;51,356115958000032;0
82870;5200513301403614204;5;9;13;0;2020;5;15;4;3;1;5;0;1;1;0;0;0;0;404720,093700000080000;5710466,819000000100000;7,626192701000036;51,537253977000034;0
82872;5200508500200001154;5;1;11;0;2020;5;16;6;3;0;1;0;1;0;0;0;0;0;344247,579800000410000;5680142,520500000600000;6,768142180000041;51,251346159000036;0
82873;5200507405220168068;5;7;54;28;2020;5;11;5;3;0;1;0;1;0;0;0;0;0;453244,628800000060000;5743516,992399999900000;8,321342074000029;51,840507637000030;0
82874;5200511501128272201;5;1;12;0;2020;5;13;2;3;2;5;0;1;1;0;0;0;0;342916,126299999650000;5702373,664599999800000;6,739265324000030;51,450727416000063;0
82877;5200509500200302348;5;1;11;0;2020;5;17;7;3;6;4;0;1;1;1;0;0;0;344820,830199999730000;5678460,344100000300000;6,777079003000040;51,236387492000063;0
82880;5200509301201549207;5;9;13;0;2020;5;22;7;3;3;6;2;1;1;0;0;0;0;392091,074000000020000;5709261,048000000400000;7,444536799000048;51,524143133000052;0
82882;5200507601700253203;5;3;16;0;2020;5;15;5;3;0;2;0;1;1;0;0;0;0;363956,940600000320000;5657442,159099999800000;7,058961332000024;51,052379119000079;0
82884;5200507405140372301;5;7;54;40;2020;5;17;5;3;5;3;0;1;1;0;0;0;0;462351,972900000400000;5760891,775399999700000;8,451628672000027;51,997406971000032;0
82886;5200508601610503207;5;3;15;0;2020;5;17;6;3;5;7;0;1;1;0;0;0;0;361298,316200000230000;5645034,838400000700000;7,025791406000053;50,940236742000081;0
82887;5200512303200457946;5;9;15;0;2020;5;16;3;2;0;1;0;1;0;0;0;0;0;413055,382399999540000;5727674,880200000500000;7,742074123000066;51,693289395000079;0
82888;5200507602700367507;5;3;62;28;2020;5;16;5;3;3;2;0;1;0;0;0;0;1;346687,978099999950000;5636904,848799999800000;6,821402314000068;50,863480223000067;0
82890;5200508603140571615;5;3;66;40;2020;5;6;6;3;5;3;0;1;1;0;0;0;0;349124,860299999830000;5619144,681199999500000;6,863294842000073;50,704518553000071;0
82891;5200513300120874202;5;9;11;0;2020;5;5;4;3;8;3;1;1;1;0;0;0;0;374831,316700000320000;5707176,063100000800000;7,196608210000022;51,501843389000044;0
82899;5200507706100885204;5;5;58;16;2020;5;14;5;2;5;3;0;1;0;0;0;1;0;380572,268199999820000;5740298,918099999400000;7,267968904000043;51,800774284000056;0
82905;5200509705000955357;5;5;54;68;2020;5;15;7;3;8;1;0;1;0;0;0;0;0;349163,802799999710000;5765445,983999999200000;6,801773491000063;52,019119821000061;0
82912;5200507317210908203;5;9;78;20;2020;5;16;5;3;5;2;0;1;1;0;0;0;0;407683,921000000090000;5717091,261499999100000;7,667174140000043;51,597294878000071;0
82913;5200511301204085020;5;9;13;0;2020;5;13;2;2;4;2;0;1;1;0;0;0;0;385348,025000000370000;5708707,585000000900000;7,347560801000043;51,517839955000056;0
82917;5200511608200563934;5;3;34;2;2020;5;8;2;3;5;3;0;1;1;0;0;0;0;297484,807199999690000;5627849,814999999500000;6,128036555000051;50,767017710000061;0
82924;5200512503200686791;5;1;24;0;2020;5;22;3;3;1;5;2;1;1;0;0;0;0;375955,787999999710000;5681952,334499999900000;7,221613167000044;51,275391963000061;0
82925;5200507701610833209;5;5;62;12;2020;5;6;5;2;5;3;0;1;1;0;0;0;0;362365,441100000400000;5730146,412100000300000;7,008099807000065;51,705360567000071;0
82930;5200509701910494209;5;5;62;8;2020;5;20;7;3;6;4;0;1;0;1;0;0;0;385043,618499999870000;5722983,895500000600000;7,338501344000065;51,646091111000032;0
82931;5200508516500075909;5;1;58;16;2020;5;6;6;3;5;3;1;1;1;0;0;0;0;353488,444199999790000;5669865,027799999300000;6,904657855000039;51,161440106000043;0
82934;5200512607100682206;5;3;82;40;2020;5;17;3;3;0;1;0;1;0;0;0;0;0;382073,299999999810000;5636782,902000000700000;7,324010550000025;50,870685489000039;0
82935;5200509516210258202;5;1;58;12;2020;5;10;7;3;5;3;0;1;1;0;0;0;0;355964,128999999720000;5688795,421000000100000;6,932422211000073;51,332182564000050;0
82936;5200508301301329201;5;9;78;24;2020;5;17;6;3;5;2;0;1;1;0;0;0;0;397859,421500000170000;5719774,906199999200000;7,524597893000021;51,619721184000070;0
82937;5200507315230078219;5;9;70;28;2020;5;14;5;2;0;1;0;1;0;0;0;0;0;456839,191100000400000;5636889,353000000100000;8,386458986000037;50,882063699000071;0
82943;5200508700100473524;5;5;13;0;2020;5;19;6;3;0;7;0;1;0;0;0;0;0;364114,605100000280000;5709981,942399999100000;7,041216775000066;51,524583510000070;0
82946;5200508702100740200;5;5;15;0;2020;5;11;6;2;5;3;0;1;1;0;0;0;0;398555,595300000160000;5753733,528400000200000;7,524729977000050;51,925078912000060;0
82956;5200507314320380439;5;9;66;16;2020;5;13;5;3;5;3;0;1;1;0;0;0;0;438012,918600000440000;5660109,951400000600000;8,114906218000044;51,089137457000049;0
82957;5200510709700070260;5;5;66;56;2020;5;14;1;3;5;3;0;1;1;0;0;0;0;416436,235100000170000;5794657,015100000400000;7,774647240000036;52,295901017000062;0
82965;5200508404302576064;5;7;66;48;2020;5;15;6;2;0;6;0;1;0;0;1;0;0;478065,665500000120000;5763430,388299999800000;8,680342401000075;52,021074282000029;0
82967;5200511500200614208;5;1;11;0;2020;5;14;2;3;1;6;0;1;1;0;0;0;0;346856,276800000110000;5680695,476500000800000;6,805257242000039;51,257021249000047;0
82968;5200507515212078916;5;1;54;32;2020;5;11;5;2;5;3;0;1;1;0;0;0;0;309931,225999999790000;5719066,095000000700000;6,256081123000058;51,590540671000042;0
82969;5200512515111085945;5;1;54;44;2020;5;17;3;3;2;6;0;1;1;0;0;0;0;323879,372000000440000;5740272,047000000300000;6,446518624000021;51,785556351000082;0
82972;5200513303121814063;5;9;15;0;2020;5;13;4;3;5;3;0;1;1;0;0;0;0;419798,118599999700000;5726389,813400000300000;7,839901790000056;51,682741097000076;0
82973;5200509606400058600;5;3;78;24;2020;5;18;7;3;0;7;0;1;1;0;0;0;0;376122,183299999680000;5646732,725299999100000;7,236095765000073;50,958873459000074;0
82975;5200507313212082106;5;9;58;36;2020;5;17;5;2;1;5;0;1;1;0;0;0;0;467274,520100000310000;5685403,246200000900000;8,530394615000034;51,318988186000070;0
82977;5200507515211982176;5;1;54;16;2020;5;15;5;2;4;6;0;1;0;0;1;0;0;305009,709200000390000;5729581,131899999500000;6,179266429000052;51,683290960000079;0
82980;5200507711141380988;5;5;70;44;2020;5;13;5;3;5;3;0;1;0;0;0;0;1;422127,195000000300000;5757863,290999999300000;7,866504508000048;51,965999063000027;0
82985;5200509709700047179;5;5;66;28;2020;5;21;7;3;0;1;2;1;0;0;0;0;0;411112,291199999860000;5796938,523000000000000;7,695997437000074;52,315571957000031;0
82987;5200508602100069635;5;3;62;8;2020;5;8;6;2;5;2;0;1;1;0;0;0;0;335944,770700000230000;5644627,699300000400000;6,665400909000027;50,929923340000073;0
82997;5200507601200726271;5;3;15;0;2020;5;20;5;3;3;6;1;1;0;0;0;0;0;354586,801199999640000;5641682,963600000400000;6,931664853000029;50,908460828000045;0
83002;5200507601110131201;5;3;15;0;2020;5;2;5;3;0;1;2;1;0;0;0;0;0;355188,352400000210000;5644780,475900000000000;6,938985307000053;50,936448771000073;0
83004;5200512301101057203;5;9;13;0;2020;5;3;3;3;0;2;2;1;1;0;0;0;0;393297,844999999740000;5707671,326999999600000;7,462406444000067;51,510083292000047;0
83006;5200513501222915206;5;1;12;0;2020;5;12;4;3;5;3;0;1;1;0;0;0;0;340062,661000000310000;5702601,960999999200000;6,698130658000025;51,451979825000080;0
83007;5200507313130213687;5;9;58;44;2020;5;12;5;2;0;7;0;1;0;0;0;0;0;437214,917399999690000;5685247,249199999500000;8,099115157000028;51,315062118000071;0
83011;5200511606210732401;5;3;78;32;2020;5;16;2;2;8;1;0;1;0;0;0;0;0;370644,400399999690000;5660053,834899999200000;7,153388454000037;51,077397392000080;0
83013;5200509601200181744;5;3;15;0;2020;5;8;7;3;3;5;0;1;1;0;0;0;0;352206,172500000340000;5643667,554700000200000;6,897023295000054;50,925690907000046;0
83014;5200508310230680466;5;9;54;12;2020;5;13;6;3;0;1;0;1;0;0;0;0;0;384376,264899999830000;5685677,003300000000000;7,341072602000054;51,310641385000054;0
83017;5200509405232376095;5;7;54;32;2020;5;14;7;3;5;3;0;1;1;0;0;0;0;460807,604500000370000;5741423,678899999700000;8,431349947000058;51,822269222000045;0
83020;5200510500100347202;5;1;11;0;2020;5;19;1;3;5;2;0;1;1;0;0;0;0;343683,930999999870000;5677970,559000000400000;6,761020072000065;51,231676323000045;0
83025;5200509610111769731;5;3;70;16;2020;5;11;7;3;5;3;0;1;1;0;0;0;0;300981,353900000450000;5659655,442299999300000;6,160214280000048;51,053894575000072;0
83026;5200508516110167202;5;1;58;32;2020;5;12;6;3;3;2;0;1;1;0;0;0;0;363677,494900000280000;5689333,081299999700000;7,042867408000063;51,338915913000051;0
83028;5200511518200075888;5;1;70;24;2020;5;17;2;2;5;2;0;1;1;0;0;0;0;335939,468600000250000;5702518,486700000200000;6,638880547000042;51,450050298000065;0
83029;5200512602700785834;5;3;62;28;2020;5;19;3;3;5;2;0;1;1;0;0;0;0;346242,689299999740000;5637923,186200000300000;6,814651561000062;50,872512922000055;0
83040;5200511300310424209;5;9;11;0;2020;5;7;2;3;0;1;0;1;0;0;0;0;0;380331,661399999630000;5708963,481799999300000;7,275209297000060;51,519099426000082;1
83041;5200509317110075379;5;9;78;36;2020;5;10;7;3;3;6;0;1;1;0;0;0;0;408025,802000000140000;5710871,144400000600000;7,673736898000072;51,541436890000057;0
83045;5200507600310945208;5;3;14;0;2020;5;12;5;3;0;7;0;1;0;0;0;0;0;364006,577600000430000;5616301,094200000200000;7,074963693000029;50,682632075000072;0
83046;5200508701700187209;5;5;62;16;2020;5;11;6;3;5;2;0;1;0;0;0;0;1;374381,188000000080000;5734050,876000000200000;7,180488896000043;51,743268143000080;0
83050;5200508508000976886;5;1;19;0;2020;5;13;6;3;4;2;0;1;1;0;0;0;0;349497,968100000170000;5703275,008700000100000;6,833532604000027;51,460613952000074;0
83054;5200512601110402202;5;3;15;0;2020;5;14;3;2;4;6;0;1;0;0;0;0;0;356706,550599999730000;5644633,714900000000000;6,960635882000076;50,935509083000056;0
83059;5200509303100077974;5;9;15;0;2020;5;14;7;3;0;7;0;1;1;0;0;0;0;416412,558000000190000;5725572,225999999800000;7,791137834000040;51,674897681000061;0
83063;5200508605132381770;5;3;74;32;2020;5;16;6;3;3;7;0;1;0;0;0;0;0;399651,821200000120000;5639749,903799999500000;7,572933953000074;50,900677897000037;0
83072;5200509606120937201;5;3;78;12;2020;5;16;7;3;0;1;0;1;0;0;0;0;0;374748,698699999600000;5656162,575899999600000;7,213295303000052;51,043333264000069;0
83076;5200507508000956284;5;1;19;0;2020;5;18;5;3;5;2;0;1;1;0;0;0;0;350839,132000000220000;5705106,041999999400000;6,852051174000053;51,477421613000047;0
83079;5200507709700259205;5;5;66;28;2020;5;14;5;3;0;1;0;1;0;0;0;0;0;416199,997700000180000;5790878,266300000300000;7,772123190000059;52,261899888000073;0
83082;5200509301301516207;5;9;78;24;2020;5;18;7;3;5;3;0;1;1;0;0;0;0;397995,794099999590000;5719324,895700000200000;7,526698076000059;51,615700965000030;0
83085;5200513503200544202;5;1;24;0;2020;5;19;4;3;5;3;0;1;1;0;0;0;0;372007,242999999780000;5681288,281999999700000;7,165272438000045;51,268550511000058;0
83086;5200509709500353203;5;5;66;28;2020;5;15;7;2;2;6;0;1;0;0;0;0;0;410901,395999999720000;5789235,991000000400000;7,694940150000036;52,246305949000032;0
83087;5200507600110884201;5;3;14;0;2020;5;7;5;3;5;2;0;1;1;0;0;0;0;366332,938500000160000;5622363,474600000300000;7,105679425000062;50,737660017000053;0
83097;5200507506100462199;5;1;16;0;2020;5;12;5;2;3;6;0;1;0;0;1;0;0;324121,316899999980000;5675331,965199999500000;6,482384748000072;51,202279726000029;0
83099;5200509411220568118;5;7;74;20;2020;5;14;7;3;4;3;0;1;1;0;0;0;0;468685,071000000460000;5734625,684000000400000;8,546255041000052;51,761645537000049;0
83104;5200507601220744201;5;3;15;0;2020;5;17;5;3;5;3;0;1;1;0;0;0;0;359273,661000000310000;5637342,631999999300000;6,999957631000029;50,870615112000053;0
83105;5200513500200326204;5;1;11;0;2020;5;16;4;3;5;2;0;1;0;0;0;0;1;347056,364199999720000;5677754,756999999300000;6,809378662000029;51,230650999000034;0
83108;5200508601310998206;5;3;15;0;2020;5;8;6;3;0;7;0;1;0;1;0;0;0;353577,922399999570000;5646449,464199999300000;6,915410259000055;50,951040717000069;0
83109;5200507301101013200;5;9;13;0;2020;5;18;5;3;1;5;0;1;1;0;0;0;0;394176,468399999660000;5708488,352700000600000;7,474817406000057;51,517592387000036;0
83112;5200509600320306204;5;3;82;72;2020;5;18;7;2;3;2;0;1;1;0;0;0;0;365365,960699999700000;5611809,261399999300000;7,095828858000061;50,642575389000058;0
83114;5200507300812969323;5;9;54;36;2020;5;14;5;3;0;1;0;1;0;0;0;0;0;383634,128700000230000;5701341,706399999600000;7,325297785000032;51,451285691000066;0
83116;5200509405224170362;5;7;54;32;2020;5;10;7;3;4;6;0;1;0;0;0;0;0;461274,466199999680000;5742010,039899999300000;8,438057787000048;51,827573628000039;0
83119;5200510410120040104;5;7;70;32;2020;5;11;1;3;5;3;0;1;1;0;0;0;0;493507,506000000050000;5789409,175899999200000;8,904885431000025;52,255038292000052;0
83121;5200508702100771202;5;5;15;0;2020;5;17;6;3;0;3;0;1;1;0;0;0;0;405702,277200000360000;5753881,491599999400000;7,628587715000037;51,927665323000042;0
83123;5200507300800077963;5;9;54;36;2020;5;11;5;2;5;3;0;1;1;0;0;0;0;381549,877999999560000;5699914,742000000600000;7,295793617000072;51,438028192000047;0
83126;5200512503300881481;5;1;20;0;2020;5;7;3;3;5;3;0;1;1;0;0;0;0;374449,955299999560000;5671184,193600000800000;7,203808248000030;51,178281132000052;0
83127;5200507705000208064;5;5;54;12;2020;5;13;5;3;5;2;0;1;1;0;0;0;0;352594,088999999690000;5746389,085999999200000;6,859891702000027;51,848820068000066;0
83131;5200513410230576228;5;7;70;4;2020;5;8;4;3;5;3;0;1;1;0;0;0;0;486395,157999999820000;5781112,540999999300000;8,801024153000071;52,180316898000058;0
83139;5200507300510866206;5;9;54;36;2020;5;14;5;3;7;1;0;1;0;0;0;0;0;385520,804399999790000;5697627,923000000400000;7,353638721000039;51,418290405000050;0
83143;5200507609224685202;5;3;58;24;2020;5;18;5;2;5;3;0;1;1;0;0;0;0;316153,278800000440000;5644730,386800000400000;6,384001919000070;50,924878412000055;0
83156;5200512601700535204;5;3;16;0;2020;5;18;3;3;0;6;0;1;0;0;0;0;0;363129,094999999740000;5655338,569000000100000;7,047952064000072;51,033277021000060;0
83159;5200507300110710205;5;9;11;0;2020;5;7;5;3;0;1;0;1;0;0;0;0;0;374600,283300000240000;5704427,464700000400000;7,194257739000022;51,477089776000071;0
83160;5200510709700170493;5;5;66;28;2020;5;17;1;3;5;3;0;1;1;0;0;0;0;411788,110999999570000;5793324,179099999400000;7,706855874000041;52,283194500000036;1
83166;5200508608100503206;5;3;34;2;2020;5;22;6;2;0;1;2;1;0;0;0;0;0;295253,568900000300000;5628683,700500000300000;6,095973391000030;50,773724080000079;0
83167;5200513301303483208;5;9;13;0;2020;5;12;4;3;4;2;0;1;1;0;0;0;0;398620,394799999890000;5711749,300100000600000;7,537903716000074;51,547719300000040;0
83173;5200512515111808204;5;1;54;8;2020;5;11;3;2;3;2;0;1;0;0;0;1;0;310343,427000000140000;5746277,625000000000000;6,247216997000066;51,835068208000052;0
83175;5200507709100240203;5;5;66;12;2020;5;12;5;3;5;3;0;1;1;0;0;0;0;404921,249900000170000;5769592,707200000100000;7,612873954000065;52,068750095000041;0
83176;5200510608332652204;5;3;34;32;2020;5;19;1;3;1;5;0;1;0;0;0;0;1;303760,308199999850000;5627377,969699999300000;6,217170189000058;50,764935870000045;0
83177;5200509300312036413;5;9;11;0;2020;5;8;7;3;0;1;0;1;0;0;0;0;0;383404,566200000230000;5702959,936000000700000;7,321461959000033;51,465783001000034;0
83178;5200512301101952209;5;9;13;0;2020;5;9;3;3;5;2;0;1;1;0;0;0;0;392573,402099999600000;5706621,813699999800000;7,452290895000033;51,500512535000041;0
83180;5200507506100111605;5;1;16;0;2020;5;9;5;3;5;2;0;1;1;0;0;0;0;321824,496399999600000;5669975,688100000800000;6,452196779000076;51,153450914000075;0
83181;5200512600140469576;5;3;14;0;2020;5;17;3;3;5;2;0;1;1;0;0;0;0;369890,633999999610000;5623833,656999999700000;7,155551337000077;50,751682328000072;0
83184;5200510702100800208;5;5;15;0;2020;5;12;1;3;5;3;0;1;1;0;0;0;0;413523,891699999570000;5752562,299799999200000;7,742641267000067;51,917077309000035;0
83185;5200509303100061949;5;9;15;0;2020;5;15;7;3;5;3;0;1;0;0;0;0;1;412864,687500000000000;5724410,448899999300000;7,740130543000021;51,663914953000074;0
83188;5200509709700351205;5;5;66;56;2020;5;13;7;3;5;3;0;1;1;0;0;0;0;415919,407499999740000;5801713,633800000000000;7,765305744000045;52,359249658000067;0
83191;5200509601620927203;5;3;15;0;2020;5;20;7;2;5;2;0;1;1;0;0;0;0;363802,291299999690000;5641070,581100000100000;7,062890295000045;50,905204996000066;0
83192;5200508315260960733;5;9;70;32;2020;5;16;6;2;7;5;0;1;1;0;0;0;0;441036,077399999830000;5637430,068600000800000;8,161749024000073;50,885528909000072;0
83195;5200507503400632202;5;1;22;0;2020;5;15;5;2;0;1;0;1;0;0;0;0;0;360923,906399999750000;5669064,637599999100000;7,011235378000038;51,156103051000059;0
83198;5200510515210081605;5;1;54;20;2020;5;10;1;3;5;3;0;1;1;0;0;0;0;323372,627100000160000;5707572,150399999700000;6,455680770000072;51,491667061000044;0
83200;5200511711421576329;5;5;70;20;2020;5;8;2;3;0;3;0;1;0;0;0;1;0;427840,936099999580000;5741545,771800000200000;7,953071225000031;51,820081936000065;0
83202;5200509705000181000;5;5;54;8;2020;5;12;7;3;5;2;0;1;1;0;0;0;0;332944,468899999750000;5745373,482300000300000;6,575359306000053;51,834163416000081;0
83203;5200508601220184206;5;3;15;0;2020;5;10;6;3;5;7;0;1;0;0;0;0;1;355837,039599999790000;5641173,925899999200000;6,949636872000042;50,904199753000057;0
83207;5200513502134581970;5;1;13;0;2020;5;11;4;3;0;6;0;1;0;1;0;0;0;366338,201200000010000;5701696,375700000700000;7,076387119000060;51,450654537000048;0
83209;5200509709100770516;5;5;66;8;2020;5;17;7;3;3;6;0;1;0;0;0;0;0;400415,072700000370000;5782508,848600000100000;7,543373671000040;52,184046740000042;0
83214;5200509601210926204;5;3;15;0;2020;5;21;7;2;3;1;2;1;0;0;0;0;0;351797,245799999680000;5643571,269200000900000;6,891247969000062;50,924720731000036;0
83221;5200510500300320207;5;1;11;0;2020;5;13;1;2;8;1;0;1;0;0;0;0;0;350955,088000000450000;5676459,785700000800000;6,865716725000027;51,220046028000070;0
83223;5200511706300987254;5;5;58;36;2020;5;14;2;3;0;1;0;1;0;0;0;0;0;386694,353699999860000;5727183,386900000300000;7,360987603000069;51,684170334000044;0
83224;5200513405244987081;5;7;54;44;2020;5;16;4;3;3;6;0;1;0;0;0;0;0;468750,974999999630000;5744524,438999999300000;8,546317365000050;51,850648676000048;0
83226;5200508516300576014;5;1;58;28;2020;5;18;6;3;5;2;0;1;0;0;0;0;1;351306,938000000080000;5684879,600400000800000;6,867251836000037;51,295797186000073;0
83231;5200508300410168203;5;9;16;0;2020;5;12;6;3;5;3;0;1;1;0;0;0;0;378064,810200000180000;5712159,923699999200000;7,241446434000068;51,547342458000060;0
83237;5200509518400744423;5;1;70;8;2020;5;14;7;3;6;4;0;1;0;1;0;0;0;347665,830500000160000;5717967,254799999300000;6,800826391000044;51,592134839000039;0
83238;5200508302120429225;5;9;14;0;2020;5;9;6;3;5;3;0;1;1;0;0;0;0;388174,052000000140000;5688762,414000000800000;7,394570301000044;51,339133503000028;0
83241;5200509317140003207;5;9;78;28;2020;5;16;7;3;5;3;0;1;1;0;0;0;0;400140,555999999870000;5700679,035000000100000;7,562953337000067;51,448480949000043;0
83244;5200510407122066205;5;7;62;8;2020;5;13;1;2;0;1;0;1;0;0;0;0;0;526724,783800000320000;5726283,801300000400000;9,386596510000061;51,686880094000060;0
83245;5200508702100264029;5;5;15;0;2020;5;14;6;3;3;2;0;1;1;0;0;0;0;404680,878800000060000;5759559,368200000400000;7,612162796000064;51,978526349000049;0
83248;5200509608100873753;5;3;34;2;2020;5;13;7;3;6;6;0;1;1;1;0;0;0;293123,148299999540000;5627401,313500000200000;6,066519523000068;50,761451079000039;0
83249;5200508513120100443;5;1;62;20;2020;5;13;6;3;1;5;0;1;1;0;0;0;0;326247,354500000370000;5674192,998700000300000;6,513338210000029;51,192698119000056;0
83252;5200512601320251204;5;3;15;0;2020;5;7;3;3;5;2;0;1;1;0;0;0;0;347285,330799999650000;5645224,185100000400000;6,826404818000071;50,938397417000033;0
83261;5200508606110814815;5;3;78;4;2020;5;7;6;3;0;7;0;1;1;0;0;0;0;368911,547600000170000;5651490,062400000200000;7,131764104000069;51,000035956000033;0