OBJECTID;UIDENTSTLAE;ULAND;UREGBEZ;UKREIS;UGEMEINDE;UJAHR;UMONAT;USTUNDE;UWOCHENTAG;UKATEGORIE;UART;UTYP1;ULICHTVERH;IstRad;IstPKW;IstFuss;IstKrad;IstGkfz;IstSonstige;LINREFX;LINREFY;XGCSWGS84;YGCSWGS84;STRZUSTAND
83267;5200513303100577922;5;9;15;0;2020;5;15;4;2;5;3;0;1;0;0;1;0;0;419304,276700000280000;5726256,321499999600000;7,832790955000064;51,681470309000076;0
83273;5200512518300082178;5;1;70;20;2020;5;15;3;3;5;3;0;1;1;0;0;0;0;327954,941700000320000;5708718,285800000700000;6,521062946000029;51,503375924000068;0
83274;5200509500300229206;5;1;11;0;2020;5;17;7;3;4;6;0;1;0;0;0;0;0;351483,231599999590000;5675432,557700000700000;6,873699410000029;51,210953024000048;0
83275;5200507709700381515;5;5;66;20;2020;5;17;5;3;5;2;0;1;1;0;0;0;0;409690,158400000070000;5807444,034700000700000;7,672312678000026;52,409763304000080;0
83278;5200509301501523201;5;9;13;0;2020;5;19;7;3;8;1;0;1;1;0;0;0;0;389469,177899999540000;5706462,886600000800000;7,407636039000067;51,498485534000054;0
83282;5200509709700011896;5;5;66;56;2020;5;10;7;3;3;2;0;1;0;0;1;0;0;419094,471699999650000;5796501,409700000700000;7,813174320000030;52,312877395000044;0
83286;5200509601410978207;5;3;15;0;2020;5;17;7;2;0;1;0;1;0;0;0;0;0;356497,299100000410000;5651739,000099999800000;6,954856697000025;50,999311004000049;0
83288;5200506702100768301;5;5;15;0;2020;5;13;4;3;5;2;0;1;0;0;0;0;1;406309,736200000160000;5756677,391200000400000;7,636657817000071;51,952898851000043;0
83293;5200514500300380206;5;1;11;0;2020;5;6;5;3;5;3;0;1;1;0;0;0;0;344574,251400000420000;5674491,514399999800000;6,775269989000037;51,200658967000038;0
83297;5200519601500572549;5;3;15;0;2020;5;11;3;3;4;6;0;1;0;0;0;0;0;359821,878999999720000;5647480,673000000400000;7,003848433000030;50,961860697000077;0
83301;5200516300120693204;5;9;11;0;2020;5;14;7;3;5;2;0;1;1;0;0;0;0;375868,186900000090000;5708471,161299999800000;7,211083353000049;51,513711538000052;0
83302;5200519405220678034;5;7;54;20;2020;5;19;3;3;5;3;0;1;1;0;0;0;0;447921,069400000390000;5748181,449899999400000;8,243373895000048;51,881971764000070;0
83304;5200514500200610205;5;1;11;0;2020;5;19;5;3;1;5;0;1;1;0;0;0;0;345274,891800000330000;5682615,185100000400000;6,781781520000038;51,273843565000050;0
83308;5200514500200386705;5;1;11;0;2020;5;16;5;3;5;2;0;1;0;0;0;1;0;346234,625000000000000;5679738,732000000800000;6,796766329000036;51,248257157000069;0
83312;5200518518100086021;5;1;70;48;2020;5;18;2;2;3;1;0;1;0;0;0;0;0;338215,306300000290000;5729255,509800000100000;6,659293952000041;51,690914449000047;0
83313;5200514500200069461;5;1;11;0;2020;5;10;5;2;0;5;0;1;1;0;0;0;0;342631,444099999960000;5686265,362600000600000;6,742306433000067;51,305916787000058;0
83320;5200519310220285301;5;9;54;8;2020;5;16;3;2;5;3;0;1;1;0;0;0;0;383722,301099999810000;5684213,870999999300000;7,332170868000048;51,297357182000042;0
83322;5200516602300213206;5;3;62;36;2020;5;18;7;3;0;7;0;1;0;0;0;0;0;342330,808899999600000;5654837,075799999800000;6,751774085000022;51,023441814000080;0
83328;5200516607000776779;5;3;82;56;2020;5;11;7;3;1;1;0;1;0;0;0;0;0;374312,216400000270000;5626055,019700000100000;7,217440711000052;50,772623357000043;0
83329;5200515705000287273;5;5;54;56;2020;5;17;6;3;3;6;0;1;0;0;0;0;0;357214,860500000420000;5762506,026599999500000;6,920245740000041;51,994834455000046;0
83333;5200519711111676726;5;5;70;52;2020;5;13;3;3;4;3;0;1;0;0;0;0;0;430387,131099999880000;5757071,811599999700000;7,986872816000073;51,959979769000029;0
83334;5200515705000087252;5;5;54;48;2020;5;10;6;3;0;3;0;1;1;0;0;0;0;338713,274000000210000;5743087,961699999900000;6,660075516000063;51,815326448000064;0
83336;5200518508111311201;5;1;19;0;2020;5;9;2;3;5;2;0;1;0;0;0;1;0;350841,226999999960000;5705104,729499999400000;6,852081874000021;51,477410372000065;0
83340;5200515705000000484;5;5;54;68;2020;5;10;6;2;5;3;0;1;1;0;0;0;0;349450,334599999710000;5766838,664300000300000;6,805333321000035;52,031709919000036;0
83342;5200517300310782206;5;9;11;0;2020;5;11;1;1;0;1;0;1;0;0;0;0;0;385007,040500000120000;5702726,559699999200000;7,344597086000022;51,464013300000033;0
83346;5200516601310867201;5;3;15;0;2020;5;15;7;3;5;2;0;1;1;0;0;0;0;353534,879999999890000;5646496,127000000300000;6,914779133000025;50,951449122000042;0
83351;5200516405232287107;5;7;54;32;2020;5;20;7;3;5;3;0;1;1;0;0;0;0;457290,826999999580000;5739468,404999999300000;8,380568493000055;51,804432144000032;0
83354;5200518501314986188;5;1;12;0;2020;5;19;2;3;5;3;0;1;1;0;0;0;0;345603,971499999990000;5700212,750499999200000;6,778859452000063;51,432050735000075;0
83356;5200517410110562244;5;7;70;24;2020;5;13;1;3;2;7;0;1;1;0;0;0;0;494217,324699999760000;5795752,343000000300000;8,915175382000030;52,312074543000051;0
83358;5200518700200021207;5;5;13;0;2020;5;13;2;3;4;2;0;1;1;0;0;0;0;364608,338700000200000;5714790,899299999700000;7,046479010000041;51,567917447000070;0
83360;5200517609224585707;5;3;58;24;2020;5;17;1;3;0;3;0;1;1;0;0;0;0;313674,804200000130000;5642227,210200000600000;6,350053307000053;50,901597332000051;0
83366;5200515701110490202;5;5;62;32;2020;5;15;6;3;5;2;0;1;1;0;0;0;0;376606,242499999700000;5718245,726500000800000;7,218283988000053;51,601720128000068;0
83367;5200515701110432204;5;5;62;32;2020;5;12;6;2;5;3;0;1;1;0;0;0;0;375514,293499999680000;5718275,317700000500000;7,202514854000071;51,601745767000068;0
83370;5200515700000980930;5;5;13;0;2020;5;13;6;3;4;2;0;1;1;0;0;0;0;368847,883500000460000;5715838,331599999200000;7,107222444000058;51,578332437000029;0
83376;5200514405228387134;5;7;54;28;2020;5;23;5;3;8;1;2;1;0;0;0;0;0;451732,151200000200000;5743035,599300000800000;8,299457257000029;51,836050956000065;0
83378;5200516405228082151;5;7;54;28;2020;5;23;7;3;0;1;2;1;0;0;0;0;0;452953,114000000060000;5743693,599999999600000;8,317087013000048;51,842070952000029;0
83382;5200517405228154124;5;7;54;28;2020;5;19;1;3;8;1;0;1;0;0;0;0;0;451384,423000000420000;5742863,055999999900000;8,294435108000073;51,834469538000064;0
83385;5200519406150182121;5;7;58;36;2020;5;14;3;3;5;3;0;1;1;0;0;0;0;489404,777999999930000;5777806,127000000300000;8,845143983000071;52,150656035000054;0
83391;5200519500300568203;5;1;11;0;2020;5;7;3;3;5;2;0;1;0;0;0;0;1;343185,851400000040000;5674569,316400000800000;6,755379024000035;51,200978649000035;0
83393;5200515608100934203;5;3;34;2;2020;5;16;6;3;5;3;0;1;0;0;0;0;0;293451,089499999770000;5628363,330800000600000;6,070623254000054;50,770207857000059;0
83395;5200518300310047206;5;9;11;0;2020;5;13;2;3;0;2;0;1;1;0;0;0;0;381752,077999999750000;5703137,032999999800000;7,297624277000068;51,467031843000029;0
83396;5200516514219345202;5;1;66;36;2020;5;19;7;3;5;7;0;1;1;0;0;0;0;326116,065999999640000;5680543,734600000100000;6,508381128000053;51,249711032000050;0
83397;5200515608100571753;5;3;34;2;2020;5;16;6;3;4;2;0;1;1;0;0;0;0;290490,871600000190000;5628469,850999999800000;6,028639179000038;50,770103130000052;0
83398;5200518601620010203;5;3;15;0;2020;5;23;2;3;0;1;2;1;0;0;0;0;0;364347,824500000100000;5634085,673499999600000;7,073235662000059;50,842555890000028;0
83402;5200515608100480801;5;3;34;2;2020;5;13;6;3;5;7;0;1;1;0;0;0;0;291710,258100000210000;5628351,278100000700000;6,045975636000037;50,769477277000078;0
83405;5200515607300999206;5;3;82;36;2020;5;15;6;2;4;6;0;1;0;0;1;0;0;386867,517300000410000;5640922,104599999300000;7,390835509000056;50,908851570000081;0
83406;5200519400200987027;5;7;11;0;2020;5;16;3;3;5;3;0;1;1;0;0;0;0;469958,481599999590000;5765316,181900000200000;8,562030875000062;52,037649012000031;0
83411;5200518702100670512;5;5;15;0;2020;5;15;2;3;1;7;0;1;1;0;0;0;0;406386,591599999930000;5751115,576600000300000;7,639288793000048;51,902919263000058;0
83415;5200519701500244202;5;5;62;24;2020;5;13;3;3;5;3;0;1;1;0;0;0;0;372268,348299999720000;5725510,071900000800000;7,153031818000045;51,666036624000071;0
83417;5200514404101233574;5;7;66;20;2020;5;19;5;2;5;3;0;1;1;0;0;0;0;490194,091300000440000;5754054,779500000200000;8,857361681000043;51,937125501000082;0
83418;5200517516500729201;5;1;58;16;2020;5;19;1;3;5;3;0;1;1;0;0;0;0;357909,420300000350000;5670463,912499999600000;6,967604769000047;51,167937153000082;0
83419;5200515606220986617;5;3;78;8;2020;5;7;6;3;5;3;0;1;1;0;0;0;0;368843,177000000140000;5659679,387299999600000;7,127825604000066;51,073623125000040;0
83422;5200515606100467518;5;3;78;4;2020;5;10;6;3;3;2;0;1;1;0;0;0;0;369247,358099999840000;5649267,500900000300000;7,137347253000030;50,980136524000045;0
83436;5200518701110868209;5;5;62;32;2020;5;9;2;3;5;2;0;1;1;0;0;0;0;375857,890499999750000;5717322,700099999100000;7,207810642000027;51,593260270000030;0
83437;5200514400200387009;5;7;11;0;2020;5;16;5;3;5;2;0;1;1;0;0;0;0;469344,823400000110000;5762657,144200000900000;8,553322999000045;52,013708956000073;0
83438;5200517701800752202;5;5;62;4;2020;5;19;1;3;5;3;0;1;1;0;0;0;0;382722,577300000000000;5714210,868599999700000;7,307904713000028;51,566763063000053;0
83439;5200515601400886598;5;3;15;0;2020;5;20;6;3;0;1;0;1;0;0;0;0;0;354022,202499999660000;5651834,205199999700000;6,919568997000056;50,999543979000066;0
83440;5200519610121185830;5;3;70;12;2020;5;19;3;2;0;2;1;1;1;0;0;0;0;294876,085300000380000;5651656,665300000500000;6,077740779000067;50,979911764000065;0
83441;5200518505200575930;5;1;14;0;2020;5;13;2;2;5;3;0;1;1;0;0;0;0;326161,529199999760000;5692838,139599999400000;6,503042068000070;51,360171714000046;0
83444;5200515601320513204;5;3;15;0;2020;5;14;6;2;2;6;0;1;0;0;0;0;0;351010,353000000120000;5645047,058000000200000;6,879456354000070;50,937780151000027;0
83446;5200519513210561207;5;1;62;24;2020;5;20;3;3;1;1;0;1;1;0;0;0;0;338640,735799999910000;5673681,427200000700000;6,690775631000065;51,191735490000042;0
83451;5200515600130258208;5;3;82;8;2020;5;9;6;2;0;7;0;1;0;0;0;0;0;380452,199400000270000;5612048,497099999300000;7,309015733000024;50,648016533000032;0
83454;5200515600110367202;5;3;14;0;2020;5;17;6;3;2;6;0;1;1;0;0;0;0;366050,719600000420000;5622358,697899999100000;7,101683914000034;50,737552059000052;0
83457;5200516601700861207;5;3;16;0;2020;5;14;7;3;3;2;0;1;1;0;0;0;0;359830,847000000070000;5659602,610099999200000;6,999291772000049;51,070802730000082;0
83464;5200518502407136200;5;1;17;0;2020;5;23;2;3;0;7;2;1;0;1;0;0;0;350273,557699999770000;5698777,137299999600000;6,846590973000048;51,420404200000064;0
83467;5200515516800537200;5;1;58;20;2020;5;20;6;3;5;3;0;1;1;0;0;0;0;357713,831799999810000;5664823,174900000900000;6,967037748000053;51,117197434000047;0
83470;5200516709500042490;5;5;66;60;2020;5;23;7;2;8;3;2;1;1;0;0;0;0;390104,427099999970000;5789492,223600000100000;7,390353964000042;52,244849088000080;0
83471;5200515515110076200;5;1;54;36;2020;5;14;6;2;5;2;0;1;1;0;0;0;0;303765,502999999560000;5741576,731000000600000;6,154528348000042;51,790581629000030;0
83474;5200516516300078610;5;1;58;28;2020;5;22;7;3;0;1;2;1;0;0;0;0;0;351754,251299999650000;5684760,797199999900000;6,873712368000042;51,294846278000080;0
83481;5200519601620186357;5;3;15;0;2020;5;13;3;3;0;7;0;1;0;0;0;0;0;366309,192999999970000;5642706,170199999600000;7,097924921000072;50,920491123000033;0
83486;5200517607121062693;5;3;82;68;2020;5;15;1;3;6;6;0;1;0;1;0;0;0;370621,489500000140000;5629050,758199999100000;7,164070882000033;50,798738204000074;0
83488;5200515513120156203;5;1;62;20;2020;5;14;6;3;5;2;0;1;1;0;0;0;0;326955,303899999710000;5673366,537799999100000;6,523858025000038;51,185488153000051;0
83493;5200515508000369609;5;1;19;0;2020;5;16;6;2;1;1;0;1;0;0;0;0;1;346883,951600000260000;5710762,342700000900000;6,792685443000039;51,527187136000066;0
83499;5200518300110087200;5;9;11;0;2020;5;16;2;3;0;7;0;1;0;0;0;0;0;376128,299800000150000;5703921,218100000200000;7,216426974000058;51,472876591000045;0
83501;5200519709500974669;5;5;66;76;2020;5;9;3;2;5;2;0;1;1;0;0;0;0;393748,342000000180000;5791588,993000000700000;7,443045037000047;52,264408804000027;0
83502;5200518601420826647;5;3;15;0;2020;5;17;2;3;1;5;0;1;1;0;0;0;0;356505,010099999610000;5646427,323400000100000;6,957062889000042;50,951577894000081;0
83504;5200517602700229201;5;3;62;28;2020;5;10;1;2;5;3;0;1;1;0;0;0;0;350629,276700000280000;5637240,743499999900000;6,877230298000029;50,867530405000082;0
83507;5200519601210381775;5;3;15;0;2020;5;16;3;3;7;1;0;1;0;0;0;0;0;354499,024100000040000;5643604,895300000900000;6,929650619000029;50,925710639000044;0
83509;5200516505200593201;5;1;14;0;2020;5;18;7;2;0;7;0;1;0;0;0;0;0;332198,666000000200000;5694484,813999999300000;6,588896319000071;51,376780664000080;0
83510;5200515502401356203;5;1;17;0;2020;5;6;6;3;5;2;0;1;1;0;0;0;0;352990,914499999960000;5699791,348300000700000;6,885223120000035;51,430228838000062;0
83526;5200515500200115206;5;1;11;0;2020;5;8;6;3;6;4;0;1;0;1;0;0;0;347184,284099999820000;5677368,118599999700000;6,811374311000066;51,227211096000076;0
83528;5200518518100586053;5;1;70;48;2020;5;12;2;3;5;3;0;1;1;0;0;0;0;334987,858400000260000;5727015,926899999400000;6,613700773000062;51,669855580000046;0
83534;5200517314310566580;5;9;66;20;2020;5;12;1;2;5;3;0;1;0;0;0;0;0;436113,555999999870000;5667702,815500000500000;8,086443781000071;51,157197729000075;0
83536;5200515411133078092;5;7;74;32;2020;5;18;6;3;5;3;0;1;0;0;0;0;0;485966,355200000110000;5735227,119999999200000;8,796629189000043;51,767753029000062;0
83541;5200518701110011208;5;5;62;32;2020;5;18;2;3;3;2;0;1;1;0;0;0;0;376153,096099999730000;5721051,052500000200000;7,210752973000069;51,626832593000074;0
83545;5200519609108665737;5;3;58;8;2020;5;13;3;3;4;2;0;1;1;0;0;0;0;323967,162999999710000;5626325,092000000200000;6,503915665000022;50,761959116000071;0
83548;5200518702100072420;5;5;15;0;2020;5;16;2;3;5;3;0;1;1;0;0;0;0;406292,694899999540000;5751055,630400000100000;7,637940680000042;51,902364648000059;0
83550;5200517706300187272;5;5;58;28;2020;5;20;1;3;5;3;0;1;1;0;0;0;0;397312,951500000430000;5733520,653200000500000;7,512663728000064;51,743174349000071;0
83565;5200516601410853204;5;3;15;0;2020;5;12;7;3;0;1;0;1;0;0;0;0;0;356132,693500000050000;5648897,246200000900000;6,950789216000032;50,973681794000072;0
83566;5200515400200503754;5;7;11;0;2020;5;13;6;3;5;2;0;1;1;0;0;0;0;470803,607800000350000;5764207,054800000000000;8,574446103000071;52,027722376000042;0
83569;5200517608404582205;5;3;34;4;2020;5;14;1;3;8;6;0;1;1;0;0;0;0;300053,721699999650000;5637686,134600000500000;6,159061250000036;50,856255965000059;0
83570;5200516316100346205;5;9;74;40;2020;5;14;7;3;5;2;0;1;1;0;0;0;0;439642,824000000020000;5713706,083000000600000;8,129094547000022;51,571192036000070;0
83573;5200518502229069208;5;1;13;0;2020;5;12;2;3;0;1;0;1;0;0;0;0;0;358888,327999999750000;5693259,197000000600000;6,972599108000054;51,373028691000059;0
83576;5200515400100087168;5;7;11;0;2020;5;8;6;2;3;6;0;1;0;0;0;1;0;466736,796099999920000;5771439,722799999600000;8,514467654000043;52,092519002000074;0
83577;5200515400100004217;5;7;11;0;2020;5;9;6;2;5;3;0;1;1;0;0;0;0;467315,259100000370000;5765218,525800000900000;8,523506595000072;52,036621504000038;0
83578;5200519500300686738;5;1;11;0;2020;5;15;3;3;0;2;0;1;1;0;0;0;0;347881,205299999560000;5675100,169999999900000;6,822309945000029;51,207018243000050;0
83583;5200517502407736209;5;1;17;0;2020;5;15;1;3;5;2;0;1;1;0;0;0;0;352751,984199999830000;5696915,276799999200000;6,882983210000020;51,404323263000038;0
83590;5200518301306185074;5;9;13;0;2020;5;10;2;3;5;2;0;1;1;0;0;0;0;401682,816999999810000;5712832,384999999800000;7,581752393000045;51,557996955000078;0
83591;5200516518400886207;5;1;70;8;2020;5;10;7;3;0;1;0;1;0;0;0;0;0;346082,891999999990000;5715955,189799999800000;6,778874673000075;51,573626560000037;0
83592;5200515310130544289;5;9;54;20;2020;5;19;6;3;5;3;0;1;0;0;0;0;0;390953,657399999910000;5695007,126900000500000;7,432543862000046;51,395804532000056;0
83598;5200519606100374414;5;3;78;4;2020;5;8;3;3;0;7;0;1;0;0;0;0;0;370201,756900000390000;5647976,270500000600000;7,151396616000056;50,968747077000046;0
83600;5200517405232087134;5;7;54;32;2020;5;13;1;2;5;3;0;1;0;0;0;0;0;462096,101499999870000;5746174,032999999800000;8,449523361000047;51,865067527000065;0
83612;5200518600380771207;5;3;14;0;2020;5;16;2;3;5;3;0;1;1;0;0;0;0;369425,101900000130000;5616765,901300000000000;7,151457225000058;50,688051086000030;0
83616;5200515301301785564;5;9;78;24;2020;5;16;6;3;0;3;0;1;1;0;0;0;0;396139,030799999830000;5720439,463700000200000;7,499559218000059;51,625379677000069;0
83619;5200517605128773859;5;3;74;32;2020;5;0;1;3;0;7;2;1;0;0;0;0;0;396978,316499999720000;5635224,896700000400000;7,536202075000063;50,859528386000079;0
83622;5200519601320767205;5;3;15;0;2020;5;17;3;3;1;5;0;1;1;0;0;0;0;347517,033999999990000;5646336,963400000700000;6,829234299000063;50,948458301000073;0
83623;5200517404101382033;5;7;66;20;2020;5;1;1;3;0;1;2;1;0;0;0;0;0;493421,648099999870000;5757516,571799999100000;8,904243877000056;51,968298058000073;0
83624;5200515300120639202;5;9;11;0;2020;5;18;6;3;1;3;0;1;1;0;0;0;0;375928,097000000070000;5706371,331100000100000;7,212684966000040;51,494852810000054;0
83641;5200519518210478700;5;1;70;28;2020;5;11;3;3;5;2;0;1;1;0;0;0;0;330057,139000000430000;5701745,276000000500000;6,554676202000053;51,441369421000047;0
83642;5200517307200046206;5;9;62;32;2020;5;16;1;3;0;1;0;1;0;0;0;0;0;400825,547199999910000;5673801,179600000400000;7,580289281000034;51,206990492000045;0
83644;5200514709000976750;5;5;66;8;2020;5;11;5;2;0;1;0;1;0;0;0;0;0;399055,277700000440000;5781295,140399999900000;7,523852331000057;52,172891116000073;0
83646;5200517601700142203;5;3;16;0;2020;5;16;1;3;5;3;0;1;1;0;0;0;0;357511,780100000090000;5657353,241699999200000;6,967098468000074;51,050017198000035;0
83648;5200514705000405265;5;5;54;64;2020;5;17;5;3;4;2;0;1;0;0;0;0;0;360502,958100000400000;5751251,130400000100000;6,972672374000069;51,894540398000061;0
83649;5200519601110614204;5;3;15;0;2020;5;20;3;3;9;6;0;1;1;0;0;0;0;354991,757199999880000;5644792,565500000500000;6,936184417000050;50,936508017000051;0
83657;5200513701910349495;5;5;62;8;2020;5;11;4;3;0;1;0;1;0;0;0;0;0;384115,565700000150000;5721162,921000000100000;7,325697016000049;51,629534291000027;0
83659;5200519711111345696;5;5;70;52;2020;5;13;3;2;0;1;0;1;0;0;0;0;0;429407,309999999590000;5757930,319299999600000;7,972438743000055;51,967573840000057;0
83662;5200518508100356200;5;1;19;0;2020;5;15;2;3;5;3;0;1;1;0;0;0;0;350855,393899999560000;5705612,101900000100000;6,852071491000061;51,481973069000048;0
83674;5200518607100170200;5;3;82;28;2020;5;17;2;3;5;2;0;1;1;0;0;0;0;373599,035199999810000;5633549,536699999100000;7,204750742000044;50,839832003000026;0
83675;5200513701500558209;5;5;62;24;2020;5;15;4;3;4;2;0;1;0;0;0;1;0;364045,770299999970000;5725203,425400000100000;7,034327773000030;51,661351819000060;0
83681;5200518608436242205;5;3;34;36;2020;5;7;2;3;0;1;0;1;0;0;0;0;0;296509,180999999870000;5632236,164000000800000;6,111791170000060;50,806071966000047;0
83682;5200513701120485397;5;5;62;32;2020;5;9;4;3;6;4;0;1;0;1;0;0;0;376099,322900000030000;5714863,734899999600000;7,212161987000059;51,571214165000072;0
83692;5200516711212974779;5;5;70;4;2020;5;18;7;3;0;3;0;1;1;0;0;0;0;425292,044400000010000;5735484,523199999700000;7,917402891000052;51,765258349000078;0
83697;5200516518120174808;5;1;70;44;2020;5;15;7;3;5;3;0;1;1;0;0;0;0;339777,402300000190000;5718371,594599999500000;6,686857871000029;51,593579584000054;0
83705;5200518500200513203;5;1;11;0;2020;5;23;2;3;0;7;2;1;0;0;0;0;0;342800,647900000210000;5688013,179099999400000;6,743961444000036;51,321667745000070;0
83706;5200517405224487022;5;7;54;24;2020;5;15;1;2;5;3;0;1;1;0;0;0;0;452993,916000000200000;5738727,966000000000000;8,318353286000047;51,797430370000029;0
83710;5200516307200018201;5;9;62;32;2020;5;14;7;3;1;3;0;1;1;0;0;0;0;405497,611600000410000;5674044,832800000900000;7,647086547000072;51,209973045000027;0
83721;5200518300120138206;5;9;11;0;2020;5;17;2;3;5;3;0;1;1;0;0;0;0;375928,007199999880000;5707220,417300000800000;7,212385080000047;51,502483825000070;0
83722;5200516514211786047;5;1;66;12;2020;5;11;7;3;5;3;0;1;1;0;0;0;0;323658,362200000320000;5695069,941700000300000;6,466017795000028;51,379448846000059;0
83724;5200518601510718206;5;3;15;0;2020;5;11;2;3;0;6;0;1;0;0;0;0;1;360625,542000000370000;5648954,719000000500000;7,014720470000043;50,975303133000068;0
83725;5200513607200803201;5;3;82;20;2020;5;16;4;3;5;2;0;1;1;0;0;0;0;380489,942200000400000;5626372,896700000400000;7,304910642000039;50,776786550000054;0
83727;5200516307000773251;5;9;62;20;2020;5;19;7;3;0;1;0;1;0;0;0;0;0;415498,109799999740000;5671225,922000000300000;7,790882920000058;51,186197932000027;0
83729;5200519601210715202;5;3;15;0;2020;5;17;3;2;6;7;0;1;0;1;0;0;0;356825,769899999720000;5641086,338600000400000;6,963723952000066;50,903658649000079;0
83732;5200519316400684944;5;9;74;44;2020;5;13;3;3;2;6;0;1;1;0;0;0;0;455347,919599999670000;5700386,030099999200000;8,357375645000047;51,452892305000034;0
83738;5200517709100691205;5;5;66;12;2020;5;14;1;2;4;7;0;1;0;0;0;0;0;403021,040699999780000;5773950,704399999200000;7,583920822000039;52,107590648000041;0
83740;5200513606400381759;5;3;78;28;2020;5;16;4;3;0;6;0;1;0;1;0;0;0;375483,683699999940000;5641179,558599999200000;7,228906143000074;50,908822319000080;0
83742;5200514601320952204;5;3;15;0;2020;5;19;5;3;5;2;0;1;1;0;0;0;0;349511,460300000380000;5642602,508500000500000;6,859147708000023;50,915423424000039;0
83748;5200518518400285894;5;1;70;8;2020;5;9;2;2;7;7;0;1;1;0;0;0;1;346261,448499999940000;5713209,879000000700000;6,782649805000062;51,549008962000073;0
83751;5200514601300487659;5;3;15;0;2020;5;8;5;3;5;3;0;1;1;0;0;0;0;352508,407300000080000;5647235,926699999700000;6,899875972000075;50,957835600000067;0
83752;5200514601110543204;5;3;15;0;2020;5;11;5;1;3;2;0;1;0;0;0;1;0;355269,897599999790000;5645231,992799999200000;6,939965731000029;50,940526924000039;0
83758;5200516602800195200;5;3;62;12;2020;5;13;7;3;6;4;0;1;0;1;0;0;0;353040,398000000040000;5630214,723200000800000;6,914288734000024;50,805007064000051;0
83760;5200518701110785383;5;5;62;32;2020;5;14;2;3;5;2;0;1;1;0;0;0;0;377678,309399999680000;5718402,700200000800000;7,233701147000033;51,603364765000038;0
83763;5200514518100876426;5;1;70;48;2020;5;13;5;3;0;1;0;1;1;0;0;0;0;336862,336799999700000;5725828,179899999900000;6,641337825000051;51,659732418000033;0
83768;5200514518100679129;5;1;70;48;2020;5;15;5;3;5;3;0;1;1;0;0;0;0;334674,360100000170000;5726169,117499999700000;6,609572033000063;51,662155995000035;0
83770;5200519506100685888;5;1;16;0;2020;5;16;3;2;1;5;0;1;1;0;0;0;0;322285,254700000400000;5673430,666999999400000;6,457070971000064;51,184631563000039;0
83772;5200519701200270209;5;5;62;20;2020;5;16;3;3;5;2;0;1;1;0;0;0;0;371170,370199999770000;5717570,983200000600000;7,140085339000052;51,594439133000037;0
83776;5200514516110248204;5;1;58;32;2020;5;13;5;3;5;3;0;1;1;0;0;0;0;363409,362099999560000;5688522,889599999400000;7,039331059000062;51,331570594000027;0
83777;5200514515212629662;5;1;54;32;2020;5;15;5;3;5;3;0;1;1;0;0;0;0;307461,716599999930000;5714363,610700000100000;6,223051212000030;51,547469111000055;0
83778;5200519516310348209;5;1;58;28;2020;5;13;3;3;0;1;0;1;0;0;0;0;0;350549,315299999900000;5684913,333699999400000;6,856379050000044;51,295901951000076;0
83780;5200514515210276660;5;1;54;12;2020;5;15;5;3;8;1;0;1;0;0;0;0;0;314730,662100000310000;5710217,589500000700000;6,329945872000053;51,512663088000068;0
83785;5200518608200214200;5;3;34;2;2020;5;8;2;3;6;3;0;1;0;1;0;0;0;299836,317599999720000;5625900,105399999800000;6,162400560000037;50,750321702000065;0
83788;5200514514114394208;5;1;66;24;2020;5;18;5;2;3;6;0;1;1;0;0;0;0;309301,466199999680000;5677458,044199999400000;6,269364208000070;51,216622165000047;0
83789;5200519607000958096;5;3;82;56;2020;5;16;3;3;3;3;0;1;1;0;0;0;0;372495,451500000430000;5626845,951300000800000;7,191413910000051;50,779336011000055;0
83790;5200518502307987207;5;1;13;0;2020;5;11;2;3;3;6;0;1;1;0;0;0;0;359140,075600000100000;5703104,180400000900000;6,972301548000075;51,461560486000053;0
83797;5200514513210998208;5;1;62;24;2020;5;12;5;3;2;6;0;1;0;0;0;0;0;337718,813299999570000;5669322,702099999400000;6,679560894000076;51,152311977000068;0
83804;5200519300500053576;5;9;11;0;2020;5;13;3;3;5;3;0;1;1;0;0;0;0;376423,407599999570000;5702616,138800000800000;7,221130180000046;51,461211803000026;0
83809;5200513516210995203;5;1;58;12;2020;5;16;4;3;0;1;0;1;0;0;0;0;0;356828,439000000250000;5685729,551999999200000;6,946051697000030;51,304850259000034;0
83810;5200517606700786640;5;3;78;20;2020;5;14;1;3;0;1;0;1;0;0;0;0;0;368815,378800000060000;5657801,502100000200000;7,128110099000026;51,056739102000051;0
83815;5200517405236606582;5;7;54;36;2020;5;15;1;3;0;1;0;1;0;0;0;0;0;471942,989699999800000;5749099,306299999400000;8,592286862000037;51,891950566000048;0
83818;5200514501127237205;5;1;12;0;2020;5;14;5;3;5;2;0;1;0;0;0;1;0;346846,673000000420000;5705906,086999999400000;6,794257204000076;51,483543355000052;0
83823;5200518709300731201;5;5;66;76;2020;5;17;2;3;5;3;0;1;1;0;0;0;0;395372,306499999950000;5793955,752499999500000;7,466098155000054;52,285990945000037;0
83827;5200518601310954208;5;3;15;0;2020;5;19;2;3;1;6;0;1;1;0;0;0;0;354344,616000000390000;5645836,967299999700000;6,926562896000064;50,945730655000034;0
83828;5200513514114180207;5;1;66;24;2020;5;12;4;1;1;5;0;1;1;0;0;0;0;311259,008999999610000;5677673,678999999500000;6,297247401000050;51,219209385000056;0
83829;5200517602400162753;5;3;62;32;2020;5;16;1;3;0;7;0;1;0;0;0;0;0;329971,118599999700000;5636290,367100000400000;6,584351971000046;50,853285509000045;0