OBJECTID;UIDENTSTLAE;ULAND;UREGBEZ;UKREIS;UGEMEINDE;UJAHR;UMONAT;USTUNDE;UWOCHENTAG;UKATEGORIE;UART;UTYP1;ULICHTVERH;IstRad;IstPKW;IstFuss;IstKrad;IstGkfz;IstSonstige;LINREFX;LINREFY;XGCSWGS84;YGCSWGS84;STRZUSTAND
84297;5200526601520066023;5;3;15;0;2020;5;20;3;3;5;2;0;1;1;0;0;0;0;358190,309999999590000;5644791,555999999900000;6,981677359000059;50,937294366000060;0
84303;5200524606130786617;5;3;78;20;2020;5;15;1;2;5;3;0;1;0;0;1;0;0;368870,195299999790000;5657286,685100000400000;7,129078357000026;51,052124644000060;0
84304;5200524605131641840;5;3;74;40;2020;5;13;1;3;5;3;0;1;1;0;0;0;0;403480,104000000280000;5648868,183000000200000;7,624943199000029;50,983303927000065;0
84305;5200526503000281585;5;1;22;0;2020;5;10;3;3;3;2;0;1;1;0;0;0;0;361506,779000000100000;5670801,455000000100000;7,018896246000054;51,171852972000067;0
84309;5200526410230530209;5;7;70;4;2020;5;17;3;3;5;2;0;1;1;0;0;0;0;487406,893299999650000;5783138,251800000700000;8,815745799000069;52,198553323000056;0
84311;5200526600110131207;5;3;14;0;2020;5;15;3;3;2;3;0;1;0;0;0;0;0;364703,022199999540000;5621828,624900000200000;7,082790404000036;50,732475425000075;0
84319;5200526501224801206;5;1;12;0;2020;5;17;3;3;0;1;0;1;0;0;0;0;0;338478,005499999970000;5706942,758800000000000;6,673359936000054;51,490529309000067;0
84321;5200524514123888203;5;1;66;20;2020;5;10;1;3;0;1;0;1;0;0;0;0;0;304118,325600000100000;5675718,681800000400000;6,196189734000029;51,199245943000051;0
84322;5200524513210163496;5;1;62;24;2020;5;12;1;3;3;1;0;1;0;0;0;0;0;344752,955000000070000;5669609,257999999400000;6,779934881000031;51,156838231000052;0
84324;5200523301301916204;5;9;78;24;2020;5;15;7;3;5;3;0;1;1;0;0;0;0;398041,333499999720000;5720829,869799999500000;7,526917536000042;51,629236774000049;0
84348;5200524313211378061;5;9;58;12;2020;5;10;1;3;3;6;0;1;0;0;0;0;0;471382,281700000170000;5699536,543199999300000;8,588199687000042;51,446291723000058;0
84350;5200526513340228203;5;1;62;28;2020;5;20;3;2;0;7;0;1;0;0;0;0;0;339562,057199999690000;5657493,746400000500000;6,711151238000070;51,046546755000065;0
84351;5200522709500072447;5;5;66;76;2020;5;14;6;3;5;3;0;1;1;0;0;0;0;392629,669999999930000;5793213,114199999700000;7,426142314000060;52,278787773000033;1
84356;5200522706200581437;5;5;58;20;2020;5;4;6;3;8;1;2;1;0;0;0;0;0;392718,531899999830000;5755472,205299999600000;7,439334579000047;51,939611449000040;0
84357;5200523709500076732;5;5;66;76;2020;5;11;7;3;5;3;0;1;1;0;0;0;0;392781,764999999660000;5794103,059000000400000;7,428087784000070;52,286815517000036;0
84359;5200526502340235209;5;1;13;0;2020;5;15;3;3;0;1;0;1;0;0;0;0;0;362156,219700000250000;5710808,716099999800000;7,012681297000029;51,531538526000077;0
84362;5200523706300287272;5;5;58;24;2020;5;17;7;3;0;1;0;1;0;0;1;0;0;383752,475899999960000;5738166,991000000400000;7,314783300000045;51,782283994000068;0
84366;5200526601400586446;5;3;15;0;2020;5;17;3;2;5;2;0;1;1;0;0;0;0;349822,291500000280000;5660062,565099999300000;6,856346839000025;51,072404495000058;0
84373;5200526410120117271;5;7;70;24;2020;5;11;3;3;5;3;0;1;1;0;0;0;0;489173,686800000260000;5795412,596999999100000;8,841202686000031;52,308943783000075;0
84376;5200523609224785724;5;3;58;24;2020;5;11;7;3;5;3;0;1;1;0;0;0;0;314790,269299999810000;5644767,375299999500000;6,364610403000029;50,924774777000039;0
84377;5200526516400201203;5;1;58;24;2020;5;7;3;3;5;3;0;1;1;0;0;0;0;356857,758000000380000;5676991,994999999200000;6,949969642000042;51,226339162000045;0
84378;5200522701300926177;5;5;62;14;2020;5;9;6;3;5;3;0;1;1;0;0;0;0;360453,519399999640000;5715078,696399999800000;6,986455475000071;51,569490730000041;0
84382;5200528602600111202;5;3;62;20;2020;5;17;5;3;5;3;0;1;1;0;0;0;0;346537,037999999710000;5627885,879100000500000;6,823032834000060;50,782393320000040;0
84383;5200527502407459201;5;1;17;0;2020;5;12;4;3;1;3;0;1;1;0;0;0;0;351766,651899999940000;5697936,407099999500000;6,868400584000028;51,413242118000028;0
84387;5200528307000385309;5;9;62;60;2020;5;12;5;3;3;6;0;1;0;0;0;1;0;410865,294099999590000;5676904,432000000000000;7,723199058000034;51,236543676000053;0
84391;5200527702100579608;5;5;15;0;2020;5;14;4;3;0;3;0;1;1;0;0;0;0;405233,709499999880000;5750571,313400000300000;7,622685990000036;51,897832243000039;0
84393;5200527316500919089;5;9;74;20;2020;5;19;4;3;5;2;0;1;1;0;0;0;0;462147,183199999850000;5725276,745999999300000;8,452543084000070;51,677185625000050;0
84394;5200528601200549814;5;3;15;0;2020;5;11;5;3;3;2;0;1;1;0;0;0;0;353510,265300000090000;5644152,626100000000000;6,915371295000057;50,930382688000066;0
84395;5200528410110076071;5;7;70;24;2020;5;11;5;3;1;5;0;1;0;0;0;0;1;493162,734899999570000;5793118,474400000600000;8,899759374000041;52,288382668000054;0
84404;5200527316100811207;5;9;74;32;2020;5;16;4;3;4;1;0;1;1;0;0;0;0;441957,741999999620000;5704811,505300000300000;8,163959219000049;51,491466475000038;0
84405;5200528516110933208;5;1;58;32;2020;5;17;5;2;3;2;0;1;1;0;0;0;0;364044,737999999900000;5688903,870699999900000;7,048300353000059;51,335146646000055;0
84417;5200527314130314804;5;9;66;28;2020;5;19;4;3;0;1;0;1;0;0;0;0;0;418755,145999999720000;5648308,584799999400000;7,842630031000056;50,980631289000030;0
84421;5200527313231984920;5;9;58;48;2020;5;17;4;3;3;2;0;1;1;0;0;0;0;463055,716500000100000;5678118,302100000900000;8,470611724000037;51,253225987000064;0
84433;5200528310120775695;5;9;54;32;2020;5;14;5;3;5;3;0;1;1;0;0;0;0;386845,588000000450000;5691255,983799999600000;7,374713441000040;51,361283675000038;0
84446;5200527303100577854;5;9;15;0;2020;5;14;4;3;5;3;0;1;1;0;0;0;0;419330,643799999730000;5729170,360899999700000;7,832498337000061;51,707670031000077;0
84448;5200527700100941207;5;5;13;0;2020;5;14;4;3;1;1;0;1;1;0;0;0;0;368729,154400000350000;5711967,875700000700000;7,106955199000026;51,543522104000033;0
84452;5200529500200374207;5;1;11;0;2020;5;15;6;3;0;7;0;1;0;0;0;0;0;348001,362200000320000;5679983,635800000300000;6,821957361000045;51,250931341000069;0
84454;5200528705000287380;5;5;54;4;2020;5;21;5;3;5;2;1;1;1;0;0;0;0;360321,719999999740000;5771086,818000000000000;6,961963817000026;52,072724877000041;0
84458;5200528601320968204;5;3;15;0;2020;5;12;5;3;5;2;0;1;1;0;0;0;0;349451,406999999660000;5644214,189999999500000;6,857628692000048;50,929890863000026;0
84460;5200528301402948205;5;9;13;0;2020;5;11;5;3;5;3;0;1;1;0;0;0;0;398622,882000000220000;5703623,490000000200000;7,540276228000039;51,474678588000074;0
84464;5200527603236791208;5;3;66;36;2020;5;15;4;3;0;6;0;1;1;0;0;0;0;325712,252500000410000;5608556,099199999100000;6,537012106000020;50,602837732000069;0
84468;5200528400300487171;5;7;11;0;2020;5;22;5;3;0;2;2;1;1;0;0;0;0;468532,537600000390000;5758391,240100000100000;8,541879184000038;51,975310113000035;0
84470;5200528300711477627;5;9;16;0;2020;5;18;5;3;0;1;0;1;0;0;0;0;0;375811,271599999630000;5713534,217499999300000;7,208477489000075;51,559202116000051;0
84474;5200527601620597209;5;3;15;0;2020;5;22;4;3;1;5;2;1;1;0;0;0;0;365607,387099999930000;5635029,287499999600000;7,090769212000055;50,851330783000037;0
84485;5200527518100063695;5;1;70;48;2020;5;10;4;3;3;2;0;1;1;0;0;0;0;336103,935200000180000;5727578,586100000900000;6,629561833000025;51,675237038000034;0
84486;5200528300120341204;5;9;11;0;2020;5;18;5;2;6;6;0;1;0;1;0;0;0;374359,695000000300000;5707474,943000000000000;7,189710410000032;51,504424850000078;0
84491;5200527601110573201;5;3;15;0;2020;5;20;4;3;0;1;0;1;0;0;0;0;0;355614,433299999680000;5644713,513399999600000;6,945071809000069;50,935953828000038;0
84492;5200528705000521129;5;5;54;12;2020;5;16;5;1;5;3;0;1;1;0;0;0;0;349629,966000000010000;5748477,127000000300000;6,815982023000061;51,866789878000077;0
84503;5200527516110616207;5;1;58;32;2020;5;9;4;2;5;3;0;1;1;0;0;0;0;364851,229299999770000;5687431,081800000700000;7,060429418000069;51,322103212000059;0
84511;5200527705000365869;5;5;54;8;2020;5;12;4;3;5;3;0;1;1;0;0;0;0;340633,360100000170000;5750918,308299999700000;6,684297692000030;51,886223839000081;0
84514;5200528601210163205;5;3;15;0;2020;5;14;5;3;0;7;0;1;0;0;0;0;0;354255,652900000100000;5644270,315700000200000;6,925924060000057;50,931629150000049;0
84516;5200527514215249603;5;1;66;28;2020;5;17;4;3;4;6;0;1;0;0;0;0;0;322945,026100000370000;5689502,701099999200000;6,458548536000023;51,329215812000029;0
84518;5200529406140874489;5;7;58;32;2020;5;13;6;3;5;3;0;1;1;0;0;0;0;464634,414699999620000;5777337,896999999900000;8,483168224000053;52,145415635000063;0
84521;5200527602250615079;5;3;62;16;2020;5;7;4;3;5;3;0;1;1;0;0;0;0;329638,933000000190000;5644560,826999999600000;6,575780790000067;50,927494759000069;0
84523;5200529410210087042;5;7;70;20;2020;5;13;6;3;3;2;0;1;1;0;0;0;0;475805,837500000370000;5795657,183700000900000;8,645112205000032;52,310716385000035;0
84524;5200526709700087219;5;5;66;28;2020;5;18;3;3;1;5;0;1;1;0;0;0;0;412013,662999999710000;5792216,070800000800000;7,710450612000045;52,273270698000033;0
84527;5200529300120655207;5;9;11;0;2020;5;12;6;3;5;2;0;1;0;0;0;0;1;375911,050999999980000;5707111,644999999600000;7,212179168000034;51,501502528000060;0
84528;5200526709500674762;5;5;66;76;2020;5;17;3;3;0;2;0;1;1;0;0;0;0;394024,214300000110000;5791841,330099999900000;7,447006660000056;52,266729845000043;0
84529;5200528518100279047;5;1;70;48;2020;5;15;5;2;5;3;0;1;1;0;0;0;0;335707,967199999840000;5725363,088600000400000;6,624881769000069;51,655217926000034;0
84531;5200527508000769104;5;1;19;0;2020;5;15;4;3;5;3;0;1;1;0;0;0;0;352655,400000000370000;5711603,660000000100000;6,875471655000069;51,536282182000036;0
84535;5200528606100181261;5;3;78;4;2020;5;16;5;3;5;2;0;1;1;0;0;0;0;367619,949400000270000;5646447,360200000900000;7,115203508000036;50,954418144000044;0
84537;5200527601410559203;5;3;15;0;2020;5;19;4;3;3;3;0;1;0;0;0;0;1;355439,152999999930000;5651097,058199999900000;6,940042353000024;50,993277204000037;0
84540;5200528503400686949;5;1;22;0;2020;5;8;5;3;5;2;0;1;1;0;0;0;0;365745,030199999920000;5669869,995500000200000;7,079833848000021;51,164492469000038;0
84546;5200529503100380860;5;1;24;0;2020;5;8;6;3;4;2;0;1;1;0;0;0;0;370794,933199999850000;5680270,004300000100000;7,148272031000033;51,259125298000072;0
84548;5200529317140592200;5;9;78;28;2020;5;11;6;3;0;3;0;1;0;0;0;0;1;401301,790000000040000;5700349,464900000000000;7,579750674000024;51,445722027000045;0
84552;5200527600130313207;5;3;82;8;2020;5;13;4;3;5;3;0;1;1;0;0;0;0;374073,841500000100000;5612616,565199999100000;7,218647050000072;50,651778972000045;0
84554;5200527506100686214;5;1;16;0;2020;5;14;4;2;3;6;0;1;0;0;0;0;0;317985,185999999750000;5673530,130899999300000;6,395558027000050;51,184172178000040;0
84555;5200528313110373332;5;9;58;4;2020;5;20;5;3;0;7;0;1;0;0;0;0;0;435482,891599999740000;5692794,777699999500000;8,072897812000065;51,382726539000032;0
84557;5200529500200378203;5;1;11;0;2020;5;15;6;3;6;4;0;1;0;1;0;0;0;345826,537399999800000;5679497,373299999200000;6,791027632000066;51,245978282000067;0
84559;5200529502111777683;5;1;13;0;2020;5;9;6;3;5;3;0;1;1;0;0;0;0;361423,626799999740000;5702523,281800000000000;7,005379633000075;51,456904013000042;0
84572;5200527701110044208;5;5;62;32;2020;5;11;4;3;3;2;0;1;1;0;0;0;0;375221,266800000330000;5719099,630799999500000;7,197992672000055;51,609089118000043;0
84574;5200526705000520950;5;5;54;20;2020;5;12;3;2;0;1;0;1;0;0;0;0;1;362173,261599999850000;5786888,853199999800000;6,982552972000065;52,215172844000051;0
84575;5200528600380563206;5;3;14;0;2020;5;19;5;3;5;3;0;1;1;0;0;0;0;369424,878800000060000;5616766,238600000700000;7,151453949000029;50,688054068000042;0
84576;5200528407211578031;5;7;62;4;2020;5;20;5;3;0;6;0;1;1;0;0;0;0;502421,241799999960000;5733370,845200000300000;9,035074995000059;51,751233327000079;0
84578;5200529302000185325;5;9;14;0;2020;5;15;6;3;5;3;0;1;1;0;0;0;0;392103,167700000110000;5693537,753799999100000;7,449507195000024;51,382816710000043;0
84580;5200528601700306200;5;3;16;0;2020;5;19;5;3;4;2;0;1;1;0;0;0;0;363167,417999999600000;5655751,155999999500000;7,048342476000073;51,036994159000074;0
84585;5200528608436762203;5;3;34;36;2020;5;17;5;3;0;1;0;1;0;0;0;0;0;296334,043399999850000;5634156,805199999400000;6,108242882000070;50,823260345000051;0
84589;5200528515111716861;5;1;54;8;2020;5;11;5;2;0;1;0;1;0;0;0;0;0;304505,827399999830000;5749742,879799999300000;6,160638227000050;51,864174377000040;0
84600;5200528711115287328;5;5;70;52;2020;5;13;5;2;2;2;0;1;0;0;1;0;0;436078,338700000200000;5756295,452500000600000;8,069833268000025;51,953683878000049;0
84601;5200526701800818204;5;5;62;4;2020;5;17;3;3;5;2;0;1;1;0;0;0;0;382315,861700000240000;5717947,321300000000000;7,300786872000060;51,600260234000075;0
84604;5200527503400286906;5;1;22;0;2020;5;14;4;3;5;2;0;1;1;0;0;0;0;361072,006799999620000;5670581,779200000700000;7,012765849000061;51,169773331000044;0
84611;5200527518100144082;5;1;70;48;2020;5;20;4;3;5;3;0;1;1;0;0;0;0;334696,012299999590000;5726388,974099999300000;6,609780824000040;51,664137477000054;0
84614;5200527601210457203;5;3;15;0;2020;5;15;4;3;4;6;0;1;0;0;0;0;0;352044,984799999740000;5642477,016400000100000;6,895214339000063;50,914950760000067;0
84621;5200526701400385406;5;5;12;0;2020;5;7;3;3;5;3;0;1;1;0;0;0;0;355510,214499999770000;5713191,798200000100000;6,915952927000035;51,551290635000043;0
84625;5200528302000685314;5;9;14;0;2020;5;11;5;3;5;3;0;1;1;0;0;0;0;396774,040099999870000;5692884,902699999500000;7,516793307000057;51,377817031000063;0
84626;5200529410230640284;5;7;70;4;2020;5;17;6;1;8;7;0;1;1;0;0;0;0;487038,580000000070000;5786436,814999999500000;8,810230579000063;52,228200788000038;0
84631;5200529500200306208;5;1;11;0;2020;5;9;6;3;5;3;0;1;1;0;0;0;0;342796,132600000130000;5687976,036699999100000;6,743913077000059;51,321332772000062;0
84632;5200526700200804208;5;5;13;0;2020;5;12;3;3;0;7;0;1;0;0;0;0;0;369884,425200000410000;5715032,016699999600000;7,122471726000072;51,571326490000047;0
84637;5200528601320359202;5;3;15;0;2020;5;22;5;3;0;1;2;1;0;0;0;0;0;352465,656100000250000;5644949,870500000200000;6,900193834000049;50,937280935000047;0
84638;5200528411232082012;5;7;74;32;2020;5;8;5;3;5;2;0;1;1;0;0;0;0;479481,890599999580000;5732690,204399999200000;8,702809448000039;51,744742967000036;0
84651;5200528405220082006;5;7;54;20;2020;5;12;5;2;1;5;0;1;1;0;0;0;0;451027,654699999840000;5749289,991100000200000;8,288346498000067;51,892219567000041;0
84657;5200528709500469125;5;5;66;76;2020;5;12;5;3;0;3;0;1;1;0;0;0;0;395263,365899999630000;5793948,091099999800000;7,464504026000043;52,285901339000077;0
84661;5200529502209112201;5;1;13;0;2020;5;13;6;3;0;5;0;1;1;0;0;0;0;360991,471699999650000;5700858,376499999300000;6,999817504000021;51,441836692000038;0
84663;5200528400200476295;5;7;11;0;2020;5;18;5;3;0;5;0;1;1;0;0;0;0;470713,347900000400000;5764811,512599999100000;8,573078802000055;52,033152093000069;0
84666;5200526608312168205;5;3;34;12;2020;5;15;3;3;3;2;0;1;1;0;0;0;0;306819,115500000310000;5632757,056399999200000;6,257665446000033;50,814280042000064;0
84668;5200527407101487148;5;7;62;20;2020;5;7;4;2;5;2;0;1;1;0;0;0;0;526123,930399999950000;5735975,923900000800000;9,378632280000034;51,774051961000055;0
84669;5200527601110303200;5;3;15;0;2020;5;12;4;3;0;7;0;1;0;0;0;0;0;356222,532700000330000;5646196,416799999800000;6,953135184000075;50,949432381000065;0
84670;5200528705000287399;5;5;54;8;2020;5;12;5;3;0;2;0;1;1;0;0;0;0;335752,121799999850000;5746210,180500000700000;6,615673915000059;51,842512445000068;0
84674;5200527503400071865;5;1;22;0;2020;5;16;4;3;0;3;0;1;0;0;0;0;1;363211,141300000250000;5672136,076400000600000;7,042753311000070;51,184257390000027;0
84677;5200529310120585213;5;9;54;32;2020;5;18;6;3;0;2;0;1;1;0;0;0;0;386496,620000000110000;5694572,096999999100000;7,368643891000033;51,391020182000034;0
84679;5200528601700586519;5;3;16;0;2020;5;11;5;3;0;1;0;1;0;0;0;0;0;361962,366999999620000;5658532,897099999700000;7,030104925000046;51,061705750000044;0
84680;5200529701910653202;5;5;62;8;2020;5;13;6;3;0;6;0;1;1;0;0;0;0;383825,406000000420000;5720439,501299999700000;7,321746684000061;51,622972593000043;0
84682;5200531601510460206;5;3;15;0;2020;5;0;1;3;0;1;2;1;0;0;0;0;0;364712,321100000290000;5649312,863500000900000;7,072764385000028;50,979496526000048;0
84683;5200531506100485935;5;1;16;0;2020;5;15;1;2;0;1;0;1;0;0;0;0;0;319837,208599999550000;5674847,770400000700000;6,421368686000051;51,196595302000048;0
84686;5200601405108087026;5;7;54;8;2020;6;14;2;3;0;1;0;1;0;0;0;0;0;461513,620000000110000;5754230,664000000800000;8,440164769000035;51,937462248000031;0
84688;5200531503100186739;5;1;24;0;2020;5;22;1;3;5;3;1;1;1;0;0;0;0;370751,777599999680000;5680983,186699999500000;7,147396151000066;51,265525165000042;0
84689;5200529701300729205;5;5;62;14;2020;5;21;6;3;3;2;1;1;1;0;0;0;0;358930,349399999720000;5714676,044099999600000;6,964653824000038;51,565493502000038;0
84692;5200531502407271200;5;1;17;0;2020;5;11;1;2;0;7;0;1;0;0;0;0;0;353322,307199999690000;5697274,808700000900000;6,891028220000067;51,407701711000072;0
84695;5200601501318885885;5;1;12;0;2020;6;18;2;3;0;4;0;1;0;1;0;0;0;343765,599499999550000;5698429,756400000300000;6,753220469000041;51,415526782000029;0
84698;5200601314110752003;5;9;66;24;2020;6;14;2;2;0;7;0;1;1;0;1;0;0;419872,066200000230000;5658044,724300000800000;7,856385678000038;51,068322267000042;0
84700;5200601605144341849;5;3;74;44;2020;6;13;2;2;8;7;0;1;0;0;0;0;0;403064,983599999920000;5640912,314899999600000;7,621149026000069;50,911711154000045;0
84701;5200531502146085368;5;1;13;0;2020;5;14;1;3;1;5;0;1;1;0;0;0;0;367843,292700000110000;5700221,163899999100000;7,098585805000027;51,437750303000030;0
84706;5200531701500947203;5;5;62;24;2020;5;20;1;3;1;5;0;1;1;0;0;0;0;374392,777700000440000;5725761,339299999200000;7,183643440000026;51,668773662000035;0
84710;5200601500300753204;5;1;11;0;2020;6;13;2;3;0;1;0;1;0;0;0;0;0;342445,595999999900000;5674355,850999999800000;6,744885563000025;51,198856953000075;0
84711;5200601601400558628;5;3;15;0;2020;6;13;2;3;0;7;0;1;0;0;0;0;0;355701,956399999560000;5650613,289899999300000;6,943976827000029;50,988995666000051;0
84712;5200531410210663201;5;7;70;20;2020;5;20;1;2;8;1;0;1;0;0;0;0;0;477332,354100000110000;5797731,198699999600000;8,667363438000052;52,329427582000051;0
84715;5200529700200095203;5;5;13;0;2020;5;10;6;3;5;3;0;1;1;0;0;0;0;367667,830199999730000;5716211,812100000700000;7,090061403000050;51,581412955000076;0
84717;5200531601410568200;5;3;15;0;2020;5;14;1;3;0;1;0;1;0;0;0;0;0;355665,974299999890000;5650699,462600000200000;6,943430255000067;50,989761055000031;0
84720;5200529610113085861;5;3;70;24;2020;5;13;6;2;5;3;0;1;1;0;0;0;0;287667,913900000040000;5658250,667500000400000;5,971344306000049;51,036513091000074;0
84722;5200531405244778112;5;7;54;44;2020;5;10;1;3;5;3;0;1;0;0;1;0;0;466319,305200000290000;5748018,579700000600000;8,510674227000038;51,881922484000029;0
84728;5200601705000781131;5;5;54;12;2020;6;0;2;3;0;7;2;1;0;0;0;0;0;350265,564500000330000;5744027,157800000200000;6,827133342000025;51,826979109000035;0
84731;5200601518200285979;5;1;70;24;2020;6;15;2;3;4;6;0;1;0;0;0;0;0;334157,838700000200000;5701772,095200000300000;6,613613299000065;51,442825763000030;0
84732;5200531400100587168;5;7;11;0;2020;5;20;1;2;0;3;0;1;1;0;0;0;0;468679,961400000380000;5765178,748400000900000;8,543404807000059;52,036342650000051;0
84733;5200601301202666992;5;9;13;0;2020;6;19;2;3;5;2;0;1;1;0;0;0;0;392870,236499999650000;5709236,462600000200000;7,455771181000046;51,524070494000057;0
84737;5200531601220582208;5;3;15;0;2020;5;16;1;3;4;2;0;1;1;0;0;0;0;358091,054700000210000;5639401,170399999200000;6,982362087000070;50,888826295000058;0
84741;5200601406120178028;5;7;58;16;2020;6;10;2;3;7;7;0;1;0;0;0;0;0;476853,240899999630000;5779812,539899999300000;8,661560889000043;52,168311322000079;0
84744;5200601407243278051;5;7;62;24;2020;6;15;2;2;5;2;0;1;0;0;0;0;1;511672,385099999610000;5739985,395300000900000;9,169312523000031;51,810590055000034;0
84745;5200601513320045201;5;1;62;4;2020;6;16;2;3;3;6;0;1;0;0;0;0;0;348161,109100000000000;5663522,724800000000000;6,831198708000045;51,103060137000057;0
84746;5200531300410793205;5;9;16;0;2020;5;15;1;2;5;3;0;1;1;0;0;0;0;370890,490799999800000;5709707,632400000500000;7,138934568000025;51,523708055000043;0
84749;5200529608200998204;5;3;34;2;2020;5;14;6;3;5;3;0;1;1;0;0;0;0;297506,723100000060000;5629628,046000000100000;6,127367977000063;50,782996612000034;0
84751;5200531600350925208;5;3;82;32;2020;5;15;1;3;0;1;0;1;0;0;0;0;0;361888,397199999540000;5610653,250099999800000;7,047105421000026;50,631371500000057;0
84754;5200530709700242411;5;5;66;28;2020;5;0;7;2;0;1;2;1;0;0;0;0;0;413520,503999999720000;5793777,517000000900000;7,732128795000051;52,287544565000076;0
84757;5200530709700125207;5;5;66;28;2020;5;13;7;2;5;3;0;1;1;0;0;0;0;410817,001000000160000;5788367,857000000800000;7,693933475000051;52,238489275000063;0
84760;5200531702100830204;5;5;15;0;2020;5;15;1;3;0;7;0;1;0;0;0;0;0;412319,016499999910000;5752446,248800000200000;7,725156637000055;51,915845731000047;0
84761;5200530709000160719;5;5;66;24;2020;5;12;7;3;0;1;0;1;0;0;0;0;0;383350,220399999990000;5775418,375800000500000;7,296312049000051;52,116981726000063;0
84765;5200530705000187386;5;5;54;12;2020;5;15;7;3;3;6;0;1;0;0;0;0;0;347988,788099999540000;5744616,981599999600000;6,793861186000072;51,831663611000067;0
84769;5200530701920814201;5;5;62;28;2020;5;14;7;3;5;2;0;1;1;0;0;0;0;381098,208999999800000;5722059,921000000100000;7,281818307000037;51,636966487000052;0
84771;5200601602800985834;5;3;62;12;2020;6;17;2;3;0;7;0;1;1;0;0;0;0;351711,137600000020000;5632657,470699999500000;6,894449604000045;50,826620641000034;0
84774;5200530701700791200;5;5;62;16;2020;5;12;7;3;5;3;0;1;1;0;0;0;0;374259,176900000310000;5733957,994100000700000;7,178756175000046;51,742406066000058;0
84775;5200529603116671615;5;3;66;16;2020;5;14;6;2;0;1;0;1;0;0;0;0;0;348410,045699999670000;5613417,037000000500000;6,855527137000024;50,652860093000072;0
84779;5200529602100295208;5;3;62;8;2020;5;14;6;3;5;3;0;1;1;0;0;0;0;341687,149500000290000;5650960,141000000800000;6,744294666000030;50,988428698000064;0
84780;5200530701300787203;5;5;62;14;2020;5;11;7;3;5;2;0;1;1;0;0;0;0;361493,951999999580000;5713404,221000000800000;7,002117975000033;51,554700162000074;0
84783;5200530701200854205;5;5;62;20;2020;5;22;7;3;0;1;1;1;0;0;0;0;0;372684,720300000160000;5715933,764699999200000;7,162529675000030;51,580069791000028;0
84785;5200601601620686206;5;3;15;0;2020;6;0;2;3;0;6;2;1;1;0;0;0;0;366826,633700000120000;5636933,289300000300000;7,107387293000045;50,868725589000064;0
84786;5200530701120867203;5;5;62;32;2020;5;19;7;3;5;3;0;1;1;0;0;0;0;376182,451000000350000;5716112,162000000500000;7,212920756000074;51,582452332000059;0
84788;5200530700200198202;5;5;13;0;2020;5;16;7;3;2;6;0;1;0;0;0;0;0;364664,947200000290000;5716643,283800000300000;7,046581559000060;51,584577271000057;0
84794;5200601701930585435;5;5;62;36;2020;6;20;2;2;3;2;0;1;0;0;0;0;0;388620,338000000450000;5720323,549799999200000;7,391020892000029;51,622899875000030;0
84796;5200601411224137696;5;7;74;20;2020;6;14;2;2;5;3;0;1;1;0;0;0;0;477020,153699999680000;5738712,331900000600000;8,666754985000068;51,798793300000057;0
84797;5200601516310378208;5;1;58;28;2020;6;14;2;3;0;1;0;1;0;0;0;0;0;349356,400399999690000;5684317,377200000000000;6,839533132000042;51,290232535000030;0
84798;5200530609128688450;5;3;58;28;2020;5;16;7;2;8;1;0;1;0;0;0;0;0;321017,723000000230000;5622729,275800000900000;6,463883931000055;50,728751879000072;0
84799;5200601300310846209;5;9;11;0;2020;6;9;2;3;0;1;0;1;0;0;0;0;0;375687,315200000070000;5698368,612199999400000;7,212031483000033;51,422876262000045;0
84802;5200530608416084202;5;3;34;16;2020;5;11;7;3;4;7;0;1;1;0;0;0;0;297542,210699999700000;5641300,504699999500000;6,121423737000043;50,887844273000042;0
84804;5200530608332280782;5;3;34;32;2020;5;12;7;3;0;5;0;1;1;0;0;0;0;303086,180999999870000;5629841,779699999800000;6,206303545000026;50,786837824000031;0
84805;5200601307000830087;5;9;62;44;2020;6;14;2;3;8;7;0;1;0;0;0;0;0;405543,497200000100000;5688112,790599999900000;7,644025256000020;51,336445445000038;0
84809;5200531600110928205;5;3;14;0;2020;5;15;1;3;5;3;0;1;1;0;0;0;0;365578,573900000190000;5623358,367499999700000;7,094631934000063;50,746427922000066;0
84810;5200530608100115206;5;3;34;2;2020;5;16;7;3;0;1;0;1;0;0;0;0;0;292022,716300000440000;5625056,154100000900000;6,052261738000027;50,739995982000039;0
84811;5200601610000785745;5;3;70;20;2020;6;13;2;3;0;1;0;1;0;0;0;0;0;309644,739000000060000;5658451,630999999100000;6,284312464000038;51,046018236000066;0
84813;5200601407123376276;5;7;62;8;2020;6;15;2;3;0;1;0;1;0;0;0;0;0;520264,482400000100000;5719670,550400000100000;9,292760947000033;51,627688282000065;0
84814;5200601503300986887;5;1;20;0;2020;6;18;2;3;5;7;0;1;1;0;0;0;0;374958,944500000220000;5671068,749099999700000;7,211126498000056;51,177355080000041;0
84815;5200530607100524484;5;3;82;40;2020;5;10;7;3;5;3;0;1;1;0;0;0;0;382282,647900000210000;5632642,502299999800000;7,328315700000076;50,833510546000070;0
84816;5200531605152986473;5;3;74;52;2020;5;14;1;2;0;1;0;1;0;0;0;0;0;390609,378100000320000;5669486,590600000700000;7,435411663000025;51,166341983000052;0
84818;5200530606400566050;5;3;78;28;2020;5;11;7;3;0;1;0;1;0;0;0;0;0;369246,927400000390000;5641071,132799999800000;7,140283437000051;50,906468790000076;0