OBJECTID;UIDENTSTLAE;ULAND;UREGBEZ;UKREIS;UGEMEINDE;UJAHR;UMONAT;USTUNDE;UWOCHENTAG;UKATEGORIE;UART;UTYP1;ULICHTVERH;IstRad;IstPKW;IstFuss;IstKrad;IstGkfz;IstSonstige;LINREFX;LINREFY;XGCSWGS84;YGCSWGS84;STRZUSTAND
84821;5200531600110926207;5;3;14;0;2020;5;15;1;3;0;1;0;1;0;0;0;0;0;364843,597799999640000;5622204,831499999400000;7,084643281000069;50,735889453000027;0
84829;5200601405220087107;5;7;54;20;2020;6;19;2;3;5;2;0;1;1;0;0;0;0;444389,925699999560000;5750547,725999999800000;8,191695585000048;51,902904105000061;0
84832;5200529601620116209;5;3;15;0;2020;5;19;6;3;0;2;0;1;1;0;0;0;0;364232,693900000300000;5638482,719300000000000;7,069969967000077;50,882047823000050;0
84833;5200530603140881234;5;3;66;40;2020;5;12;7;3;5;3;0;1;1;0;0;0;0;347401,778199999590000;5623661,508400000600000;6,837042038000050;50,744659452000064;0
84838;5200601501319007204;5;1;12;0;2020;6;20;2;2;0;1;0;1;0;0;0;0;0;343550,592000000180000;5696641,581599999200000;6,750919768000074;51,399400861000061;0
84839;5200601602400485812;5;3;62;32;2020;6;17;2;3;4;6;0;1;0;0;0;0;0;340942,809700000100000;5637651,369699999700000;6,739504314000044;50,868636377000030;0
84852;5200530601110282202;5;3;15;0;2020;5;12;7;3;0;2;0;1;1;0;0;0;0;355289,027599999680000;5645349,788100000500000;6,940191040000059;50,941590326000039;0
84854;5200530601110268204;5;3;15;0;2020;5;10;7;3;0;3;0;1;1;0;0;0;0;356174,686599999670000;5644622,366499999500000;6,953075985000055;50,935274700000036;0
84856;5200601601400886534;5;3;15;0;2020;6;12;2;2;0;6;0;1;0;0;0;0;0;355701,225399999880000;5650615,040500000100000;6,943965723000076;50,989011215000062;0
84859;5200601313121669239;5;9;58;32;2020;6;14;2;2;8;1;0;1;0;0;0;0;0;449945,066499999720000;5688005,086200000700000;8,281371490000026;51,341121122000061;0
84861;5200529601310079200;5;3;15;0;2020;5;20;6;3;7;1;0;1;0;0;0;0;0;353643,014700000170000;5646300,943800000500000;6,916396014000043;50,949722551000036;0
84866;5200529601300826491;5;3;15;0;2020;5;9;6;3;5;2;0;1;0;0;1;0;0;353379,548000000420000;5645782,282999999800000;6,912856665000049;50,944994593000047;0
84874;5200530514214062204;5;1;66;8;2020;5;10;7;3;5;3;0;1;1;0;0;0;0;317312,087600000200000;5689588,343699999200000;6,377738801000021;51,328203724000048;0
84875;5200601500200699200;5;1;11;0;2020;6;9;2;3;3;7;0;1;1;0;0;0;0;349271,509899999950000;5678786,303899999700000;6,840647939000064;51,240509557000053;0
84876;5200601518400006205;5;1;70;8;2020;6;23;2;2;8;1;2;1;0;0;0;0;0;345281,223399999550000;5711642,251900000500000;6,769212764000031;51,534656173000030;0
84877;5200530513310978782;5;1;62;8;2020;5;11;7;3;9;1;0;1;0;0;0;0;0;335657,321999999690000;5665369,846999999100000;6,651913195000020;51,116208399000072;0
84879;5200530513120976240;5;1;62;20;2020;5;12;7;3;4;2;0;1;1;0;0;0;0;325689,938900000420000;5674230,040100000800000;6,505350869000040;51,192861148000077;0
84883;5200530506100686224;5;1;16;0;2020;5;8;7;2;5;2;0;1;1;0;0;0;0;319026,109299999660000;5663128,838400000700000;6,415661275000048;51,091066648000037;0
84887;5200601406210582024;5;7;58;4;2020;6;0;2;3;1;5;2;1;1;0;0;0;0;472728,128100000320000;5781947,401900000900000;8,601075560000027;52,187316288000034;0
84888;5200530506100085935;5;1;16;0;2020;5;15;7;3;5;3;0;1;1;0;0;0;0;321650,576299999840000;5669183,575600000100000;6,450104884000041;51,146280915000034;0
84894;5200529601110958205;5;3;15;0;2020;5;14;6;3;0;2;0;1;1;0;0;0;0;356087,224000000390000;5644640,703900000100000;6,951824824000028;50,935417677000032;0
84895;5200530502215230207;5;1;13;0;2020;5;19;7;3;0;1;0;1;0;0;0;0;0;358367,489400000310000;5699084,202899999900000;6,962796181000044;51,425243689000069;0
84901;5200529601100072079;5;3;15;0;2020;5;11;6;3;3;6;0;1;0;0;0;0;0;355643,343000000340000;5644711,232999999100000;6,945483879000051;50,935940571000060;0
84914;5200530411232887061;5;7;74;32;2020;5;10;7;3;0;1;0;1;0;0;0;0;0;478207,326000000350000;5731505,435000000500000;8,684422774000041;51,734042314000078;0
84921;5200531701400958203;5;5;12;0;2020;5;20;1;2;5;3;0;1;1;0;0;0;0;360267,427099999970000;5711384,861899999900000;6,985239583000066;51,536251559000050;0
84925;5200601500300086944;5;1;11;0;2020;6;17;2;3;5;2;0;1;1;0;0;0;0;350563,742499999700000;5668223,634700000300000;6,863542494000058;51,145934087000057;0
84926;5200601601110893204;5;3;15;0;2020;6;19;2;3;3;6;0;1;0;0;0;0;0;357171,872000000440000;5642970,856000000600000;6,967905386000041;50,920680487000027;0
84932;5200601313232484920;5;9;58;20;2020;6;11;2;3;3;6;0;1;1;0;0;0;0;475584,174899999980000;5660645,890599999600000;8,651319151000052;51,096787154000026;0
84934;5200529516720108207;5;1;58;8;2020;5;15;6;2;0;7;0;1;0;0;0;0;0;361415,931599999780000;5676650,374900000200000;7,015339519000065;51,224394040000050;0
84936;5200531700200220205;5;5;13;0;2020;5;1;1;2;8;7;2;1;0;0;0;0;0;367183,735000000340000;5713314,989000000100000;7,084173578000048;51,555266528000061;0
84938;5200529515210085983;5;1;54;12;2020;5;14;6;3;0;1;0;1;0;1;0;0;0;315998,566100000400000;5711278,269200000900000;6,347643753000057;51,522604467000065;0
84939;5200601705000176745;5;5;54;68;2020;6;12;2;3;5;3;0;1;1;0;0;0;0;341753,752700000070000;5769584,585500000000000;6,691959968000049;52,054235761000029;0
84942;5200601518120285941;5;1;70;44;2020;6;16;2;3;5;2;0;1;1;0;0;0;0;341669,587000000290000;5718132,782999999800000;6,714259644000038;51,591968936000058;0
84948;5200530316100263327;5;9;74;32;2020;5;23;7;3;8;1;2;1;0;0;0;0;0;436568,745500000190000;5703953,908600000700000;8,086500364000074;51,483177220000073;0
84949;5200531516800312208;5;1;58;20;2020;5;18;1;2;0;1;0;1;0;0;0;0;0;356099,594399999830000;5667260,241000000400000;6,943016602000057;51,138695026000050;0
84950;5200530315150180413;5;9;70;44;2020;5;12;7;2;8;1;0;1;0;0;0;0;0;435885,466599999930000;5628910,123900000000000;8,090027345000067;50,808372260000056;0
84953;5200531516500310200;5;1;58;16;2020;5;16;1;3;5;3;0;1;1;0;0;0;0;355976,887000000100000;5668187,608999999200000;6,940892888000064;51,146997936000048;0
84957;5200601407130277576;5;7;62;8;2020;6;17;2;3;0;1;0;1;0;0;0;0;0;526808,894799999890000;5730486,217599999200000;9,388136423000049;51,724660868000058;0
84958;5200601506100186027;5;1;16;0;2020;6;14;2;3;1;5;0;1;1;0;0;0;0;314417,574099999850000;5675907,890300000100000;6,343338637000045;51,204383534000044;0
84959;5200530313231984920;5;9;58;48;2020;5;17;7;3;0;1;0;1;0;0;0;0;0;463879,737700000410000;5667782,702999999700000;8,483459556000071;51,160343003000037;0
84960;5200531706300187405;5;5;58;36;2020;5;15;1;3;8;1;0;1;0;0;0;0;0;389980,496299999770000;5726088,392599999900000;7,408847998000056;51,674982025000077;0
84962;5200529514117045555;5;1;66;16;2020;5;16;6;3;5;3;0;1;1;0;0;0;0;307838,095599999650000;5691121,412300000000000;6,241089356000032;51,338851421000072;0
84964;5200531514220081207;5;1;66;36;2020;5;12;1;3;5;3;0;1;1;0;0;0;0;321269,897400000130000;5682179,414799999400000;6,438195782000037;51,262906547000057;0
84965;5200601606100076548;5;3;78;4;2020;6;14;2;3;3;2;0;1;1;0;0;0;0;367946,896599999630000;5649000,505999999100000;7,118928992000065;50,977440072000036;0
84969;5200529514113285867;5;1;66;32;2020;5;7;6;3;5;2;0;1;1;0;0;0;0;316114,778400000180000;5684693,544399999100000;6,363095034000025;51,283850430000030;0
84972;5200601406110687082;5;7;58;12;2020;6;18;2;3;7;1;0;1;0;0;0;0;0;476207,703599999660000;5772953,816600000500000;8,652602426000044;52,106619954000053;0
84974;5200530301502949204;5;9;13;0;2020;5;6;7;2;5;3;0;1;1;0;0;0;0;390745,361499999650000;5704651,799100000400000;7,426574482000035;51,482454960000041;0
84975;5200529513120581042;5;1;62;20;2020;5;17;6;3;5;3;0;1;0;0;1;0;0;329439,406999999660000;5675181,595000000700000;6,558506743000066;51,202541254000039;0
84976;5200530301101981206;5;9;13;0;2020;5;14;7;3;1;7;0;1;1;0;0;0;0;394126,862099999560000;5708131,587700000000000;7,474209897000037;51,514376305000042;0
84979;5200529508111061207;5;1;19;0;2020;5;21;6;3;0;3;1;1;1;0;0;0;0;350747,611499999650000;5705177,766699999600000;6,850703952000060;51,478041952000069;0
84983;5200530300120692204;5;9;11;0;2020;5;16;7;3;5;2;0;1;1;0;0;0;0;375874,221800000410000;5708490,666200000800000;7,211163411000030;51,513888161000068;0
84984;5200601315110585248;5;9;70;40;2020;6;16;2;2;0;1;0;1;0;0;0;0;0;429651,992999999780000;5642390,244999999200000;7,998977175000050;50,928853024000034;0
84986;5200529508103049207;5;1;19;0;2020;5;15;6;3;6;4;0;1;0;1;0;0;0;351646,943599999880000;5704904,455700000700000;6,863759770000058;51,475822674000028;0
84991;5200601706100376624;5;5;58;16;2020;6;11;2;2;9;7;0;1;0;0;0;0;0;380639,864699999800000;5739854,976299999300000;7,269101577000072;51,796798940000031;0
84994;5200529506100303205;5;1;16;0;2020;5;15;6;3;5;2;0;1;1;0;0;0;0;320294,471300000320000;5671439,827800000100000;6,429610547000038;51,166125200000067;0
84997;5200601601510853200;5;3;15;0;2020;6;16;2;3;1;5;0;1;1;0;0;0;0;362599,163099999540000;5648216,922199999900000;7,043094258000053;50,969146611000042;0
85000;5200529709700369049;5;5;66;56;2020;5;15;6;3;0;7;0;1;0;0;0;0;0;417005,976200000380000;5796263,898099999900000;7,782603584000071;52,310430795000059;0
85001;5200529505200072016;5;1;14;0;2020;5;17;6;3;0;7;0;1;0;0;0;0;0;330625,002999999560000;5690530,794800000300000;6,568189232000066;51,340791156000080;0
85003;5200531609108865737;5;3;58;8;2020;5;20;1;2;0;1;0;1;0;0;0;0;0;323150,826100000180000;5627767,387599999100000;6,491658846000064;50,774668838000082;0
85004;5200529709100111200;5;5;66;80;2020;5;15;6;2;5;3;0;1;1;0;0;0;0;405639,277599999680000;5781428,685799999200000;7,620063866000066;52,175256651000041;0
85005;5200529505100876432;5;1;14;0;2020;5;13;6;3;0;7;0;1;0;0;0;0;0;328657,683199999850000;5689356,011900000300000;6,540536237000026;51,329647753000074;0
85009;5200601516120390208;5;1;58;32;2020;6;14;2;2;0;1;0;1;0;0;0;0;0;367046,660899999550000;5688397,132700000000000;7,091557508000051;51,331302492000077;0
85011;5200601300110176201;5;9;11;0;2020;6;21;2;2;0;1;1;1;0;0;0;0;0;377029,837399999610000;5703019,871799999800000;7,229714742000056;51,464972425000042;0
85012;5200529705000415757;5;5;54;12;2020;5;22;6;2;7;1;2;1;0;0;0;0;0;349944,652999999930000;5745436,846999999100000;6,821868836000022;51,839558668000052;0
85014;5200601600140013208;5;3;14;0;2020;6;11;2;3;4;7;0;1;1;0;0;0;0;369202,765999999830000;5622837,901000000500000;7,146159058000023;50,742577701000073;0
85020;5200531514217085975;5;1;66;36;2020;5;15;1;3;0;2;0;1;1;0;0;0;0;328519,461000000130000;5681994,152699999500000;6,542090515000041;51,263469001000033;0
85021;5200529702100804207;5;5;15;0;2020;5;20;6;3;3;2;0;1;1;0;0;0;0;405723,748900000010000;5753793,796499999200000;7,628923913000051;51,926880713000060;0
85023;5200529702100794204;5;5;15;0;2020;5;15;6;3;0;1;0;1;0;0;0;0;0;405574,321399999780000;5754356,275100000200000;7,626597088000040;51,931911214000081;0
85025;5200601406210987030;5;7;58;4;2020;6;15;2;3;0;1;0;1;0;0;0;0;0;474906,899000000210000;5785155,317600000600000;8,632707513000071;52,216260382000030;0
85026;5200529702100557491;5;5;15;0;2020;5;22;6;3;4;1;2;1;0;0;0;0;0;406477,680800000210000;5756264,820499999400000;7,639213203000054;51,949218728000062;0
85028;5200531706000581060;5;5;58;16;2020;5;19;1;3;5;3;0;1;1;0;0;0;0;381770,661399999630000;5744189,949899999400000;7,284012207000046;51,835998438000047;0
85029;5200529702100364215;5;5;15;0;2020;5;8;6;3;5;3;0;1;0;0;0;0;0;406384,718500000420000;5757328,532199999300000;7,637571178000030;51,958764247000033;0
85030;5200529503400680999;5;1;22;0;2020;5;12;6;3;5;3;0;1;0;0;0;0;0;360280,720200000330000;5665619,881300000500000;7,003380244000027;51,124988977000044;0
85036;5200602600140219206;5;3;14;0;2020;6;12;3;3;0;1;0;1;0;0;0;0;1;369650,534599999900000;5620739,602800000500000;7,153243920000023;50,723818396000070;0
85037;5200604702100987204;5;5;15;0;2020;6;15;5;3;0;7;0;1;0;0;0;0;0;407163,647099999710000;5756899,567099999600000;7,649019801000065;51,955039082000042;1
85038;5200603608100601209;5;3;34;2;2020;6;8;4;3;3;2;0;1;1;0;0;0;0;294578,234000000170000;5628079,582000000400000;6,086745264000058;50,768059617000063;0
85047;5200602500200119205;5;1;11;0;2020;6;17;3;3;5;3;0;1;0;0;0;0;1;349640,061400000010000;5677516,721300000300000;6,846456726000042;51,229198623000059;0
85049;5200603518401682195;5;1;70;36;2020;6;17;4;3;4;3;0;1;1;0;0;0;0;353195,299999999810000;5729755,569000000100000;6,875645809000048;51,699524682000060;0
85055;5200605406210087123;5;7;58;4;2020;6;19;6;3;9;1;0;1;0;0;0;0;0;471399,492999999780000;5784395,399000000200000;8,581434556000033;52,209257491000074;1
85056;5200602500200115209;5;1;11;0;2020;6;17;3;3;5;6;0;1;0;0;0;0;0;347961,904799999670000;5682051,997300000900000;6,820513276000042;51,269506269000033;0
85057;5200602607100637054;5;3;82;40;2020;6;14;3;3;5;7;0;1;1;0;0;0;0;382194,544499999840000;5636936,348999999500000;7,325683478000030;50,872089527000071;0
85060;5200602500200074618;5;1;11;0;2020;6;14;3;2;0;7;0;1;0;0;0;0;0;344716,155399999580000;5682423,786000000300000;6,773860812000066;51,271971806000067;0
85067;5200602500100586833;5;1;11;0;2020;6;9;3;3;5;3;0;1;1;0;0;0;0;346377,685899999920000;5675541,270899999900000;6,800614025000073;51,210579384000027;0
85068;5200602506100686224;5;1;16;0;2020;6;15;3;3;1;5;0;1;1;0;0;0;0;322236,212000000290000;5669660,064500000300000;6,458233720000067;51,150743567000063;0
85069;5200602602700673791;5;3;62;28;2020;6;7;3;3;4;7;0;1;0;0;0;0;0;350560,735200000000000;5639285,733999999200000;6,875421139000025;50,885890009000036;0
85074;5200602411224887071;5;7;74;24;2020;6;11;3;3;5;3;0;1;1;0;0;0;0;478428,008299999870000;5739876,046399999400000;8,687098390000074;51,809312487000057;0
85075;5200602606100281786;5;3;78;4;2020;6;10;3;3;5;2;0;1;1;0;0;0;0;369243,927699999880000;5649446,036000000300000;7,137234183000032;50,981740378000040;0
85077;5200603705000187399;5;5;54;8;2020;6;7;4;2;5;3;0;1;1;0;0;0;0;331646,883000000380000;5745901,836999999400000;6,556287524000027;51,838520078000045;0
85079;5200604601210002209;5;3;15;0;2020;6;10;5;3;3;2;0;1;1;0;0;0;0;355133,247299999930000;5641355,159499999100000;6,939562139000032;50,905652303000068;0
85081;5200603501322612202;5;1;12;0;2020;6;16;4;3;0;3;0;1;1;0;0;0;0;346726,597000000070000;5695975,195000000300000;6,796828419000065;51,394280219000052;0
85088;5200602506100499200;5;1;16;0;2020;6;14;3;3;4;1;0;1;0;0;0;0;1;322870,523900000380000;5671645,831499999400000;6,466316353000025;51,168779269000026;0
85089;5200602601510195201;5;3;15;0;2020;6;9;3;3;5;3;0;1;1;0;0;0;0;365122,680700000380000;5649716,790300000500000;7,078456727000059;50,983223076000058;0
85093;5200602407321066179;5;7;62;12;2020;6;17;3;3;3;2;0;1;1;0;0;0;0;518826,021599999630000;5718069,463600000400000;9,271893721000026;51,613342178000039;0
85100;5200602700200452200;5;5;13;0;2020;6;21;3;2;0;7;1;1;0;0;0;0;0;366929,330699999820000;5714889,499900000200000;7,079910071000029;51,569356043000028;0
85107;5200603606220062871;5;3;78;8;2020;6;12;4;3;5;3;0;1;0;0;0;0;0;369260,022099999710000;5660804,688899999500000;7,133365342000047;51,083832006000080;0
85110;5200603310110887640;5;9;54;16;2020;6;19;4;2;5;2;0;1;1;0;0;0;0;375926,048799999990000;5696904,876700000800000;7,215975675000038;51,409773261000055;0
85112;5200602406230987030;5;7;58;20;2020;6;9;3;3;5;3;0;1;1;0;0;0;0;476133,371000000280000;5783665,362999999900000;8,650764295000045;52,202919491000046;0
85113;5200602608100513206;5;3;34;2;2020;6;17;3;3;3;2;0;1;1;0;0;0;0;292021,699799999590000;5625055,671499999200000;6,052247623000028;50,739991284000041;0
85116;5200602406110387125;5;7;58;12;2020;6;20;3;3;8;1;0;1;0;0;0;0;0;479845,153699999680000;5774525,380500000000000;8,705619916000046;52,120893878000061;0
85118;5200602609108467517;5;3;58;8;2020;6;7;3;3;5;2;0;1;0;0;0;0;1;323042,330099999900000;5632314,756200000600000;6,487931155000069;50,815490100000034;0
85123;5200603601300487652;5;3;15;0;2020;6;19;4;3;7;7;0;1;0;0;0;0;0;354192,209099999630000;5645941,880899999300000;6,924352867000039;50,946634954000046;0
85126;5200605406120482095;5;7;58;16;2020;6;7;6;3;5;3;0;1;1;0;0;0;0;475992,123999999840000;5777021,009999999800000;8,649167725000041;52,143177140000034;1
85130;5200603706200649716;5;5;58;40;2020;6;9;4;3;5;3;0;1;1;0;0;0;0;371412,531800000000000;5763923,308299999700000;7,126385669000058;52,011039363000066;0
85134;5200603502200371497;5;1;13;0;2020;6;20;4;3;5;5;0;1;1;0;0;0;0;356873,950500000270000;5694850,689099999100000;6,943036533000054;51,386825848000058;0
85135;5200604405220066225;5;7;54;20;2020;6;16;5;3;4;2;0;1;1;0;0;0;0;445280,048999999650000;5745952,881999999300000;8,205361075000042;51,861683342000049;1
85137;5200603518302685918;5;1;70;40;2020;6;15;4;2;1;3;0;1;1;0;0;0;0;318336,880400000140000;5720655,836400000400000;6,376465668000037;51,607592613000065;0
85141;5200604404101676248;5;7;66;20;2020;6;9;5;3;0;1;0;1;0;0;0;0;0;490815,265399999920000;5753578,150699999200000;8,866410078000058;51,932850715000029;1
85153;5200604303100575793;5;9;15;0;2020;6;9;5;3;6;4;0;1;0;1;0;0;0;413948,610000000340000;5722322,922100000100000;7,756312514000058;51,645316445000049;1
85156;5200602600310269589;5;3;14;0;2020;6;9;3;3;5;3;0;1;1;0;0;0;0;363780,720399999990000;5617521,360099999200000;7,071318759000064;50,693546855000079;0
85160;5200602317220750202;5;9;78;4;2020;6;17;3;3;5;3;0;1;0;0;1;0;0;403869,671600000000000;5721786,226900000100000;7,610834333000071;51,638859410000066;0
85166;5200603502408070200;5;1;17;0;2020;6;18;4;3;0;3;0;1;1;0;0;0;0;351786,173000000420000;5699354,176999999200000;6,868088233000037;51,425986768000030;0
85167;5200602600110178201;5;3;14;0;2020;6;10;3;3;5;2;0;1;1;0;0;0;0;366334,112900000070000;5622363,544800000300000;7,105696033000072;50,737660918000074;0
85176;5200603602300085797;5;3;62;36;2020;6;20;4;3;4;2;0;1;1;0;0;0;0;345660,299100000410000;5651959,928099999200000;6,800435672000049;50,998491665000074;0
85178;5200604513340881592;5;1;62;28;2020;6;14;5;2;5;3;0;1;1;0;0;0;0;337681,265700000340000;5663276,529899999500000;6,681746842000052;51,097976891000030;0
85186;5200602316200184918;5;9;74;56;2020;6;15;3;3;5;3;0;1;1;0;0;0;0;420588,353000000120000;5706456,026699999300000;7,855841467000062;51,503653002000078;0
85188;5200605301201986207;5;9;13;0;2020;6;14;6;3;5;2;0;1;1;0;0;0;0;392773,308400000450000;5709226,223600000100000;7,454377668000063;51,523960066000029;1
85190;5200602316100363861;5;9;74;40;2020;6;12;3;3;0;2;0;1;0;0;0;0;0;436379,849700000140000;5712749,673800000900000;8,082191948000059;51,562234681000064;0
85191;5200604608200170200;5;3;34;2;2020;6;15;5;3;5;3;0;1;0;0;0;0;0;295491,460799999540000;5628765,998400000900000;6,099297164000063;50,774547136000081;1
85195;5200603300410560204;5;9;16;0;2020;6;19;4;3;5;3;0;1;1;0;0;0;0;376584,250500000080000;5713128,697599999600000;7,219764857000030;51,555727251000064;0
85196;5200605405228937513;5;7;54;28;2020;6;16;6;3;5;3;0;1;1;0;0;0;0;451604,337000000290000;5742972,928999999500000;8,297611124000071;51,835476455000048;0
85197;5200602315240934886;5;9;70;32;2020;6;12;3;3;5;3;0;1;1;0;0;0;0;437173,883000000380000;5640196,184000000400000;8,106373752000025;50,909993469000028;0
85203;5200602607400462693;5;3;82;68;2020;6;12;3;3;3;2;0;1;1;0;0;0;0;369361,067300000230000;5631288,511600000800000;7,145398510000064;50,818568543000026;0
85206;5200602315110386088;5;9;70;40;2020;6;7;3;3;5;3;0;1;1;0;0;0;0;431754,555499999780000;5635830,319499999300000;8,030117266000048;50,870122961000050;0
85208;5200603518100585889;5;1;70;48;2020;6;10;4;3;5;7;0;1;1;0;0;0;0;335195,924899999980000;5725074,354499999400000;6,617622290000043;51,652474148000067;0
85209;5200602516500454202;5;1;58;16;2020;6;6;3;3;0;7;0;1;0;0;0;0;0;357564,068099999800000;5671570,084499999900000;6,962230086000034;51,177791915000057;0
85213;5200604317210029209;5;9;78;20;2020;6;16;5;3;5;3;0;1;1;0;0;0;0;411922,456399999560000;5714997,293600000400000;7,728877446000070;51,579150171000038;1
85216;5200602602700785207;5;3;62;28;2020;6;21;3;3;0;7;1;1;0;0;0;0;0;349856,383100000210000;5638952,059499999500000;6,865551847000063;50,882708844000035;0
85218;5200603701910385483;5;5;62;8;2020;6;10;4;3;5;2;0;1;0;0;0;0;1;384564,120400000360000;5721745,112999999900000;7,331982826000058;51,634859075000065;0
85219;5200602313240469239;5;9;58;40;2020;6;14;3;3;5;3;0;1;1;0;0;0;0;457616,728199999780000;5677329,109400000400000;8,392772315000059;51,245751503000065;0
85226;5200603516110849204;5;1;58;32;2020;6;17;4;3;5;2;0;1;1;0;0;0;0;363311,068300000390000;5689680,539999999100000;7,037476673000072;51,341950434000069;0
85236;5200604705000487340;5;5;54;8;2020;6;17;5;3;5;3;0;1;1;0;0;0;0;335201,693300000390000;5742185,062500000000000;6,609606731000042;51,806191072000047;1
85237;5200603609116177519;5;3;58;16;2020;6;14;4;3;5;3;0;1;1;0;0;0;0;313682,812400000170000;5620412,211999999400000;6,361236030000043;50,705631016000041;0
85238;5200602515000085883;5;1;54;8;2020;6;15;3;3;0;7;0;1;1;0;0;0;0;309282,247999999670000;5746597,608999999200000;6,231657441000039;51,837580604000038;1
85241;5200603406110363719;5;7;58;12;2020;6;23;4;3;9;1;2;1;0;0;0;0;0;477910,649299999700000;5774060,039000000800000;8,677395367000031;52,116636244000063;0
85243;5200602610112785700;5;3;70;8;2020;6;17;3;3;7;1;0;1;1;0;0;0;0;288027,808799999770000;5652473,271900000100000;5,979844534000051;50,984765114000027;0
85247;5200602701300351201;5;5;62;14;2020;6;16;3;3;0;1;0;1;0;0;0;0;0;360693,646599999630000;5716472,587500000400000;6,989365214000031;51,582075712000062;0
85252;5200602600130303203;5;3;82;8;2020;6;18;3;3;0;7;0;1;1;0;0;0;0;382525,090599999760000;5614163,158399999100000;7,337652126000023;50,667447423000056;0
85253;5200604701800945208;5;5;62;4;2020;6;15;5;2;5;2;0;1;1;0;0;0;0;382590,552500000220000;5714776,953900000100000;7,305811582000047;51,571823386000062;1
85257;5200603314220669347;5;9;66;12;2020;6;19;4;3;0;7;0;1;0;0;0;0;0;427208,984100000000000;5668393,715900000200000;7,958992521000027;51,162345829000060;0
85258;5200605407101087158;5;7;62;20;2020;6;16;6;3;5;3;0;1;1;0;0;0;0;526372,662100000310000;5736517,484300000600000;9,382278377000034;51,778909521000060;1
85271;5200603301504011207;5;9;78;24;2020;6;17;4;3;5;3;0;1;1;0;0;0;0;391900,535000000150000;5717202,990000000200000;7,439349320000076;51,595491267000057;0
85274;5200602606500686460;5;3;78;24;2020;6;17;3;3;1;5;0;1;1;0;0;0;0;379682,388100000100000;5643799,182600000900000;7,287734379000028;50,933259551000049;0
85277;5200602301401530207;5;9;13;0;2020;6;15;3;3;0;1;0;1;0;0;0;0;0;397386,750699999740000;5708777,948799999400000;7,520984456000065;51,520787792000078;0
85279;5200603516500967817;5;1;58;16;2020;6;11;4;2;0;3;0;1;0;0;1;0;0;353448,071299999950000;5669849,710100000700000;6,904087114000049;51,161292117000073;0
85291;5200602606100069883;5;3;78;4;2020;6;15;3;2;4;2;0;1;1;0;0;0;0;367411,568900000300000;5649774,464999999900000;7,111025438000070;50,984273123000037;0
85293;5200603705000115785;5;5;54;44;2020;6;14;4;2;9;1;0;1;0;0;0;0;0;367220,408300000240000;5745555,687300000300000;7,072426622000023;51,845001653000054;0
85294;5200602301201785577;5;9;13;0;2020;6;14;3;3;0;6;0;1;1;0;0;0;0;390205,809000000360000;5710436,130000000800000;7,417006197000035;51,534341682000047;0
85296;5200603514114977593;5;1;66;24;2020;6;10;4;3;5;2;0;1;1;0;0;0;0;309804,548999999650000;5676424,752000000300000;6,277107011000055;51,207508905000054;0
85306;5200604705000187350;5;5;54;20;2020;6;12;5;3;2;6;0;1;1;0;0;0;0;366217,998499999750000;5783902,716900000300000;7,042899516000034;52,189338153000051;1
85310;5200604709500072447;5;5;66;60;2020;6;14;5;3;0;2;0;1;0;0;0;0;0;387928,360000000340000;5788240,905999999500000;7,358909985000025;52,233164827000053;1
85311;5200603701500472201;5;5;62;24;2020;6;12;4;3;5;3;0;1;1;0;0;0;0;370503,517799999560000;5726261,536699999100000;7,127248846000043;51,672385836000046;0
85312;5200604600110770201;5;3;14;0;2020;6;19;5;3;0;7;0;1;0;0;0;0;0;365251,975999999790000;5622053,042999999600000;7,090482633000022;50,734620083000038;1
85313;5200603503100086772;5;1;24;0;2020;6;13;4;3;3;6;0;1;1;0;0;0;0;369682,996299999770000;5679720,179800000000000;7,132545406000077;51,253930762000039;0
85321;5200604701120947206;5;5;62;32;2020;6;15;5;3;0;2;0;1;1;0;0;0;0;376190,471499999990000;5716078,882300000600000;7,213048192000031;51,582155002000036;1
85324;5200603307000431695;5;9;62;16;2020;6;16;4;3;0;3;0;1;1;0;0;0;0;414239,774500000290000;5693238,313799999700000;7,767596430000026;51,383901606000052;0
85328;5200602300110179208;5;9;11;0;2020;6;17;3;3;1;5;0;1;1;0;0;0;0;375919,027900000100000;5704814,124800000300000;7,213101704000053;51,480855633000033;0
85337;5200603601100186456;5;3;15;0;2020;6;8;4;3;5;3;0;1;0;0;0;0;0;355882,926799999550000;5644651,241200000000000;6,948915077000038;50,935461357000065;0
85342;5200602606200676548;5;3;78;12;2020;6;17;3;3;3;5;0;1;1;0;0;0;0;374167,806300000290000;5654405,665100000800000;7,205623400000036;51,027415155000028;0
85347;5200602608100505203;5;3;34;2;2020;6;16;3;3;5;2;0;1;1;0;0;0;0;293976,160699999890000;5628151,014799999100000;6,078178604000073;50,768487702000073;0
85352;5200603518200085874;5;1;70;24;2020;6;17;4;3;0;2;0;1;1;0;0;0;0;337726,684999999590000;5700644,789000000800000;6,665437550000036;51,433731314000056;0
85358;5200602603228486306;5;3;66;28;2020;6;16;3;2;5;3;0;1;1;0;0;0;0;329911,078999999910000;5612188,525900000700000;6,594627280000054;50,636714586000039;0
85364;5200603500200430202;5;1;11;0;2020;6;15;4;2;5;3;0;1;1;0;0;0;0;348005,201799999920000;5679980,872199999200000;6,822013511000023;51,250907532000042;0
85366;5200602701400226201;5;5;12;0;2020;6;10;3;3;5;2;0;1;1;0;0;0;0;356420,487700000410000;5710074,726900000100000;6,930344290000051;51,523513645000037;0