OBJECTID;UIDENTSTLAE;ULAND;UREGBEZ;UKREIS;UGEMEINDE;UJAHR;UMONAT;USTUNDE;UWOCHENTAG;UKATEGORIE;UART;UTYP1;ULICHTVERH;IstRad;IstPKW;IstFuss;IstKrad;IstGkfz;IstSonstige;LINREFX;LINREFY;XGCSWGS84;YGCSWGS84;STRZUSTAND
85368;5200603502134946206;5;1;13;0;2020;6;11;4;2;5;2;0;1;1;0;0;0;0;368320,561999999920000;5702492,167999999600000;7,104603390000023;51,458270697000046;0
85369;5200604405108076206;5;7;54;8;2020;6;13;5;3;3;2;0;1;1;0;0;0;0;457516,099000000390000;5749306,213999999700000;8,382626536000032;51,892897798000035;0
85373;5200601706300187272;5;5;58;4;2020;6;18;2;2;0;1;0;1;0;0;0;0;0;407568,832399999720000;5732335,304999999700000;7,661480366000035;51,734305074000076;0
85380;5200603502406071209;5;1;17;0;2020;6;17;4;3;4;6;0;1;0;0;0;0;0;353540,902400000020000;5697426,805900000000000;6,894106191000049;51,409124020000036;0
85382;5200603406110887080;5;7;58;12;2020;6;7;4;3;0;3;0;1;1;0;0;0;0;473850,395600000400000;5769766,278500000000000;8,618428095000070;52,077855586000055;0
85384;5200602610113185861;5;3;70;24;2020;6;7;3;3;5;3;0;1;1;0;0;0;0;285711,615000000220000;5657601,517999999200000;5,943866189000062;51,029957929000034;0
85396;5200610516500160201;5;1;58;16;2020;6;13;4;3;5;2;0;1;1;0;0;0;0;355590,003999999720000;5670197,076999999600000;6,934559023000077;51,164958370000079;0
85401;5200605709800323203;5;5;66;44;2020;6;17;6;3;8;1;0;1;0;0;0;0;0;426104,798799999990000;5779111,992100000400000;7,919791536000048;52,157552390000035;1
85403;5200608601210506201;5;3;15;0;2020;6;14;2;3;5;3;0;1;1;0;0;0;0;354706,467000000180000;5643073,683000000200000;6,932811943000047;50,920989043000077;0
85408;5200608518300082219;5;1;70;20;2020;6;8;2;3;0;1;0;1;0;0;0;0;0;328455,463800000030000;5707694,576799999900000;6,528765263000025;51,494331708000061;0
85409;5200610411224582046;5;7;74;24;2020;6;19;4;2;3;6;0;1;0;0;0;0;0;477097,266699999570000;5741401,771299999200000;8,667695442000024;51,822977476000062;0
85413;5200609705000670620;5;5;54;8;2020;6;14;3;3;5;3;0;1;1;0;0;0;0;335201,974999999630000;5742186,566999999800000;6,609610098000076;51,806204670000056;0
85416;5200609609108873819;5;3;58;8;2020;6;17;3;3;0;5;0;1;1;0;0;0;0;320658,144399999640000;5630386,431099999700000;6,455062944000076;50,797432888000060;0
85419;5200610602100485762;5;3;62;8;2020;6;17;4;3;0;1;0;1;0;0;0;0;0;335419,914699999620000;5644297,776300000000000;6,658087506000072;50,926809445000060;1
85427;5200605706000451312;5;5;58;24;2020;6;6;6;3;4;2;0;1;1;0;0;0;0;392175,594999999740000;5736410,288000000600000;7,437386172000061;51,768181356000071;0
85429;5200609602200864381;5;3;62;4;2020;6;17;3;3;0;7;0;1;1;0;0;0;0;329677,926199999640000;5651323,353000000100000;6,573170555000047;50,988264202000039;0
85432;5200610600360904207;5;3;82;12;2020;6;14;4;3;2;2;0;1;1;0;0;0;0;356628,275799999940000;5624911,633099999300000;6,967242924000061;50,758246277000069;0
85434;5200608502100286130;5;1;13;0;2020;6;10;2;3;0;7;0;1;0;0;0;0;0;366312,315399999730000;5701760,356499999800000;7,075990629000046;51,451223405000064;0
85435;5200605705000987233;5;5;54;20;2020;6;7;6;3;5;3;0;1;1;0;0;0;0;366764,362999999900000;5784899,230000000400000;7,050495468000065;52,198424540000076;0
85445;5200608411232887019;5;7;74;32;2020;6;15;2;3;5;3;0;1;1;0;0;0;0;479637,287100000310000;5737372,837099999200000;8,704785727000058;51,786851120000051;0
85449;5200609601410353208;5;3;15;0;2020;6;17;3;3;4;6;0;1;0;0;0;0;0;352230,708700000310000;5651204,142999999200000;6,894311892000076;50,993424690000040;0
85455;5200605702100072467;5;5;15;0;2020;6;19;6;3;0;3;1;1;1;0;0;0;0;407194,418200000190000;5761114,229199999900000;7,648327808000033;51,992927693000070;1
85458;5200608405228087107;5;7;54;28;2020;6;17;2;3;0;5;0;1;1;0;0;0;0;451704,640200000260000;5745081,419299999300000;8,298772258000042;51,854441569000073;0
85463;5200605701800058201;5;5;62;4;2020;6;9;6;2;5;3;0;1;1;0;0;0;0;382493,774899999610000;5715629,398700000700000;7,304130585000053;51,579464716000075;0
85465;5200609518100986053;5;1;70;48;2020;6;13;3;2;5;2;0;1;1;0;0;0;0;334684,675999999980000;5726964,119400000200000;6,609344967000027;51,669301040000050;0
85469;5200609301202079201;5;9;13;0;2020;6;22;3;2;0;1;2;1;0;0;0;0;0;393578,805599999610000;5713217,258400000600000;7,464777139000034;51,559985589000064;1
85471;5200605701700011204;5;5;62;16;2020;6;7;6;2;5;2;0;1;1;0;0;0;0;377257,387699999850000;5737195,113099999700000;7,221016602000020;51,772162789000049;0
85474;5200609700200187205;5;5;13;0;2020;6;19;3;3;5;3;0;1;1;0;0;0;0;367486,088999999690000;5715052,001000000200000;7,087877481000021;51,570947499000056;0
85475;5200608400100203237;5;7;11;0;2020;6;15;2;3;3;2;0;1;1;0;0;0;0;468684,400700000110000;5765185,936300000200000;8,543468865000023;52,036407525000072;0
85478;5200605701110219200;5;5;62;32;2020;6;15;6;3;5;3;0;1;1;0;0;0;0;375910,319699999880000;5717172,333900000900000;7,208620316000065;51,591920452000068;1
85479;5200609502407221208;5;1;17;0;2020;6;14;3;3;5;6;0;1;0;0;0;0;0;352326,724499999550000;5696469,258800000000000;6,877059303000067;51,400204919000032;0
85480;5200605701110104202;5;5;62;32;2020;6;11;6;3;5;3;0;1;1;0;0;0;0;375236,185700000260000;5719951,015200000300000;7,197904948000030;51,616743904000032;0
85481;5200609701500786129;5;5;62;24;2020;6;14;3;3;5;3;0;1;1;0;0;0;0;367180,784599999900000;5723484,602800000500000;7,080280012000060;51,646655380000027;0
85483;5200608316200984984;5;9;74;56;2020;6;14;2;2;5;3;0;1;1;0;0;0;0;424732,987300000150000;5704810,998700000300000;7,915896233000069;51,489431222000064;0
85502;5200608301501489207;5;9;13;0;2020;6;11;2;2;3;2;0;1;0;0;0;1;0;390080,844600000420000;5710881,148399999400000;7,415066272000047;51,538317291000055;0
85505;5200608301201654203;5;9;13;0;2020;6;19;2;3;5;2;0;1;1;0;0;0;0;394212,993099999610000;5709355,073000000800000;7,475083391000055;51,525389750000045;0
85511;5200610601210578205;5;3;15;0;2020;6;8;4;3;0;5;0;1;1;0;0;0;0;354510,748100000430000;5643568,467299999700000;6,929831860000036;50,925386227000047;0
85513;5200609404302587178;5;7;66;8;2020;6;18;3;2;0;1;0;1;0;0;0;0;0;477112,107400000100000;5768441,773399999400000;8,666110505000063;52,066091816000039;0
85516;5200608300410643204;5;9;16;0;2020;6;17;2;3;0;1;0;1;0;0;0;0;0;375938,917700000110000;5711698,103599999100000;7,210965511000040;51,542728572000044;0
85518;5200608300310626209;5;9;11;0;2020;6;16;2;3;0;1;0;1;0;0;0;0;0;383564,641300000250000;5704013,238600000700000;7,323418327000070;51,475282959000026;0
85519;5200605608312677545;5;3;34;12;2020;6;15;6;2;5;3;0;1;1;0;0;0;0;309576,318900000300000;5636983,776799999200000;6,294563292000021;50,853160498000079;0
85521;5200609600370682201;5;3;82;4;2020;6;15;3;3;4;6;0;1;0;0;0;0;0;360825,838800000030000;5619882,375700000700000;7,028617844000053;50,714067297000042;0
85522;5200608300110526207;5;9;11;0;2020;6;10;2;2;5;2;0;1;1;0;0;0;0;376714,166000000200000;5704825,430900000000000;7,224542662000033;51,481131118000064;0
85528;5200607711131081020;5;5;70;12;2020;6;9;1;3;4;2;0;1;1;0;1;0;0;439810,840400000100000;5753479,222999999300000;8,124633284000026;51,928782489000071;0
85529;5200607709700042518;5;5;66;48;2020;6;11;1;3;3;1;0;1;0;0;0;0;0;427089,359000000170000;5799620,240599999200000;7,929753763000065;52,342032186000040;1
85530;5200610600110865599;5;3;14;0;2020;6;15;4;3;5;2;0;1;1;0;0;0;0;364823,794999999930000;5621886,633999999600000;7,084479508000072;50,733024923000073;0
85531;5200609313121084943;5;9;58;32;2020;6;9;3;3;5;2;0;1;1;0;0;0;0;449898,865000000220000;5689229,826999999600000;8,280535819000022;51,352129008000077;0
85536;5200607701700285348;5;5;62;16;2020;6;16;1;2;5;3;0;1;1;0;0;0;0;369609,300599999730000;5732157,852299999400000;7,112119963000055;51,725166488000070;0
85539;5200608609108065737;5;3;58;8;2020;6;15;2;2;5;3;0;1;1;0;0;0;0;320068,322599999610000;5632374,191700000300000;6,445727801000032;50,815107842000032;0
85542;5200610502339201206;5;1;13;0;2020;6;15;4;3;5;7;0;1;0;0;0;0;1;364535,784500000070000;5706987,667500000400000;7,048434734000068;51,497776681000062;0
85545;5200609709100570536;5;5;66;12;2020;6;15;3;3;5;3;0;1;0;0;0;0;1;403318,831899999640000;5773161,576300000800000;7,588491696000062;52,100550047000070;0
85549;5200609302120438985;5;9;14;0;2020;6;13;3;3;1;7;0;1;1;0;0;0;0;391860,396599999630000;5690250,553500000400000;7,447019944000033;51,353223103000062;0
85550;5200610300110209203;5;9;11;0;2020;6;12;4;2;0;1;0;1;0;0;0;0;0;374176,064399999570000;5704293,431900000200000;7,188200050000035;51,475790991000054;0
85553;5200605607400166206;5;3;82;68;2020;6;16;6;3;0;7;0;1;0;0;0;0;0;365369,933100000020000;5627500,501299999700000;7,090160750000052;50,783608527000069;1
85554;5200609701400085395;5;5;12;0;2020;6;16;3;3;5;2;0;1;1;0;0;0;0;356031,759999999780000;5708772,535000000100000;6,925276772000075;51,511713454000073;0
85559;5200609513330936207;5;1;62;12;2020;6;8;3;3;0;1;0;1;0;0;0;0;0;322473,948699999600000;5664525,630200000500000;6,464158143000020;51,104692271000033;0
85560;5200607601400877589;5;3;15;0;2020;6;13;1;3;0;7;0;1;0;0;0;0;0;356497,283999999990000;5651738,666699999900000;6,954856613000061;50,999308004000056;0
85561;5200610500300886944;5;1;11;0;2020;6;7;4;3;5;3;0;1;1;0;0;0;0;345765,383000000380000;5675276,094000000500000;6,791968753000049;51,208031611000081;0
85562;5200608702100760729;5;5;15;0;2020;6;16;2;3;5;3;0;1;1;0;0;0;0;409878,451000000350000;5761082,107999999100000;7,687416745000064;51,993081018000055;0
85564;5200607601220815206;5;3;15;0;2020;6;18;1;3;0;1;0;1;0;0;0;0;0;355794,388500000350000;5641181,217599999200000;6,949027800000067;50,904254631000072;0
85566;5200609606110932319;5;3;78;4;2020;6;6;3;2;0;1;0;1;0;0;0;0;0;372358,392500000070000;5647562,453299999200000;7,182240241000045;50,965509626000028;0
85567;5200607601100450801;5;3;15;0;2020;6;0;1;3;6;4;2;1;0;1;0;0;0;355189,679299999960000;5644798,404600000000000;6,938997054000026;50,936610226000028;0
85568;5200607518120144103;5;1;70;44;2020;6;17;1;3;0;6;0;1;0;0;0;0;0;340632,047899999660000;5720120,738199999600000;6,698390950000032;51,609536838000054;0
85572;5200607513310478714;5;1;62;8;2020;6;12;1;3;7;1;0;1;0;0;0;0;0;329037,287600000390000;5661522,332399999700000;6,559239765000029;51,079704964000030;0
85576;5200607503400986949;5;1;22;0;2020;6;15;1;2;2;6;0;1;1;0;0;0;0;369610,223000000230000;5666789,720000000700000;7,136199355000031;51,137702610000076;0
85577;5200610405236206582;5;7;54;36;2020;6;14;4;3;2;7;0;1;0;0;0;0;1;475831,152400000020000;5750786,195499999400000;8,648668548000046;51,907299468000076;0
85579;5200608711141581965;5;5;70;44;2020;6;9;2;3;5;2;0;1;1;0;0;0;0;415878,900100000200000;5759604,451700000100000;7,775150898000049;51,980739836000055;0
85581;5200607411224330208;5;7;74;24;2020;6;17;1;3;4;6;0;1;0;0;0;0;0;478030,499099999670000;5741894,469599999500000;8,681204570000034;51,827444846000049;0
85586;5200607405140187154;5;7;54;40;2020;6;16;1;2;5;3;0;1;1;0;0;0;0;459428,217000000180000;5761448,393999999400000;8,408978468000043;52,002205294000078;0
85587;5200610600380909202;5;3;14;0;2020;6;14;4;3;5;2;0;1;0;0;0;0;1;369534,697200000290000;5616520,256999999300000;7,153094613000064;50,685867748000078;0
85592;5200607400200768097;5;7;11;0;2020;6;17;1;3;5;3;0;1;1;0;0;0;0;470845,146300000140000;5764240,095599999700000;8,575048716000026;52,028021620000061;0
85594;5200610601510774207;5;3;15;0;2020;6;9;4;3;1;3;0;1;1;0;0;0;0;361248,538999999870000;5647819,578999999900000;7,024021989000062;50,965251851000062;0
85597;5200607314310480996;5;9;66;20;2020;6;18;1;2;0;7;0;1;0;0;0;0;0;435667,162200000140000;5664904,200999999400000;8,080561442000033;51,131985037000049;0
85600;5200607313121380571;5;9;58;32;2020;6;15;1;2;9;6;0;1;0;1;0;0;0;443855,525299999860000;5689785,740299999700000;8,193673019000073;51,356562212000028;0
85609;5200609307100842209;5;9;62;24;2020;6;16;3;3;5;3;0;1;1;0;0;0;0;406282,136699999680000;5699864,554300000900000;7,651523463000046;51,442209129000048;0
85616;5200606709300379098;5;5;66;68;2020;6;18;7;3;0;3;0;1;1;0;0;0;0;379340,792299999860000;5784529,002800000800000;7,234546128000034;52,197993556000029;0
85617;5200606709100910023;5;5;66;8;2020;6;12;7;2;9;2;0;1;0;0;0;0;0;399310,680700000380000;5781640,936499999800000;7,527483197000038;52,176045698000053;0
85618;5200605602700514200;5;3;62;28;2020;6;15;6;3;0;1;0;1;0;0;0;0;0;352750,459599999710000;5638374,467000000200000;6,906897196000045;50,878263015000073;1
85621;5200606705000865800;5;5;54;56;2020;6;15;7;3;4;6;0;1;0;0;0;0;0;357472,216099999850000;5762571,539599999800000;6,923964385000033;51,995489200000065;0
85623;5200610515110079015;5;1;54;36;2020;6;5;4;2;5;2;1;1;1;0;0;0;0;301456,805599999610000;5741513,448999999100000;6,121132927000076;51,789198903000056;0
85625;5200609709700042411;5;5;66;56;2020;6;18;3;3;5;3;0;1;1;0;0;0;0;416183,568300000390000;5797436,600400000800000;7,770250950000047;52,320846589000041;0
85628;5200605602400878209;5;3;62;32;2020;6;15;6;3;5;3;0;1;1;0;0;0;0;340792,400999999610000;5637794,163000000600000;6,737306362000027;50,869878070000027;1
85629;5200609701110109200;5;5;62;32;2020;6;13;3;3;3;6;0;1;1;0;0;0;0;372446,879800000230000;5721137,626000000200000;7,157206207000058;51,626782693000052;0
85634;5200609503400586946;5;1;22;0;2020;6;17;3;3;0;2;0;1;1;0;0;0;0;365100,440000000410000;5670776,807000000000000;7,070280064000031;51,172490460000063;0
85635;5200606610112885861;5;3;70;8;2020;6;14;7;3;5;3;0;1;1;0;0;0;0;291025,082999999630000;5653008,745300000500000;6,022179288000075;50,990669462000028;0
85637;5200608701610773202;5;5;62;12;2020;6;15;2;3;5;2;0;1;1;0;0;0;0;359366,388700000010000;5725064,027499999900000;6,966772909000042;51,658947787000045;0
85642;5200610502212985493;5;1;13;0;2020;6;18;4;3;8;1;0;1;0;0;0;0;0;366815,849499999550000;5695785,755599999800000;7,085478742000021;51,397649440000066;0
85646;5200605601420128200;5;3;15;0;2020;6;16;6;3;5;3;0;1;1;0;0;0;0;354896,973799999800000;5647927,798299999900000;6,933586882000043;50,964659655000048;1
85649;5200606606150795208;5;3;78;24;2020;6;17;7;3;5;3;0;1;1;0;0;0;0;379396,457000000400000;5643489,880999999100000;7,283769531000075;50,930419650000033;0
85651;5200605601410895201;5;3;15;0;2020;6;12;6;3;1;6;0;1;1;0;0;0;0;356254,413099999540000;5648380,870999999300000;6,952725883000028;50,969071628000052;1
85652;5200609500200867276;5;1;11;0;2020;6;18;3;3;6;6;0;1;0;1;0;0;0;347177,916299999690000;5679991,408099999700000;6,810163813000031;51,250781117000031;0
85656;5200606605140162201;5;3;74;40;2020;6;15;7;2;0;1;0;1;0;0;0;0;0;407185,541899999600000;5647032,535599999100000;7,678185502000076;50,967410546000053;0
85658;5200605601320109207;5;3;15;0;2020;6;17;6;3;5;3;0;1;1;0;0;0;0;350128,927600000050000;5643370,055900000000000;6,867609924000021;50,922481585000071;1
85661;5200605601310591209;5;3;15;0;2020;6;8;6;3;5;2;0;1;1;0;0;0;0;354781,632000000220000;5646150,696000000500000;6,932654475000049;50,948660297000060;1
85662;5200609605152540053;5;3;74;52;2020;6;16;3;3;5;3;0;1;1;0;0;0;0;385048,125000000000000;5662720,610999999600000;7,358063515000026;51,104434735000041;0
85663;5200606602300875613;5;3;62;36;2020;6;13;7;2;0;1;0;1;0;0;0;0;0;345014,509800000120000;5649793,426699999700000;6,792163736000020;50,978850274000081;0
85664;5200606601610695209;5;3;15;0;2020;6;17;7;3;0;5;0;1;1;0;0;0;0;359663,635300000200000;5644819,477600000800000;7,002622181000049;50,937905731000058;0
85667;5200609406110982066;5;7;58;12;2020;6;12;3;3;5;2;0;1;1;0;0;0;0;477830,468700000080000;5774622,460699999700000;8,676187747000029;52,121689561000039;0
85672;5200606600360087204;5;3;82;12;2020;6;9;7;1;5;3;0;1;1;0;0;0;0;354961,939000000250000;5627400,196000000500000;6,942652251000027;50,780197081000040;0
85676;5200609601400969884;5;3;15;0;2020;6;16;3;3;5;3;0;1;1;0;0;0;0;348405,410000000150000;5656478,862999999900000;6,837638570000024;51,039828851000038;0
85678;5200606518100085915;5;1;70;48;2020;6;11;7;3;0;7;0;1;0;0;0;0;0;336110,310300000010000;5725873,692800000300000;6,630453601000056;51,659922526000059;0
85683;5200606516800406208;5;1;58;20;2020;6;17;7;3;5;3;0;1;1;0;0;0;0;357647,325600000100000;5664788,046299999600000;6,966102025000055;51,116865227000062;0
85684;5200606516500374205;5;1;58;16;2020;6;13;7;3;5;3;0;1;1;0;0;0;0;355867,088000000450000;5669441,709100000600000;6,938821951000023;51,158240196000065;0
85686;5200609313211077857;5;9;58;12;2020;6;16;3;2;3;2;0;1;0;0;0;1;0;470989,423700000160000;5686931,148800000500000;8,583576871000048;51,332928314000071;1
85687;5200606516500357200;5;1;58;16;2020;6;11;7;3;0;2;0;1;1;0;0;0;0;357910,533300000240000;5670463,869200000500000;6,967620695000051;51,167937040000027;1
85689;5200606516300967191;5;1;58;28;2020;6;17;7;3;0;1;0;1;0;0;0;0;0;351298,966699999760000;5684880,158299999300000;6,867137354000022;51,295800118000045;0
85692;5200605600130806200;5;3;82;8;2020;6;6;6;3;0;1;0;1;0;0;0;0;0;374751,191999999810000;5611657,055800000200000;7,228548402000058;50,643300225000075;0
85694;5200609516920983209;5;1;58;26;2020;6;19;3;3;5;3;0;1;1;0;0;0;0;352635,071299999950000;5663704,217900000500000;6,894981856000072;51,105858586000068;0
85696;5200610513330061200;5;1;62;12;2020;6;7;4;3;5;3;0;1;1;0;0;0;0;328540,684000000360000;5665404,917999999600000;6,550313281000058;51,114438442000051;0
85697;5200609300500941940;5;9;11;0;2020;6;15;3;3;0;1;0;1;0;0;0;0;0;376711,966599999930000;5701863,785499999300000;7,225544095000032;51,454512973000078;0
85704;5200606508216495204;5;1;19;0;2020;6;22;7;2;3;6;2;1;0;0;0;0;1;350666,708899999970000;5713461,228499999300000;6,846030548000044;51,552450447000069;0
85716;5200605514114685890;5;1;66;24;2020;6;7;6;3;0;1;0;1;0;0;0;0;0;309217,739400000310000;5677594,699500000100000;6,268094078000047;51,217821628000081;0
85725;5200610602400224214;5;3;62;32;2020;6;15;4;3;5;3;0;1;1;0;0;0;0;337391,424700000320000;5639182,386399999300000;6,688395201000049;50,881405117000043;1
85737;5200610601130890205;5;3;15;0;2020;6;13;4;3;4;6;0;1;0;0;0;0;0;355448,892799999560000;5645728,285100000000000;6,942314778000025;50,945031897000035;0
85739;5200609404101621538;5;7;66;20;2020;6;11;3;3;3;6;0;1;1;0;0;0;0;488877,965300000270000;5754631,194100000000000;8,838198536000050;51,942283302000078;0
85740;5200606404302476064;5;7;66;8;2020;6;16;7;2;0;1;0;1;0;0;0;0;0;481754,803999999540000;5770477,472500000100000;8,733728593000024;52,084566666000057;1
85741;5200610317110551341;5;9;78;36;2020;6;14;4;3;5;3;0;1;1;0;0;0;0;410225,662299999970000;5712691,165100000800000;7,704985438000051;51,558151921000047;0
85747;5200606317220068204;5;9;78;8;2020;6;19;7;2;5;2;0;1;1;0;0;0;0;415294,993999999950000;5715423,009999999800000;7,777434560000074;51,583494127000051;0
85754;5200610518401202187;5;1;70;36;2020;6;15;4;3;5;3;0;1;1;0;0;0;0;353636,798600000330000;5729089,360600000200000;6,882309392000025;51,693653921000077;0
85758;5200610301302485076;5;9;13;0;2020;6;17;4;3;0;7;0;1;0;0;0;0;0;397017,852599999870000;5708736,976600000600000;7,515681236000035;51,520352364000075;0
85763;5200610608408525201;5;3;34;8;2020;6;13;4;3;5;3;0;1;1;0;0;0;0;303150,281999999660000;5645028,695000000300000;6,199046752000072;50,923268481000036;0
85766;5200608706000027144;5;5;58;28;2020;6;16;2;3;5;2;0;1;1;0;0;0;0;399596,298200000080000;5736735,327600000400000;7,544795792000059;51,772483020000038;0
85769;5200612301201884203;5;9;13;0;2020;6;13;6;3;5;3;0;1;0;0;1;0;0;393521,213000000450000;5709315,524199999900000;7,465127192000068;51,524904252000056;0
85772;5200612601400986483;5;3;15;0;2020;6;18;6;2;0;1;0;1;0;0;0;0;0;355955,790000000040000;5649742,911200000000000;6,947936097000024;50,981237367000062;0
85773;5200614709500369125;5;5;66;12;2020;6;19;1;3;0;1;0;1;0;0;0;0;0;401135,287999999710000;5775602,466000000000000;7,555914871000027;52,122102693000045;1
85774;5200613405220879364;5;7;54;20;2020;6;12;7;2;4;6;0;1;0;0;0;0;0;446852,708599999550000;5747703,220000000700000;8,227927429000033;51,877571503000070;0
85777;5200612709000353119;5;5;66;68;2020;6;11;6;3;0;3;0;1;1;0;0;0;0;375636,615299999710000;5786386,203999999900000;7,179694692000055;52,213859452000065;0
85788;5200616502209351477;5;1;13;0;2020;6;9;3;3;0;1;0;1;0;0;0;0;0;360536,680200000290000;5700561,496500000400000;6,993394809000051;51,439057045000027;1
85801;5200615601420681208;5;3;15;0;2020;6;15;2;3;0;1;0;1;0;0;0;0;0;355668,267099999820000;5650693,971500000000000;6,943465083000035;50,989712283000074;0
85805;5200615314310885203;5;9;66;20;2020;6;16;2;3;4;2;0;1;0;0;1;0;0;432072,766999999990000;5666594,173000000400000;8,028879646000064;51,146764464000057;0
85806;5200613601500586583;5;3;15;0;2020;6;10;7;3;5;3;0;1;1;0;0;0;0;362898,436999999920000;5651574,905999999500000;7,046087045000036;50,999397109000029;0
85814;5200614513210390200;5;1;62;24;2020;6;14;1;3;6;6;0;1;0;1;0;0;0;342582,629399999980000;5671684,241599999400000;6,748016079000024;51,174889631000042;0
85816;5200615515110085884;5;1;54;4;2020;6;8;2;3;4;2;0;1;1;0;0;0;0;307284,815999999640000;5738595,662000000500000;6,207148178000068;51,765033097000071;0
85820;5200612601400972535;5;3;15;0;2020;6;17;6;3;5;3;0;1;1;0;0;0;0;350502,773000000040000;5652072,549000000600000;6,869349691000025;51,000782188000073;0
85826;5200612506100404209;5;1;16;0;2020;6;17;6;3;3;6;0;1;1;0;0;0;0;322308,754099999550000;5671806,858400000300000;6,458209616000033;51,170051599000033;0
85835;5200615701800139090;5;5;62;4;2020;6;10;2;3;1;5;0;1;1;0;0;0;0;384487,292000000370000;5709709,884999999800000;7,334832359000075;51,526673160000030;0
85842;5200612601310919203;5;3;15;0;2020;6;13;6;3;2;5;0;1;1;0;0;0;0;354774,787499999630000;5645587,199400000300000;6,932781805000047;50,943594584000039;0
85847;5200612711200158483;5;5;70;20;2020;6;10;6;2;4;2;0;1;1;0;0;0;0;427364,036000000310000;5742625,623999999800000;7,945926751000059;51,829727700000035;0
85850;5200615607000224220;5;3;82;52;2020;6;13;2;3;5;2;0;1;1;0;0;0;0;389956,257600000130000;5633006,144899999700000;7,437133334000066;50,838289433000057;0
85852;5200613301201034205;5;9;13;0;2020;6;11;7;3;1;3;0;1;1;0;0;0;0;393228,051900000310000;5709713,936799999300000;7,460782195000036;51,528430007000054;0
85857;5200613609144805715;5;3;58;44;2020;6;20;7;2;0;1;0;1;0;0;0;0;0;322651,149000000210000;5619591,350299999100000;6,488513118000071;50,701060752000046;0
85861;5200612601200786538;5;3;15;0;2020;6;8;6;2;0;7;0;1;1;0;0;0;0;351738,756000000050000;5643568,260999999900000;6,890417554000067;50,924678670000048;0
85863;5200613404302806656;5;7;66;8;2020;6;17;7;2;8;1;1;1;0;0;0;0;0;481788,927600000050000;5766229,657400000800000;8,734453198000040;52,046376698000074;0
85864;5200611706300874760;5;5;58;28;2020;6;20;5;2;0;7;0;1;0;0;0;0;0;399581,081899999640000;5729781,141000000800000;7,546582683000054;51,709972886000060;0
85873;5200615317140580204;5;9;78;28;2020;6;16;2;3;5;2;0;1;1;0;0;0;0;400156,894999999550000;5700606,477700000600000;7,563208861000021;51,447831614000052;0
85875;5200611706200679103;5;5;58;20;2020;6;12;5;3;5;3;0;1;1;0;0;0;0;394948,433000000190000;5759840,077999999700000;7,470425437000074;51,979294559000039;0
85877;5200616411224587090;5;7;74;24;2020;6;7;3;3;0;2;0;1;1;0;0;0;0;476296,689100000080000;5741518,004699999500000;8,656071818000044;51,823989147000077;0
85878;5200612502209655836;5;1;13;0;2020;6;19;6;3;0;1;0;1;0;0;0;0;0;359631,605000000450000;5700276,810900000900000;6,980494071000067;51,436275249000062;0
85885;5200611705000981237;5;5;54;12;2020;6;17;5;3;3;6;0;1;0;0;0;0;0;353971,004399999980000;5748154,340600000700000;6,879121654000073;51,865042768000080;0
85888;5200614601110803209;5;3;15;0;2020;6;20;1;3;2;6;0;1;1;0;0;0;0;355300,184200000020000;5644127,418999999800000;6,940835126000025;50,930607958000053;0
85891;5200615601110785206;5;3;15;0;2020;6;17;2;3;4;1;0;1;1;1;0;0;0;356838,111399999820000;5644044,750099999800000;6,962738346000037;50,930248782000035;0
85897;5200611610122714452;5;3;70;28;2020;6;15;5;3;5;3;0;1;1;0;0;0;0;296423,186900000090000;5645727,398499999200000;6,103066232000060;50,927209671000071;0
85898;5200612501213465547;5;1;12;0;2020;6;10;6;3;0;7;0;1;1;0;0;0;0;338974,791100000030000;5697904,781600000300000;6,684622642000022;51,409469799000078;0
85900;5200613310140073442;5;9;54;28;2020;6;8;7;3;2;2;0;1;1;0;0;0;0;377749,874400000090000;5691461,508899999800000;7,244060499000057;51,361246185000027;0
85903;5200615702100979092;5;5;15;0;2020;6;18;2;3;5;2;0;1;1;0;0;0;0;403220,964499999770000;5754225,521700000400000;7,592415778000031;51,930331721000073;1
85906;5200613316300484980;5;9;74;28;2020;6;17;7;3;0;7;0;1;0;0;0;0;0;454756,419999999930000;5725655,055999999900000;8,345609984000021;51,680040198000029;0
85908;5200614608100968200;5;3;34;2;2020;6;7;1;3;9;1;0;1;0;0;0;0;0;296507,061900000090000;5623616,667799999900000;6,116527724000036;50,728655702000026;0
85916;5200615301503636205;5;9;13;0;2020;6;19;2;3;3;6;0;1;0;0;0;0;0;386443,656499999580000;5706271,985400000600000;7,364129114000036;51,496169993000080;0
85917;5200613515000579015;5;1;54;40;2020;6;10;7;3;5;3;0;1;1;0;0;0;0;290808,083499999720000;5744017,333799999200000;5,965444335000029;51,807800976000067;0
85927;5200612301301366240;5;9;78;24;2020;6;18;6;3;5;7;0;1;1;0;0;0;0;396507,861499999650000;5715725,504300000100000;7,506276892000074;51,583076183000060;0
85929;5200616600140021200;5;3;14;0;2020;6;15;3;3;5;3;0;1;1;0;0;0;0;369892,094399999830000;5623834,372800000000000;7,155571776000045;50,751689089000081;1
85930;5200612601200549814;5;3;15;0;2020;6;13;6;3;6;4;0;1;0;1;0;0;0;354480,023599999960000;5642748,963099999400000;6,929721980000068;50,918013803000065;0