OBJECTID;UIDENTSTLAE;ULAND;UREGBEZ;UKREIS;UGEMEINDE;UJAHR;UMONAT;USTUNDE;UWOCHENTAG;UKATEGORIE;UART;UTYP1;ULICHTVERH;IstRad;IstPKW;IstFuss;IstKrad;IstGkfz;IstSonstige;LINREFX;LINREFY;XGCSWGS84;YGCSWGS84;STRZUSTAND
85933;5200613709300872411;5;5;66;84;2020;6;11;7;3;0;2;0;1;0;0;0;0;0;389912,199900000360000;5775774,593399999700000;7,391993467000020;52,121528630000057;0
85934;5200612411132837882;5;7;74;32;2020;6;15;6;3;0;1;0;1;0;0;0;0;0;480655,211000000130000;5728713,807000000000000;8,720024900000055;51,709031843000048;0
85935;5200616601210013207;5;3;15;0;2020;6;10;3;3;3;2;0;1;0;0;0;0;1;355133,247299999930000;5641355,159499999100000;6,939562139000032;50,905652303000068;1
85938;5200613501323782207;5;1;12;0;2020;6;23;7;2;0;1;2;1;0;0;0;0;0;344222,036899999720000;5693707,542999999600000;6,761851393000029;51,373223201000030;0
85942;5200611601700303206;5;3;16;0;2020;6;11;5;3;0;1;0;1;0;0;0;0;0;362809,353099999950000;5660935,112500000700000;7,041272940000056;51,083497792000060;0
85950;5200616506100647204;5;1;16;0;2020;6;7;3;3;0;1;0;1;0;0;0;0;0;321869,645200000140000;5668202,535700000800000;6,453718835000075;51,137536058000080;1
85955;5200612602700394207;5;3;62;28;2020;6;15;6;3;5;3;0;1;1;0;0;0;0;352693,508299999870000;5640190,460300000400000;6,905356204000043;50,894568221000043;0
85956;5200612702100076712;5;5;15;0;2020;6;14;6;3;5;2;0;1;1;0;0;0;0;399201,104000000280000;5763066,806900000200000;7,531374081000024;52,009084214000040;0
85958;5200613407101086994;5;7;62;20;2020;6;14;7;3;0;7;0;1;0;0;0;0;0;524930,443300000390000;5735923,066400000800000;9,361330827000074;51,773631149000039;0
85959;5200611601310376200;5;3;15;0;2020;6;15;5;3;3;5;0;1;0;0;0;0;1;353175,838299999940000;5645158,324799999600000;6,910210409000058;50,939335486000061;0
85963;5200611601300386551;5;3;15;0;2020;6;17;5;3;2;6;0;1;0;0;0;0;0;354490,366899999790000;5644827,575300000600000;6,929039424000052;50,936696348000055;0
85965;5200615605120386488;5;3;74;20;2020;6;12;2;3;8;6;0;1;0;0;0;0;1;387742,666899999600000;5654331,747800000000000;7,399139074000061;51,029562298000030;0
85970;5200613602900286158;5;3;62;40;2020;6;16;7;3;8;1;0;1;0;0;0;0;0;357296,531499999580000;5632533,609999999400000;6,973750697000071;50,826911221000046;0
85971;5200611601210483206;5;3;15;0;2020;6;23;5;3;0;1;2;1;0;0;0;0;0;353046,321100000290000;5643888,091600000900000;6,908880448000048;50,927887407000071;0
85980;5200612608404822200;5;3;34;4;2020;6;15;6;3;3;6;0;1;0;0;0;0;0;301193,604500000370000;5641210,187400000200000;6,173320820000072;50,888301046000038;0
85986;5200613518200375825;5;1;70;24;2020;6;17;7;3;0;3;0;1;1;0;0;0;0;333002,788399999960000;5706276,610099999200000;6,594880857000021;51,482954360000065;0
85996;5200613316200075323;5;9;74;48;2020;6;16;7;3;5;3;0;1;1;0;0;0;0;425789,702399999830000;5717033,668299999100000;7,928535771000043;51,599453796000034;0
85997;5200611518200369351;5;1;70;24;2020;6;16;5;3;0;3;0;1;1;0;0;0;0;337210,357800000350000;5702461,285199999800000;6,657180692000054;51,449903149000079;0
85999;5200615705000380974;5;5;54;32;2020;6;12;2;2;5;3;0;1;1;0;0;0;0;322485,241999999620000;5745524,717000000200000;6,423637483000050;51,832296183000039;0
86002;5200612606220886640;5;3;78;8;2020;6;14;6;3;5;3;0;1;0;0;1;0;0;369423,051500000060000;5662699,387299999600000;7,135006618000034;51,100897912000050;0
86006;5200616602700285864;5;3;62;28;2020;6;18;3;3;0;1;0;1;0;0;0;0;0;346590,253299999980000;5638915,329399999200000;6,819171378000021;50,881520843000033;1
86007;5200612600310319204;5;3;14;0;2020;6;15;6;3;4;2;0;1;1;0;0;0;0;361619,568199999630000;5619902,985999999600000;7,039846140000066;50,714442048000080;0
86010;5200611516100781487;5;1;58;32;2020;6;13;5;2;8;1;0;1;0;0;0;0;0;369954,651999999770000;5687784,827400000800000;7,133498922000058;51,326472054000078;0
86011;5200612407220974508;5;7;62;32;2020;6;14;6;2;8;1;0;1;0;0;0;0;0;506290,017199999650000;5745668,911200000000000;9,091342656000052;51,861778161000075;0
86017;5200612406140987100;5;7;58;8;2020;6;14;6;2;2;6;0;1;1;0;0;0;0;469461,084999999960000;5775224,017999999200000;8,553892451000024;52,126698835000070;0
86024;5200615502401074209;5;1;17;0;2020;6;14;2;3;4;2;0;1;1;0;0;0;0;352990,689199999910000;5699790,566199999300000;6,885220206000042;51,430221752000080;0
86027;5200616601200163617;5;3;15;0;2020;6;8;3;3;0;1;0;1;0;0;0;0;0;353477,080599999990000;5643042,532800000200000;6,915345482000021;50,920398232000082;1
86028;5200612600110305207;5;3;14;0;2020;6;13;6;3;6;5;0;1;0;1;0;0;0;363464,123399999920000;5622585,309100000200000;7,064965060000077;50,738986442000055;0
86030;5200613501136733201;5;1;12;0;2020;6;9;7;3;5;3;0;1;1;0;0;0;0;343270,752000000330000;5709773,509299999100000;6,741080595000028;51,517311568000082;0
86031;5200611514212785946;5;1;66;12;2020;6;18;5;3;6;4;0;1;0;1;0;0;0;325934,826000000350000;5697871,184000000400000;6,497322809000025;51,405315808000069;0
86032;5200616301101043200;5;9;13;0;2020;6;16;3;3;1;3;0;1;1;0;0;0;0;394025,277999999930000;5708107,901000000500000;7,472753599000043;51,514144350000038;1
86035;5200611513210178206;5;1;62;24;2020;6;14;5;3;0;7;0;1;1;0;0;0;0;337073,211000000130000;5673037,833000000600000;6,668654413000070;51,185508236000032;0
86039;5200615404102987041;5;7;66;40;2020;6;15;2;3;0;1;0;1;0;0;0;0;0;483065,639700000170000;5754139,661800000800000;8,753666720000069;51,937717388000067;1
86044;5200613700100517206;5;5;13;0;2020;6;14;7;3;5;3;0;1;0;0;0;0;1;369464,687900000250000;5707139,232400000100000;7,119344987000034;51,500298459000078;0
86045;5200612301101615201;5;9;13;0;2020;6;8;6;3;1;5;0;1;1;0;0;0;0;392526,638100000100000;5707064,176699999700000;7,451482638000073;51,504479797000045;0
86046;5200612404301121365;5;7;66;12;2020;6;12;6;2;5;2;0;1;1;0;0;0;0;511781,636099999770000;5761462,987299999200000;9,171631707000074;52,003694102000054;0
86047;5200616516800014203;5;1;58;20;2020;6;7;3;3;4;6;0;1;0;0;0;0;0;356109,633000000380000;5667316,550400000100000;6,943137505000038;51,139203573000032;1
86049;5200614709300011911;5;5;66;96;2020;6;1;1;2;0;7;2;1;0;0;0;0;0;385457,519199999980000;5784421,818600000800000;7,324038120000068;52,198335097000040;0
86050;5200613405104370390;5;7;54;4;2020;6;13;7;3;5;2;0;1;1;0;0;0;0;452840,150000000370000;5773394,489000000100000;8,311365672000022;52,109082807000050;0
86062;5200611501127073220;5;1;12;0;2020;6;22;5;2;0;1;2;1;0;0;0;0;0;346580,444000000130000;5705285,163000000600000;6,790695696000057;51,477892160000067;0
86064;5200616411236078071;5;7;74;36;2020;6;8;3;3;3;6;0;1;0;0;0;0;1;474035,076899999750000;5727509,401100000400000;8,624304034000033;51,697935411000060;0
86071;5200612400100003946;5;7;11;0;2020;6;15;6;2;5;2;0;1;0;0;0;0;1;468696,559700000100000;5765417,009600000500000;8,543624963000070;52,038485702000060;0
86072;5200616502403466204;5;1;17;0;2020;6;15;3;3;5;3;0;1;1;0;0;0;0;351284,696999999690000;5702754,599999999600000;6,859451881000041;51,456410048000066;0
86074;5200611500200581636;5;1;11;0;2020;6;13;5;3;0;1;0;1;0;0;0;0;0;343618,092299999670000;5679676,009600000500000;6,759333126000058;51,246982186000082;1
86077;5200614601210061137;5;3;15;0;2020;6;19;1;3;9;5;0;1;1;0;0;0;0;352030,156000000420000;5643610,672900000600000;6,894543625000040;50,925134617000026;0
86079;5200611410120226401;5;7;70;32;2020;6;16;5;3;0;1;0;1;0;0;0;0;0;491742,758200000040000;5784803,062400000200000;8,879144578000023;52,213603007000074;0
86080;5200615601220788203;5;3;15;0;2020;6;17;2;3;5;7;0;1;1;0;0;0;0;354131,198499999940000;5636485,741399999700000;6,927263354000047;50,861639577000062;0
86082;5200612317210371599;5;9;78;20;2020;6;22;6;3;0;1;2;1;0;0;0;0;0;411269,590900000180000;5714386,350500000600000;7,719612256000062;51,573555777000081;0
86084;5200615313240124647;5;9;58;40;2020;6;9;2;3;2;2;0;1;1;0;0;0;0;450179,527700000440000;5666067,801999999200000;8,287790110000060;51,143894236000051;0
86085;5200613601500381828;5;3;15;0;2020;6;19;7;3;3;5;0;1;1;0;0;0;0;362421,054600000380000;5648164,269700000100000;7,040579083000068;50,968630894000057;0
86090;5200611404301782002;5;7;66;24;2020;6;16;5;3;4;1;0;1;0;0;0;0;0;504364,640200000260000;5762257,360700000100000;9,063593161000028;52,010944136000035;0
86093;5200614502339700207;5;1;13;0;2020;6;10;1;3;5;2;0;1;1;0;0;0;0;363280,074400000270000;5707180,817800000300000;7,030280945000072;51,499210104000042;0
86094;5200612606210381834;5;3;78;32;2020;6;16;6;3;1;5;0;1;1;0;0;0;0;373927,805499999780000;5665609,535900000500000;7,198294873000066;51,128062277000026;0
86097;5200612316100280572;5;9;74;8;2020;6;17;6;2;5;3;0;1;1;0;0;0;0;442273,110000000340000;5716709,290400000300000;8,166549157000077;51,598468282000056;0
86106;5200611316400685028;5;9;74;44;2020;6;18;5;2;9;1;0;1;0;0;0;0;0;448396,294599999670000;5698896,879799999300000;8,257554756000047;51,438912298000048;0
86107;5200612314320380979;5;9;66;16;2020;6;19;6;2;8;1;0;1;0;0;0;0;0;440405,226599999700000;5654397,243300000200000;8,150002348000044;51,038025745000027;0
86109;5200613307000053993;5;9;62;24;2020;6;19;7;3;3;7;0;1;1;0;0;0;0;403319,851700000460000;5693510,565400000700000;7,610646076000023;51,384593858000073;0
86113;5200614410140987060;5;7;70;12;2020;6;12;1;3;5;3;0;1;1;0;0;0;0;482314,118900000120000;5794597,704199999600000;8,740632191000032;52,301439469000059;0
86118;5200612518200085874;5;1;70;24;2020;6;15;6;2;5;2;0;1;1;0;0;0;0;332561,974600000310000;5699867,594599999500000;6,591571698000053;51,425246487000038;0
86129;5200611307000329240;5;9;62;16;2020;6;19;5;2;0;3;0;1;0;0;0;0;1;415827,837000000290000;5696355,469399999800000;7,789672481000025;51,412162205000072;0
86132;5200615410110376398;5;7;70;24;2020;6;14;2;3;5;3;0;1;0;0;0;1;0;492392,127899999730000;5791480,241000000400000;8,888498558000038;52,273643984000046;1
86134;5200612300510663203;5;9;54;36;2020;6;19;6;3;5;3;0;1;1;0;0;0;0;385237,941899999980000;5699808,278100000700000;7,348866245000068;51,437830467000026;0
86136;5200616508112101206;5;1;19;0;2020;6;16;3;3;1;1;0;1;1;0;0;0;0;349635,468000000340000;5705582,371500000400000;6,834528641000077;51,481382950000068;0
86141;5200612702100764215;5;5;15;0;2020;6;23;6;2;8;1;2;1;0;0;0;0;0;406699,997999999670000;5750235,573000000800000;7,644081090000043;51,895061841000029;0
86154;5200613603116381189;5;3;66;16;2020;6;11;7;3;0;7;0;1;0;0;0;0;0;344280,441899999980000;5614961,553099999200000;6,796503294000047;50,665650423000045;0
86159;5200611300210375206;5;9;11;0;2020;6;14;5;3;5;2;0;1;1;0;0;0;0;371335,750400000250000;5705151,979800000800000;7,147010989000023;51,482867966000072;0
86162;5200614600330527201;5;3;82;48;2020;6;17;1;2;0;7;0;1;0;0;0;0;0;354988,349600000310000;5610222,909099999800000;6,949772196000026;50,625828344000070;0
86163;5200612701110085351;5;5;62;32;2020;6;11;6;3;6;6;0;1;0;1;0;0;0;375629,550999999980000;5719677,929999999700000;7,203680642000052;51,614376704000051;0
86168;5200615303100984952;5;9;15;0;2020;6;15;2;3;5;3;0;1;1;0;0;0;0;417190,864000000060000;5728371,882799999800000;7,801726859000041;51,700180402000058;0
86169;5200613600130034094;5;3;82;8;2020;6;20;7;3;0;1;0;1;0;0;0;0;0;379968,727300000380000;5612904,827099999400000;7,301902734000066;50,655614746000026;0
86175;5200613601610303209;5;3;15;0;2020;6;11;7;3;3;6;0;1;0;0;0;0;0;364850,925999999980000;5645482,539000000800000;7,076160442000059;50,945104109000056;0
86178;5200616410110176225;5;7;70;24;2020;6;9;3;3;6;3;0;1;0;1;0;0;0;493148,353199999780000;5793879,686699999500000;8,899533044000066;52,295226166000077;0
86179;5200613316300285201;5;9;74;28;2020;6;11;7;3;5;2;0;1;1;0;0;0;0;454396,233699999750000;5723684,698100000600000;8,340657985000064;51,662295835000066;0
86180;5200610709700748420;5;5;66;48;2020;6;13;4;3;5;3;0;1;1;0;0;0;0;426707,853199999780000;5796425,068199999600000;7,924851320000073;52,313260343000081;0
86182;5200615705000473909;5;5;54;8;2020;6;19;2;3;5;3;0;1;1;0;0;0;0;335201,486100000330000;5742183,955900000400000;6,609604255000022;51,806181070000036;0
86186;5200613711322881132;5;5;70;48;2020;6;10;7;2;5;3;0;1;1;0;0;0;0;442328,821200000120000;5731832,232300000300000;8,164857082000026;51,734437073000038;0
86187;5200612302100985517;5;9;14;0;2020;6;10;6;3;5;2;0;1;1;0;0;0;0;394055,449000000020000;5693907,399000000200000;7,477440739000031;51,386507125000037;0
86190;5200613514219802180;5;1;66;36;2020;6;12;7;3;5;3;0;1;1;0;0;0;0;327536,825500000270000;5677904,041400000500000;6,529990103000046;51,226428030000079;0
86193;5200616316300787425;5;9;74;28;2020;6;7;3;3;8;1;0;1;1;0;0;0;0;453532,867700000290000;5724614,928300000700000;8,328052582000055;51,670588666000071;0
86199;5200610702100405103;5;5;15;0;2020;6;13;4;3;4;7;0;1;1;0;0;0;0;404442,097400000320000;5755347,819499999300000;7,609858859000042;51,940630379000027;0
86201;5200615701920070163;5;5;62;28;2020;6;22;2;2;0;1;2;1;0;0;0;0;1;380805,605299999940000;5723288,941400000800000;7,277173438000034;51,647950306000041;0
86213;5200612601510486619;5;3;15;0;2020;6;11;6;3;1;5;0;1;1;0;0;0;0;359767,519199999980000;5649511,251000000200000;7,002291848000027;50,980096428000081;0
86215;5200610701500428209;5;5;62;24;2020;6;14;4;3;4;6;0;1;0;0;0;0;0;373619,974000000390000;5725684,426000000900000;7,172502159000032;51,667909152000050;0
86216;5200615608100287202;5;3;34;2;2020;6;22;2;3;1;5;1;1;0;0;0;0;1;293608,212299999780000;5628084,965900000200000;6,073004682000033;50,767763745000082;0
86219;5200615405116478114;5;7;54;16;2020;6;17;2;3;5;3;0;1;0;0;0;0;1;448526,769000000320000;5755894,217000000200000;8,251020033000032;51,951368248000051;1
86224;5200610700200305203;5;5;13;0;2020;6;17;4;3;0;7;0;1;0;0;0;0;0;366818,784599999900000;5714984,721799999500000;7,078279864000024;51,570185660000050;0
86226;5200620705000887394;5;5;54;60;2020;6;12;7;3;0;1;0;1;1;0;0;0;0;348528,251699999910000;5756269,702400000800000;6,796568840000020;51,936503989000073;0
86227;5200618601210607207;5;3;15;0;2020;6;18;5;3;5;2;0;1;1;0;0;0;0;354187,226999999960000;5644951,473999999500000;6,924678439000047;50,937733220000041;0
86228;5200619601200842305;5;3;15;0;2020;6;8;6;3;0;7;0;1;0;0;0;0;0;355826,923600000330000;5641175,412000000500000;6,949492509000038;50,904210582000076;0
86232;5200620513310217206;5;1;62;4;2020;6;19;7;3;0;1;0;1;0;0;0;0;0;341700,203999999910000;5664329,206199999900000;6,738635585000054;51,108559127000035;0
86233;5200618601140581209;5;3;15;0;2020;6;18;5;3;5;2;0;1;1;0;0;0;0;354856,784799999560000;5644406,243400000000000;6,934418634000053;50,933002282000075;0
86234;5200621303200681372;5;9;15;0;2020;6;14;1;3;5;3;0;1;1;0;0;0;0;413706,736999999730000;5730011,885999999900000;7,750917131000051;51,714397898000072;0
86238;5200618600110481204;5;3;14;0;2020;6;17;5;3;5;2;0;1;1;0;0;0;0;366203,606300000100000;5622324,241299999900000;7,103861852000023;50,737277607000067;0
86244;5200619307100574207;5;9;62;24;2020;6;15;6;3;0;1;0;1;0;0;0;0;0;406190,719999999740000;5700000,000000000000000;7,650172589000022;51,443411559000026;0
86246;5200620411240278115;5;7;74;40;2020;6;9;7;3;0;1;0;1;0;0;0;0;0;481139,944899999540000;5712801,055400000900000;8,727897905000077;51,565970209000056;0
86248;5200618514118681209;5;1;66;16;2020;6;14;5;3;3;5;0;1;1;0;0;0;0;310148,388399999590000;5687677,244899999400000;6,276052695000033;51,308692643000029;0
86249;5200620711412064222;5;5;70;28;2020;6;13;7;3;7;7;0;1;0;0;0;0;0;440739,219300000000000;5735565,726800000300000;8,141204245000040;51,767836606000060;0
86250;5200618513130379004;5;1;62;22;2020;6;18;5;3;6;6;0;1;0;1;0;0;0;333102,465599999760000;5684430,941400000800000;6,606580638000025;51,286721864000071;0
86251;5200620302100577740;5;9;14;0;2020;6;20;7;3;0;7;0;1;0;1;0;0;0;392358,903199999590000;5693842,714800000200000;7,453088276000074;51,385606449000079;0
86254;5200618503100509205;5;1;24;0;2020;6;16;5;3;0;7;0;1;1;0;0;0;0;369931,588000000450000;5679803,471000000800000;7,136075446000064;51,254736088000072;0
86257;5200618502404626204;5;1;17;0;2020;6;10;5;3;5;3;0;1;1;0;0;0;0;352813,233599999920000;5702794,024599999200000;6,881420361000039;51,457163761000061;0
86260;5200619307000785246;5;9;62;32;2020;6;17;6;3;3;2;0;1;1;0;0;0;0;403822,465300000270000;5675377,570900000600000;7,622754746000055;51,221674117000077;0
86267;5200618501314100205;5;1;12;0;2020;6;17;5;3;5;3;0;1;1;0;0;0;0;346726,985100000170000;5701588,308499999300000;6,794406735000052;51,444715222000070;0
86272;5200618411232372240;5;7;74;32;2020;6;10;5;3;5;3;0;1;1;0;0;0;0;480424,574300000440000;5733060,844599999500000;8,716442517000075;51,748109212000031;1
86275;5200619404101286997;5;7;66;20;2020;6;14;6;2;5;2;0;1;1;0;0;0;0;493356,742100000380000;5755571,618899999200000;8,903336708000040;51,950810200000035;0
86277;5200620600120097767;5;3;82;24;2020;6;19;7;3;8;1;0;1;0;0;0;0;0;371996,066999999810000;5617734,575999999400000;7,187499044000049;50,697329363000051;0
86283;5200621600360601203;5;3;82;12;2020;6;19;1;3;4;6;0;1;0;0;0;0;0;358802,038999999870000;5625081,695800000800000;6,997977566000031;50,760307656000066;0
86288;5200621317210884946;5;9;78;20;2020;6;16;1;3;0;1;0;1;0;0;0;0;0;410131,378800000060000;5715604,271099999500000;7,702880567000022;51,584323727000026;0
86289;5200620405148581099;5;7;54;48;2020;6;19;7;2;5;3;0;1;1;0;0;0;0;439315,548000000420000;5763305,002000000300000;8,115693596000028;52,017061778000027;0
86290;5200618410110587013;5;7;70;24;2020;6;13;5;3;0;3;0;1;1;0;0;0;0;492976,048999999650000;5795299,203999999900000;8,896976906000020;52,307986134000032;1
86294;5200618405236182479;5;7;54;36;2020;6;16;5;3;5;3;0;1;1;0;0;0;0;473031,404600000010000;5751102,207599999400000;8,607946135000077;51,910012181000070;0
86301;5200621313110868190;5;9;58;4;2020;6;17;1;3;3;6;0;1;1;0;0;0;0;434374,114000000060000;5693446,639100000300000;8,056846651000058;51,388460094000038;0
86305;5200618317240184957;5;9;78;40;2020;6;11;5;3;0;3;0;1;1;0;0;0;0;405012,180999999870000;5725185,501199999800000;7,626415942000051;51,669609287000071;1
86308;5200618317120078299;5;9;78;16;2020;6;19;5;2;0;7;0;1;0;0;0;0;0;405474,755900000220000;5705322,535199999800000;7,638450146000025;51,491138059000036;0
86311;5200620702100612203;5;5;15;0;2020;6;13;7;3;5;3;0;1;1;0;0;0;0;401195,318799999540000;5753700,862800000200000;7,563114701000075;51,925260068000057;0
86312;5200618316200785058;5;9;74;52;2020;6;16;5;3;5;2;0;1;1;0;0;0;0;421043,809500000440000;5715270,426200000600000;7,860424446000025;51,582957248000071;0
86313;5200619600120197714;5;3;82;24;2020;6;10;6;3;5;3;0;1;1;0;0;0;0;377882,751099999990000;5615717,552200000700000;7,271477988000072;50,680464477000044;0
86314;5200619301101084921;5;9;13;0;2020;6;10;6;3;5;6;0;1;1;0;0;0;0;393090,695899999700000;5707136,615199999900000;7,459584672000062;51,505237897000029;0
86318;5200618316100580437;5;9;74;32;2020;6;18;5;3;0;1;0;1;1;0;0;0;0;443704,116000000390000;5705069,448200000500000;8,189070093000055;51,493962194000062;0
86319;5200621303100579090;5;9;15;0;2020;6;19;1;2;0;1;0;1;0;0;0;0;0;415000,707100000230000;5724750,298399999700000;7,770924333000039;51,667297172000076;0
86326;5200620607100932320;5;3;82;40;2020;6;13;7;3;0;5;0;1;1;0;0;0;0;383079,919800000270000;5639868,667700000100000;7,337323048000030;50,898627600000054;0
86333;5200620609220081356;5;3;58;20;2020;6;14;7;3;0;1;0;1;0;0;0;0;0;315276,385999999940000;5634914,115900000600000;6,376498270000070;50,836416501000031;0
86338;5200620501323272343;5;1;12;0;2020;6;17;7;2;0;1;0;1;0;0;0;0;0;344035,753299999980000;5694099,750399999300000;6,759005015000071;51,376696064000043;0
86339;5200618303100485066;5;9;15;0;2020;6;18;5;2;3;6;0;1;0;0;0;0;0;422957,532399999910000;5727172,214800000200000;7,885419608000063;51,690217050000058;0
86341;5200621300410761203;5;9;16;0;2020;6;18;1;3;5;3;0;1;1;0;0;0;0;379759,585900000300000;5712228,221400000200000;7,265853073000073;51,548319968000044;0
86343;5200620307000073219;5;9;62;24;2020;6;21;7;2;5;3;1;1;1;0;0;0;0;409023,890999999830000;5694575,069000000100000;7,692320227000039;51,395106318000046;0
86344;5200618301204585026;5;9;13;0;2020;6;10;5;3;1;5;0;1;1;0;0;0;0;383733,892599999900000;5707200,563500000200000;7,324804477000043;51,503965124000047;0
86346;5200619608100429201;5;3;34;2;2020;6;9;6;3;1;1;0;1;1;0;0;0;0;295231,913700000380000;5628533,177300000600000;6,095750453000051;50,772364545000073;0
86348;5200621601620176204;5;3;15;0;2020;6;13;1;3;5;3;0;1;1;0;0;0;0;365886,165000000040000;5634438,107999999100000;7,094943795000063;50,846082110000054;0
86349;5200620602500530202;5;3;62;24;2020;6;13;7;2;5;3;0;1;1;0;0;0;0;345349,440499999560000;5641851,341099999800000;6,800303110000073;50,907573183000068;0
86351;5200619506100043209;5;1;16;0;2020;6;14;6;3;5;3;0;1;1;0;0;0;0;321385,893400000410000;5674525,304500000600000;6,443671330000029;51,194184684000049;0
86353;5200621404101376466;5;7;66;32;2020;6;15;1;2;4;6;0;1;0;0;0;0;0;499492,992700000290000;5749338,799399999900000;8,992631922000044;51,894809886000075;0
86354;5200620407243082016;5;7;62;24;2020;6;15;7;2;5;3;0;1;0;0;1;0;0;512552,674100000410000;5740823,014200000100000;9,182111747000022;51,818102176000082;0
86370;5200621600140919209;5;3;14;0;2020;6;5;1;3;0;1;0;1;0;0;0;0;0;366662,399000000210000;5622420,385999999900000;7,110325213000067;50,738247274000059;0
86371;5200620601110966206;5;3;15;0;2020;6;23;7;2;5;3;2;1;1;0;0;0;0;357144,440999999640000;5646222,339999999900000;6,966240743000071;50,949894567000058;0
86373;5200619502102509200;5;1;13;0;2020;6;12;6;3;1;7;0;1;1;0;0;0;0;363432,381299999540000;5702984,050699999600000;7,034096573000056;51,461532859000044;0
86375;5200621316300467201;5;9;74;28;2020;6;18;1;3;0;1;0;1;0;0;0;0;0;456922,610899999740000;5723006,085500000000000;8,377265745000045;51,656393820000062;0
86376;5200620404302078116;5;7;66;8;2020;6;10;7;3;5;3;0;1;1;0;0;0;0;477670,930200000290000;5770591,073300000300000;8,674121820000039;52,085438331000034;0
86380;5200617711413674654;5;5;70;28;2020;6;13;4;2;5;3;0;1;1;0;0;0;0;441502,479299999770000;5742543,969399999800000;8,151086532000022;51,830653242000039;0
86381;5200619601300987652;5;3;15;0;2020;6;13;6;3;2;6;0;1;1;0;0;0;0;353992,770700000230000;5646082,221599999800000;6,921459490000075;50,947845670000049;0
86388;5200619400300392901;5;7;11;0;2020;6;17;6;3;5;3;0;1;1;0;0;0;0;467036,552000000140000;5756712,730000000400000;8,520261761000029;51,960132414000043;0
86389;5200621516380183206;5;1;58;28;2020;6;14;1;3;2;2;0;1;1;0;0;0;0;356903,860299999830000;5684576,172700000900000;6,947595400000068;51,294504657000061;0
86390;5200620518400386204;5;1;70;8;2020;6;13;7;3;2;6;0;1;0;0;0;0;0;340999,104299999770000;5714750,855399999800000;6,706119416000036;51,561395560000051;0
86396;5200619500200774713;5;1;11;0;2020;6;12;6;3;5;2;0;1;1;0;0;0;0;346656,820500000380000;5680320,205900000400000;6,802561862000061;51,253595653000048;0
86398;5200619702100870512;5;5;15;0;2020;6;12;6;1;5;7;0;1;1;0;0;0;0;402697,101200000380000;5754855,792099999300000;7,584620794000045;51,935905457000047;0
86408;5200621302120428985;5;9;14;0;2020;6;14;1;3;0;7;0;1;1;0;0;0;0;390481,156000000420000;5688779,615000000200000;7,427673426000069;51,339737282000044;0
86411;5200620513310381446;5;1;62;8;2020;6;15;7;3;0;1;0;1;0;0;0;0;0;333007,726400000040000;5656364,848899999600000;6,618250672000045;51,034536169000035;0
86412;5200617702100179092;5;5;15;0;2020;6;17;4;3;1;7;0;1;1;0;0;0;0;411681,021200000310000;5751948,716900000300000;7,716010551000068;51,911272683000050;1
86416;5200617701920305207;5;5;62;28;2020;6;19;4;3;5;3;0;1;0;0;0;0;0;379091,389200000090000;5721255,812799999500000;7,253111019000073;51,629311898000026;1
86419;5200619701800585414;5;5;62;4;2020;6;13;6;3;5;3;0;1;1;0;0;0;0;382784,810399999840000;5718477,054099999400000;7,307377668000072;51,605119076000051;0
86423;5200619515111085883;5;1;54;8;2020;6;15;6;2;4;2;0;1;1;0;0;0;0;314339,915000000040000;5745185,804999999700000;6,305739919000075;51,826604877000079;0
86426;5200620411240878115;5;7;74;40;2020;6;9;7;3;0;1;0;1;0;0;0;0;0;481118,297500000340000;5712769,706700000900000;8,727587277000055;51,565687612000033;0
86427;5200617701400272205;5;5;12;0;2020;6;13;4;3;5;3;0;1;1;0;0;0;0;356545,403300000350000;5711446,286200000000000;6,931584994000048;51,535869971000068;0
86428;5200617701300228204;5;5;62;14;2020;6;11;4;2;5;3;0;1;0;0;1;0;0;357539,014000000430000;5716918,014000000400000;6,943684290000022;51,585289679000027;0
86429;5200619410230040284;5;7;70;4;2020;6;19;6;3;5;3;0;1;1;0;0;0;0;486726,667999999600000;5783957,403999999200000;8,805761136000058;52,205902031000051;0
86431;5200617701110311202;5;5;62;32;2020;6;19;4;3;5;3;0;1;1;0;0;0;0;377293,956699999980000;5720461,774700000900000;7,227433174000055;51,621786566000026;1
86434;5200617608100999205;5;3;34;2;2020;6;18;4;3;0;1;0;1;0;0;0;0;0;294184,831600000150000;5628166,805299999200000;6,081125033000035;50,768703576000064;1
86435;5200619606150081188;5;3;78;24;2020;6;19;6;3;0;1;0;1;0;0;0;0;0;379477,428000000310000;5642596,403999999200000;7,285216589000072;50,922405484000080;0
86436;5200618706300887304;5;5;58;36;2020;6;17;5;3;0;1;0;1;0;0;0;0;0;387649,645600000400000;5729326,982899999200000;7,374109903000033;51,703628510000044;0
86437;5200621601410208207;5;3;15;0;2020;6;20;1;3;0;1;0;1;0;0;0;0;0;355665,819000000130000;5650699,834400000100000;6,943427896000060;50,989764357000070;0
86440;5200617608100632200;5;3;34;2;2020;6;6;4;3;5;2;0;1;1;0;0;0;0;293592,317999999970000;5628649,612999999900000;6,072462815000051;50,772829248000050;0
86441;5200619700100252202;5;5;13;0;2020;6;13;6;3;4;7;0;1;1;0;0;0;0;368810,601099999620000;5708993,033199999500000;7,109237201000042;51,516806793000057;0
86442;5200618705000355357;5;5;54;16;2020;6;15;5;3;5;3;0;1;0;0;1;0;0;364605,763399999590000;5756037,367699999400000;7,030378667000036;51,938560228000028;0