OBJECTID;UIDENTSTLAE;ULAND;UREGBEZ;UKREIS;UGEMEINDE;UJAHR;UMONAT;USTUNDE;UWOCHENTAG;UKATEGORIE;UART;UTYP1;ULICHTVERH;IstRad;IstPKW;IstFuss;IstKrad;IstGkfz;IstSonstige;LINREFX;LINREFY;XGCSWGS84;YGCSWGS84;STRZUSTAND
86989;5200623316300387444;5;9;74;28;2020;6;6;3;3;5;3;0;1;0;0;0;0;1;447213,011199999600000;5722821,112500000700000;8,236942185000032;51,653902730000027;0
86992;5200625313240513651;5;9;58;40;2020;6;17;5;2;0;7;0;1;0;0;0;0;0;445836,260800000280000;5665390,017100000800000;8,225808598000072;51,137405438000030;0
86993;5200622701500774206;5;5;62;24;2020;6;14;2;3;5;3;0;1;1;0;0;0;0;366562,378899999890000;5724709,980900000800000;7,070879683000044;51,657520699000031;0
86994;5200624302100044363;5;9;14;0;2020;6;20;4;2;4;2;0;1;0;0;0;0;1;395550,073099999690000;5695198,362900000100000;7,498532556000043;51,398388404000059;0
86997;5200624609108205955;5;3;58;8;2020;6;8;4;3;5;2;0;1;1;0;0;0;0;323271,183600000110000;5631391,610099999200000;6,491621109000050;50,807266276000064;0
87001;5200624516330766203;5;1;58;28;2020;6;13;4;3;0;1;0;1;0;0;0;0;0;347050,010599999690000;5684012,759299999100000;6,806612141000073;51,286880659000076;0
87002;5200621701500480205;5;5;62;24;2020;6;16;1;3;0;1;0;1;0;0;0;0;0;369941,422000000250000;5722205,970599999700000;7,120633112000064;51,635810053000057;0
87006;5200623700100572200;5;5;13;0;2020;6;11;3;3;5;3;0;1;1;0;0;0;0;367762,610200000000000;5707950,416400000500000;7,094533095000031;51,507192728000064;0
87011;5200625608100723206;5;3;34;2;2020;6;17;5;2;5;2;0;1;1;0;0;0;0;295634,829800000410000;5625781,042600000300000;6,102985070000045;50,747788704000072;0
87018;5200624301101190209;5;9;13;0;2020;6;17;4;3;0;1;0;1;0;0;0;0;0;392511,536000000310000;5706328,642999999200000;7,451489255000070;51,497865625000031;0
87019;5200626404102566149;5;7;66;56;2020;6;14;6;3;5;1;0;1;1;0;0;0;0;480236,036899999720000;5758203,883500000500000;8,712273015000051;51,974165138000046;0
87021;5200624607500478287;5;3;82;56;2020;6;14;4;2;0;1;0;1;0;0;0;0;0;373859,711600000040000;5626046,883500000500000;7,211029213000074;50,772451993000061;0
87023;5200626301301784930;5;9;78;24;2020;6;17;6;3;5;3;0;1;1;0;0;0;0;398834,047000000250000;5718505,539999999100000;7,539037656000062;51,608487362000062;0
87024;5200623500200170419;5;1;11;0;2020;6;17;3;3;5;2;0;1;1;0;0;0;0;348434,799999999810000;5681769,653999999200000;6,827406744000029;51,267095200000028;0
87027;5200625602500546668;5;3;62;24;2020;6;7;5;3;0;1;0;1;0;0;0;0;0;346269,063799999650000;5645289,342800000700000;6,811923990000025;50,938712898000063;0
87029;5200624404101986997;5;7;66;20;2020;6;12;4;3;5;2;0;1;1;0;0;0;0;493109,603000000120000;5752300,624399999200000;8,899806224000031;51,921397541000033;0
87034;5200625500200001791;5;1;11;0;2020;6;7;5;3;4;2;0;1;1;0;0;0;0;351494,672700000000000;5676915,969300000000000;6,873248738000029;51,224285883000050;0
87037;5200623513130586874;5;1;62;22;2020;6;17;3;3;5;2;0;1;1;0;0;0;0;340590,370000000110000;5685176,646400000900000;6,713535259000025;51,295566855000061;0
87038;5200624602800039206;5;3;62;12;2020;6;7;4;3;5;3;0;1;1;0;0;0;0;351798,459900000130000;5631107,653100000700000;6,896314738000058;50,812715239000056;0
87042;5200626317250038803;5;9;78;32;2020;6;10;6;3;1;5;0;1;0;0;0;0;1;393964,195199999960000;5727567,207299999900000;7,465990199000032;51,689040098000078;0
87043;5200623518200787466;5;1;70;24;2020;6;17;3;3;5;2;0;1;1;0;0;0;0;336717,712199999950000;5702483,270600000400000;6,650086941000041;51,449958839000033;0
87046;5200626300110755204;5;9;11;0;2020;6;11;6;3;2;2;0;1;1;0;0;0;0;375957,274500000290000;5706059,986800000100000;7,213214493000066;51,492061049000029;0
87049;5200621607500036883;5;3;82;56;2020;6;14;1;3;5;3;0;1;0;0;1;0;0;375256,853699999860000;5627223,209200000400000;7,230434794000075;50,783327619000033;0
87055;5200625502340880940;5;1;13;0;2020;6;11;5;3;0;7;0;1;0;0;0;0;0;361130,864099999890000;5709317,114000000100000;6,998496197000065;51,517883439000059;0
87064;5200622404301221551;5;7;66;44;2020;6;15;2;3;5;3;0;1;0;0;0;0;1;493643,765999999830000;5766822,921000000100000;8,907304349000071;52,051973388000079;0
87065;5200623317140199201;5;9;78;28;2020;6;18;3;3;5;3;0;1;1;0;0;0;0;401856,577999999750000;5700812,168999999800000;7,587603016000060;51,449977728000079;0
87066;5200624502407671986;5;1;17;0;2020;6;6;4;3;0;5;0;1;1;0;0;0;1;351242,658499999900000;5692579,208200000200000;6,863115608000044;51,364967066000077;0
87068;5200625316300077156;5;9;74;16;2020;6;7;5;3;0;3;0;1;1;0;0;0;0;454322,523000000040000;5718114,348999999500000;8,340319393000073;51,612207290000072;0
87070;5200625705000587386;5;5;54;12;2020;6;14;5;2;5;3;0;1;1;0;0;0;0;347482,031499999580000;5744477,977900000300000;6,786573793000059;51,830276606000041;0
87075;5200625400100203237;5;7;11;0;2020;6;7;5;3;5;4;0;1;0;1;0;0;0;466756,384999999780000;5764331,395999999700000;8,515445606000071;52,028612460000033;0
87078;5200623605136178446;5;3;74;16;2020;6;20;3;2;8;1;0;1;0;0;0;0;0;380858,438199999740000;5667542,017599999900000;7,296653519000074;51,146915669000066;0
87080;5200624701700387209;5;5;62;16;2020;6;12;4;3;5;3;0;1;0;0;0;0;1;372262,222400000320000;5738049,584699999500000;7,148344258000066;51,778724037000075;0
87081;5200622601300366245;5;3;15;0;2020;6;18;2;3;0;1;0;1;0;0;0;0;0;351286,997999999670000;5648196,566999999800000;6,882104432000062;50,966154399000061;0
87083;5200626303200023102;5;9;15;0;2020;6;19;6;3;3;2;0;1;1;0;0;0;0;413955,285899999550000;5727644,803200000900000;7,755098131000068;51,693157692000057;0
87085;5200624601510646207;5;3;15;0;2020;6;16;4;3;0;6;0;1;1;0;0;0;0;360301,780500000340000;5647009,731599999600000;7,010858660000054;50,957744841000078;0
87086;5200621607300977207;5;3;82;76;2020;6;16;1;3;4;6;0;1;1;0;0;0;0;402280,434000000360000;5628562,644999999600000;7,613289713000029;50,800554325000064;0
87090;5200624501212248206;5;1;12;0;2020;6;11;4;3;3;6;0;1;0;0;0;0;0;340728,422100000080000;5696808,980499999600000;6,710308275000045;51,400119593000056;0
87092;5200625313130577838;5;9;58;44;2020;6;6;5;2;3;6;0;1;1;0;0;0;0;431241,362099999560000;5688851,910599999100000;8,012719605000029;51,346779790000028;0
87095;5200623601510099204;5;3;15;0;2020;6;5;3;3;5;7;0;1;0;0;0;0;0;359612,006199999710000;5649943,314300000700000;6,999911006000048;50,983941504000029;0
87097;5200621607200081292;5;3;82;20;2020;6;11;1;3;0;1;0;1;0;0;0;0;0;386129,816399999890000;5622975,930900000000000;7,385921045000032;50,747385084000030;0
87098;5200626301503871200;5;9;13;0;2020;6;13;6;3;0;7;0;1;0;1;0;0;0;383804,800999999980000;5706384,278999999200000;7,326094540000042;51,496643035000034;0
87102;5200624610111571791;5;3;70;16;2020;6;14;4;2;5;3;0;1;1;0;0;0;0;294888,876799999740000;5655932,289999999100000;6,075507851000054;51,018314796000027;0
87103;5200622515210086201;5;1;54;48;2020;6;14;2;2;0;3;0;1;1;0;0;0;0;324348,645399999800000;5705787,656999999700000;6,470613102000073;51,475941013000067;0
87107;5200623502324412209;5;1;13;0;2020;6;12;3;3;1;3;0;1;1;0;0;0;0;361032,599100000230000;5706003,731799999300000;6,998386218000064;51,488084467000078;0
87109;5200621605144986577;5;3;74;44;2020;6;12;1;2;5;3;0;1;1;0;0;0;0;402554,036999999550000;5637547,675499999900000;7,614781152000035;50,881376908000050;0
87113;5200623701930169201;5;5;62;36;2020;6;15;3;3;1;5;0;1;1;0;0;0;0;387717,606999999840000;5720148,018400000400000;7,378042001000040;51,621142819000056;0
87114;5200625513320181736;5;1;62;4;2020;6;11;5;3;1;5;0;1;0;0;0;0;1;347336,459999999960000;5664834,914000000800000;6,818873711000038;51,114632222000068;0
87115;5200625301403644200;5;9;13;0;2020;6;20;5;3;5;2;0;1;1;0;0;0;0;400675,709999999960000;5708023,444000000100000;7,568586325000069;51,514593609000030;0
87117;5200624300400977731;5;9;11;0;2020;6;15;4;3;5;5;0;1;1;0;0;0;0;374671,963700000200000;5702212,883600000300000;7,196074624000062;51,457202521000056;0
87120;5200624607100271690;5;3;82;60;2020;6;21;4;3;3;3;0;1;1;0;0;0;0;373483,464300000110000;5628169,490299999700000;7,204965379000043;50,791448933000026;0
87122;5200626300420394200;5;9;16;0;2020;6;0;6;2;0;1;2;1;0;0;0;0;0;370869,218500000420000;5709705,767899999400000;7,138628794000056;51,523686435000059;0
87123;5200623410230282209;5;7;70;4;2020;6;18;3;2;5;3;0;1;1;0;0;0;0;486770,046000000090000;5783639,130000000800000;8,806408351000073;52,203041601000052;0
87127;5200622711121581020;5;5;70;36;2020;6;13;2;3;0;1;0;1;0;0;0;0;0;434272,585500000040000;5761373,688400000300000;8,042587778000041;51,999125406000076;0
87129;5200623500300886204;5;1;11;0;2020;6;15;3;3;5;3;0;1;1;0;0;0;0;345148,611999999730000;5676132,468000000300000;6,782776407000029;51,215559624000036;0
87134;5200624405220954124;5;7;54;20;2020;6;13;4;3;5;3;0;1;1;0;0;0;0;444411,927000000140000;5750975,243000000700000;8,191946377000022;51,906749768000054;0
87140;5200626317120618520;5;9;78;16;2020;6;16;6;3;5;3;0;1;1;0;0;0;0;404210,438000000080000;5708239,920700000600000;7,619452080000031;51,517149968000069;0
87144;5200625709500962076;5;5;66;76;2020;6;13;5;3;0;3;0;1;1;0;0;0;0;393130,396800000220000;5793663,316099999500000;7,433336382000050;52,282931386000030;0
87145;5200623406110744989;5;7;58;12;2020;6;15;3;3;5;2;0;1;1;0;0;0;0;477607,725999999790000;5773314,662000000500000;8,673020421000047;52,109922643000061;0
87151;5200623606210981187;5;3;78;32;2020;6;19;3;2;0;1;0;1;0;0;0;0;0;370663,930200000290000;5660082,099800000000000;7,153656982000030;51,077655831000072;0
87154;5200622601310376208;5;3;15;0;2020;6;8;2;3;1;3;0;1;1;0;0;0;0;354781,632000000220000;5646150,696000000500000;6,932654475000049;50,948660297000060;0
87156;5200626310140675743;5;9;54;28;2020;6;10;6;2;0;1;0;1;0;0;0;0;0;374284,192499999890000;5686599,369899999400000;7,196023973000024;51,316791219000038;0
87157;5200623505200035202;5;1;14;0;2020;6;11;3;3;5;7;0;1;0;0;0;0;0;329652,516699999570000;5690561,073599999800000;6,554225841000061;51,340772612000080;0
87159;5200625503100779242;5;1;24;0;2020;6;13;5;3;5;2;0;1;1;0;0;0;0;371335,193599999880000;5680109,158600000700000;7,156068421000043;51,257801893000078;0
87161;5200622602250585705;5;3;62;16;2020;6;17;2;2;5;3;0;1;1;0;0;0;0;331573,837100000120000;5643878,422299999700000;6,603603552000038;50,921931667000081;0
87163;5200623711312672788;5;5;70;8;2020;6;14;3;3;0;3;0;1;1;0;0;0;0;433036,762799999680000;5733358,075600000100000;8,030023363000055;51,747121387000050;0
87165;5200623513120376526;5;1;62;20;2020;6;16;3;3;1;2;0;1;1;0;0;0;0;328443,894700000060000;5669234,210899999400000;6,547108843000046;51,148812055000064;0
87166;5200624602700264208;5;3;62;28;2020;6;17;4;3;5;2;0;1;1;0;0;0;0;349280,487200000320000;5639378,414500000000000;6,857195167000043;50,886390298000038;0
87168;5200625702100870498;5;5;15;0;2020;6;11;5;3;0;1;0;1;0;0;0;0;0;406538,672500000340000;5758767,041799999800000;7,639419539000073;51,971720154000081;0
87172;5200622500200468202;5;1;11;0;2020;6;17;2;3;0;1;0;1;0;0;0;0;0;350932,199199999680000;5676712,178500000400000;6,865284262000046;51,222308031000068;0
87173;5200625601400053760;5;3;15;0;2020;6;18;5;3;5;3;0;1;0;0;1;0;0;354323,246899999680000;5653460,058100000000000;6,923203769000054;51,014231129000052;0
87174;5200625317110978006;5;9;78;36;2020;6;7;5;3;5;3;0;1;1;0;0;0;0;406295,766499999910000;5712462,905200000900000;7,648373279000055;51,555460876000041;0
87176;5200624310120477604;5;9;54;32;2020;6;11;4;3;0;1;0;1;0;0;0;0;0;383656,039599999790000;5692276,655099999200000;7,328587190000064;51,369813246000035;0
87178;5200622500100948205;5;1;11;0;2020;6;15;2;2;6;6;0;1;0;1;0;0;0;340871,548999999650000;5678154,828999999900000;6,720689201000027;51,232554752000055;0
87181;5200622601110979207;5;3;15;0;2020;6;18;2;3;0;6;0;1;1;0;0;0;0;354879,092000000180000;5644798,166999999400000;6,934579804000066;50,936530016000063;0
87183;5200626303100584898;5;9;15;0;2020;6;14;6;2;3;3;0;1;1;0;0;0;0;416269,351999999960000;5725520,583000000600000;7,789079634000075;51,674412110000048;0
87185;5200624601300751543;5;3;15;0;2020;6;11;4;3;5;2;0;1;1;0;0;0;0;354185,334999999960000;5644842,670800000400000;6,924695070000041;50,936754960000030;0
87187;5200625608200725204;5;3;34;2;2020;6;18;5;3;0;3;0;1;1;0;0;0;0;300435,025500000450000;5625905,970899999100000;6,170873845000074;50,750580487000036;0
87189;5200624500300472290;5;1;11;0;2020;6;17;4;3;6;7;0;1;0;1;0;0;0;350710,002199999990000;5675559,433199999900000;6,862584592000076;51,211891513000069;0
87198;5200629314310080518;5;9;66;20;2020;6;18;2;2;0;3;0;1;1;0;0;0;0;432178,585500000040000;5661843,873299999200000;8,031286105000049;51,104066981000074;0
87199;5200626603116178293;5;3;66;16;2020;6;22;6;3;5;3;1;1;1;0;0;0;0;346359,698200000450000;5616347,573400000100000;6,825327237000067;50,678658301000041;1
87201;5200626602800385806;5;3;62;12;2020;6;12;6;3;0;2;0;1;1;0;0;0;0;351752,106599999590000;5633014,532400000800000;6,894886532000044;50,829839937000031;0
87202;5200629303100175374;5;9;15;0;2020;6;10;2;3;6;7;0;1;0;1;0;0;0;422717,394999999550000;5727146,237999999900000;7,881951984000068;51,689950519000035;0
87207;5200629600380665208;5;3;14;0;2020;6;13;2;3;0;2;0;1;1;0;0;0;0;372617,386300000360000;5612696,903699999700000;7,198027183000022;50,652184426000076;0
87215;5200628702100344201;5;5;15;0;2020;6;10;1;3;4;6;0;1;0;0;0;0;0;413561,095399999990000;5752536,268500000200000;7,743188601000043;51,916849092000064;0
87216;5200628701910264261;5;5;62;8;2020;6;14;1;3;1;5;0;1;1;0;0;0;1;384120,618200000380000;5721167,182900000400000;7,325768570000037;51,629573637000078;0
87220;5200628608404214201;5;3;34;4;2020;6;18;1;2;0;7;0;1;0;0;0;0;0;298945,435200000180000;5638099,347600000000000;6,143108065000035;50,859583083000075;0
87222;5200626601700064470;5;3;16;0;2020;6;12;6;3;5;3;0;1;1;0;0;0;0;359242,399500000290000;5659151,266200000400000;6,991073737000022;51,066602552000063;0
87224;5200626601620938203;5;3;15;0;2020;6;9;6;3;5;2;0;1;1;0;0;0;0;365885,536700000060000;5634439,406600000300000;7,094934400000057;50,846093636000035;0
87232;5200628603104786263;5;3;66;4;2020;6;12;1;2;8;1;0;1;0;0;0;0;0;341808,686499999840000;5603006,690600000300000;6,766649772000051;50,557554773000049;0
87234;5200628602600735204;5;3;62;20;2020;6;15;1;3;0;1;0;1;0;0;0;0;0;342508,308100000020000;5625044,655799999800000;6,767144849000033;50,755781830000046;0
87236;5200626601400886536;5;3;15;0;2020;6;18;6;3;0;1;0;1;0;0;0;0;0;355665,973199999890000;5650699,465099999700000;6,943430238000076;50,989761077000026;0
87243;5200626601400586536;5;3;15;0;2020;6;19;6;3;0;1;0;1;0;0;0;0;0;355667,296000000090000;5650696,297199999900000;6,943450332000055;50,989732939000078;0
87244;5200629500300872316;5;1;11;0;2020;6;13;2;3;0;1;0;1;0;0;0;0;0;349641,757000000220000;5673911,939999999500000;6,847992127000055;51,196807162000027;1
87245;5200628600110418206;5;3;14;0;2020;6;23;1;2;0;1;2;1;0;0;0;0;0;364480,940100000240000;5621627,990100000100000;7,079719053000076;50,730620377000037;0
87246;5200629601210545209;5;3;15;0;2020;6;12;2;3;5;3;0;1;1;0;0;0;0;352950,290900000370000;5643822,834599999700000;6,907541253000034;50,927276496000047;0
87247;5200628515111576741;5;1;54;44;2020;6;15;1;2;0;7;0;1;0;0;0;0;1;325863,859299999660000;5738378,751199999800000;6,476209910000023;51,769170773000042;0
87248;5200628506100775884;5;1;16;0;2020;6;15;1;2;5;2;0;1;1;0;0;0;0;321121,549999999810000;5668584,941999999800000;6,442846696000061;51,140738141000043;0
87252;5200628503200222204;5;1;24;0;2020;6;15;1;1;6;7;0;1;0;1;0;0;0;375229,686599999670000;5681846,089700000400000;7,211245776000055;51,274278526000046;0
87253;5200626600380084209;5;3;14;0;2020;6;13;6;3;5;2;0;1;1;0;0;0;0;371008,407899999990000;5614254,827500000600000;7,174735704000057;50,665833690000056;0
87256;5200626600110168205;5;3;14;0;2020;6;18;6;3;0;1;0;1;0;0;0;0;0;364579,516999999990000;5622450,012499999300000;7,080813032000037;50,738031590000048;0
87258;5200629600330540209;5;3;82;48;2020;6;9;2;3;0;1;0;1;0;0;0;0;0;355624,019999999550000;5610104,730000000400000;6,958799448000036;50,624923974000069;1
87260;5200628405236282127;5;7;54;36;2020;6;13;1;2;5;3;0;1;1;0;0;0;0;476415,672199999910000;5751293,371799999800000;8,657130554000048;51,911884513000075;0
87261;5200628405108776206;5;7;54;8;2020;6;14;1;3;7;1;0;1;0;0;0;0;0;459628,583899999970000;5755032,581000000200000;8,412651797000024;51,944538368000053;0
87263;5200628404302821757;5;7;66;48;2020;6;11;1;3;5;3;0;1;1;0;0;0;0;477575,100999999790000;5764302,541899999600000;8,673136180000029;52,028896005000036;0
87266;5200628400100476085;5;7;11;0;2020;6;16;1;2;5;2;0;1;1;0;0;0;0;469574,073800000360000;5768232,414400000100000;8,556167156000072;52,063846761000036;0
87267;5200628317140537205;5;9;78;28;2020;6;18;1;3;0;1;0;1;0;0;0;0;0;401168,916400000450000;5697984,792300000800000;7,578499287000057;51,424442677000059;0
87268;5200628314220978526;5;9;66;12;2020;6;16;1;3;5;3;0;1;1;0;0;0;0;430246,317999999970000;5670854,314999999500000;8,001945670000055;51,184847200000036;0
87269;5200629518301528099;5;1;70;4;2020;6;17;2;2;0;3;0;1;1;0;0;0;0;323684,041100000030000;5720159,672599999200000;6,453854173000025;51,604835310000055;0
87271;5200628313121787429;5;9;58;32;2020;6;18;1;3;8;7;0;1;0;0;0;0;0;448868,103299999610000;5685086,196399999800000;8,266330027000038;51,314780776000077;0
87273;5200626516500136201;5;1;58;16;2020;6;13;6;3;5;3;0;1;1;0;0;0;0;354520,271399999970000;5670236,789999999100000;6,919253757000035;51,165044190000060;0
87280;5200626516110078852;5;1;58;32;2020;6;10;6;3;3;2;0;1;1;0;0;0;0;364262,684200000020000;5689713,664999999100000;7,051118436000024;51,342476155000043;0
87281;5200629500300416209;5;1;11;0;2020;6;15;2;2;3;2;0;1;0;0;0;1;0;349520,066100000400000;5670469,697699999400000;6,847693283000069;51,165843601000063;0
87282;5200627706300451312;5;5;58;24;2020;6;16;7;3;5;3;0;1;1;0;0;0;0;393065,024199999870000;5736912,903400000200000;7,450116102000038;51,772869469000057;0
87283;5200626515110078980;5;1;54;36;2020;6;11;6;3;5;2;0;1;0;0;0;1;0;302640,468999999580000;5739757,411000000300000;6,139271149000024;51,773848301000044;0
87289;5200629515212721932;5;1;54;32;2020;6;11;2;3;5;3;0;1;1;0;0;0;0;311033,290000000040000;5715889,860999999600000;6,273680127000034;51,562384238000050;0
87291;5200627702100348538;5;5;15;0;2020;6;0;7;2;0;7;2;1;0;0;0;0;0;400277,648599999960000;5756850,773399999400000;7,548860549000040;51,953408365000030;0
87292;5200626514215082482;5;1;66;28;2020;6;13;6;1;5;3;0;1;1;0;0;0;0;320175,940999999640000;5684490,092599999200000;6,421370306000028;51,283319280000057;0
87294;5200627701400165866;5;5;12;0;2020;6;19;7;2;5;2;0;1;1;0;0;0;0;357462,342899999580000;5709713,933800000700000;6,945497848000059;51,520535492000079;0
87295;5200629515212243540;5;1;54;64;2020;6;6;2;3;8;1;0;1;0;0;0;0;0;306879,722099999900000;5724293,988299999400000;6,209203892000062;51,636454312000069;0
87297;5200627701300267202;5;5;62;14;2020;6;14;7;3;3;3;0;1;1;0;0;0;0;361899,678399999630000;5713204,854499999400000;7,008044851000022;51,553008079000051;1
87304;5200626514118878393;5;1;66;16;2020;6;16;6;2;5;3;0;1;1;0;0;0;0;309939,783999999990000;5684821,562999999200000;6,274583569000072;51,282973703000039;0
87307;5200627608436085203;5;3;34;36;2020;6;15;7;3;5;3;0;1;1;0;0;0;0;297427,862700000410000;5633734,336999999400000;6,123985845000050;50,819849632000057;0
87308;5200626513210887205;5;1;62;24;2020;6;12;6;3;5;3;0;1;1;0;0;0;0;335843,178999999540000;5677751,148000000000000;6,648913227000037;51,227503638000030;0
87310;5200629508219872206;5;1;19;0;2020;6;15;2;2;5;3;0;1;1;0;0;0;0;350800,095999999900000;5709892,682000000000000;6,849465349000070;51,520421176000070;0
87311;5200629600110653209;5;3;14;0;2020;6;13;2;3;5;2;0;1;1;0;0;0;0;363628,853900000450000;5621199,751499999300000;7,067810828000063;50,726572043000033;0
87316;5200627602900647201;5;3;62;40;2020;6;6;7;3;5;3;0;1;1;0;0;0;0;357294,112999999900000;5632541,882300000600000;6,973713160000045;50,826984969000080;0
87317;5200627602800690203;5;3;62;12;2020;6;20;7;3;0;1;0;1;0;0;0;0;0;349933,223600000140000;5634083,968399999700000;6,868639577000067;50,838981794000063;0
87321;5200627601420624203;5;3;15;0;2020;6;13;7;2;9;1;0;1;0;0;0;0;0;358263,080799999650000;5647392,529500000200000;6,981699961000061;50,960687199000063;0
87325;5200627601310558200;5;3;15;0;2020;6;7;7;3;0;1;0;1;0;0;0;0;0;353707,920599999840000;5646420,808800000700000;6,917271230000040;50,950816210000028;0
87326;5200627601300068284;5;3;15;0;2020;6;17;7;3;0;7;0;1;0;0;0;0;0;354173,966000000010000;5644843,070000000300000;6,924533214000064;50,936755673000050;0
87327;5200626503300078836;5;1;20;0;2020;6;17;6;3;5;7;0;1;1;0;0;0;0;371718,801699999720000;5671822,416699999900000;7,164528191000045;51,183410969000079;0
87329;5200627600360179205;5;3;82;12;2020;6;1;7;3;0;1;2;1;0;0;0;0;0;359051,076000000350000;5624574,462600000200000;7,001700546000052;50,755809491000036;0
87331;5200629609108078426;5;3;58;8;2020;6;7;2;3;0;1;0;1;0;0;0;0;0;323385,974700000140000;5631150,685100000400000;6,493364616000065;50,805136764000054;1
87334;5200627600340978437;5;3;82;64;2020;6;17;7;3;5;6;0;1;1;0;0;0;0;350182,063699999820000;5619628,091000000000000;6,878059879000034;50,709136215000058;0
87336;5200627518400885894;5;1;70;8;2020;6;12;7;3;1;3;0;1;1;0;0;0;0;348683,248700000350000;5716534,080299999600000;6,816120562000037;51,579531853000049;0
87338;5200626502402336208;5;1;17;0;2020;6;15;6;3;0;1;0;1;0;0;0;0;0;353952,627500000410000;5701090,318900000300000;6,898511910000025;51,442149774000029;0
87339;5200629410110587167;5;7;70;24;2020;6;8;2;3;2;3;0;1;0;0;0;0;0;495473,150500000450000;5793160,818499999100000;8,933631602000048;52,288787255000045;0
87344;5200627516310262200;5;1;58;28;2020;6;14;7;3;0;1;0;1;0;0;0;0;0;346781,086400000380000;5685580,383600000300000;6,802085895000062;51,300894152000069;1
87349;5200627508000553956;5;1;19;0;2020;6;14;7;2;5;2;0;1;1;0;0;0;0;346672,528500000010000;5710555,789500000000000;6,789729916000056;51,525273894000065;0
87352;5200627508000279369;5;1;19;0;2020;6;7;7;3;5;2;0;1;0;0;0;1;0;351186,279000000100000;5704959,918999999800000;6,857107955000060;51,476200054000060;0
87353;5200629601610867205;5;3;15;0;2020;6;17;2;3;5;2;0;1;1;0;0;0;0;362611,020899999890000;5645163,752599999300000;7,044415460000039;50,941709617000072;0
87354;5200627506100727207;5;1;16;0;2020;6;16;7;3;0;1;0;1;0;0;0;0;0;320199,723899999630000;5674747,133999999600000;6,426602068000022;51,195805451000069;0
87355;5200627506100185961;5;1;16;0;2020;6;19;7;3;0;1;0;1;0;0;0;0;0;321939,268500000240000;5669810,837799999900000;6,453917764000039;51,152005721000080;0
87356;5200626501328891200;5;1;12;0;2020;6;11;6;3;5;3;0;1;1;0;0;0;0;341538,811999999920000;5693130,361999999700000;6,723589720000064;51,367294892000075;0
87357;5200627505100572300;5;1;14;0;2020;6;12;7;3;5;3;0;1;1;0;0;0;0;337310,819000000130000;5689977,411800000800000;6,664346619000071;51,337771964000069;0
87362;5200629503100980519;5;1;24;0;2020;6;11;2;3;3;6;0;1;1;0;0;0;0;368418,228600000030000;5679270,825500000300000;7,114596867000046;51,249601854000048;1
87363;5200629518320572108;5;1;70;52;2020;6;5;2;3;5;3;0;1;1;0;0;0;0;318668,935899999920000;5730754,121500000400000;6,376019908000046;51,698403173000031;0
87367;5200629600360535206;5;3;82;12;2020;6;11;2;3;1;3;0;1;1;0;0;0;0;358802,394999999550000;5625085,237999999900000;6,997981252000045;50,760339578000071;0
87370;5200627405232487022;5;7;54;32;2020;6;19;7;2;0;1;0;1;0;0;0;0;0;459859,497000000440000;5738634,596000000800000;8,417917546000069;51,797125862000030;1
87374;5200627404101770373;5;7;66;20;2020;6;15;7;3;0;1;0;1;0;0;0;0;0;486514,736600000410000;5755861,708900000900000;8,803770608000036;51,953294578000055;0
87384;5200629700000671568;5;5;13;0;2020;6;12;2;3;5;3;0;1;1;0;0;0;0;364263,037999999710000;5716492,778699999700000;7,040842258000055;51,583128120000026;0
87386;5200629502407836208;5;1;17;0;2020;6;18;2;3;4;2;0;1;1;0;0;0;0;354121,276399999860000;5692892,196799999100000;6,904308239000045;51,368526189000079;0
87389;5200626411104667200;5;7;74;4;2020;6;16;6;3;0;1;0;1;0;0;0;0;0;496273,743999999950000;5734679,123999999800000;8,946006072000046;51,762989329000050;0
87393;5200627301302084209;5;9;78;24;2020;6;11;7;3;4;6;0;1;1;0;0;0;0;392225,846699999650000;5717276,434000000400000;7,444021472000031;51,596213736000038;0
87402;5200629405108078046;5;7;54;8;2020;6;12;2;3;5;3;0;1;1;0;0;0;0;456809,621000000280000;5751937,675000000700000;8,372030870000060;51,916501816000050;0
87404;5200629601200265722;5;3;15;0;2020;6;13;2;3;0;1;0;1;0;0;0;0;0;357441,044200000350000;5636395,020500000600000;6,974298495000028;50,861649784000065;1
87405;5200626706300987405;5;5;58;24;2020;6;15;6;3;5;3;0;1;1;0;0;0;0;388537,416699999940000;5737094,433199999900000;7,384463596000046;51,773617755000032;0
87410;5200626410130431209;5;7;70;28;2020;6;20;6;3;1;1;0;1;1;0;0;0;0;499424,252999999560000;5798801,109200000800000;8,991549285000076;52,339514503000032;0
87411;5200626702100572376;5;5;15;0;2020;6;18;6;3;4;2;0;1;1;0;0;0;0;400144,917299999860000;5747452,186200000300000;7,549654170000054;51,868908108000028;0
87413;5200626701930555830;5;5;62;36;2020;6;16;6;3;5;3;0;1;1;0;0;0;0;386628,634499999690000;5719789,805600000500000;7,362434217000043;51,617704936000052;0
87415;5200626701910892205;5;5;62;8;2020;6;7;6;3;3;6;0;1;1;0;0;0;0;384978,819899999540000;5724209,811599999700000;7,337162001000024;51,657096032000027;0
87418;5200626701700148207;5;5;62;16;2020;6;15;6;3;3;6;0;1;0;0;0;0;0;375517,456399999560000;5735818,103599999100000;7,196305512000038;51,759403584000040;0
87419;5200626701500134200;5;5;62;24;2020;6;17;6;2;5;3;0;1;1;0;0;0;0;367604,794599999670000;5723619,600600000500000;7,086353714000040;51,647968530000071;0