OBJECTID;UIDENTSTLAE;ULAND;UREGBEZ;UKREIS;UGEMEINDE;UJAHR;UMONAT;USTUNDE;UWOCHENTAG;UKATEGORIE;UART;UTYP1;ULICHTVERH;IstRad;IstPKW;IstFuss;IstKrad;IstGkfz;IstSonstige;LINREFX;LINREFY;XGCSWGS84;YGCSWGS84;STRZUSTAND
87421;5200626701400563936;5;5;12;0;2020;6;13;6;3;5;2;0;1;1;0;0;0;0;357041,781399999750000;5719330,466499999200000;6,935529139000039;51,606841434000046;0
87430;5200626610111888209;5;3;70;16;2020;6;10;6;3;4;5;0;1;1;0;0;0;0;295343,192900000140000;5656975,861199999200000;6,081387609000046;51,027848740000081;0
87432;5200626609108969655;5;3;58;8;2020;6;19;6;2;4;6;0;1;1;0;0;0;0;319158,444500000220000;5632424,756500000100000;6,432800253000039;50,815278745000057;0
87434;5200629609108865701;5;3;58;8;2020;6;13;2;3;4;2;0;1;1;0;0;0;0;322916,380199999550000;5630589,550300000200000;6,486977223000054;50,799952120000057;0
87437;5200626608200800209;5;3;34;2;2020;6;7;6;3;6;6;0;1;0;1;0;0;0;296357,140900000000000;5631919,415599999900000;6,109811811000043;50,803173725000079;0
87442;5200626606140415207;5;3;78;28;2020;6;11;6;2;0;1;0;1;0;0;0;0;0;369811,496899999680000;5640777,856300000100000;7,148413483000070;50,903960434000055;0
87444;5200629602800373720;5;3;62;12;2020;6;18;2;3;0;3;0;1;1;0;0;0;0;352057,412399999800000;5634186,794500000800000;6,898745550000058;50,840452816000038;0
87446;5200626606110078223;5;3;78;4;2020;6;14;6;3;3;2;0;1;1;0;0;0;0;369951,512799999680000;5647198,640399999900000;7,148112593000064;50,961701409000057;0
87448;5200626606100164393;5;3;78;4;2020;6;15;6;3;5;3;0;1;1;0;0;0;0;367530,736800000070000;5647217,039799999400000;7,113653899000042;50,961315284000079;0
87455;5200702505200822200;5;1;14;0;2020;7;17;5;2;0;1;0;1;0;0;0;0;0;326068,381000000050000;5691668,672100000100000;6,502277193000055;51,349637412000050;1
87459;5200630601110308201;5;3;15;0;2020;6;9;3;3;5;2;0;1;0;0;0;0;1;357004,411000000310000;5643486,082599999400000;6,965322399000058;50,925269323000066;0
87464;5200701407101586994;5;7;62;20;2020;7;19;4;3;0;1;0;1;0;0;0;0;0;523975,382100000050000;5736268,319599999100000;9,347512715000050;51,776777096000046;1
87465;5200702411220574548;5;7;74;20;2020;7;11;5;2;4;6;0;1;0;0;0;0;0;463383,484299999660000;5734867,290899999400000;8,469414298000061;51,763496211000074;0
87466;5200702602600185761;5;3;62;20;2020;7;9;5;3;0;7;0;1;0;0;0;0;1;339700,695899999700000;5630231,278100000700000;6,725111658000060;50,801618938000047;1
87474;5200630518400185973;5;1;70;8;2020;6;8;3;3;5;3;0;1;1;0;0;0;0;342554,275000000370000;5713498,037000000500000;6,729097443000057;51,550575777000063;0
87475;5200703301202566992;5;9;13;0;2020;7;17;6;3;5;3;0;1;1;0;0;0;0;393928,876899999570000;5709384,183399999500000;7,470980665000070;51,525598113000058;0
87484;5200630515110586193;5;1;54;36;2020;6;9;3;2;5;3;0;1;1;0;0;0;0;303741,339999999850000;5740398,264499999600000;6,154844812000022;51,779990299000076;0
87485;5200702709800680991;5;5;66;40;2020;7;18;5;3;4;2;0;1;1;0;0;0;0;422022,918200000190000;5782335,887000000100000;7,859393644000022;52,185970263000058;0
87491;5200701315210486069;5;9;70;24;2020;7;10;4;3;0;7;0;1;0;0;0;0;0;430187,372800000010000;5645980,724999999600000;8,005905860000041;50,961200911000049;0
87495;5200630513320586700;5;1;62;4;2020;6;15;3;3;5;3;0;1;1;0;0;0;0;344261,304100000300000;5664758,464999999900000;6,775006652000059;51,113117837000061;0
87497;5200630608100075604;5;3;34;2;2020;6;13;3;3;5;1;0;1;1;0;0;0;0;295033,895499999630000;5630058,988700000600000;6,092095345000075;50,785998318000054;0
87500;5200701303100985590;5;9;15;0;2020;7;8;4;2;5;3;0;1;1;0;0;0;0;417835,388700000010000;5725257,397800000400000;7,811784421000027;51,672277463000057;1
87502;5200630513130176018;5;1;62;22;2020;6;10;3;3;4;2;0;1;1;0;0;0;0;339240,168600000440000;5679599,011900000300000;6,696693689000028;51,245073314000081;0
87507;5200630508221942205;5;1;19;0;2020;6;15;3;3;5;3;0;1;1;0;0;0;0;351651,026399999860000;5707027,470499999800000;6,862926575000074;51,494900079000047;0
87516;5200701600140415202;5;3;14;0;2020;7;17;4;3;4;7;0;1;1;0;0;0;0;370505,883700000120000;5619534,690800000000000;7,165778552000063;50,713179521000029;1
87521;5200701601110045207;5;3;15;0;2020;7;21;4;3;0;1;1;1;0;0;0;0;0;356212,577100000340000;5643250,264200000100000;6,954156076000061;50,922953243000052;1
87529;5200630502241477712;5;1;13;0;2020;6;16;3;3;0;7;0;1;1;0;0;0;0;359204,447999999860000;5699279,990000000200000;6,974748858000055;51,427211612000065;0
87534;5200702404000833574;5;7;66;40;2020;7;19;5;2;3;6;0;1;1;0;0;0;0;487269,741899999790000;5759481,787300000000000;8,814622677000045;51,985860348000074;1
87536;5200702407340861546;5;7;62;40;2020;7;21;5;2;0;1;1;1;0;0;0;0;0;502268,450000000190000;5719421,030999999500000;9,032770905000064;51,625805106000030;1
87546;5200702316200084984;5;9;74;12;2020;7;13;5;3;5;2;0;1;1;0;0;0;0;431241,281399999750000;5706371,405099999200000;8,009318165000025;51,504288828000028;0
87548;5200701608200377603;5;3;34;2;2020;7;12;4;3;5;3;0;1;1;0;0;0;0;295336,934999999590000;5631614,043999999800000;6,095522590000030;50,800071710000054;1
87549;5200630500200539200;5;1;11;0;2020;6;7;3;2;5;2;0;1;0;0;0;1;0;347128,965699999590000;5676875,599800000000000;6,810792720000052;51,222770715000081;0
87555;5200630606100856493;5;3;78;4;2020;6;9;3;3;5;2;0;1;1;0;0;0;0;369318,717199999840000;5648873,337400000500000;7,138504935000071;50,976610068000070;0
87556;5200702515110085991;5;1;54;36;2020;7;8;5;3;5;3;0;1;1;0;0;0;0;302168,542999999600000;5740709,209000000700000;6,131897526000046;51,782228911000061;0
87557;5200702709500476614;5;5;66;76;2020;7;16;5;3;0;1;0;1;0;0;0;0;0;393651,218000000340000;5794099,025000000400000;7,440830852000033;52,286948206000034;1
87560;5200630709000172411;5;5;66;96;2020;6;10;3;2;5;3;0;1;1;0;0;0;0;384595,804999999700000;5785482,462999999500000;7,311074192000035;52,207687124000074;0
87561;5200702601210394200;5;3;15;0;2020;7;22;5;3;0;1;2;1;0;0;0;0;0;354173,137299999590000;5644787,038799999300000;6,924543852000056;50,936251928000047;1
87563;5200630500100759206;5;1;11;0;2020;6;19;3;3;1;5;0;1;1;0;0;0;0;343685,197300000120000;5677970,526599999500000;6,761038209000049;51,231676378000031;0
87572;5200702506100070208;5;1;16;0;2020;7;9;5;2;0;7;0;1;0;0;0;0;0;322110,151999999770000;5674617,668999999800000;6,453980182000066;51,195240326000032;0
87576;5200702301101818207;5;9;13;0;2020;7;15;5;3;5;2;0;1;1;0;0;0;0;393102,116999999620000;5707848,434000000400000;7,459533370000031;51,511638214000072;0
87579;5200701600380277202;5;3;14;0;2020;7;14;4;3;5;3;0;1;1;0;0;0;0;367580,205299999560000;5619679,174499999700000;7,124309315000062;50,713819001000047;0
87583;5200702500300572004;5;1;11;0;2020;7;14;5;3;5;2;0;1;1;0;0;0;0;345119,637000000100000;5675380,492300000000000;6,782686557000034;51,208794939000029;0
87584;5200630702100565857;5;5;15;0;2020;6;17;3;3;5;7;0;1;0;0;0;0;0;404133,479299999770000;5756277,283600000700000;7,605111457000021;51,948931664000042;0
87585;5200702602600385761;5;3;62;20;2020;7;9;5;3;0;7;0;1;0;0;0;0;1;339714,620299999600000;5630223,947100000500000;6,725312299000052;50,801556916000038;1
87588;5200630316400671293;5;9;74;36;2020;6;13;3;2;0;3;0;1;1;0;0;0;0;460518,883999999610000;5704627,796000000100000;8,431316997000067;51,491415651000068;0
87594;5200701404102487160;5;7;66;44;2020;7;17;4;3;0;1;0;1;0;0;0;0;0;493975,826899999750000;5759586,988500000900000;8,912274280000077;51,986919421000039;1
87596;5200630702100270610;5;5;15;0;2020;6;12;3;3;5;3;0;1;1;0;0;0;0;409764,444099999960000;5751793,053300000700000;7,688195757000074;51,909566256000062;0
87602;5200630602700065713;5;3;62;28;2020;6;16;3;3;5;3;0;1;1;0;0;0;0;351676,167999999600000;5637776,246400000500000;6,891880162000064;50,872612310000079;0
87603;5200702516710990209;5;1;58;8;2020;7;6;5;2;4;6;0;1;0;0;0;0;0;360271,847400000320000;5674912,664699999600000;6,999642875000063;51,208498890000044;1
87608;5200702601410950209;5;3;15;0;2020;7;10;5;3;0;1;0;1;0;0;0;0;0;356502,357499999930000;5646389,729100000100000;6,957039967000071;50,951239379000071;1
87609;5200702601210206207;5;3;15;0;2020;7;14;5;3;0;1;0;1;0;0;0;0;0;354323,411000000310000;5642492,882999999400000;6,927597708000064;50,915672963000077;0
87611;5200703300110705205;5;9;11;0;2020;7;9;6;3;5;3;0;1;1;0;0;0;0;378568,817900000140000;5703798,294600000600000;7,251591374000043;51,472300875000030;0
87620;5200630702100179102;5;5;15;0;2020;6;19;3;3;0;2;0;1;1;0;0;0;0;403994,963499999610000;5761414,516100000600000;7,601659827000049;51,995082884000055;0
87624;5200630702100068203;5;5;15;0;2020;6;17;3;3;0;1;0;1;0;0;0;0;0;407404,172899999660000;5755092,879200000300000;7,653005611000026;51,938839675000054;0
87625;5200701601210494209;5;3;15;0;2020;7;18;4;3;3;5;0;1;1;0;0;0;0;353300,594999999740000;5644029,250700000700000;6,912439339000059;50,929220671000053;1
87630;5200702505200770205;5;1;14;0;2020;7;8;5;3;5;3;0;1;1;0;0;0;0;331084,460799999540000;5692082,267899999400000;6,574043271000051;51,354866133000030;0
87631;5200702609108374408;5;3;58;8;2020;7;10;5;3;0;7;0;1;0;0;0;0;0;324116,395399999800000;5631512,615900000600000;6,503547357000059;50,808610622000060;0
87633;5200702300600557752;5;9;16;0;2020;7;10;5;3;5;3;0;1;1;0;0;0;0;377184,457200000060000;5710963,923399999700000;7,229173827000068;51,536402647000045;0
87638;5200703310130673296;5;9;54;20;2020;7;18;6;3;5;2;0;1;1;0;0;0;0;390980,606499999760000;5697198,446799999100000;7,432257558000060;51,415506402000062;0
87647;5200702501113239203;5;1;12;0;2020;7;15;5;2;0;6;0;1;0;0;0;0;0;346335,016999999990000;5708536,393999999400000;6,785748834000060;51,507037934000039;0
87653;5200630300210537209;5;9;11;0;2020;6;9;3;2;0;2;0;1;0;0;0;0;1;371168,908599999730000;5703921,371400000500000;7,145058335000044;51,471770453000033;0
87666;5200701315110481072;5;9;70;40;2020;7;9;4;3;0;7;0;1;0;0;0;0;0;429524,457000000400000;5631438,573400000100000;7,999274233000051;50,830367572000057;0
87668;5200630701400934206;5;5;12;0;2020;6;10;3;3;5;3;0;1;1;0;0;0;0;355803,300499999900000;5709859,362700000400000;6,921542143000067;51,521421193000037;0
87672;5200701500300890201;5;1;11;0;2020;7;11;4;3;0;7;0;1;1;0;0;0;0;351346,178500000390000;5672188,646099999500000;6,873081848000027;51,181767605000061;1
87674;5200702506100541595;5;1;16;0;2020;7;18;5;3;2;3;0;1;1;0;0;0;0;321418,952399999830000;5672749,859999999400000;6,445026517000031;51,178245734000029;1
87675;5200702701110762200;5;5;62;32;2020;7;17;5;3;0;3;0;1;1;0;0;0;0;376632,903800000440000;5720105,611700000200000;7,218014220000043;51,618441142000052;1
87678;5200630601420985201;5;3;15;0;2020;6;0;3;2;4;6;2;1;0;0;0;0;1;355602,918800000100000;5648514,142000000900000;6,943400545000031;50,970106353000062;0
87683;5200702601310292200;5;3;15;0;2020;7;18;5;3;5;2;0;1;1;0;0;0;0;353203,803000000310000;5646839,043999999800000;6,909930672000030;50,954446549000068;1
87693;5200701600140293208;5;3;14;0;2020;7;17;4;3;5;3;0;1;1;0;0;0;0;367544,382199999880000;5625135,934800000900000;7,121840859000031;50,762856605000081;0
87695;5200629706300487296;5;5;58;24;2020;6;22;2;2;0;1;2;1;0;0;0;0;0;392924,658599999730000;5737326,506600000000000;7,447954941000035;51,776560103000065;0
87707;5200629702100978209;5;5;15;0;2020;6;10;2;3;5;3;0;1;1;0;0;0;0;406010,232900000180000;5751601,283199999500000;7,633687455000029;51,907221695000032;0
87708;5200703300210707203;5;9;11;0;2020;7;17;6;3;1;1;0;1;0;0;0;0;1;371782,404900000430000;5702822,443499999100000;7,154285298000048;51,462033627000039;0
87725;5200701608200369664;5;3;34;2;2020;7;15;4;3;5;3;0;1;1;0;0;0;0;295927,446999999690000;5631482,060000000500000;6,103964729000040;50,799094544000070;1
87727;5200702601610307208;5;3;15;0;2020;7;18;5;3;6;7;0;1;0;1;0;0;0;362817,814600000160000;5645232,535499999300000;7,047331214000053;50,942377033000071;1
87728;5200701701120329201;5;5;62;32;2020;7;21;4;3;5;3;1;1;1;0;0;0;0;375974,735899999740000;5714349,667899999800000;7,210546634000025;51,566566733000059;0
87729;5200629701200549204;5;5;62;20;2020;6;8;2;2;5;6;0;1;1;0;0;0;0;368973,743800000290000;5718496,343200000000000;7,108045444000027;51,602248420000080;1
87733;5200630701200904203;5;5;62;20;2020;6;10;3;3;5;3;0;1;1;0;0;0;0;370583,344300000000000;5720134,070000000300000;7,130669283000032;51,617338472000029;0
87737;5200630701110036209;5;5;62;32;2020;6;17;3;3;5;3;0;1;1;0;0;0;0;377804,829199999570000;5720706,328199999400000;7,234723962000032;51,624095589000035;0
87740;5200703316100557674;5;9;74;32;2020;7;15;6;3;4;6;0;1;0;0;0;0;0;439238,719700000250000;5703929,557700000700000;8,124951024000040;51,483251463000045;0
87745;5200706508000580961;5;1;19;0;2020;7;18;2;3;5;3;0;1;1;0;0;0;0;350861,512099999930000;5704653,333399999900000;6,852564307000023;51,473359726000069;0
87750;5200705500300986875;5;1;11;0;2020;7;12;1;3;0;1;0;1;0;0;0;0;0;352869,537899999880000;5671240,346200000500000;6,895250226000030;51,173640120000073;0
87765;5200706410120486995;5;7;70;32;2020;7;22;2;3;5;3;2;1;1;0;0;0;0;502998,548999999650000;5787189,174000000600000;9,043908846000022;52,235109327000032;0
87769;5200707400100876085;5;7;11;0;2020;7;14;3;3;5;3;0;1;1;0;0;0;0;467309,339999999850000;5765220,727000000000000;8,523420097000042;52,036640945000045;0
87773;5200706405232756672;5;7;54;32;2020;7;10;2;3;5;2;0;1;0;0;1;0;0;461272,617200000210000;5742017,232599999800000;8,438030153000057;51,827638167000032;0
87775;5200706508000075256;5;1;19;0;2020;7;11;2;3;5;2;0;1;1;0;0;0;0;353265,555700000380000;5707607,034099999800000;6,885926893000033;51,500529150000034;0
87787;5200704709500274704;5;5;66;76;2020;7;19;7;3;5;5;0;1;1;0;0;0;0;393851,182000000030000;5794109,599400000600000;7,443758000000059;52,287081901000079;1
87790;5200706506000511612;5;1;16;0;2020;7;14;2;3;0;1;0;1;0;0;0;0;0;320113,366600000300000;5669717,972200000700000;6,427883732000055;51,150600535000081;1
87804;5200704610111273702;5;3;70;16;2020;7;1;7;3;2;7;2;1;1;0;0;0;0;301501,145600000400000;5655708,262000000100000;6,169783614000039;51,018623021000053;0
87806;5200707505200169206;5;1;14;0;2020;7;16;3;3;5;2;0;1;1;0;0;0;0;328275,067999999970000;5692083,352000000000000;6,533734198000047;51,354033793000042;0
87807;5200704609224864201;5;3;58;24;2020;7;11;7;3;4;6;0;1;0;0;0;0;0;317211,692300000230000;5644777,114700000700000;6,399022273000071;50,925634462000062;0
87808;5200704609144619495;5;3;58;44;2020;7;14;7;3;5;2;0;1;1;0;0;0;0;321256,911000000310000;5618033,833000000600000;6,469542835000027;50,686640873000044;0
87810;5200704606200169800;5;3;78;12;2020;7;14;7;3;5;2;0;1;1;0;0;0;0;375985,501799999740000;5654709,383300000800000;7,231426645000056;51,030540069000040;0
87813;5200704606100972682;5;3;78;4;2020;7;11;7;3;0;3;0;1;1;0;0;0;0;373753,629200000320000;5647733,683100000000000;7,202040028000056;50,967356118000055;0
87815;5200704605148074307;5;3;74;48;2020;7;11;7;3;8;1;0;1;0;0;0;0;0;394190,232499999930000;5646910,614600000900000;7,493212884000059;50,964074038000035;0
87821;5200704601400981912;5;3;15;0;2020;7;17;7;3;0;1;0;1;0;0;0;0;0;355966,548000000420000;5646862,372999999700000;6,949229919000061;50,955353294000076;0
87824;5200704600110901205;5;3;14;0;2020;7;22;7;2;0;7;1;1;0;0;0;0;0;364973,759999999780000;5622359,062899999300000;7,086430260000043;50,737305943000081;0
87825;5200706301402611203;5;9;13;0;2020;7;6;2;3;0;1;0;1;0;0;0;0;0;399851,986200000160000;5707263,701199999100000;7,556935071000055;51,507618962000038;0
87826;5200704518400373955;5;1;70;8;2020;7;0;7;3;5;3;2;1;1;0;0;0;0;343494,389999999660000;5714827,630000000800000;6,742054002000032;51,562783249000063;0
87833;5200704516700978757;5;1;58;8;2020;7;20;7;2;0;7;0;1;0;0;0;0;0;360661,287999999710000;5673789,391100000600000;7,005650647000039;51,198499474000073;0
87837;5200706301101739209;5;9;13;0;2020;7;11;2;2;6;2;0;1;0;1;0;0;0;392495,676799999550000;5707979,211999999400000;7,450757726000063;51,512698634000060;0
87842;5200704503000781398;5;1;24;0;2020;7;13;7;3;0;1;0;1;0;0;0;0;0;365452,209599999710000;5679714,720000000700000;7,071956145000058;51,252899107000076;1
87843;5200707313121079455;5;9;58;32;2020;7;16;3;2;0;2;0;1;0;0;0;0;0;440500,663999999870000;5686483,502000000300000;8,146049219000076;51,326530402000060;0
87847;5200706300512077873;5;9;11;0;2020;7;14;2;2;0;1;0;1;0;0;0;0;0;375960,712600000200000;5703827,190999999600000;7,214048228000024;51,471994816000063;1
87850;5200707516710993209;5;1;58;8;2020;7;16;3;3;1;2;0;1;0;0;0;0;0;362153,987099999560000;5674488,584599999700000;7,026733383000021;51,205145112000082;0
87853;5200704502213939200;5;1;13;0;2020;7;18;7;3;0;1;0;1;0;0;0;0;0;364111,451999999580000;5700179,311899999200000;7,044942876000050;51,436491331000070;0
87855;5200707601400074227;5;3;15;0;2020;7;13;3;3;4;6;0;1;0;0;0;0;0;354493,457399999720000;5653165,042099999300000;6,925746939000021;51,011623034000081;0
87858;5200707301101247205;5;9;13;0;2020;7;11;3;3;6;4;0;1;0;1;0;0;0;392091,671600000000000;5708029,217700000900000;7,444922612000028;51,513071084000046;0
87862;5200704500200574074;5;1;11;0;2020;7;9;7;3;5;3;0;1;1;0;0;0;0;345119,071700000200000;5680391,366200000000000;6,780512466000062;51,253819474000068;0
87865;5200706502402978843;5;1;17;0;2020;7;13;2;3;0;1;0;1;0;0;0;0;0;353654,920400000180000;5700888,313799999700000;6,894314794000024;51,440257770000073;1
87868;5200706601210163617;5;3;15;0;2020;7;16;2;3;5;2;0;1;1;0;0;0;0;353044,613800000400000;5643883,211899999500000;6,908858138000028;50,927843120000034;0
87871;5200704405232982048;5;7;54;32;2020;7;15;7;3;0;7;0;1;0;0;0;0;0;457117,281200000080000;5732466,386199999600000;8,378916393000054;51,741465263000066;0
87873;5200706601130386601;5;3;15;0;2020;7;13;2;3;6;1;0;1;0;1;0;0;0;355217,237099999560000;5644969,310799999200000;6,939321088000042;50,938153041000078;0
87874;5200704404101079107;5;7;66;64;2020;7;22;7;3;4;1;2;1;0;0;0;0;0;489216,660699999890000;5742048,964600000500000;8,843519120000053;51,829161881000061;0
87876;5200704314220685252;5;9;66;12;2020;7;21;7;2;0;7;1;1;0;0;0;0;0;427163,047000000250000;5674520,047000000300000;7,957093067000074;51,217420092000054;0
87879;5200706300310278202;5;9;11;0;2020;7;21;2;3;0;1;0;1;0;0;0;0;0;383313,554999999700000;5702667,719000000500000;7,320248800000059;51,463137821000032;0
87880;5200704313130485009;5;9;58;44;2020;7;13;7;2;0;1;0;1;0;0;0;0;0;426217,028900000270000;5684725,957000000400000;7,941444282000020;51,309055460000081;0
87885;5200706600310236202;5;3;14;0;2020;7;14;2;2;0;1;0;1;0;0;0;0;0;363671,101999999960000;5619429,779500000200000;7,069063107000034;50,710673764000035;1
87896;5200704303100080665;5;9;15;0;2020;7;14;7;3;5;3;0;1;1;0;0;0;0;419191,705699999820000;5728742,882999999400000;7,830587077000075;51,703807209000047;0
87900;5200704301301785586;5;9;78;24;2020;7;23;7;3;0;1;2;1;0;0;0;0;0;398479,368999999950000;5716862,489000000100000;7,534393069000032;51,593654750000042;0
87914;5200703709500912050;5;5;66;60;2020;7;15;6;2;5;3;0;1;1;0;0;0;0;389897,352400000210000;5784228,554300000900000;7,389035270000022;52,197502797000027;0
87915;5200706610111579483;5;3;70;16;2020;7;15;2;1;5;3;0;1;1;0;0;0;0;299522,218999999580000;5659553,092000000200000;6,139478321000070;51,052467918000048;0
87920;5200707601200968341;5;3;15;0;2020;7;11;3;3;0;1;0;1;0;0;0;0;0;357349,896999999880000;5642429,160800000700000;6,970648388000029;50,915856322000081;0
87921;5200703705000670577;5;5;54;4;2020;7;15;6;3;7;1;0;1;0;0;0;0;0;363976,566399999890000;5772084,753499999600000;7,014858468000057;52,082601510000075;0
87922;5200706518100047955;5;1;70;48;2020;7;16;2;2;5;3;0;1;1;0;0;0;0;334986,939000000250000;5727015,497999999700000;6,613687692000042;51,669851457000050;1
87923;5200703705000581798;5;5;54;60;2020;7;18;6;1;5;3;0;1;1;0;0;0;0;351212,500300000420000;5758810,656800000000000;6,834485939000047;51,960057586000062;0
87924;5200707300711777771;5;9;16;0;2020;7;13;3;3;5;3;0;1;1;0;0;0;0;372974,121399999600000;5709094,193700000600000;7,169173840000042;51,518667516000050;0
87928;5200703702100368209;5;5;15;0;2020;7;14;6;3;5;3;0;1;1;0;0;0;0;406485,846599999820000;5750687,976600000600000;7,640847082000050;51,899092416000030;0
87934;5200707513210687491;5;1;62;4;2020;7;10;3;3;0;3;0;1;0;0;0;0;0;347949,961799999700000;5663822,788400000000000;6,828058677000058;51,105700509000030;0
87935;5200703701800936207;5;5;62;4;2020;7;21;6;3;5;3;0;1;1;0;0;0;0;385650,192800000310000;5710177,174000000600000;7,351436874000058;51,531109821000030;0
87939;5200705705000587381;5;5;54;20;2020;7;1;1;2;0;1;2;1;0;0;0;0;0;366999,482800000350000;5785493,395800000100000;7,053700291000041;52,203820162000056;1
87941;5200703701500076701;5;5;62;24;2020;7;13;6;3;0;1;0;1;0;0;0;0;0;369436,945399999620000;5722307,734899999600000;7,113309636000054;51,636607706000063;0
87943;5200703609236577577;5;3;58;36;2020;7;10;6;3;4;6;0;1;0;0;0;0;0;308679,968600000250000;5652390,110899999700000;6,273762399000020;50,991251555000076;0
87954;5200703606100881786;5;3;78;4;2020;7;18;6;3;5;3;0;1;1;0;0;0;0;368491,258999999610000;5650358,605299999900000;7,126187411000046;50,989770857000053;0
87958;5200703606100069859;5;3;78;4;2020;7;14;6;2;0;2;0;1;1;0;0;0;0;368000,750599999910000;5649436,880200000500000;7,119537222000076;50,981374413000026;0
87962;5200703602400547202;5;3;62;32;2020;7;14;6;3;5;3;0;1;1;0;0;0;0;341874,400500000450000;5636654,638699999100000;6,753163762000042;50,859935533000055;0
87966;5200705605108569896;5;3;74;8;2020;7;13;1;3;5;3;0;1;1;0;0;0;0;392392,748999999840000;5650573,370300000500000;7,466541052000025;50,996666732000051;0
87980;5200707518200758120;5;1;70;24;2020;7;12;3;3;5;7;0;1;1;0;0;0;0;336953,762799999680000;5699244,796800000600000;6,654972079000061;51,420931481000082;0
87981;5200703601510040206;5;3;15;0;2020;7;11;6;3;5;3;0;1;1;0;0;0;0;361221,971699999650000;5649530,950099999100000;7,022990740000068;50,980625862000068;0
87984;5200703601110611204;5;3;15;0;2020;7;22;6;3;5;2;1;1;1;0;0;0;0;356109,958899999970000;5643378,333699999400000;6,952646460000040;50,924078604000044;0
87986;5200707601400886536;5;3;15;0;2020;7;13;3;3;0;6;0;1;1;0;0;0;0;356451,084400000050000;5646970,045800000400000;6,956081656000038;50,956441828000038;0
87999;5200706706200987333;5;5;58;8;2020;7;16;2;2;5;3;0;1;1;0;0;0;0;382241,805100000460000;5762394,559100000200000;7,284621633000029;51,999704003000033;1
88002;5200703513320881736;5;1;62;4;2020;7;19;6;3;5;7;0;1;0;0;1;0;0;348308,310100000350000;5664872,797499999400000;6,832732068000041;51,115230715000052;0
88003;5200703508000540813;5;1;19;0;2020;7;18;6;3;5;2;0;1;1;0;0;0;0;349890,071800000030000;5710687,179999999700000;6,836019989000022;51,527318854000043;0
88013;5200706702100007436;5;5;15;0;2020;7;17;2;3;0;7;0;1;1;0;0;0;0;405513,157700000330000;5754648,963199999200000;7,625627365000071;51,934531653000079;0
88015;5200705601300573653;5;3;15;0;2020;7;17;1;3;0;1;0;1;0;0;0;0;0;355222,275000000370000;5646562,787000000500000;6,938759311000069;50,952474497000026;1
88018;5200703502400881158;5;1;17;0;2020;7;18;6;2;4;6;0;1;0;0;0;0;0;353350,327999999750000;5697292,964999999900000;6,891423310000050;51,407872106000070;0
88020;5200705516800578497;5;1;58;20;2020;7;9;1;3;5;2;0;1;1;0;0;0;0;356402,696000000460000;5665777,909000000000000;6,947937024000055;51,125450115000035;0
88031;5200705515111447204;5;1;54;44;2020;7;17;1;2;0;7;0;1;0;0;0;0;0;319073,265999999830000;5739757,184000000400000;6,377183466000076;51,779398682000078;0
88037;5200703406210247871;5;7;58;4;2020;7;16;6;3;0;6;0;1;1;0;0;0;0;472164,315999999640000;5784020,077299999100000;8,592658209000035;52,205922360000045;0
88041;5200703406110287284;5;7;58;12;2020;7;18;6;3;0;1;0;1;0;0;0;0;0;479185,489000000060000;5772565,276699999300000;8,696104890000072;52,103246805000026;0
88043;5200707601320411206;5;3;15;0;2020;7;20;3;3;5;5;0;1;1;0;0;0;0;347793,400000000370000;5648193,515399999900000;6,832389292000073;50,965214553000067;0
88052;5200705502322985346;5;1;13;0;2020;7;14;1;2;5;7;0;1;1;0;0;0;0;359931,757000000220000;5704778,956000000200000;6,983026559000052;51,476806817000067;1
88056;5200708601110772203;5;3;15;0;2020;7;15;4;3;5;3;0;1;1;0;0;0;0;356744,931499999950000;5643061,036299999800000;6,961799748000033;50,921385091000047;1
88059;5200711501213582317;5;1;12;0;2020;7;14;7;3;2;2;0;1;1;0;0;0;0;339635,789499999960000;5698026,524299999700000;6,694063784000036;51,410750907000079;0
88063;5200708601110435207;5;3;15;0;2020;7;21;4;3;0;1;1;1;0;0;0;0;0;355305,352099999790000;5645431,911599999300000;6,940390621000063;50,942332448000059;1
88070;5200711404101960987;5;7;66;20;2020;7;15;7;2;5;3;0;1;1;0;0;0;0;487261,850999999790000;5756074,815500000500000;8,814634201000047;51,955228231000035;0
88075;5200709307000766985;5;9;62;60;2020;7;14;5;2;5;3;0;1;0;0;0;1;0;410651,720200000330000;5680848,979900000600000;7,719155506000050;51,271971201000042;0
88077;5200710702100405103;5;5;15;0;2020;7;22;6;3;5;3;1;1;1;0;0;0;0;405482,343100000170000;5754870,253599999500000;7,625118481000072;51,936515482000061;0
88091;5200708518110579154;5;1;70;12;2020;7;12;4;3;1;2;0;1;1;0;0;0;0;335334,017099999820000;5738257,998600000500000;6,613387934000059;51,770951393000075;0
88092;5200710300420421201;5;9;16;0;2020;7;15;6;3;0;4;0;1;0;1;0;0;0;374719,284799999560000;5710006,769600000200000;7,193988874000070;51,527258797000059;0
88093;5200708609108053973;5;3;58;8;2020;7;20;4;3;5;2;0;1;0;0;0;0;1;323402,487999999900000;5631189,780200000900000;6,493579941000064;50,805493035000040;1
88094;5200711518110844094;5;1;70;12;2020;7;12;7;3;5;3;0;1;1;0;0;0;0;339612,998700000350000;5733164,808299999700000;6,677699151000070;51,726436678000027;0
88100;5200708515110085993;5;1;54;36;2020;7;8;4;3;0;6;0;1;1;0;0;0;0;302001,572800000200000;5740850,178600000200000;6,129399710000030;51,783435775000044;1