OBJECTID;UIDENTSTLAE;ULAND;UREGBEZ;UKREIS;UGEMEINDE;UJAHR;UMONAT;USTUNDE;UWOCHENTAG;UKATEGORIE;UART;UTYP1;ULICHTVERH;IstRad;IstPKW;IstFuss;IstKrad;IstGkfz;IstSonstige;LINREFX;LINREFY;XGCSWGS84;YGCSWGS84;STRZUSTAND
88101;5200709602800402204;5;3;62;12;2020;7;13;5;3;5;3;0;1;1;0;0;0;0;353694,650999999610000;5632919,364000000100000;6,922489059000043;50,829478898000048;1
88104;5200710411224737696;5;7;74;24;2020;7;16;6;3;3;2;0;1;0;0;0;0;0;476467,807500000110000;5741130,805199999400000;8,658580966000045;51,820515042000068;0
88113;5200708513120774166;5;1;62;20;2020;7;11;4;3;1;7;0;1;1;0;0;0;0;327524,908800000320000;5672924,490299999700000;6,532212728000047;51,181688997000037;1
88119;5200708711222973422;5;5;70;16;2020;7;19;4;3;2;6;1;1;0;0;0;0;0;408363,457799999970000;5744255,253300000000000;7,669835811000041;51,841582354000082;0
88121;5200709702100397729;5;5;15;0;2020;7;8;5;3;0;7;0;1;0;0;0;0;0;409547,904500000180000;5760811,437799999500000;7,682675252000024;51,990594335000026;1
88129;5200708505100665663;5;1;14;0;2020;7;8;4;3;0;1;0;1;0;0;0;0;0;331364,332200000060000;5689419,689500000300000;6,579320067000026;51,331028834000051;1
88134;5200711400300503989;5;7;11;0;2020;7;6;7;3;0;1;1;1;0;0;0;0;0;463538,328300000170000;5759129,630300000300000;8,469095383000024;51,981643425000073;0
88140;5200711406110431910;5;7;58;12;2020;7;13;7;2;0;1;0;1;0;0;0;0;0;477570,100999999790000;5772000,000000000000000;8,672557593000022;52,098101450000058;0
88148;5200711601210094202;5;3;15;0;2020;7;14;7;3;6;4;0;1;0;1;0;0;0;353456,987399999980000;5644122,483200000600000;6,914625776000037;50,930098271000077;0
88155;5200710608320682204;5;3;34;20;2020;7;1;6;3;0;7;2;1;0;0;0;0;0;304457,702899999920000;5605201,637900000400000;6,238764181000022;50,565971916000080;0
88156;5200710502408278893;5;1;17;0;2020;7;15;6;3;3;3;0;1;1;0;0;0;0;351562,822800000200000;5699399,097500000100000;6,864859134000028;51,426331952000055;1
88157;5200711709500976732;5;5;66;76;2020;7;13;7;3;5;5;0;1;1;0;0;0;0;392831,990000000220000;5794078,990000000200000;7,428831479000053;52,286609002000034;0
88158;5200709307000271450;5;9;62;56;2020;7;23;5;2;0;1;2;1;0;0;0;0;0;398943,989299999550000;5678448,795499999100000;7,552052684000046;51,248439374000043;0
88167;5200711701120835202;5;5;62;32;2020;7;18;7;2;5;2;0;1;1;0;0;0;0;375773,916000000200000;5713650,369000000900000;7,207897847000027;51,560237771000061;0
88169;5200708411216070366;5;7;74;16;2020;7;18;4;3;2;6;0;1;0;0;0;0;0;469948,422600000170000;5708436,638299999800000;8,566809873000068;51,526242578000051;0
88172;5200711501315374784;5;1;12;0;2020;7;19;7;3;0;5;0;1;1;0;0;0;0;346400,481300000100000;5699552,256100000800000;6,790595240000073;51,426332568000078;0
88173;5200711706000887335;5;5;58;20;2020;7;19;7;2;0;3;0;1;1;0;0;0;0;392830,792999999600000;5761760,187000000800000;7,439004344000068;51,996147400000041;0
88174;5200709301103584942;5;9;13;0;2020;7;21;5;3;0;3;1;1;1;0;0;0;0;389662,010400000030000;5704536,065700000200000;7,411015233000057;51,481204400000081;0
88181;5200709410120214001;5;7;70;32;2020;7;16;5;3;5;3;0;1;0;0;0;0;1;495552,246000000280000;5789762,366000000400000;8,934836046000044;52,258234000000073;1
88184;5200711608200533183;5;3;34;2;2020;7;16;7;2;5;2;0;1;1;0;0;0;0;298172,643000000160000;5628191,494999999200000;6,137590649000060;50,770326209000075;0
88194;5200708709100074663;5;5;66;4;2020;7;5;4;2;5;3;0;1;1;0;0;0;0;394750,758500000460000;5767263,441700000300000;7,465266858000064;52,045976232000044;1
88195;5200710706100672192;5;5;58;16;2020;7;23;6;3;1;5;2;1;1;0;0;0;0;381624,782899999990000;5743937,963899999900000;7,281982152000069;51,833702898000070;1
88209;5200711709700757409;5;5;66;28;2020;7;20;7;2;0;1;0;1;0;0;0;0;0;410551,003499999640000;5794903,854499999400000;7,688306221000062;52,297192924000058;1
88217;5200711601610037203;5;3;15;0;2020;7;12;7;3;5;3;0;1;1;0;0;0;0;360080,598299999720000;5644922,416600000100000;7,008513357000027;50,938932184000066;0
88219;5200709607111934287;5;3;82;28;2020;7;18;5;3;5;3;0;1;1;0;0;0;0;378486,017199999650000;5638157,019799999900000;7,272595326000044;50,882293871000059;0
88222;5200708705000079991;5;5;54;12;2020;7;16;4;3;8;3;0;1;1;0;0;0;0;345667,752999999560000;5742241,718599999300000;6,761262029000022;51,809686986000031;1
88226;5200709301404064209;5;9;13;0;2020;7;16;5;3;4;2;0;1;1;0;0;0;0;394965,683000000190000;5703643,123999999800000;7,487629959000060;51,474187889000063;0
88227;5200708303100079237;5;9;15;0;2020;7;8;4;3;5;3;0;1;1;0;0;0;0;420127,145200000140000;5726551,342499999300000;7,844623061000050;51,684240079000062;1
88236;5200709602800873849;5;3;62;12;2020;7;16;5;3;5;3;0;1;1;0;0;0;0;353742,783999999990000;5632569,684000000400000;6,923311546000036;50,826348538000047;0
88240;5200711705000366228;5;5;54;64;2020;7;15;7;3;5;3;0;1;1;0;0;0;0;355065,906100000250000;5751166,284399999300000;6,893747270000063;51,892390775000081;0
88244;5200708605120480530;5;3;74;20;2020;7;20;4;3;4;2;0;1;1;0;0;0;0;389711,991399999710000;5655621,757999999400000;7,426818780000076;51,041539537000062;1
88259;5200711500200056862;5;1;11;0;2020;7;10;7;3;5;3;0;1;1;0;0;0;0;347498,780199999920000;5681037,555900000000000;6,814312099000063;51,260267229000078;0
88262;5200710600110461207;5;3;14;0;2020;7;15;6;2;5;3;0;1;1;0;0;0;0;362179,266999999990000;5622732,740000000200000;7,046711716000061;50,740007997000077;0
88271;5200709503200571977;5;1;24;0;2020;7;14;5;2;0;1;0;1;0;0;0;0;0;377784,911600000230000;5684125,244400000200000;7,247080009000058;51,295317033000060;0
88276;5200711406110872191;5;7;58;12;2020;7;12;7;2;2;6;0;1;1;0;0;0;1;476639,599000000390000;5772656,038000000600000;8,658928947000049;52,103961146000074;0
88279;5200710514110579489;5;1;66;32;2020;7;11;6;2;5;2;0;1;1;0;0;0;0;318303,978000000120000;5681742,411800000800000;6,395952851000061;51,258043501000031;1
88297;5200707711113776143;5;5;70;52;2020;7;14;3;2;5;2;0;1;1;0;0;0;0;430426,698200000450000;5755885,584300000200000;7,987688766000076;51,949320986000032;0
88303;5200709500100886888;5;1;11;0;2020;7;11;5;3;0;7;0;1;0;0;0;0;1;344418,778699999680000;5677970,629799999300000;6,771537011000021;51,231877765000036;0
88306;5200711701200776203;5;5;62;20;2020;7;11;7;3;6;4;0;1;0;1;0;0;0;367133,828999999910000;5719778,218399999700000;7,081008130000043;51,613336952000054;0
88312;5200709601110657201;5;3;15;0;2020;7;9;5;3;5;2;0;1;1;0;0;0;0;355282,627500000410000;5645310,249399999200000;6,940115711000033;50,941233394000051;0
88321;5200708709700070497;5;5;66;72;2020;7;18;4;3;3;6;0;1;1;0;0;0;0;412774,218899999750000;5802134,369300000400000;7,719022674000030;52,362539801000082;1
88322;5200707705000568294;5;5;54;8;2020;7;15;3;2;5;3;0;1;1;0;0;0;0;335255,864199999720000;5745939,861300000900000;6,608605427000043;51,839937887000076;0
88339;5200707610221277514;5;3;70;20;2020;7;22;3;3;0;1;2;1;0;0;0;0;0;304909,775700000110000;5659385,943900000300000;6,216342408000060;51,052821775000041;0
88342;5200709508000076673;5;1;19;0;2020;7;16;5;3;0;1;0;1;0;0;0;0;0;346566,223100000060000;5710429,051799999500000;6,788253910000037;51,524106287000052;0
88345;5200711711111051183;5;5;70;52;2020;7;14;7;1;0;6;0;1;1;0;0;0;0;424276,635999999940000;5759085,517400000200000;7,897515213000077;51,977283029000034;0
88346;5200709313123213756;5;9;58;16;2020;7;15;5;3;5;3;0;1;1;0;0;0;0;447161,786999999550000;5679574,143999999400000;8,242664804000071;51,265064536000068;0
88349;5200711601200263617;5;3;15;0;2020;7;17;7;2;0;1;0;1;0;0;0;0;0;352985,047000000250000;5644145,764000000400000;6,907905237000023;50,930187396000065;0
88364;5200707606210715203;5;3;78;32;2020;7;13;3;2;0;1;0;1;0;0;0;0;0;374577,996199999940000;5662290,703600000600000;7,208735884000021;51,098375615000066;0
88374;5200709301101126205;5;9;13;0;2020;7;21;5;3;3;2;1;1;1;0;0;0;0;392577,024899999610000;5706629,012499999300000;7,452340876000051;51,500577930000077;0
88378;5200711503400086941;5;1;22;0;2020;7;11;7;2;0;7;0;1;1;0;0;0;0;359905,348199999890000;5666924,668099999400000;6,997512348000043;51,136623159000067;0
88384;5200710405108396991;5;7;54;8;2020;7;14;6;3;6;4;0;1;0;1;0;0;0;458612,206600000150000;5750150,292999999600000;8,398452809000048;51,900569072000053;1
88387;5200709701110123209;5;5;62;32;2020;7;7;5;3;1;5;0;1;1;0;0;0;0;374912,281899999830000;5719493,133400000600000;7,193392395000046;51,612556999000049;1
88393;5200714400200096959;5;7;11;0;2020;7;16;3;3;5;3;0;1;1;0;0;0;0;473772,838999999690000;5760037,003000000500000;8,618042555000045;51,990378863000046;1
88395;5200713606100569800;5;3;78;12;2020;7;16;2;3;5;3;0;1;0;0;0;0;0;375160,096499999990000;5652596,085400000200000;7,220389128000022;51,011366792000047;0
88397;5200713607400973839;5;3;82;44;2020;7;17;2;3;5;3;0;1;1;0;0;0;0;363605,721800000410000;5627263,909600000800000;7,065236867000067;50,781069782000031;0
88400;5200715506100572492;5;1;16;0;2020;7;12;4;2;2;6;0;1;1;0;0;0;0;316396,889999999660000;5672293,731599999600000;6,373488247000068;51,172558018000075;0
88402;5200712606300274350;5;3;78;20;2020;7;7;1;3;5;3;0;1;1;0;0;0;0;368422,339999999850000;5658180,528999999200000;7,122367175000022;51,060055708000050;0
88404;5200713603116142203;5;3;66;16;2020;7;13;2;3;0;1;0;1;0;0;0;0;0;340831,343299999830000;5613752,390599999600000;6,748256762000040;50,653852175000054;0
88410;5200713602500882200;5;3;62;24;2020;7;12;2;3;5;3;0;1;1;0;0;0;0;345994,177600000050000;5643604,356899999100000;6,808726457000034;50,923498230000064;0
88411;5200714610221076597;5;3;70;4;2020;7;19;3;2;0;1;0;1;0;0;0;0;0;312392,930100000460000;5657051,648800000500000;6,324198179000064;51,034346723000056;1
88419;5200715301402816201;5;9;13;0;2020;7;16;4;2;4;2;0;1;1;0;0;0;0;402504,350999999790000;5704200,432000000000000;7,595987648000062;51,480547008000030;0
88423;5200715610212914231;5;3;70;40;2020;7;16;4;2;5;2;0;1;1;0;0;0;0;313161,290000000040000;5667426,048000000400000;6,329781466000043;51,127786302000061;0
88424;5200713601610509205;5;3;15;0;2020;7;16;2;3;0;1;0;1;0;0;0;0;0;363130,340499999930000;5642244,065099999300000;7,052899044000071;50,915592702000026;0
88428;5200713601520781828;5;3;15;0;2020;7;20;2;3;5;2;0;1;1;0;0;0;0;357695,605200000110000;5643829,688100000800000;6,975016672000038;50,928528211000071;0
88430;5200712601510649204;5;3;15;0;2020;7;23;1;3;0;7;2;1;0;0;0;0;0;359219,110299999830000;5647771,866000000400000;6,995157876000064;50,964330696000047;0
88436;5200716302000068943;5;9;14;0;2020;7;5;5;3;5;3;1;1;1;0;0;0;0;393056,321600000370000;5694142,442399999100000;7,463016726000035;51,388432449000049;1
88441;5200715317250635148;5;9;78;32;2020;7;14;4;1;5;3;0;1;1;0;0;0;0;393288,629200000320000;5725141,773800000500000;7,456961917000058;51,667111845000079;0
88443;5200713601300576544;5;3;15;0;2020;7;15;2;2;2;6;0;1;0;0;0;0;0;348964,119699999690000;5649682,018699999900000;6,848430960000030;50,978898652000055;0
88445;5200713601300368284;5;3;15;0;2020;7;14;2;3;6;4;0;1;0;1;0;0;0;354477,909799999560000;5645755,320000000300000;6,928491659000031;50,945030577000068;0
88451;5200716301000772670;5;9;13;0;2020;7;7;5;3;5;2;0;1;1;0;0;0;0;389197,016999999990000;5704619,249700000500000;7,404295519000073;51,481861178000031;0
88452;5200713610221767503;5;3;70;20;2020;7;7;2;3;0;7;0;1;0;1;0;0;0;309302,800999999980000;5657210,564999999500000;6,280093386000033;51,034757221000064;0
88453;5200715601620084204;5;3;15;0;2020;7;17;4;2;5;3;0;1;1;0;0;0;0;362242,813000000080000;5643840,630999999100000;7,039677882000035;50,929730430000063;0
88455;5200712600140724206;5;3;14;0;2020;7;15;1;3;0;1;0;1;0;0;0;0;0;369440,555999999870000;5620961,921399999400000;7,150191949000032;50,725769502000048;0
88457;5200714500200359200;5;1;11;0;2020;7;20;3;2;1;5;0;1;1;0;0;0;0;347086,359400000420000;5681014,729800000800000;6,808415565000075;51,259951656000055;0
88473;5200713516370932207;5;1;58;28;2020;7;10;2;1;7;7;0;1;0;0;0;0;0;354637,140499999750000;5691792,837700000000000;6,912163261000046;51,358779666000032;0
88476;5200713516100867140;5;1;58;32;2020;7;18;2;3;2;6;0;1;1;0;0;0;0;367277,592400000430000;5688895,910700000800000;7,094684528000073;51,335838961000036;0
88480;5200713515110079051;5;1;54;40;2020;7;16;2;3;4;3;0;1;0;0;0;0;0;297558,782999999820000;5741735,163000000600000;6,064561681000043;51,789793118000034;0
88481;5200715702100341782;5;5;15;0;2020;7;14;4;3;5;3;0;1;1;0;0;0;0;405654,320199999960000;5757011,572899999100000;7,627031664000072;51,955791825000063;0
88490;5200716307200137375;5;9;62;28;2020;7;11;5;3;0;1;0;1;0;0;0;0;0;401181,812699999660000;5670418,685599999500000;7,586318524000035;51,176645444000030;1
88491;5200713702100772460;5;5;15;0;2020;7;13;2;2;0;7;0;1;0;0;0;0;0;404844,390700000340000;5762368,306199999500000;7,613763212000038;52,003802064000070;0
88496;5200715701110874200;5;5;62;32;2020;7;16;4;3;5;3;0;1;1;0;0;0;0;372878,622600000350000;5718593,534399999300000;7,164363103000028;51,604016826000077;0
88497;5200713505200609200;5;1;14;0;2020;7;18;2;3;0;1;0;1;0;0;0;0;0;331144,219800000080000;5691399,788499999800000;6,575224550000030;51,348752570000045;0
88501;5200712501222535207;5;1;12;0;2020;7;22;1;3;5;3;1;1;1;0;0;0;0;341518,501799999740000;5703069,380599999800000;6,718856242000072;51,456588769000064;0
88509;5200715316300557673;5;9;74;28;2020;7;5;4;3;5;2;0;1;1;0;0;0;0;452469,847000000070000;5725724,028300000400000;8,312530769000034;51,680471436000062;1
88510;5200714500100966253;5;1;11;0;2020;7;18;3;3;5;2;0;1;0;0;0;0;1;341131,042700000110000;5678126,586699999900000;6,724415492000048;51,232373292000034;1
88517;5200713501313778952;5;1;12;0;2020;7;11;2;3;4;2;0;1;1;0;0;0;0;343768,251000000160000;5701271,634999999800000;6,752005318000045;51,441061550000029;0
88522;5200714601510325200;5;3;15;0;2020;7;19;3;3;0;1;0;1;0;0;0;0;0;360581,849999999630000;5648920,351399999100000;7,014111690000050;50,974983691000034;1
88524;5200713500300682260;5;1;11;0;2020;7;20;2;3;0;7;0;1;0;0;0;0;0;347939,008600000290000;5675076,557199999700000;6,823146808000047;51,206821457000046;0
88525;5200712500300986913;5;1;11;0;2020;7;20;1;2;5;3;0;1;1;0;0;0;0;349540,162100000310000;5674230,533700000500000;6,846405615000037;51,199643249000076;0
88529;5200714313130580406;5;9;58;44;2020;7;20;3;3;3;6;1;1;0;0;0;0;1;423667,189600000160000;5684306,294600000600000;7,904958894000060;51,304946207000057;1
88530;5200714601310045206;5;3;15;0;2020;7;10;3;3;6;4;0;1;0;1;0;0;0;353059,375000000000000;5646920,578999999900000;6,907842873000050;50,955142464000062;0
88535;5200714400200231204;5;7;11;0;2020;7;16;3;3;3;2;0;1;0;0;0;0;1;470001,802099999970000;5765321,603800000600000;8,562661940000055;52,037700104000066;0
88542;5200712500200633207;5;1;11;0;2020;7;16;1;3;3;2;0;1;1;0;0;0;0;344454,639399999750000;5678495,799000000600000;6,771822222000026;51,236606360000053;0
88544;5200713411224048659;5;7;74;24;2020;7;13;2;3;0;1;0;1;0;0;0;0;0;476328,137400000360000;5741995,104699999100000;8,656495489000065;51,828280117000077;0
88545;5200712500100000727;5;1;11;0;2020;7;17;1;3;6;1;0;1;0;1;0;0;0;344381,500900000330000;5677751,876800000700000;6,771098503000076;51,229902032000041;0
88549;5200713711142048067;5;5;70;44;2020;7;18;2;2;5;7;0;1;1;0;0;0;0;416483,550099999640000;5760763,982599999800000;7,783670423000046;51,991254025000046;0
88550;5200714600110075574;5;3;14;0;2020;7;12;3;3;5;3;0;1;1;0;0;0;0;364828,416000000200000;5621889,548000000400000;7,084543882000048;50,733052189000034;0
88551;5200714609128267517;5;3;58;28;2020;7;18;3;3;5;3;0;1;1;0;0;0;0;322797,290799999610000;5624519,992499999700000;6,488212892000036;50,745385640000052;1
88552;5200713410140082105;5;7;70;12;2020;7;12;2;3;5;3;0;1;1;0;0;0;0;483390,224799999970000;5792571,395999999700000;8,756513297000026;52,283255688000054;0
88554;5200713407103004904;5;7;62;20;2020;7;18;2;3;5;3;0;1;1;0;0;0;0;523714,022800000380000;5742392,781099999300000;9,344143540000061;51,831853860000081;0
88560;5200713406210433553;5;7;58;4;2020;7;10;2;3;0;1;0;1;0;0;0;0;0;468892,568900000300000;5782651,636299999400000;8,544907352000053;52,193444606000071;0
88561;5200712411132582000;5;7;74;32;2020;7;10;1;3;0;1;0;1;0;0;0;0;0;486887,200500000270000;5731526,981100000400000;8,810113244000036;51,734506329000055;0
88563;5200713406150976059;5;7;58;36;2020;7;16;2;3;5;3;0;1;0;0;1;0;0;491081,490000000220000;5780193,793999999800000;8,869587408000029;52,172152429000050;0
88569;5200715700100171515;5;5;13;0;2020;7;16;4;3;5;3;0;1;1;0;0;0;0;367980,116799999960000;5707330,742900000900000;7,097897334000038;51,501674726000033;0
88572;5200715406110081430;5;7;58;12;2020;7;14;4;3;0;3;0;1;1;0;0;0;0;476329,675900000150000;5774429,004400000000000;8,654280767000046;52,119888042000071;0
88577;5200713404101578170;5;7;66;20;2020;7;10;2;2;5;3;0;1;1;0;0;0;0;491464,256699999790000;5753368,932900000400000;8,875854678000053;51,930979962000038;0
88578;5200716301101773325;5;9;13;0;2020;7;14;5;3;0;7;0;1;1;0;0;0;0;393683,819000000130000;5706169,653999999200000;7,468418894000024;51,496658254000067;1
88582;5200713404101521777;5;7;66;20;2020;7;17;2;3;0;3;0;1;1;0;0;0;0;495260,920199999590000;5756248,369699999700000;8,931034254000053;51,956914367000081;0
88585;5200715608100568207;5;3;34;2;2020;7;16;4;2;0;1;0;1;0;0;0;0;0;296490,343500000420000;5623710,631300000500000;6,116239294000025;50,729493781000031;0
88587;5200712407316579182;5;7;62;36;2020;7;13;1;2;0;1;0;1;0;0;0;0;0;508003,518500000240000;5700268,901900000900000;9,115186254000037;51,453543541000045;0
88595;5200713609224565658;5;3;58;24;2020;7;18;2;2;0;1;0;1;1;0;0;0;0;314179,860399999660000;5645220,456700000900000;6,355703740000024;50,928648561000045;0
88597;5200715516900881583;5;1;58;26;2020;7;8;4;2;0;7;0;1;0;0;0;0;0;352183,809899999760000;5665572,646400000900000;6,887774880000052;51,122532491000072;0
88603;5200714405220674614;5;7;54;20;2020;7;18;3;3;5;3;0;1;1;0;0;0;0;450071,771999999880000;5751847,723999999500000;8,274086469000054;51,915129757000045;1
88605;5200714317220275791;5;9;78;4;2020;7;11;3;3;3;6;0;1;1;0;0;0;0;404474,829199999570000;5718566,376599999100000;7,620454820000020;51,610019525000041;0
88609;5200713607400405203;5;3;82;68;2020;7;18;2;3;4;3;0;1;0;0;0;0;1;368020,229199999940000;5632007,966299999500000;7,126115373000062;50,824730937000027;0
88611;5200712400100087072;5;7;11;0;2020;7;14;1;3;0;3;0;1;1;0;0;0;0;467753,720499999820000;5767512,361600000400000;8,529682011000034;52,057270100000039;0
88612;5200715506100074323;5;1;16;0;2020;7;14;4;3;6;4;0;1;0;1;0;0;0;319102,316700000320000;5664238,523800000500000;6,416192460000048;51,101059215000078;0
88616;5200713310140956007;5;9;54;28;2020;7;18;2;3;5;3;0;1;1;0;0;0;0;377864,896999999880000;5691685,218800000800000;7,245634956000060;51,363281570000026;0
88618;5200713709700555927;5;5;66;92;2020;7;15;2;3;5;3;0;1;1;0;0;0;0;422386,637000000100000;5796498,150000000400000;7,861458197000047;52,313323374000049;0
88619;5200714514211446126;5;1;66;12;2020;7;17;3;2;5;3;0;1;1;0;0;0;0;322313,559999999590000;5694764,596000000800000;6,446866572000033;51,376286641000036;1
88622;5200712316400569222;5;9;74;44;2020;7;21;1;3;0;1;0;1;0;0;0;0;0;448267,428000000310000;5703357,358100000800000;8,255048256000066;51,479004841000062;0
88624;5200713307000673363;5;9;62;24;2020;7;17;2;3;5;2;0;1;1;0;0;0;0;405428,296699999830000;5691212,971300000300000;7,641548004000072;51,364295151000078;0
88628;5200713302100456006;5;9;14;0;2020;7;16;2;2;0;1;0;1;0;0;0;0;0;396577,830000000070000;5696701,524000000200000;7,512862903000041;51,412088394000079;0
88632;5200715500200448202;5;1;11;0;2020;7;9;4;3;5;3;0;1;1;0;0;0;0;346486,303199999970000;5677762,667500000400000;6,801216690000047;51,230569026000069;0
88635;5200715301401773208;5;9;13;0;2020;7;14;4;2;2;6;0;1;1;0;0;0;0;398372,872800000010000;5708957,775699999200000;7,535141030000034;51,522582513000032;0
88641;5200713300210984204;5;9;11;0;2020;7;19;2;2;5;2;0;1;1;0;0;0;0;372471,429200000130000;5702351,653400000200000;7,164368228000058;51,457958223000048;0
88643;5200715701300249574;5;5;62;14;2020;7;12;4;3;0;1;0;1;0;0;0;0;0;359578,006000000050000;5717961,387399999400000;6,972678155000040;51,595177151000030;0
88644;5200713300120898209;5;9;11;0;2020;7;13;2;3;5;2;0;1;1;0;0;0;0;375936,975499999710000;5707579,985300000800000;7,212387748000026;51,505717354000069;0
88660;5200714701300491207;5;5;62;14;2020;7;12;3;2;5;2;0;1;1;0;0;0;0;361470,642900000330000;5713604,676300000400000;7,001703009000039;51,556495764000033;0
88666;5200712709800380991;5;5;66;88;2020;7;17;1;3;4;2;0;1;1;0;0;0;0;424528,298700000160000;5785430,370699999900000;7,895343979000074;52,214135052000074;0
88667;5200716300410737205;5;9;16;0;2020;7;9;5;3;0;1;0;1;0;0;0;0;0;375376,872499999590000;5711678,207499999600000;7,202871812000069;51,542425933000061;1
88669;5200715600140475827;5;3;14;0;2020;7;14;4;3;0;7;0;1;0;0;0;0;0;370256,606999999840000;5619829,970699999500000;7,162145785000064;50,715777999000068;0
88671;5200712310140877625;5;9;54;28;2020;7;13;1;3;0;1;0;1;0;0;0;0;0;380307,389600000340000;5688415,699899999400000;7,281801802000075;51,334415391000050;0
88677;5200712709300642419;5;5;66;84;2020;7;18;1;2;5;3;0;1;1;0;0;0;0;387669,161899999720000;5778171,149000000200000;7,358453155000063;52,142615409000030;0
88685;5200712307000580356;5;9;62;16;2020;7;12;1;2;7;1;0;1;0;0;0;0;0;413669,151999999770000;5694760,461999999400000;7,759028276000038;51,397498880000057;0
88687;5200715515211565718;5;1;54;16;2020;7;17;4;3;5;3;0;1;1;0;0;0;0;301532,286000000310000;5730135,243000000700000;6,128714400000035;51,687048976000028;0
88689;5200712303100584952;5;9;15;0;2020;7;15;1;3;0;6;0;1;0;1;0;0;0;419918,157700000330000;5727343,352199999600000;7,841418922000059;51,691330161000053;0
88691;5200712705000081549;5;5;54;20;2020;7;16;1;2;0;3;0;1;1;0;0;0;0;367643,940700000150000;5788949,615399999500000;7,061773327000026;52,235031065000044;0
88692;5200714303100076639;5;9;15;0;2020;7;7;3;3;5;7;1;1;0;0;0;0;1;415153,704300000330000;5724557,089099999500000;7,773183019000044;51,665583461000040;0
88696;5200715702100270512;5;5;15;0;2020;7;14;4;3;5;2;0;1;1;0;0;0;0;403284,500400000250000;5754184,708300000100000;7,593351034000023;51,929975919000071;0
88697;5200712701800471312;5;5;62;4;2020;7;9;1;3;5;3;0;1;1;0;0;0;0;384990,417399999690000;5717100,210300000400000;7,339664192000043;51,593199080000034;0
88702;5200715300200441164;5;9;11;0;2020;7;20;4;3;5;3;0;1;1;0;0;0;0;372476,841000000010000;5702372,332000000400000;7,164438626000049;51,458145284000068;0
88713;5200712300800005560;5;9;54;36;2020;7;13;1;2;6;6;0;1;0;1;0;0;0;384317,878700000230000;5698824,232200000400000;7,335956304000035;51,428798687000040;0
88716;5200712300510679202;5;9;54;36;2020;7;23;1;3;0;1;2;1;0;0;0;0;0;384227,245000000110000;5700754,707000000400000;7,334021914000061;51,446131325000067;0
88719;5200716301201064205;5;9;13;0;2020;7;11;5;3;5;2;0;1;1;0;0;0;0;393913,124800000340000;5709321,272099999700000;7,470772632000035;51,525029677000077;1
88720;5200713700100558208;5;5;13;0;2020;7;17;2;3;8;5;0;1;1;0;0;0;0;370186,031100000250000;5710050,342399999500000;7,128659568000046;51,526626468000075;0
88727;5200712300410606208;5;9;16;0;2020;7;10;1;3;0;2;0;1;1;0;0;0;0;376053,181099999700000;5712850,171900000400000;7,212206509000055;51,553107631000046;0
88745;5200718518302928099;5;1;70;40;2020;7;18;7;3;5;3;0;1;1;0;0;0;0;318538,303999999540000;5719972,629000000700000;6,379724797000051;51,601520878000031;0
88746;5200718602400913141;5;3;62;32;2020;7;16;7;3;2;6;0;1;1;0;0;0;0;341544,934000000360000;5637015,114600000900000;6,748330090000025;50,863084500000070;0
88749;5200719515212198205;5;1;54;32;2020;7;17;1;3;4;6;0;1;0;0;0;0;0;309011,392900000330000;5715161,051500000100000;6,244941112000049;51,555157674000043;1
88751;5200719300600252944;5;9;16;0;2020;7;16;1;3;5;3;0;1;1;0;0;0;0;379850,594999999740000;5712196,517999999200000;7,267175818000055;51,548054418000049;0
88752;5200717610113341132;5;3;70;24;2020;7;16;6;3;5;3;0;1;0;0;0;0;0;284734,981999999840000;5654472,750000000000000;5,931815324000070;51,001498096000034;0
88756;5200720702100076642;5;5;15;0;2020;7;15;2;3;5;3;0;1;1;0;0;0;0;407074,228799999690000;5753966,720899999100000;7,648511540000072;51,928662134000035;0
88762;5200719411224170343;5;7;74;24;2020;7;13;1;3;0;7;0;1;0;0;0;0;0;476297,103199999780000;5741906,000800000500000;8,656051259000037;51,827477662000035;0
88763;5200717607500573204;5;3;82;56;2020;7;5;6;3;5;5;1;1;1;0;0;0;0;372835,986299999990000;5627397,311300000200000;7,196050929000023;50,784366619000082;0
88764;5200720600110514201;5;3;14;0;2020;7;9;2;3;0;1;0;1;0;0;0;0;0;365410,817300000230000;5622970,892000000900000;7,092397023000046;50,742906463000054;0
88766;5200720502405074729;5;1;17;0;2020;7;17;2;3;4;2;0;1;1;0;0;0;0;355515,985500000420000;5700809,278300000400000;6,921105904000058;51,440025315000071;0
88769;5200720307400971346;5;9;62;48;2020;7;20;2;3;8;1;0;1;0;0;0;0;0;415909,923600000330000;5681987,755699999600000;7,794247551000069;51,283009153000080;0
88775;5200718508000882294;5;1;19;0;2020;7;23;7;3;0;1;2;1;0;0;0;0;0;350970,907200000250000;5709426,178200000900000;6,852122787000042;51,516274556000042;0
88776;5200720608100071755;5;3;34;2;2020;7;15;2;3;0;1;0;1;0;0;0;0;0;292705,255099999720000;5625669,896099999500000;6,061576761000026;50,745752039000081;0
88779;5200718508000376339;5;1;19;0;2020;7;18;7;3;5;3;0;1;1;0;0;0;0;351557,991999999620000;5706427,871700000000000;6,861839518000068;51,489487981000082;0
88783;5200717602500573719;5;3;62;32;2020;7;18;6;3;5;3;0;1;1;0;0;0;0;343698,231300000100000;5638653,973500000300000;6,778203696000048;50,878397276000044;0