OBJECTID;UIDENTSTLAE;ULAND;UREGBEZ;UKREIS;UGEMEINDE;UJAHR;UMONAT;USTUNDE;UWOCHENTAG;UKATEGORIE;UART;UTYP1;ULICHTVERH;IstRad;IstPKW;IstFuss;IstKrad;IstGkfz;IstSonstige;LINREFX;LINREFY;XGCSWGS84;YGCSWGS84;STRZUSTAND
88789;5200720302100593702;5;9;14;0;2020;7;16;2;3;5;3;0;1;1;0;0;0;0;392116,575400000440000;5693484,198899999300000;7,449716057000046;51,382337875000076;0
88791;5200720601610891200;5;3;15;0;2020;7;15;2;2;7;1;0;1;0;0;0;0;0;365388,464100000450000;5645187,698699999600000;7,083916650000049;50,942579981000051;0
88792;5200718602300046668;5;3;62;36;2020;7;11;7;3;5;2;0;1;1;0;0;0;0;345306,884999999780000;5652202,885500000800000;6,795299483000065;51,000579941000069;0
88793;5200717601600174349;5;3;15;0;2020;7;17;6;3;0;7;0;1;0;0;0;0;0;363388,097000000070000;5639828,894999999600000;7,057467460000055;50,893947502000060;0
88794;5200719601510306206;5;3;15;0;2020;7;15;1;3;0;6;0;1;0;0;0;0;0;361197,130599999800000;5649503,289500000000000;7,022647646000053;50,980371283000068;0
88795;5200718503400970317;5;1;22;0;2020;7;16;7;3;0;5;0;1;1;0;0;0;0;363199,319899999540000;5670844,999800000300000;7,043075733000023;51,172651690000066;0
88800;5200718502407773997;5;1;17;0;2020;7;14;7;3;0;1;0;1;0;0;0;0;0;351536,986999999730000;5695127,887000000100000;6,866275556000062;51,387945689000048;0
88802;5200719316100073347;5;9;74;32;2020;7;12;1;3;3;6;0;1;0;0;0;0;0;439807,830000000070000;5704008,271999999900000;8,133132591000049;51,484020023000028;0
88804;5200720500200572661;5;1;11;0;2020;7;9;2;3;0;6;0;1;1;0;0;0;0;344664,029000000100000;5678857,811400000000000;6,774662281000076;51,239916208000068;0
88807;5200717601110171201;5;3;15;0;2020;7;9;6;3;5;2;0;1;1;0;0;0;0;355695,778300000350000;5645894,116399999700000;6,945761069000071;50,946584040000062;0
88810;5200718602100747202;5;3;62;8;2020;7;16;7;3;5;3;0;1;1;0;0;0;0;342448,956699999980000;5648581,523299999500000;6,756171113000050;50,967264329000045;0
88811;5200717600320178205;5;3;82;72;2020;7;17;6;2;0;7;0;1;0;0;0;0;0;369357,342000000180000;5610857,180999999900000;7,152584067000021;50,634926286000052;0
88812;5200719518110063695;5;1;70;12;2020;7;19;1;2;8;1;0;1;0;0;0;0;0;335351,161000000310000;5738259,194000000100000;6,613635613000042;51,770967174000077;0
88817;5200720404302376131;5;7;66;8;2020;7;17;2;2;4;2;0;1;1;0;0;0;0;483326,714999999850000;5770563,481000000600000;8,756664709000063;52,085389530000043;0
88818;5200717518400896121;5;1;70;8;2020;7;18;6;3;5;3;0;1;1;0;0;0;0;343534,331100000070000;5714895,780999999500000;6,742599427000073;51,563406643000064;0
88819;5200719307300652205;5;9;62;8;2020;7;2;1;2;8;1;2;1;0;0;0;0;0;421951,900600000280000;5686661,400599999400000;7,879841447000047;51,325886658000059;0
88830;5200717515000765207;5;1;54;40;2020;7;13;6;3;0;3;0;1;1;0;0;0;0;290870,265100000430000;5743712,578299999200000;5,966528827000047;51,805087943000046;0
88831;5200719300310321209;5;9;11;0;2020;7;14;1;3;5;3;0;1;0;0;0;0;0;381209,468700000080000;5702865,364399999400000;7,289907542000037;51,464476504000061;0
88834;5200720400100561603;5;7;11;0;2020;7;10;2;3;5;3;0;1;1;0;0;0;0;467014,514200000090000;5767326,909199999600000;8,518918866000036;52,055559264000067;0
88837;5200717514110282360;5;1;66;32;2020;7;11;6;3;5;3;0;1;1;0;0;0;0;317192,391400000080000;5679862,410100000000000;6,380999624000026;51,240800702000058;0
88840;5200717513310874203;5;1;62;8;2020;7;0;6;2;4;6;2;1;0;0;0;0;0;331030,005099999720000;5663931,189799999800000;6,586534921000066;51,101937319000058;0
88842;5200720705000520945;5;5;54;20;2020;7;16;2;3;5;3;0;1;1;0;0;0;0;363777,592899999580000;5786636,747400000700000;7,006122431000051;52,213306601000056;0
88844;5200719706200872440;5;5;58;8;2020;7;6;1;3;5;3;0;1;1;0;0;0;0;378673,193900000300000;5756998,433299999700000;7,234571698000025;51,950442224000028;0
88845;5200718407236379192;5;7;62;28;2020;7;17;7;3;0;1;0;1;0;0;0;0;0;501804,185600000430000;5738342,350299999100000;9,026161927000032;51,795935976000067;0
88849;5200717506100889203;5;1;16;0;2020;7;13;6;3;5;2;0;1;0;0;0;0;0;321264,164300000300000;5671412,338500000500000;6,443479219000039;51,166182052000067;0
88850;5200720601110237209;5;3;15;0;2020;7;21;2;3;0;6;2;1;1;0;0;0;0;356498,613400000150000;5644619,265399999900000;6,957684202000053;50,935327524000058;0
88863;5200719317220118688;5;9;78;4;2020;7;19;1;3;4;1;0;1;0;0;0;0;0;403979,818400000220000;5721839,343299999800000;7,612410971000031;51,639355682000030;0
88864;5200717500200145453;5;1;11;0;2020;7;18;6;3;1;5;0;1;1;0;0;0;0;345630,226300000210000;5679368,104000000300000;6,788272903000063;51,244763649000049;0
88868;5200721300120703203;5;9;11;0;2020;7;7;3;3;0;3;0;1;1;0;0;0;0;379327,533800000320000;5706270,074599999900000;7,261665520000065;51,494678606000036;0
88872;5200720518210848286;5;1;70;28;2020;7;18;2;3;5;3;0;1;1;0;0;0;0;330831,131400000300000;5702046,274299999700000;6,565658577000022;51,444305167000039;0
88875;5200718711221772472;5;5;70;16;2020;7;17;7;3;5;3;0;1;1;0;0;0;0;417135,849899999800000;5733845,926400000200000;7,799628307000035;51,749380696000060;0
88876;5200721301203777629;5;9;13;0;2020;7;18;3;3;0;5;0;1;1;0;0;0;0;393432,994900000280000;5712110,182700000700000;7,463009992000025;51,550007213000072;0
88882;5200719602300674214;5;3;62;36;2020;7;12;1;3;0;6;0;1;0;0;0;0;0;344540,002299999820000;5654754,815300000800000;6,783285125000020;51,023304257000063;0
88885;5200719315250571452;5;9;70;12;2020;7;11;1;3;0;1;0;1;0;0;0;0;0;448196,381099999880000;5651172,953099999600000;8,261577364000061;51,009789188000070;0
88887;5200720411104697194;5;7;74;4;2020;7;4;2;3;8;1;2;1;0;0;0;0;0;494579,979600000200000;5729343,844399999800000;8,921546348000049;51,715004121000050;0
88891;5200718404103482070;5;7;66;52;2020;7;16;7;2;3;1;0;1;0;0;0;0;0;521078,889499999580000;5747479,605399999800000;9,306212761000040;51,877695435000078;0
88895;5200720301501417208;5;9;13;0;2020;7;19;2;3;0;1;0;1;0;0;0;0;0;391636,209599999710000;5707984,144899999700000;7,438375377000057;51,512578775000065;0
88896;5200718404101796916;5;7;66;20;2020;7;10;7;3;0;1;0;1;0;1;0;0;0;493284,015200000260000;5752020,088899999900000;8,902347833000022;51,918877358000032;0
88899;5200717405108278110;5;7;54;8;2020;7;13;6;3;5;2;0;1;1;0;0;0;0;458612,274699999950000;5750629,440500000500000;8,398396254000033;51,904876906000027;0
88900;5200719601310338207;5;3;15;0;2020;7;18;1;3;0;7;0;1;0;0;0;0;0;348462,457299999890000;5645158,512399999400000;6,843173487000058;50,938117803000068;0
88901;5200717404103276371;5;7;66;12;2020;7;23;6;2;6;1;2;1;0;1;0;0;0;509071,684799999930000;5759843,653999999200000;9,132111136000049;51,989185675000044;0
88913;5200719502401883208;5;1;17;0;2020;7;0;1;3;0;1;2;1;0;0;0;0;0;352731,517900000330000;5699331,712600000200000;6,881685418000075;51,426031342000044;0
88915;5200717316300670541;5;9;74;28;2020;7;14;6;3;5;3;0;1;0;0;0;0;0;456186,542200000030000;5726194,252800000800000;8,366225789000055;51,685001461000070;0
88919;5200719516110023203;5;1;58;32;2020;7;16;1;3;2;6;0;1;1;0;0;0;0;362073,067300000230000;5691948,204900000200000;7,018834292000065;51,362029940000070;0
88920;5200718610221575594;5;3;70;20;2020;7;15;7;3;1;3;0;1;1;0;0;0;0;305685,535600000060000;5659385,854299999800000;6,227397536000069;51,053083931000060;0
88921;5200717313231513778;5;9;58;48;2020;7;11;6;3;0;1;0;1;0;0;0;0;0;467094,899299999700000;5678383,050699999600000;8,528464083000074;51,255853976000026;0
88922;5200719301101032207;5;9;13;0;2020;7;22;1;2;4;2;2;1;1;0;0;0;0;392573,893699999900000;5706622,790599999900000;7,452297677000047;51,500521409000044;0
88925;5200720400300703400;5;7;11;0;2020;7;17;2;3;5;3;0;1;1;0;0;0;0;465493,536500000390000;5755624,891799999400000;8,497915434000049;51,950258380000037;0
88926;5200718316100980652;5;9;74;8;2020;7;11;7;2;0;3;0;1;1;0;0;0;0;441679,942900000140000;5714660,254599999600000;8,158326618000046;51,579985071000067;0
88929;5200719705000581549;5;5;54;20;2020;7;19;1;2;0;1;0;1;0;0;0;0;0;362802,898699999790000;5786799,417799999900000;6,991799427000046;52,214526395000064;0
88930;5200718314210436273;5;9;66;4;2020;7;15;7;3;5;2;0;1;1;0;0;0;0;421706,231900000010000;5662778,613900000200000;7,881531938000023;51,111136144000056;0
88933;5200719411232672196;5;7;74;32;2020;7;15;1;2;0;1;0;1;0;0;0;0;0;480306,304200000130000;5733148,961300000500000;8,714724362000027;51,748897344000056;0
88935;5200720600110595208;5;3;14;0;2020;7;17;2;3;0;1;0;1;0;0;0;0;0;365223,581199999900000;5620957,234999999400000;7,090481056000044;50,724764461000063;0
88941;5200720310130973442;5;9;54;20;2020;7;18;2;3;5;3;0;1;1;0;0;0;0;390840,557199999690000;5695208,562599999800000;7,430856829000049;51,397593388000075;0
88956;5200720516710875946;5;1;58;8;2020;7;19;2;2;8;6;0;1;1;0;0;0;0;362727,200400000440000;5674894,868599999700000;7,034778305000032;51,208934383000042;0
88957;5200718608320970204;5;3;34;20;2020;7;11;7;3;0;1;0;1;0;0;0;0;0;308603,172199999910000;5604769,289599999800000;6,297454205000065;50,563460533000068;0
88959;5200720501318272035;5;1;12;0;2020;7;13;2;2;0;1;0;1;0;0;0;0;0;343047,523099999870000;5698655,717900000500000;6,742802491000020;51,417358693000040;0
88960;5200718709000412546;5;5;66;76;2020;7;9;7;3;8;1;0;1;0;0;0;0;0;399079,320899999700000;5790445,868100000500000;7,521475179000049;52,255138957000042;0
88963;5200720302100793903;5;9;14;0;2020;7;17;2;3;5;3;0;1;1;0;0;0;0;393621,065999999640000;5695505,406999999700000;7,470721545000060;51,400789859000042;0
88964;5200718313212282106;5;9;58;36;2020;7;19;7;3;5;3;0;1;1;0;0;0;0;464466,671000000090000;5689180,705499999200000;8,489727138000035;51,352785210000036;0
88965;5200720601620132202;5;3;15;0;2020;7;18;2;3;0;5;0;1;1;0;0;0;0;365155,454900000240000;5636446,694000000100000;7,083830548000037;50,863964810000027;0
88969;5200718313130833452;5;9;58;44;2020;7;1;7;2;0;1;2;1;0;0;0;0;0;429331,118300000210000;5683844,984999999400000;7,986288611000020;51,301530239000044;0
88972;5200716711413476177;5;5;70;28;2020;7;15;5;3;5;3;0;1;1;0;0;0;0;441580,017099999820000;5742565,137199999800000;8,152208050000070;51,830851660000064;0
88979;5200721300110957208;5;9;11;0;2020;7;16;3;3;6;6;0;1;0;1;0;0;0;375108,546199999750000;5704608,005799999500000;7,201508951000051;51,478824798000062;0
88981;5200720300110605209;5;9;11;0;2020;7;15;2;3;5;2;0;1;1;0;0;0;0;377479,108400000260000;5701191,994200000500000;7,236812410000027;51,448641760000044;0
88983;5200720601400081750;5;3;15;0;2020;7;9;2;3;0;1;0;1;0;0;0;0;0;356493,088999999690000;5651658,517699999700000;6,954828546000044;50,998586677000048;0
88989;5200719303100874340;5;9;15;0;2020;7;0;1;2;0;1;2;1;0;0;0;0;0;420425,472000000070000;5725105,565999999600000;7,849266978000060;51,671285429000079;0
88991;5200718606230096209;5;3;78;16;2020;7;18;7;3;5;3;0;1;1;0;0;0;0;361101,191899999980000;5662599,622199999200000;7,016260270000032;51,098045654000032;0
88995;5200719709100076669;5;5;66;44;2020;7;12;1;3;0;1;0;1;0;0;0;0;0;426816,992600000460000;5781051,034399999300000;7,929782361000036;52,175077569000052;0
89004;5200719513130782326;5;1;62;22;2020;7;13;1;2;5;2;0;1;1;0;0;0;0;338876,990299999710000;5680372,492100000400000;6,691146576000051;51,251920420000033;0
89008;5200718307200638207;5;9;62;28;2020;7;15;7;3;2;6;0;1;0;0;0;0;0;400427,548299999910000;5665795,500299999500000;7,576811038000074;51,134954550000032;0
89012;5200716609256494861;5;3;58;56;2020;7;15;5;3;1;1;0;1;1;0;0;0;0;321378,545300000350000;5649123,225500000600000;6,456119762000071;50,965983787000027;0
89015;5200716608332432771;5;3;34;32;2020;7;16;5;3;3;6;0;1;1;0;0;0;0;304284,235600000250000;5629326,142999999200000;6,223553992000063;50,782611867000071;1
89016;5200716608100477498;5;3;34;2;2020;7;10;5;3;0;1;0;1;0;0;0;0;0;293604,334900000130000;5628295,443700000600000;6,072831708000024;50,769652691000033;1
89019;5200720518320172053;5;1;70;52;2020;7;15;2;3;0;7;0;1;0;0;0;0;0;325474,873300000090000;5723694,892000000900000;6,477927208000040;51,637149379000050;0
89027;5200716602500765665;5;3;62;24;2020;7;20;5;3;5;3;0;1;1;0;0;0;0;345419,877100000160000;5642150,343599999300000;6,801177549000045;50,910278889000040;1
89030;5200720506100973936;5;1;16;0;2020;7;20;2;3;0;7;0;1;0;0;0;0;0;321365,083899999970000;5673450,919700000400000;6,443908141000065;51,184526713000082;0
89045;5200718705000276754;5;5;54;32;2020;7;15;7;3;0;1;0;1;0;0;0;0;0;325827,273900000380000;5746044,281700000200000;6,471829152000055;51,838015124000037;0
89050;5200720601520059205;5;3;15;0;2020;7;14;2;2;0;1;0;1;0;0;0;0;0;357696,557000000030000;5643828,887000000100000;6,975030519000029;50,928521246000059;0
89051;5200718711231158483;5;5;70;40;2020;7;17;7;2;5;3;0;1;0;0;1;0;0;422293,178999999540000;5741176,821000000500000;7,872679897000069;51,816021302000081;0
89052;5200721301402852205;5;9;13;0;2020;7;18;3;3;1;5;0;1;1;0;0;0;0;397967,386599999850000;5704994,185900000900000;7,530445103000034;51,486881652000079;0
89053;5200716601210655202;5;3;15;0;2020;7;12;5;3;5;2;0;1;1;0;0;0;0;354596,003999999720000;5643315,051000000900000;6,931145173000061;50,923130332000028;1
89059;5200717711413780981;5;5;70;28;2020;7;17;6;3;0;1;0;1;0;0;0;0;0;441115,972199999730000;5743227,740399999500000;8,145361864000051;51,836759876000031;0
89069;5200718601210900201;5;3;15;0;2020;7;12;7;3;0;1;0;1;0;0;0;0;0;353573,718600000250000;5644190,197499999800000;6,916258539000069;50,930736440000032;0
89070;5200716515212028632;5;1;54;32;2020;7;16;5;2;8;1;0;1;0;0;0;0;0;305459,119400000200000;5716297,929999999700000;6,193135260000076;51,564154210000027;1
89075;5200719601420333202;5;3;15;0;2020;7;17;1;3;5;3;0;1;1;0;0;0;0;357714,258000000380000;5646913,646600000600000;6,974077298000054;50,956248242000072;0
89076;5200716515110056537;5;1;54;40;2020;7;8;5;3;5;3;0;1;1;0;0;0;0;293053,548999999650000;5742171,278000000900000;5,999070377000066;51,792060912000068;1
89085;5200716513120866200;5;1;62;20;2020;7;16;5;2;5;2;0;1;1;0;0;0;0;329172,684999999590000;5676039,216800000500000;6,554284189000043;51,210166423000032;1
89086;5200716506100188200;5;1;16;0;2020;7;16;5;2;5;3;0;1;1;0;0;0;0;321355,034199999650000;5673285,303600000200000;6,443846837000024;51,183035800000027;1
89087;5200719503100082049;5;1;24;0;2020;7;0;1;2;7;7;2;1;0;0;0;0;0;370892,608599999920000;5681761,029699999800000;7,149132745000031;51,272547860000032;0
89097;5200717709500638566;5;5;66;76;2020;7;12;6;2;4;7;0;1;0;1;0;0;0;393261,289300000300000;5793000,105499999600000;7,435464401000047;52,276996432000033;0
89099;5200717709100076669;5;5;66;8;2020;7;12;6;3;0;2;0;1;1;0;0;0;0;400129,564799999820000;5780964,062400000200000;7,539653878000024;52,170110946000079;0
89106;5200719500200370604;5;1;11;0;2020;7;20;1;3;4;6;0;1;0;0;0;0;1;350945,961000000130000;5676536,260999999900000;6,865554332000045;51,220730845000048;0
89110;5200720503200665202;5;1;24;0;2020;7;3;2;2;0;7;2;1;0;0;0;0;0;375385,035600000060000;5677575,634199999300000;7,214959114000067;51,235930804000077;0
89117;5200719606500760346;5;3;78;24;2020;7;15;1;3;5;3;0;1;1;0;0;0;0;374538,370799999680000;5645497,070399999600000;7,213981267000065;50,947424470000044;0
89118;5200717702100957476;5;5;15;0;2020;7;7;6;2;5;3;0;1;1;0;0;0;0;398725,377000000330000;5755248,876000000200000;7,526752125000030;51,938729903000080;0
89129;5200720501319698201;5;1;12;0;2020;7;15;2;3;5;2;0;1;1;0;0;0;0;343540,692999999970000;5696477,041999999400000;6,750850122000031;51,397919751000074;0
89130;5200718709700548420;5;5;66;56;2020;7;0;7;3;9;1;2;1;0;0;0;0;0;414671,242899999950000;5795672,949599999900000;7,748515139000062;52,304761283000062;0
89132;5200716405224096991;5;7;54;24;2020;7;6;5;3;5;3;0;1;1;0;0;0;0;449443,489000000060000;5736458,739000000100000;8,267202732000044;51,776719064000076;1
89137;5200719601700385205;5;3;16;0;2020;7;11;1;3;4;5;0;1;1;0;0;0;0;360899,714700000360000;5659342,358999999200000;7,014638547000061;51,068723904000080;0
89145;5200716400100503690;5;7;11;0;2020;7;12;5;3;0;2;0;1;1;0;0;0;0;467328,150999999610000;5763798,199999999300000;8,523830190000069;52,023852681000051;0
89147;5200720500300872534;5;1;11;0;2020;7;17;2;3;0;1;0;1;0;0;0;0;0;353865,289900000210000;5666551,391300000300000;6,911388439000064;51,131759192000061;0
89151;5200720300120624202;5;9;11;0;2020;7;8;2;3;5;2;0;1;0;0;0;1;0;375881,658099999650000;5707872,553300000700000;7,211488129000031;51,508334613000045;1
89152;5200717701500608208;5;5;62;24;2020;7;18;6;2;3;3;0;1;1;0;0;0;0;365361,512900000440000;5724267,826199999100000;7,053699656000049;51,653261001000033;0
89153;5200720601510202201;5;3;15;0;2020;7;20;2;3;0;6;1;1;0;0;0;0;0;359219,203300000170000;5647771,817199999500000;6,995159218000026;50,964330281000059;0
89159;5200719307000279453;5;9;62;40;2020;7;14;1;3;6;7;0;1;0;1;0;0;0;415529,065799999980000;5699585,787399999800000;7,784607173000040;51,441157739000062;0
89161;5200718602500759201;5;3;62;24;2020;7;17;7;3;5;3;0;1;1;0;0;0;0;345426,755199999550000;5642109,916600000100000;6,801292432000025;50,909917453000048;0
89170;5200719502339571333;5;1;13;0;2020;7;21;1;3;5;3;0;1;1;0;0;0;0;364598,697700000370000;5707851,162699999300000;7,049009089000037;51,505551561000061;0
89171;5200722601500581839;5;3;15;0;2020;7;18;4;3;3;2;0;1;1;0;0;0;0;358900,323699999600000;5644727,417899999800000;6,991800893000061;50,936892118000060;0
89180;5200722601310352204;5;3;15;0;2020;7;17;4;3;5;2;0;1;1;0;0;0;0;353394,287999999710000;5646648,543999999800000;6,912717571000030;50,952783089000036;0
89182;5200723404103043050;5;7;66;16;2020;7;12;5;3;0;7;0;1;0;0;0;0;0;506917,334999999960000;5755396,747999999700000;9,100647748000029;51,949234590000060;0
89185;5200722601310272201;5;3;15;0;2020;7;7;4;3;0;1;0;1;0;0;0;0;0;350518,179399999790000;5649026,947599999600000;6,870822083000064;50,973417498000060;0
89186;5200723400300692901;5;7;11;0;2020;7;18;5;3;5;3;0;1;1;0;0;0;0;465486,792100000200000;5755616,229699999100000;8,497818174000031;51,950180083000078;0
89189;5200722601300880845;5;3;15;0;2020;7;15;4;3;5;2;0;1;1;0;0;0;0;351226,658800000320000;5648231,587300000700000;6,881231418000027;50,966453526000066;0
89193;5200722600320675850;5;3;82;72;2020;7;16;4;2;9;1;0;1;0;0;0;0;0;365378,831100000070000;5611816,325799999800000;7,096008214000051;50,642641858000047;0
89194;5200725701920677202;5;5;62;28;2020;7;15;7;3;3;2;0;1;1;0;0;0;0;379036,569400000390000;5723868,170499999100000;7,251416323000058;51,652778213000033;1
89195;5200724601610408208;5;3;15;0;2020;7;20;6;3;0;7;0;1;0;0;0;0;0;365051,808100000020000;5646109,068099999800000;7,078786082000022;50,950782110000034;0
89196;5200722600140478250;5;3;14;0;2020;7;8;4;3;5;3;0;1;1;0;0;0;0;366965,195100000130000;5624987,657400000800000;7,113686595000047;50,761391383000046;0
89197;5200722518210648286;5;1;70;28;2020;7;12;4;3;0;7;0;1;0;0;0;0;0;331865,628999999720000;5703433,544999999900000;6,579871474000072;51,457076124000082;0
89200;5200722518200096011;5;1;70;24;2020;7;16;4;3;5;3;0;1;1;0;0;0;0;335111,662999999710000;5708268,739000000100000;6,624294346000056;51,501470356000027;0
89201;5200725711114953158;5;5;70;52;2020;7;11;7;2;5;3;0;1;1;0;0;0;0;429323,328999999910000;5753332,126199999800000;7,972161933000052;51,926227294000057;0
89203;5200722518100179187;5;1;70;48;2020;7;16;4;3;5;3;0;1;1;0;0;0;0;334585,201999999580000;5725819,523000000000000;6,608449543000063;51,658989130000066;0
89205;5200725410230274603;5;7;70;4;2020;7;19;7;3;7;1;1;1;0;0;0;0;0;486630,908999999990000;5784188,114000000100000;8,804350720000059;52,207973935000041;0
89208;5200723400100704217;5;7;11;0;2020;7;14;5;3;5;3;0;1;1;0;0;0;0;469952,933000000190000;5767290,439999999500000;8,561776405000046;52,055398524000054;0
89209;5200723709700881515;5;5;66;48;2020;7;14;5;3;5;3;0;1;1;0;0;0;0;426902,625699999740000;5793660,523000000000000;7,928308108000067;52,288436029000081;0
89213;5200722516380568202;5;1;58;28;2020;7;10;4;3;0;1;0;1;0;0;0;0;0;352396,612900000070000;5684670,862199999400000;6,882956175000061;51,294205009000052;0
89215;5200722515211522306;5;1;54;56;2020;7;19;4;3;3;6;0;1;0;0;0;0;0;309828,082999999630000;5727163,894999999600000;6,250197417000038;51,663233714000057;0
89216;5200725609108575502;5;3;58;8;2020;7;14;7;3;1;5;0;1;1;0;0;0;1;323013,090300000270000;5629198,501399999500000;6,489018355000042;50,787484238000047;0
89217;5200724518400944428;5;1;70;8;2020;7;11;6;2;5;2;0;1;1;0;0;0;0;343794,578099999580000;5715245,089800000200000;6,746195763000060;51,566617204000067;0
89220;5200723501323704201;5;1;12;0;2020;7;15;5;3;0;3;0;1;1;0;0;0;0;344043,630400000140000;5695050,251800000700000;6,758700817000033;51,385238508000043;0
89221;5200725317220075400;5;9;78;4;2020;7;16;7;3;5;3;0;1;1;0;0;0;0;404363,552000000140000;5718053,426000000900000;7,618988221000052;51,605389748000050;0
89222;5200724317110680684;5;9;78;36;2020;7;16;6;2;0;7;0;1;0;0;0;0;0;408548,713999999690000;5710333,073999999100000;7,681414911000047;51,536684999000045;0
89223;5200722514118582298;5;1;66;16;2020;7;17;4;2;0;7;0;1;0;0;0;0;0;308937,940600000320000;5686810,424699999400000;6,259170855000036;51,300502073000075;0
89224;5200723317140472208;5;9;78;28;2020;7;18;5;3;0;1;0;1;0;0;0;0;0;399681,703200000340000;5698442,411499999500000;7,556986154000072;51,428294908000055;0
89226;5200725406240682024;5;7;58;28;2020;7;21;7;3;5;3;2;1;1;0;0;0;0;463166,795800000430000;5783740,307800000500000;8,461026285000060;52,202879263000057;0
89229;5200723316500719289;5;9;74;20;2020;7;15;5;3;5;3;0;1;1;0;0;0;0;466249,649799999780000;5721685,953999999900000;8,512220468000066;51,645161789000042;0
89231;5200722513210247208;5;1;62;24;2020;7;6;4;2;5;3;0;1;1;0;0;0;0;336036,267099999820000;5674315,579600000800000;6,653246565000075;51,196691868000073;0
89233;5200722513110981442;5;1;62;16;2020;7;15;4;2;5;2;0;1;1;0;0;0;0;334022,001299999650000;5679353,055800000200000;6,622111745000041;51,241369141000064;0
89234;5200723601400976506;5;3;15;0;2020;7;10;5;3;0;5;0;1;1;0;0;0;0;356313,736200000160000;5647836,536100000100000;6,953785219000054;50,964194594000048;0
89237;5200724514214960576;5;1;66;8;2020;7;14;6;3;5;3;0;1;1;0;0;0;0;317444,445000000300000;5689330,313999999300000;6,379768676000026;51,325928447000081;0
89238;5200722506000082300;5;1;16;0;2020;7;17;4;3;5;2;0;1;1;0;0;0;0;316674,988699999640000;5671398,953500000800000;6,377918215000022;51,164609601000052;0
89240;5200723501134069390;5;1;12;0;2020;7;15;5;3;5;2;0;1;1;0;0;0;0;343341,213100000280000;5710888,344599999500000;6,741599637000036;51,527347577000057;0
89246;5200724610121114208;5;3;70;12;2020;7;10;6;3;8;1;0;1;0;0;0;0;0;297341,613900000230000;5649330,264100000300000;6,114113613000029;50,959890976000054;0
89250;5200722502209407205;5;1;13;0;2020;7;8;4;3;5;2;0;1;1;0;0;0;0;360595,512199999760000;5700282,220200000300000;6,994350688000054;51,436561862000076;0
89258;5200723500300670627;5;1;11;0;2020;7;13;5;3;0;1;0;1;0;0;0;0;0;350215,145899999890000;5670052,884299999100000;6,857801084000073;51,162280565000060;0
89260;5200722500200844200;5;1;11;0;2020;7;16;4;3;5;2;0;1;1;0;0;0;0;346233,368599999700000;5679737,935200000200000;6,796748683000033;51,248249659000066;0
89262;5200722500200271972;5;1;11;0;2020;7;14;4;3;5;3;0;1;1;0;0;0;0;342799,667200000030000;5688005,432099999900000;6,743950797000025;51,321597867000037;0
89264;5200724608416170204;5;3;34;16;2020;7;14;6;2;4;6;0;1;0;0;0;0;0;295742,952899999920000;5636123,639499999600000;6,098765972000024;50,840716746000055;0
89265;5200722500100577204;5;1;11;0;2020;7;16;4;3;3;2;0;1;1;0;0;0;0;346183,584800000300000;5675764,809699999200000;6,797741456000040;51,212535754000044;0
89269;5200722411112076915;5;7;74;12;2020;7;18;4;2;9;1;0;1;0;0;0;0;0;479693,765300000090000;5724943,346799999500000;8,706329664000066;51,675096474000043;0
89270;5200723315110180488;5;9;70;40;2020;7;15;5;2;4;2;0;1;1;0;0;0;0;430289,512799999680000;5640692,707699999200000;8,008371868000040;50,913667407000048;0
89274;5200722410110104111;5;7;70;24;2020;7;16;4;3;0;1;0;1;0;0;0;0;0;496464,347900000400000;5794277,400200000000000;8,948151876000054;52,298833159000026;0
89278;5200722405232996997;5;7;54;32;2020;7;18;4;3;8;6;0;1;0;0;0;0;0;458963,280000000260000;5735061,914599999800000;8,405344573000036;51,764939514000048;0
89280;5200722405228256672;5;7;54;28;2020;7;6;4;2;5;3;0;1;1;0;0;0;0;456480,310999999750000;5743349,282999999800000;8,368326164000052;51,839261394000062;0
89282;5200722405220696814;5;7;54;20;2020;7;19;4;3;0;3;0;1;1;0;0;0;0;450170,059999999590000;5752326,415999999300000;8,275446095000064;51,919442177000064;0
89292;5200722405108796843;5;7;54;8;2020;7;17;4;3;5;3;0;1;1;0;0;0;0;457660,189500000330000;5749053,612500000700000;8,384751335000033;51,890637723000054;0
89293;5200722405108596858;5;7;54;8;2020;7;8;4;3;4;2;0;1;1;0;0;0;0;459650,872999999670000;5750491,015000000600000;8,413508456000045;51,903708568000070;0
89301;5200725301301175206;5;9;78;24;2020;7;18;7;3;4;6;0;1;0;0;0;0;0;397802,793600000440000;5718063,498700000300000;7,524279212000067;51,604327799000032;0
89303;5200723606100076548;5;3;78;4;2020;7;21;5;3;8;7;1;1;0;0;0;0;0;364760,134300000030000;5653898,704299999400000;7,071736873000020;51,020722577000072;0
89305;5200725700200346941;5;5;13;0;2020;7;14;7;3;0;1;0;1;0;0;0;0;0;365118,595599999650000;5716244,585100000700000;7,053278581000029;51,581103163000080;1
89306;5200724601110686209;5;3;15;0;2020;7;1;6;3;0;1;2;1;0;0;0;0;0;355301,953999999910000;5644192,984999999400000;6,940834266000024;50,931197630000042;0
89320;5200722313110473345;5;9;58;4;2020;7;12;4;2;9;1;0;1;0;0;0;0;0;434836,992899999950000;5695042,279799999700000;8,063205042000050;51,402859343000046;0
89327;5200723301401647208;5;9;13;0;2020;7;21;5;3;0;1;1;1;0;0;0;0;0;398524,101700000460000;5708960,740599999200000;7,537319233000062;51,522636357000067;0