OBJECTID;UIDENTSTLAE;ULAND;UREGBEZ;UKREIS;UGEMEINDE;UJAHR;UMONAT;USTUNDE;UWOCHENTAG;UKATEGORIE;UART;UTYP1;ULICHTVERH;IstRad;IstPKW;IstFuss;IstKrad;IstGkfz;IstSonstige;LINREFX;LINREFY;XGCSWGS84;YGCSWGS84;STRZUSTAND
89328;5200723500100869179;5;1;11;0;2020;7;21;5;3;5;3;2;1;1;0;0;0;0;344738,648099999870000;5677874,205800000600000;6,776156728000046;51,231098473000031;0
89332;5200723701700269201;5;5;62;16;2020;7;17;5;3;0;6;0;1;0;0;0;0;0;373640,943300000390000;5733496,660700000800000;7,169974073000049;51,738121106000051;0
89338;5200725515110479066;5;1;54;4;2020;7;10;7;3;2;7;0;1;0;0;0;0;0;309160,287999999710000;5741165,145999999700000;6,232881254000063;51,788751410000032;0
89340;5200722301502215209;5;9;13;0;2020;7;15;4;3;5;2;0;1;1;0;0;0;0;391991,389100000260000;5704336,525200000000000;7,444608360000075;51,479860470000062;0
89341;5200723301302577209;5;9;78;24;2020;7;16;5;3;5;2;0;1;1;0;0;0;0;391744,253299999980000;5717218,248700000300000;7,437089249000053;51,595598403000054;0
89342;5200723500100828204;5;1;11;0;2020;7;14;5;3;0;1;0;1;0;0;0;0;0;344585,588499999610000;5677929,758400000600000;6,773942099000067;51,231555972000081;0
89344;5200722301101968202;5;9;13;0;2020;7;8;4;3;0;7;0;1;0;0;0;0;1;393393,582399999720000;5707645,229900000600000;7,463793391000024;51,509866791000036;0
89345;5200723513000558173;5;1;62;22;2020;7;16;5;3;5;3;0;1;1;0;0;0;0;334884,335500000040000;5682289,675699999600000;6,633099617000028;51,268003227000065;0
89351;5200722300120347208;5;9;11;0;2020;7;15;4;3;5;3;0;1;1;0;0;0;0;374400,501099999990000;5708029,147199999500000;7,190100663000067;51,509414679000031;0
89353;5200724610111514702;5;3;70;16;2020;7;13;6;3;5;3;0;1;1;0;0;0;0;296164,191999999810000;5660397,849099999300000;6,091154091000021;51,058872743000052;0
89359;5200722300110383206;5;9;11;0;2020;7;18;4;2;7;1;0;1;0;0;0;0;0;377247,483199999670000;5704306,896199999400000;7,232399308000026;51,476586795000060;0
89360;5200723300213478317;5;9;11;0;2020;7;18;5;3;0;1;0;1;0;0;0;0;0;372566,730800000020000;5704884,427799999700000;7,164825964000045;51,480742135000071;0
89364;5200723508000069104;5;1;19;0;2020;7;17;5;3;5;3;0;1;1;0;0;0;0;351246,567099999640000;5709210,369799999500000;6,856183804000068;51,514408081000056;0
89365;5200725313121573331;5;9;58;32;2020;7;18;7;3;9;1;0;1;0;0;0;0;0;458470,442099999640000;5690280,132600000100000;8,403495155000030;51,362264000000039;0
89368;5200721709700870493;5;5;66;28;2020;7;5;3;3;5;3;0;1;1;0;0;0;0;411057,032899999990000;5792462,552100000900000;7,696368916000040;52,275332201000026;0
89371;5200721709300242459;5;5;66;84;2020;7;16;3;2;3;6;0;1;1;0;0;0;0;386314,168999999760000;5779034,046000000100000;7,338372228000026;52,150093026000036;0
89380;5200725410240972272;5;7;70;40;2020;7;17;7;2;5;3;0;1;1;0;0;0;0;472499,393000000160000;5810092,319000000100000;8,595429281000065;52,440334893000056;1
89382;5200721706000687372;5;5;58;24;2020;7;17;3;3;4;2;0;1;1;0;0;0;0;391519,152200000360000;5736261,190899999800000;7,427923279000027;51,766714468000032;0
89384;5200723709800081046;5;5;66;40;2020;7;14;5;3;5;3;0;1;1;0;0;0;0;421675,019399999640000;5781944,253499999600000;7,854396347000034;52,182400619000077;0
89387;5200723506100796122;5;1;16;0;2020;7;7;5;3;5;2;0;1;1;0;0;0;0;320653,712399999610000;5674122,897500000900000;6,433404547000066;51,190340488000061;0
89389;5200721702100491818;5;5;15;0;2020;7;15;3;3;0;7;0;1;0;0;0;0;1;401063,991399999710000;5761969,306399999200000;7,558823643000039;51,999554955000065;0
89392;5200725609108780767;5;3;58;8;2020;7;10;7;3;2;2;0;1;1;0;0;0;0;322736,422500000340000;5630537,253799999100000;6,484451281000077;50,799427265000077;0
89393;5200724600130395207;5;3;82;8;2020;7;18;6;3;5;6;0;1;0;0;0;0;0;373862,133000000380000;5609920,078999999900000;7,216571586000043;50,627495272000033;0
89401;5200723702100087866;5;5;15;0;2020;7;13;5;2;1;1;0;1;0;0;0;0;0;407361,245000000110000;5755143,222600000000000;7,652367763000029;51,939285044000030;0
89402;5200721701400048560;5;5;12;0;2020;7;12;3;3;5;3;0;1;1;0;0;0;0;356926,608300000430000;5712509,674000000600000;6,936645342000077;51,545522133000077;0
89405;5200723709300860719;5;5;66;52;2020;7;15;5;3;0;1;0;1;0;0;0;0;0;379613,322800000200000;5779683,134299999100000;7,240251501000046;52,154506029000061;0
89407;5200724709700881515;5;5;66;92;2020;7;15;6;3;5;3;0;1;1;0;0;0;0;423039,877000000330000;5796508,835999999200000;7,871036368000034;52,313511388000052;0
89412;5200724515111082344;5;1;54;8;2020;7;14;6;3;5;2;0;1;1;0;0;0;0;304187,399000000210000;5751689,221999999100000;6,154915853000034;51,881541014000049;1
89415;5200723411132576915;5;7;74;32;2020;7;15;5;3;8;1;0;1;1;0;0;0;0;484552,851900000130000;5728532,895400000700000;8,776442544000076;51,707526073000054;0
89418;5200723506100082257;5;1;16;0;2020;7;18;5;3;5;3;0;1;1;0;0;0;0;320709,717600000090000;5671473,916200000800000;6,435526580000044;51,166561718000025;0
89425;5200725514212546151;5;1;66;12;2020;7;15;7;3;0;1;0;1;0;0;0;0;0;325940,444500000220000;5698437,982300000300000;6,497125372000028;51,410409243000061;1
89427;5200721608200371807;5;3;34;2;2020;7;18;3;3;5;2;0;1;1;0;0;0;0;297780,754999999890000;5626923,512000000100000;6,132736830000056;50,758801245000029;0
89428;5200721608200063649;5;3;34;2;2020;7;7;3;3;7;1;0;1;0;1;0;0;0;296527,113099999730000;5630140,673800000900000;6,113205968000045;50,787257856000053;0
89429;5200723601210141200;5;3;15;0;2020;7;9;5;3;5;2;0;1;1;0;0;0;0;358787,611999999730000;5639496,040999999300000;6,992222443000060;50,889849610000056;0
89430;5200725516800161204;5;1;58;20;2020;7;14;7;1;5;3;0;1;1;0;0;0;0;355089,671000000090000;5662876,280999999500000;6,930351995000024;51,099044126000081;0
89437;5200723610113951325;5;3;70;24;2020;7;17;5;3;3;5;0;1;1;0;0;0;0;284975,303000000310000;5655493,187999999200000;5,934630957000024;51,010751079000045;0
89438;5200721607400573847;5;3;82;68;2020;7;7;3;3;3;6;0;1;1;0;0;0;0;364833,852900000290000;5627179,103700000800000;7,082678720000047;50,780595145000063;0
89440;5200724609108267517;5;3;58;8;2020;7;15;6;3;5;3;0;1;1;0;0;0;0;321451,768000000160000;5630301,335999999200000;6,466354381000031;50,796913422000046;0
89442;5200722709100074663;5;5;66;4;2020;7;11;4;3;2;6;0;1;0;0;0;0;0;394418,745299999600000;5763935,427300000600000;7,461454522000054;52,016002015000026;0
89451;5200725307000981402;5;9;62;52;2020;7;17;7;2;0;7;0;1;0;0;0;0;0;423862,697200000290000;5673046,393799999700000;7,910159202000045;51,203740539000080;0
89453;5200722706000096562;5;5;58;12;2020;7;12;4;3;0;7;0;1;0;0;0;0;0;377594,286100000140000;5752151,836799999700000;7,220604505000040;51,906650814000045;0
89455;5200721603116081242;5;3;66;16;2020;7;17;3;3;0;2;0;1;1;0;0;0;0;340624,507000000220000;5613711,312000000800000;6,745350762000044;50,653426486000058;0
89458;5200721603104948203;5;3;66;4;2020;7;16;3;2;0;1;0;1;0;0;0;0;0;344898,004999999890000;5601674,494999999200000;6,810785397000075;50,546410802000025;0
89463;5200721602600175512;5;3;62;20;2020;7;8;3;3;5;3;0;1;1;0;0;0;0;344222,228900000450000;5629867,085799999500000;6,789381769000045;50,799579453000035;0
89464;5200722705000096513;5;5;54;4;2020;7;10;4;3;2;3;0;1;0;0;0;1;0;364466,343999999580000;5772584,326500000400000;7,021803179000074;52,087210527000082;0
89466;5200724500300401076;5;1;11;0;2020;7;17;6;3;5;3;0;1;1;0;0;0;0;343577,654500000180000;5674537,708499999700000;6,760996430000034;51,200802049000060;0
89469;5200723709700212408;5;5;66;56;2020;7;14;5;3;4;6;0;1;0;0;0;0;0;416549,692999999970000;5795157,410000000100000;7,776186547000066;52,300416037000048;0
89470;5200721601510083207;5;3;15;0;2020;7;22;3;3;0;7;2;1;0;0;0;0;0;361193,510800000280000;5649499,258899999800000;7,022597651000069;50,980334187000039;0
89471;5200721601500576508;5;3;15;0;2020;7;17;3;2;0;7;0;1;0;0;0;0;0;361700,791000000200000;5650383,685399999800000;7,029483062000054;50,988404775000049;0
89478;5200721601200581744;5;3;15;0;2020;7;17;3;3;5;2;0;1;1;0;0;0;0;354283,956600000150000;5644197,139000000400000;6,926355819000037;50,930978683000035;0
89479;5200722701930949495;5;5;62;36;2020;7;13;4;2;0;1;0;1;0;0;0;0;0;388670,120600000020000;5719966,159800000500000;7,391853319000063;51,619697506000080;0
89480;5200723606100532407;5;3;78;4;2020;7;13;5;2;8;3;0;1;1;0;0;0;0;372829,935399999840000;5646622,101800000300000;7,189280603000043;50,957161974000030;0
89481;5200721600140934667;5;3;14;0;2020;7;17;3;3;9;1;0;1;0;0;0;0;0;372493,834999999960000;5619250,548800000900000;7,194020050000063;50,711065012000063;0
89484;5200721600110711208;5;3;14;0;2020;7;9;3;3;4;2;0;1;1;0;0;0;0;363345,212399999610000;5620950,678799999900000;7,063886762000038;50,724266783000076;0
89488;5200721600110195263;5;3;14;0;2020;7;16;3;3;0;1;0;1;0;0;0;0;0;365250,460099999790000;5623049,488600000700000;7,090096795000022;50,743575689000068;0
89491;5200721518401478912;5;1;70;36;2020;7;14;3;3;5;3;0;1;1;0;0;0;0;353996,167999999600000;5728951,015000000600000;6,887563095000076;51,692504424000049;0
89494;5200721518200096004;5;1;70;24;2020;7;18;3;3;5;3;0;1;0;0;0;0;0;336114,519999999550000;5703788,065999999600000;6,640809325000021;51,461507100000063;0
89499;5200722609144980618;5;3;58;44;2020;7;16;4;3;3;6;0;1;1;0;0;0;0;318724,441599999550000;5616441,883700000100000;6,434509214000059;50,671555397000077;0
89501;5200724310210660806;5;9;54;24;2020;7;11;6;2;0;1;0;1;0;0;0;0;0;380106,547700000000000;5679301,120600000000000;7,281981088000066;51,252451299000029;0
89505;5200725317140585208;5;9;78;28;2020;7;14;7;3;0;1;0;1;0;0;0;0;0;400221,279799999670000;5700391,105200000100000;7,564195807000033;51,445906983000043;0
89506;5200724316300270288;5;9;74;28;2020;7;18;6;2;0;1;0;1;0;0;0;0;0;455084,792799999940000;5728901,866499999500000;8,349941053000066;51,709258141000078;0
89508;5200723701800253206;5;5;62;4;2020;7;17;5;3;5;2;0;1;1;0;0;0;0;384300,072999999860000;5711491,815300000800000;7,331549160000066;51,542650572000070;0
89510;5200724702100265837;5;5;15;0;2020;7;15;6;3;0;1;0;1;0;1;0;0;0;409135,142099999820000;5751486,578999999900000;7,679130691000069;51,906709146000026;0
89511;5200721513210695509;5;1;62;24;2020;7;9;3;3;5;3;0;1;1;0;0;0;0;336898,294900000100000;5676292,129200000300000;6,664675048000049;51,214697294000075;0
89512;5200723518400469629;5;1;70;8;2020;7;7;5;3;1;3;0;1;1;0;0;0;0;344740,509200000200000;5716486,474899999800000;6,759284255000068;51,578031943000042;0
89513;5200725516100671934;5;1;58;32;2020;7;10;7;2;0;1;0;1;0;0;0;0;0;365017,851700000460000;5685194,842700000900000;7,063665612000023;51,302045972000030;1
89519;5200721508000069104;5;1;19;0;2020;7;17;3;3;0;1;0;1;0;0;0;0;0;350799,180300000120000;5709893,683900000500000;6,849451736000049;51,520429936000028;0
89530;5200723514215982482;5;1;66;28;2020;7;12;5;3;5;2;0;1;1;0;0;0;0;322235,743900000120000;5689494,503000000500000;6,448382389000074;51,328920925000034;0
89531;5200722608100575510;5;3;34;2;2020;7;7;4;2;5;2;0;1;1;0;0;0;0;292151,000799999570000;5628289,480799999100000;6,052252445000022;50,769080333000034;0
89534;5200721503100081126;5;1;24;0;2020;7;18;3;2;5;7;0;1;1;0;0;0;0;366382,787499999630000;5680087,285800000700000;7,085144001000060;51,256466199000045;0
89536;5200724300800077902;5;9;54;36;2020;7;11;6;3;3;6;0;1;1;0;0;0;0;384363,358300000430000;5698397,004599999600000;7,336749665000070;51,424968028000080;0
89537;5200721502403310201;5;1;17;0;2020;7;14;3;3;5;2;0;1;1;0;0;0;0;350409,135400000030000;5701783,898299999500000;6,847269379000068;51,447457188000044;0
89540;5200721502208073547;5;1;13;0;2020;7;13;3;3;4;1;0;1;1;0;0;0;0;357995,868400000040000;5701628,930099999500000;6,956433997000033;51,448017883000034;0
89541;5200723608200162108;5;3;34;2;2020;7;16;5;3;5;3;0;1;0;0;0;0;1;297780,754999999890000;5626923,512000000100000;6,132736830000056;50,758801245000029;0
89542;5200721501318087202;5;1;12;0;2020;7;21;3;3;0;1;0;1;0;0;0;0;0;343810,141900000160000;5698654,871799999800000;6,753761316000066;51,417561702000057;0
89543;5200725705000896552;5;5;54;48;2020;7;21;7;2;9;1;1;1;0;0;0;0;0;340505,944400000390000;5745362,452299999100000;6,685012521000033;51,836274604000039;0
89545;5200721501224958203;5;1;12;0;2020;7;10;3;3;5;3;0;1;0;0;0;0;1;338123,285000000150000;5706101,086999999400000;6,668640790000040;51,482866047000073;0
89548;5200724500300139203;5;1;11;0;2020;7;15;6;3;3;6;0;1;1;0;0;0;0;345607,305599999610000;5675869,773399999400000;6,789452000000040;51,213323396000078;0
89549;5200721500200318203;5;1;11;0;2020;7;21;3;3;6;7;0;1;0;1;0;0;0;345504,410099999980000;5678911,987700000400000;6,786668518000056;51,240631195000049;0
89553;5200725500100337209;5;1;11;0;2020;7;20;7;3;0;7;0;1;0;0;0;0;0;343618,538399999960000;5677971,416500000300000;6,760083819000045;51,231666113000074;0
89555;5200721500200072594;5;1;11;0;2020;7;11;3;3;0;6;0;1;0;1;0;0;0;345094,254200000320000;5682520,661100000100000;6,779234857000063;51,272945161000052;0
89557;5200723711232274779;5;5;70;40;2020;7;17;5;3;3;6;0;1;0;0;0;0;0;411763,381000000050000;5748887,723999999500000;7,717991043000041;51,883770894000065;0
89558;5200721411216082113;5;7;74;16;2020;7;20;3;3;0;7;1;1;1;0;0;0;0;469726,596300000320000;5710932,984600000100000;8,563397665000025;51,548676399000044;1
89561;5200721410210578142;5;7;70;20;2020;7;16;3;3;0;1;0;1;0;0;0;0;0;472226,453999999910000;5794745,485899999700000;8,592685224000036;52,302350585000056;0
89563;5200721410140674624;5;7;70;12;2020;7;16;3;3;5;3;0;1;1;0;0;0;0;481941,908599999730000;5794741,059499999500000;8,735166008000022;52,302716178000026;0
89566;5200721406240132615;5;7;58;28;2020;7;10;3;3;0;3;0;1;1;0;0;0;0;466847,253999999720000;5789715,586999999400000;8,514293670000029;52,256832383000074;0
89568;5200725400300078073;5;7;11;0;2020;7;11;7;3;5;3;0;1;1;0;0;0;0;464115,423100000250000;5760800,361600000400000;8,477323014000035;51,996701879000057;0
89572;5200723702100166481;5;5;15;0;2020;7;15;5;3;5;2;0;1;1;0;0;0;0;405908,929800000040000;5755977,586999999400000;7,631018820000065;51,946541019000051;0
89578;5200724508000571524;5;1;19;0;2020;7;11;6;3;5;2;0;1;1;0;0;0;0;351561,402999999930000;5709902,978800000600000;6,860426071000063;51,520714275000046;0
89584;5200725606100764393;5;3;78;4;2020;7;10;7;3;5;2;0;1;1;0;0;0;0;368013,463000000450000;5651660,514000000400000;7,118910241000037;51,001362602000029;0
89598;5200725515110079029;5;1;54;36;2020;7;14;7;3;5;3;0;1;1;0;0;0;0;303945,099000000390000;5740491,478000000100000;6,157742138000060;51,780898785000034;0
89600;5200721303100066283;5;9;15;0;2020;7;12;3;3;0;1;0;1;0;0;0;0;0;418586,738400000150000;5725576,879000000700000;7,822573032000037;51,675258856000028;0
89606;5200730406110862217;5;7;58;12;2020;7;22;5;3;5;2;2;1;1;0;0;0;0;477626,201600000260000;5772218,802699999900000;8,673362193000060;52,100070902000027;0
89610;5200730705000281087;5;5;54;8;2020;7;14;5;1;5;3;0;1;1;1;0;0;0;331446,709999999960000;5746569,208000000600000;6,553059610000048;51,844454696000071;0
89611;5200727711112768279;5;5;70;4;2020;7;15;2;3;0;2;0;1;1;0;0;0;0;424563,021999999880000;5736095,153999999200000;7,906708031000051;51,770649970000079;0
89614;5200729313110194379;5;9;58;4;2020;7;4;4;3;0;7;1;1;0;0;0;0;0;433620,151999999770000;5696760,525000000400000;8,045392436000043;51,418166311000050;1
89615;5200730600360668764;5;3;82;12;2020;7;16;5;3;5;3;0;1;1;0;0;0;0;353288,229000000280000;5629284,799799999200000;6,918175096000027;50,796712776000049;0
89616;5200727315110075725;5;9;70;40;2020;7;19;2;2;5;3;0;1;1;0;0;0;0;432116,756900000390000;5638721,827400000800000;8,034726874000057;50,896164332000069;0
89622;5200729514215660576;5;1;66;28;2020;7;8;4;3;5;2;0;1;1;0;0;0;0;324010,742999999780000;5688184,904999999300000;6,474480520000043;51,317708480000078;0
89626;5200727601500181882;5;3;15;0;2020;7;14;2;3;0;3;0;1;1;0;0;0;0;361954,353299999610000;5648026,987400000900000;7,033988530000045;50,967285447000052;0
89632;5200727606500944239;5;3;78;24;2020;7;8;2;3;0;1;0;1;0;0;0;0;0;378583,885999999940000;5642878,608999999200000;7,272415549000073;50,924754741000072;1
89634;5200729300410777624;5;9;16;0;2020;7;6;4;3;5;3;0;1;1;0;0;0;0;376519,001000000160000;5710677,872999999700000;7,219684187000041;51,533686647000081;0
89636;5200727307200252200;5;9;62;32;2020;7;23;2;3;0;1;2;1;0;0;0;0;0;405820,508000000380000;5674002,458000000600000;7,651718942000059;51,209645453000064;0
89637;5200731303100573474;5;9;15;0;2020;7;23;6;3;0;1;2;1;0;0;0;0;0;416240,126299999650000;5724542,688600000000000;7,788891553000042;51,665617015000066;0
89639;5200727307100248203;5;9;62;24;2020;7;18;2;3;6;4;0;1;0;1;0;0;0;411577,808000000190000;5692528,689999999500000;7,729529670000034;51,377113814000040;0
89643;5200729502101073599;5;1;13;0;2020;7;19;4;3;5;2;0;1;1;0;0;0;0;362138,264899999830000;5702478,289699999600000;7,015676775000031;51,456674177000082;0
89645;5200729405228696999;5;7;54;28;2020;7;16;4;2;9;6;0;1;0;1;0;0;0;450888,900600000280000;5742121,121300000700000;8,287349410000047;51,827755802000070;0
89650;5200730513130167486;5;1;62;22;2020;7;12;5;3;5;2;0;1;1;0;0;0;0;336731,833100000400000;5684414,199599999900000;6,658588629000064;51,287623351000036;0
89659;5200727301504682200;5;9;78;24;2020;7;17;2;2;6;4;0;1;0;1;0;0;0;391847,483599999920000;5717394,646299999200000;7,438524629000028;51,597203736000040;0
89661;5200730500200660585;5;1;11;0;2020;7;14;5;3;3;2;0;1;1;0;0;0;0;349945,723899999630000;5677811,128300000000000;6,850708006000048;51,231924553000056;0
89662;5200728601510500207;5;3;15;0;2020;7;19;3;3;6;4;0;1;0;1;0;0;0;361616,763399999590000;5651529,802300000600000;7,027849894000042;50,998684939000043;0
89668;5200729317140413821;5;9;78;28;2020;7;23;4;3;0;6;2;1;0;0;0;1;0;398538,618300000210000;5697902,582499999600000;7,540703916000041;51,423238907000041;0
89671;5200731400100003550;5;7;11;0;2020;7;6;6;3;5;3;0;1;1;0;0;0;0;472635,932900000360000;5767641,296599999100000;8,600877621000052;52,058691954000039;0
89673;5200730503400887490;5;1;22;0;2020;7;13;5;3;0;4;0;1;0;1;0;0;0;365769,647499999960000;5672221,896800000200000;7,079307432000064;51,185635194000042;0
89676;5200727501311456201;5;1;12;0;2020;7;13;2;2;8;1;0;1;0;0;0;0;0;344191,484600000080000;5700672,184800000900000;6,758353936000049;51,435792101000061;0
89677;5200728515110611204;5;1;54;4;2020;7;8;3;3;4;1;0;1;0;0;0;0;0;305925,628700000230000;5738138,808199999900000;6,187731296000038;51,760460959000056;0
89678;5200729709500674722;5;5;66;76;2020;7;18;4;3;5;3;0;1;1;0;0;0;0;395526,804999999700000;5791176,716000000000000;7,469223137000029;52,261044231000028;0
89682;5200727300612958798;5;9;16;0;2020;7;17;2;3;5;2;0;1;1;0;0;0;0;377278,042799999940000;5713415,325999999400000;7,229667409000058;51,558454640000036;0
89691;5200728701110245206;5;5;62;32;2020;7;7;3;3;5;3;0;1;1;0;0;0;0;375957,304899999870000;5717037,475199999300000;7,209345914000039;51,590718798000069;0
89694;5200727500300448201;5;1;11;0;2020;7;0;2;3;5;2;2;1;1;0;0;0;0;349145,680200000290000;5670833,495500000200000;6,842189917000042;51,169014026000070;0
89696;5200729706200496576;5;5;58;20;2020;7;14;4;3;5;2;0;1;1;0;0;0;0;391407,373999999840000;5759365,232599999800000;7,419037951000064;51,974346086000025;0
89699;5200731500100771203;5;1;11;0;2020;7;15;6;3;5;3;0;1;1;0;0;0;0;346806,627999999560000;5676379,859899999600000;6,806392094000046;51,218229805000078;0
89701;5200729303100080574;5;9;15;0;2020;7;16;4;3;5;3;0;1;1;0;0;0;0;418569,959400000050000;5727749,531400000700000;7,821823508000023;51,694787571000063;0
89713;5200728502106565482;5;1;13;0;2020;7;9;3;3;8;1;0;1;0;0;0;0;0;362866,619099999780000;5702014,245699999900000;7,026333597000075;51,452680965000070;0
89715;5200729702100679175;5;5;15;0;2020;7;12;4;3;5;2;0;1;1;0;0;0;0;401649,468899999750000;5755591,327400000800000;7,569176577000064;51,942332464000060;0
89717;5200730701120019208;5;5;62;32;2020;7;12;5;3;0;3;0;1;1;0;0;0;0;376154,366700000130000;5715268,999800000300000;7,212812962000044;51,574868471000059;0
89721;5200730518200770162;5;1;70;24;2020;7;21;5;3;0;7;0;1;0;0;0;0;1;335547,668200000190000;5705302,716499999200000;6,631952066000054;51,474950463000027;0
89723;5200731303100063420;5;9;15;0;2020;7;21;6;3;0;1;0;1;0;0;0;0;0;417661,076000000350000;5725772,426000000900000;7,809142768000072;51,676881794000053;0
89734;5200731405108080417;5;7;54;8;2020;7;14;6;3;1;5;0;1;1;0;0;0;0;457124,896800000220000;5748017,777000000700000;8,377102123000043;51,881284018000031;0
89735;5200731300100979451;5;9;11;0;2020;7;19;6;3;6;4;0;1;0;1;0;0;0;377728,911199999970000;5702005,012000000100000;7,240124466000054;51,456002797000053;0
89737;5200729508000674035;5;1;19;0;2020;7;15;4;3;5;2;0;1;1;0;0;0;0;350281,553600000220000;5705298,393899999600000;6,843946501000062;51,479002682000043;0
89739;5200729410110778144;5;7;70;24;2020;7;16;4;3;0;7;0;1;0;0;0;0;0;493418,818799999540000;5791859,899599999200000;8,903538369000046;52,277070563000052;0
89745;5200726700200826200;5;5;13;0;2020;7;20;1;3;5;2;0;1;0;0;0;0;1;364036,465300000270000;5716483,002399999600000;7,037577873000032;51,582985652000048;0
89748;5200728601110584202;5;3;15;0;2020;7;18;3;2;0;6;0;1;0;0;0;0;0;354981,421000000090000;5644668,969100000300000;6,936086597000042;50,935394687000041;0
89751;5200730709500562050;5;5;66;76;2020;7;18;5;3;5;3;0;1;1;0;0;0;0;393412,197999999860000;5794016,891000000800000;7,437353991000066;52,286163746000057;0
89753;5200729601310119205;5;3;15;0;2020;7;12;4;3;5;3;0;1;1;0;0;0;0;353676,192800000310000;5646345,664200000500000;6,916850047000025;50,950132860000053;0
89758;5200726608200370208;5;3;34;2;2020;7;13;1;3;0;1;0;1;1;0;0;0;0;295792,253700000230000;5629283,731300000100000;6,103270252000073;50,779303037000034;0
89761;5200728709300140204;5;5;66;68;2020;7;11;3;3;5;3;0;1;0;0;0;1;0;378494,708999999800000;5785661,846000000800000;7,221766475000038;52,207987823000053;0
89762;5200730506100701207;5;1;16;0;2020;7;12;5;3;7;7;0;1;0;0;0;0;1;320058,687099999750000;5676101,538300000100000;6,423906669000076;51,207927799000061;0
89765;5200730411232296860;5;7;74;32;2020;7;16;5;2;5;3;0;1;1;0;0;0;0;479290,967899999580000;5731652,066500000700000;8,700105905000044;51,735401801000080;0
89766;5200727500100572202;5;1;11;0;2020;7;9;2;1;5;3;0;1;0;0;0;1;0;346623,738199999560000;5676162,064400000500000;6,803868474000069;51,216223692000028;0
89767;5200728516500686201;5;1;58;16;2020;7;17;3;3;0;1;0;1;0;0;0;0;0;355973,725399999880000;5670745,271400000900000;6,939823880000063;51,169981419000067;0
89773;5200729600130550189;5;3;82;8;2020;7;12;4;3;5;3;0;1;1;0;0;0;0;379962,759300000030000;5612483,287100000300000;7,301954997000053;50,651824258000033;0
89775;5200730601220963202;5;3;15;0;2020;7;12;5;3;0;1;0;1;0;0;0;0;0;357583,764100000260000;5634602,077500000600000;6,977022576000024;50,845571570000061;0
89776;5200731314210076471;5;9;66;4;2020;7;15;6;3;0;1;0;1;0;0;0;0;0;419808,762900000440000;5660966,636900000300000;7,854833935000045;51,094583107000062;0
89777;5200728609108875502;5;3;58;8;2020;7;22;3;2;0;5;2;1;0;0;0;0;0;319786,226800000300000;5629786,445399999600000;6,442997500000047;50,791772253000033;0
89778;5200726608100275542;5;3;34;2;2020;7;15;1;3;0;1;0;1;0;0;0;0;0;295166,927899999540000;5627910,881400000300000;6,095176454000068;50,766752585000063;0
89780;5200727411104096860;5;7;74;4;2020;7;9;2;2;7;7;0;1;0;0;0;0;0;496035,831899999640000;5733923,148399999400000;8,942567321000070;51,756190474000050;0
89782;5200727514110079208;5;1;66;32;2020;7;13;2;3;0;1;0;1;0;0;0;0;0;317881,962100000120000;5682189,189200000800000;6,389683848000061;51,261922162000076;0
89793;5200726606400969819;5;3;78;28;2020;7;17;1;3;0;6;0;1;1;0;0;0;0;371794,892099999820000;5643601,571799999100000;7,175614220000057;50,929784033000033;0
89795;5200730600380485201;5;3;14;0;2020;7;20;5;3;5;2;0;1;1;0;0;0;0;369084,627999999560000;5615862,202999999700000;7,146959886000047;50,679851874000065;0
89796;5200726606400081288;5;3;78;28;2020;7;17;1;2;0;1;0;1;0;0;0;0;0;373464,315999999640000;5641824,929999999700000;7,199974314000031;50,914183909000030;0
89802;5200729515000073975;5;1;54;36;2020;7;20;4;3;0;1;0;1;0;0;0;0;0;300255,928299999800000;5746176,829199999600000;6,101056652000068;51,830647475000035;0
89807;5200727601510759201;5;3;15;0;2020;7;15;2;3;5;3;0;1;1;0;0;0;0;359586,376000000160000;5650553,890000000600000;6,999310139000045;50,989422518000026;0
89809;5200729300110661174;5;9;11;0;2020;7;15;4;3;5;2;0;1;1;0;0;0;0;376648,125000000000000;5702227,764000000400000;7,224498767000057;51,457770314000072;0
89810;5200730516340089209;5;1;58;28;2020;7;13;5;3;4;2;0;1;1;0;0;0;0;348988,745000000110000;5690338,558000000200000;6,831714152000075;51,344238923000034;0
89814;5200728601620583203;5;3;15;0;2020;7;17;3;3;0;3;0;1;1;0;0;0;0;363533,969600000420000;5641448,383300000800000;7,058935101000031;50,908537122000041;0
89816;5200730600110455208;5;3;14;0;2020;7;16;5;2;0;7;0;1;0;0;0;0;0;363434,929299999960000;5622582,717000000200000;7,064552524000021;50,738956281000071;0
89817;5200726605112375615;5;3;74;12;2020;7;22;1;3;8;1;2;1;1;0;0;0;0;403705,296000000090000;5651780,955499999200000;7,627377931000069;51,009527243000036;0
89821;5200730314110676471;5;9;66;24;2020;7;14;5;2;0;5;0;1;0;0;0;0;0;419949,830699999820000;5658790,649900000500000;7,857330168000033;51,075039437000044;0
89828;5200730608100268200;5;3;34;2;2020;7;16;5;3;0;1;0;1;0;0;0;0;0;295098,047100000080000;5626978,308199999900000;6,094720106000068;50,758352551000030;0
89829;5200727601220872202;5;3;15;0;2020;7;18;2;3;5;3;0;1;1;0;0;0;0;356356,840400000100000;5641103,539599999800000;6,957052422000061;50,903696757000034;0