OBJECTID;UIDENTSTLAE;ULAND;UREGBEZ;UKREIS;UGEMEINDE;UJAHR;UMONAT;USTUNDE;UWOCHENTAG;UKATEGORIE;UART;UTYP1;ULICHTVERH;IstRad;IstPKW;IstFuss;IstKrad;IstGkfz;IstSonstige;LINREFX;LINREFY;XGCSWGS84;YGCSWGS84;STRZUSTAND
89834;5200731301303315204;5;9;13;0;2020;7;15;6;3;5;2;0;1;1;0;0;0;0;398619,401999999770000;5711743,464500000700000;7,537891085000069;51,547666667000044;0
89836;5200727410140631206;5;7;70;12;2020;7;19;2;3;5;3;0;1;1;0;0;0;0;488012,331000000240000;5796208,416999999400000;8,824139976000026;52,316074425000068;0
89837;5200728600360017204;5;3;82;12;2020;7;16;3;3;5;3;0;1;1;0;0;0;0;355515,862900000070000;5625752,169399999100000;6,951151617000051;50,765524389000063;0
89842;5200729600380242206;5;3;14;0;2020;7;15;4;3;5;3;0;1;1;0;0;0;0;369434,688599999990000;5616751,410000000100000;7,151597988000049;50,687922986000046;0
89843;5200726601520069208;5;3;15;0;2020;7;16;1;2;9;6;0;1;0;0;0;0;1;357475,355299999940000;5644771,710400000200000;6,971516249000047;50,936939756000072;0
89847;5200729601620026143;5;3;15;0;2020;7;5;4;3;4;6;1;1;0;0;0;0;0;362834,575000000190000;5642789,036200000000000;7,048489177000022;50,920420357000069;0
89861;5200730706100278383;5;5;58;16;2020;7;16;5;3;5;3;0;1;1;0;0;0;0;381226,436999999920000;5742887,846999999100000;7,276563987000031;51,824180775000059;0
89867;5200731314110614804;5;9;66;24;2020;7;15;6;3;3;3;0;1;1;0;0;0;0;418411,643899999560000;5651892,178799999900000;7,836932525000066;51,012801559000081;0
89869;5200729315220335782;5;9;70;4;2020;7;18;4;2;0;1;0;1;0;0;0;0;0;463911,899199999870000;5658586,197200000300000;8,484839956000030;51,077650497000036;0
89870;5200730601410011204;5;3;15;0;2020;7;10;5;3;0;2;0;1;0;0;0;0;0;350714,637000000100000;5643540,081000000200000;6,875867755000058;50,924161345000073;0
89874;5200730405236054205;5;7;54;36;2020;7;10;5;3;3;6;0;1;0;0;0;0;0;472861,905399999580000;5750814,635299999300000;8,605504770000039;51,907418419000066;0
89875;5200727405232796973;5;7;54;32;2020;7;19;2;3;0;3;1;1;1;0;0;0;0;461524,774199999870000;5742349,185599999500000;8,441652091000037;51,830640113000072;0
89876;5200728508000981043;5;1;19;0;2020;7;8;3;2;5;3;0;1;1;0;0;0;0;349652,843200000000000;5710724,086100000900000;6,832586987000070;51,527587356000026;0
89879;5200727702100142554;5;5;15;0;2020;7;16;2;3;5;2;0;1;1;0;0;0;0;405839,716400000270000;5753319,395099999400000;7,630739707000032;51,922636182000076;0
89880;5200731500100909209;5;1;11;0;2020;7;10;6;3;5;2;0;1;1;0;0;0;0;343621,582700000140000;5677971,366100000200000;6,760127410000052;51,231666494000081;0
89885;5200731310110981397;5;9;54;16;2020;7;11;6;3;0;1;0;1;0;0;0;0;0;371692,582600000310000;5694559,089700000400000;7,155985375000057;51,387749067000073;0
89886;5200728607000569580;5;3;82;68;2020;7;16;3;3;5;3;0;1;0;0;0;0;0;368820,684299999850000;5630240,080099999900000;7,138106151000045;50,809023044000071;0
89887;5200726513340273736;5;1;62;28;2020;7;11;1;2;6;4;0;1;0;1;0;0;0;337032,688000000080000;5655866,342000000200000;6,675830210000072;51,031212506000031;0
89888;5200730316200019342;5;9;74;12;2020;7;10;5;3;0;1;0;1;0;0;0;0;0;431531,528300000350000;5705288,498600000500000;8,013709582000047;51,494588312000076;0
89891;5200727503400687490;5;1;22;0;2020;7;16;2;3;0;1;0;1;0;0;0;0;0;362114,233099999840000;5667950,639699999200000;7,028672756000049;51,146379698000032;0
89896;5200728502208077486;5;1;13;0;2020;7;10;3;3;0;7;0;1;0;0;0;0;0;359553,198200000450000;5701576,308800000700000;6,978851173000066;51,447933389000070;0
89897;5200729518100296104;5;1;70;48;2020;7;7;4;3;5;3;0;1;1;0;0;0;0;328346,097000000070000;5732378,460400000200000;6,515109124000048;51,716037388000075;0
89899;5200729500100569712;5;1;11;0;2020;7;10;4;3;5;3;0;1;1;0;0;0;0;345818,546099999920000;5677542,570699999100000;6,791754679000064;51,228411348000066;0
89901;5200727603144078437;5;3;66;44;2020;7;8;2;3;0;3;0;1;0;0;0;1;0;333310,337000000290000;5619907,632999999400000;6,639177076000067;50,707055724000043;0
89905;5200726501319238203;5;1;12;0;2020;7;16;1;3;9;5;0;1;0;0;0;0;0;344768,919999999930000;5697655,410199999800000;6,767976222000073;51,408844841000075;0
89907;5200728602900515206;5;3;62;40;2020;7;17;3;2;5;3;0;1;1;0;0;0;0;356460,958700000310000;5632184,515300000100000;6,962031020000040;50,823567313000069;0
89912;5200729501316390202;5;1;12;0;2020;7;17;4;3;6;7;0;1;0;1;0;0;0;345548,642500000070000;5699444,250900000300000;6,778399181000054;51,425130633000038;0
89913;5200729605116076812;5;3;74;16;2020;7;9;4;3;5;2;0;1;1;0;0;0;0;384545,493999999950000;5666776,737999999900000;7,349588293000068;51,140792539000074;0
89916;5200727600140786203;5;3;14;0;2020;7;16;2;3;0;1;0;1;0;0;0;0;0;367047,184200000020000;5622501,359899999600000;7,115746065000053;50,739063290000047;0
89917;5200731405108896858;5;7;54;8;2020;7;15;6;3;4;6;0;1;0;0;0;0;0;455686,948599999770000;5748179,713500000500000;8,356191934000037;51,882627487000036;0
89922;5200730411236496856;5;7;74;36;2020;7;15;5;2;0;7;0;1;0;0;0;0;0;472138,025899999770000;5728826,804600000400000;8,596750328000042;51,709689460000050;0
89924;5200727601310791203;5;3;15;0;2020;7;16;2;3;6;4;0;1;0;1;0;0;0;354163,990000000220000;5647069,107999999100000;6,923499908000053;50,956757828000036;0
89927;5200730515211572081;5;1;54;16;2020;7;15;5;3;5;3;0;1;1;0;0;0;0;304978,567900000140000;5728201,562599999800000;6,179586855000025;51,670890857000074;0
89931;5200728601500784564;5;3;15;0;2020;7;19;3;3;0;3;0;1;0;0;0;0;0;360936,277999999930000;5647729,327999999700000;7,019612376000055;50,964365457000042;0
89933;5200730300713093739;5;9;16;0;2020;7;17;5;3;5;2;0;1;1;0;0;0;0;373751,039900000210000;5709446,540400000300000;7,180239246000042;51,522008291000077;0
89937;5200729601310811204;5;3;15;0;2020;7;7;4;2;5;2;0;1;1;0;0;0;0;353735,041600000110000;5646279,084200000400000;6,917714005000050;50,949549466000065;0
89938;5200729316300675448;5;9;74;20;2020;7;18;4;3;4;2;0;1;0;0;0;0;0;465939,366700000130000;5720608,755000000800000;8,507841114000030;51,635457789000043;0
89940;5200731317210094485;5;9;78;20;2020;7;12;6;3;1;5;0;1;1;0;0;0;0;403274,990000000220000;5715339,577800000100000;7,604022252000050;51,580809270000032;0
89941;5200728705000696570;5;5;54;8;2020;7;17;3;3;5;2;0;1;1;0;0;0;0;335199,998999999840000;5742176,014200000100000;6,609586480000075;51,806109288000073;0
89942;5200726405148955550;5;7;54;48;2020;7;15;1;3;5;3;0;1;1;0;0;0;0;448160,944000000130000;5763822,862999999900000;8,244498957000076;52,022614362000070;0
89943;5200730406240531882;5;7;58;28;2020;7;15;5;2;0;1;0;1;0;0;0;0;0;466671,558100000020000;5787886,437699999700000;8,511900229000048;52,240377256000045;0
89944;5200727405112778029;5;7;54;12;2020;7;19;2;3;5;3;1;1;1;0;0;0;0;452289,565000000410000;5767394,182000000000000;8,304166012000053;52,055091812000057;0
89945;5200728513210581451;5;1;62;24;2020;7;20;3;3;0;7;0;1;0;0;0;0;0;338271,091300000440000;5670607,147600000700000;6,686873616000071;51,164008954000053;0
89951;5200730706300796684;5;5;58;36;2020;7;12;5;2;0;1;0;1;0;0;0;0;0;387316,097900000400000;5730352,108400000300000;7,368953631000068;51,712775211000064;1
89959;5200726404301796877;5;7;66;44;2020;7;15;1;3;1;5;0;1;1;0;0;0;0;493317,271999999880000;5765282,749900000200000;8,902573072000052;52,038122059000045;0
89962;5200728503400095599;5;1;22;0;2020;7;20;3;2;0;1;0;1;0;0;0;0;0;362168,989000000060000;5667847,642000000900000;7,029494523000039;51,145467250000081;0
89964;5200730702100665812;5;5;15;0;2020;7;12;5;3;5;3;0;1;1;0;0;0;0;407296,219100000340000;5757988,425000000700000;7,650654581000026;51,964848424000081;0
89965;5200727608200596208;5;3;34;2;2020;7;19;2;3;4;1;0;1;1;0;0;0;0;296490,283200000410000;5628432,076500000400000;6,113629737000053;50,771899306000080;0
89967;5200729302100393914;5;9;14;0;2020;7;13;4;2;5;2;0;1;1;0;0;0;0;394160,678000000310000;5693677,288000000600000;7,479021026000055;51,384458353000070;0
89973;5200726314310075390;5;9;66;20;2020;7;15;1;3;8;1;0;1;0;0;0;0;0;441141,165099999870000;5663226,058199999900000;8,159059936000062;51,117485123000051;0
89975;5200730601110194201;5;3;15;0;2020;7;13;5;3;5;3;0;1;1;0;0;0;0;356526,080699999820000;5644629,274700000900000;6,958070911000050;50,935424311000077;0
89976;5200726313130494238;5;9;58;44;2020;7;16;1;3;0;1;0;1;0;0;0;0;0;427243,225800000130000;5682759,624900000200000;7,956565296000065;51,291509201000054;0
89978;5200728608320371797;5;3;34;20;2020;7;14;3;3;1;7;0;1;1;0;0;0;0;306212,156499999580000;5606058,612400000900000;6,263062141000034;50,574254470000028;0
89981;5200728501127902200;5;1;12;0;2020;7;20;3;2;2;2;0;1;1;0;0;0;0;346486,541799999770000;5705087,363500000900000;6,789430500000037;51,476089445000071;0
89984;5200729411232081990;5;7;74;32;2020;7;15;4;2;0;1;0;1;0;0;0;0;0;480186,355899999850000;5732655,731499999800000;8,713014961000056;51,744458369000029;0
89985;5200730701110111208;5;5;62;32;2020;7;15;5;3;1;5;0;1;1;0;0;0;0;375367,762000000100000;5719878,734899999600000;7,199830139000028;51,616123461000029;0
89988;5200729300220108205;5;9;11;0;2020;7;23;4;3;0;1;2;1;0;0;0;0;0;374532,607499999930000;5704633,458900000900000;7,193210567000051;51,478926099000034;0
89991;5200731302000175718;5;9;14;0;2020;7;15;6;3;0;1;0;1;0;0;0;0;0;394191,291000000200000;5690923,530200000900000;7,480280672000049;51,359711201000039;0
89992;5200730501318514204;5;1;12;0;2020;7;15;5;3;0;1;0;1;0;0;0;0;0;344709,966699999760000;5699236,048900000800000;6,766436882000050;51,423030773000050;0
89995;5200730302000475642;5;9;14;0;2020;7;17;5;3;5;3;0;1;1;0;0;0;0;396323,201000000350000;5693058,254000000700000;7,510267161000058;51,379293104000055;0
89998;5200728606500672682;5;3;78;24;2020;7;14;3;3;5;3;0;1;1;0;0;0;0;378500,756000000050000;5646850,844499999700000;7,269908301000044;50,960441633000073;0
90000;5200730314210501202;5;9;66;4;2020;7;12;5;3;0;7;0;1;0;1;0;0;0;427889,639200000090000;5666235,918500000600000;7,969157469000038;51,143031702000030;0
90005;5200729407305792437;5;7;62;36;2020;7;8;4;3;5;3;0;1;1;0;0;0;0;514933,212500000370000;5706638,100400000800000;9,215186857000049;51,510673028000042;0
90006;5200730608100632814;5;3;34;2;2020;7;12;5;2;5;1;0;1;1;0;0;0;0;300232,843100000170000;5625843,730900000800000;6,168045103000054;50,749951922000037;0
90007;5200727601310214202;5;3;15;0;2020;7;6;2;3;0;1;0;1;0;0;0;0;0;353628,448400000110000;5646394,759800000100000;6,916151074000027;50,950561942000036;0
90008;5200731406110031773;5;7;58;12;2020;7;19;6;3;5;2;0;1;1;0;0;0;0;477331,922199999910000;5774773,125800000500000;8,668895977000034;52,123023914000044;0
90012;5200731301303580673;5;9;13;0;2020;7;11;6;2;5;3;0;1;1;0;0;0;0;399622,894700000060000;5704959,916699999900000;7,554290561000073;51,486869903000070;0
90013;5200730500100460972;5;1;11;0;2020;7;13;5;3;3;2;0;1;1;0;0;0;0;346204,253999999720000;5675787,640699999400000;6,798027363000074;51,212746469000081;0
90019;5200729601220986481;5;3;15;0;2020;7;6;4;3;5;3;0;1;1;0;0;0;0;353981,081000000240000;5636256,881999999300000;6,925223051000046;50,859544970000059;0
90021;5200730601410254209;5;3;15;0;2020;7;18;5;2;3;2;0;1;1;0;0;0;0;349461,320600000210000;5653579,442399999100000;6,853892849000033;51,014051864000066;0
90025;5200729400100974552;5;7;11;0;2020;7;15;4;3;3;2;0;1;1;0;0;0;0;463217,305599999610000;5766109,008199999100000;8,463671581000028;52,044370673000060;0
90029;5200728709110856195;5;5;66;12;2020;7;16;3;2;8;1;0;1;0;0;0;0;0;405086,836199999790000;5770794,450400000400000;7,614954692000026;52,079580024000052;0
90030;5200730506100670322;5;1;16;0;2020;7;8;5;2;5;2;0;1;1;0;0;0;0;323255,508000000380000;5671324,144999999600000;6,471975558000054;51,166008491000071;0
90034;5200727400200864131;5;7;11;0;2020;7;14;2;3;5;2;0;1;1;0;0;0;0;470125,582700000140000;5765006,139599999400000;8,564494018000062;52,034870561000048;0
90040;5200731501318755201;5;1;12;0;2020;7;15;6;3;5;3;0;1;1;0;0;0;0;343901,936999999920000;5699373,912000000500000;6,754763690000061;51,424047518000066;0
90042;5200729315110819400;5;9;70;40;2020;7;20;4;3;1;3;0;1;1;0;0;0;0;428737,419700000440000;5632269,023099999900000;7,987938972000052;50,837738070000057;0
90045;5200728608436766209;5;3;34;36;2020;7;14;3;3;5;3;0;1;1;0;0;0;0;298031,720700000410000;5634961,405999999500000;6,131871902000057;50,831081441000038;0
90048;5200728502408081510;5;1;17;0;2020;7;17;3;3;1;1;0;1;1;0;0;0;0;352118,201999999580000;5699065,173000000400000;6,872981222000021;51,423476614000037;0
90054;5200803301503924208;5;9;13;0;2020;8;12;2;3;0;6;0;1;1;0;0;0;0;387206,399000000210000;5705918,841499999200000;7,375225144000069;51,493148598000062;0
90064;5200805711111857428;5;5;70;52;2020;8;18;4;3;5;3;0;1;0;0;0;0;0;430013,346099999730000;5754830,501299999700000;7,981890185000054;51,939784329000076;0
90065;5200804501213553202;5;1;12;0;2020;8;12;3;3;4;7;0;1;0;0;0;0;0;340793,802000000140000;5698753,520999999700000;6,710374499000068;51,417609029000062;0
90068;5200731702100464164;5;5;15;0;2020;7;20;6;2;8;1;0;1;0;0;0;0;0;400385,066999999810000;5760232,792999999600000;7,549441855000055;51,983825630000069;0
90073;5200805503300576027;5;1;20;0;2020;8;13;4;3;5;7;0;1;1;0;0;0;0;374644,891099999660000;5670441,023800000500000;7,206854829000065;51,171644428000036;0
90074;5200803609108754051;5;3;58;8;2020;8;13;2;3;3;6;0;1;1;0;0;0;0;323055,814100000080000;5632249,858999999200000;6,488153669000042;50,814911174000031;0
90077;5200804601310255207;5;3;15;0;2020;8;13;3;3;3;6;0;1;0;0;0;1;0;353896,748800000180000;5646150,022900000200000;6,920066295000027;50,948430648000055;0
90078;5200805315220193698;5;9;70;4;2020;8;20;4;3;8;6;1;1;0;0;0;0;1;457262,165199999700000;5661921,700999999400000;8,389525110000022;51,107186020000029;0
90082;5200805513130455208;5;1;62;22;2020;8;15;4;3;0;6;0;1;0;0;0;0;0;335963,319099999960000;5683899,994400000200000;6,647813530000065;51,282782675000078;0
90087;5200803508000069104;5;1;19;0;2020;8;10;2;3;5;3;0;1;1;0;0;0;0;351246,604299999770000;5709210,778100000700000;6,856184168000027;51,514411760000030;0
90090;5200805706100181060;5;5;58;16;2020;8;12;4;2;5;3;0;1;1;0;0;0;0;381394,870000000110000;5750825,661000000300000;7,276281972000049;51,895554543000060;0
90091;5200804500100302262;5;1;11;0;2020;8;18;3;3;3;6;0;1;1;0;0;0;0;345985,818300000390000;5677258,616299999900000;6,794270536000056;51,225905043000068;0
90092;5200804702100668281;5;5;15;0;2020;8;18;3;2;0;3;0;1;0;0;0;0;0;403488,899199999870000;5749779,496200000900000;7,597557028000040;51,890415598000061;0
90094;5200731701800295204;5;5;62;4;2020;7;10;6;3;5;2;0;1;1;0;0;0;0;382478,909900000320000;5716680,669900000100000;7,303564240000071;51,588910078000026;0
90095;5200805601310174201;5;3;15;0;2020;8;15;4;3;5;2;0;1;1;0;0;0;0;353565,288999999870000;5646463,142100000800000;6,915225026000030;50,951160425000069;0
90096;5200804301101199207;5;9;13;0;2020;8;8;3;3;5;3;0;1;1;0;0;0;0;393085,754099999550000;5705954,116699999200000;7,459871870000029;51,494608103000076;0
90097;5200802709500279086;5;5;66;76;2020;8;13;1;3;5;2;0;1;1;0;0;0;0;394212,688000000080000;5793577,905999999500000;7,449222786000064;52,282373161000066;0
90101;5200802706300549772;5;5;58;24;2020;8;8;1;3;3;6;0;1;0;0;1;0;0;396302,328900000080000;5733745,544199999400000;7,497964054000022;51,745009610000068;0
90102;5200802705000920789;5;5;54;20;2020;8;2;1;2;0;1;2;1;0;0;0;0;0;363643,698200000450000;5786676,414899999300000;7,004147932000024;52,213629904000072;0
90108;5200805701110664207;5;5;62;32;2020;8;17;4;3;5;2;0;1;1;0;0;0;0;373509,789900000210000;5719087,179400000700000;7,173294097000053;51,608595332000050;0
90111;5200804609112577519;5;3;58;12;2020;8;21;3;3;0;6;1;1;0;0;0;0;0;322371,132100000050000;5611873,249600000700000;6,488256389000071;50,631633134000026;0
90117;5200805702100170596;5;5;15;0;2020;8;9;4;3;8;1;0;1;0;0;0;0;0;406429,367100000380000;5756299,938699999800000;7,638500874000044;51,949526262000063;0
90122;5200805601110183203;5;3;15;0;2020;8;16;4;3;0;1;0;1;0;0;0;0;0;355944,700400000440000;5644631,465700000500000;6,949801459000071;50,935299072000078;0
90126;5200803606110632517;5;3;78;4;2020;8;16;2;3;0;3;0;1;1;0;0;0;0;368324,360999999570000;5650338,502000000300000;7,123818002000064;50,989552018000040;0
90127;5200802609116453673;5;3;58;16;2020;8;15;1;2;0;1;0;1;0;0;0;0;0;313338,321600000370000;5618898,778000000900000;6,357127383000034;50,691924769000082;0
90128;5200806301101289201;5;9;13;0;2020;8;19;5;3;1;3;0;1;1;0;0;0;0;393085,748800000180000;5705953,782800000200000;7,459871895000049;51,494605101000047;0
90130;5200804515110096037;5;1;54;24;2020;8;12;3;3;5;3;0;1;1;0;0;0;0;312781,472000000070000;5735175,413000000600000;6,288550001000033;51,736179582000034;0
90135;5200805608436998207;5;3;34;36;2020;8;13;4;3;5;3;0;1;1;0;0;0;0;298049,931599999780000;5635267,354499999400000;6,131961636000028;50,833835665000038;0
90138;5200802608436419208;5;3;34;36;2020;8;16;1;3;5;3;0;1;1;0;0;0;0;297274,163999999870000;5634132,604000000300000;6,121586559000036;50,823372856000049;0
90139;5200805516800157207;5;1;58;20;2020;8;12;4;3;3;6;0;1;0;0;0;0;0;357253,806499999950000;5666030,739800000600000;6,959991323000054;51,127934928000059;0
90140;5200803705000581000;5;5;54;8;2020;8;12;2;2;0;7;0;1;0;0;0;1;0;334996,062400000170000;5745868,856300000100000;6,604871613000057;51,839223327000070;0
90141;5200802608404175549;5;3;34;4;2020;8;3;1;3;2;7;2;1;1;0;0;0;0;301196,894700000060000;5639676,813699999800000;6,174201365000045;50,874529823000046;0
90142;5200731608312073717;5;3;34;12;2020;7;21;6;2;0;1;1;1;0;0;0;0;0;308000,991899999790000;5635311,327099999400000;6,273085411000068;50,837616929000035;0
90143;5200805405228096924;5;7;54;28;2020;8;14;4;2;3;7;0;1;0;0;0;0;0;452809,465699999590000;5745558,147500000900000;8,314747488000023;51,858822127000053;0
90146;5200802607000173842;5;3;82;44;2020;8;19;1;2;0;3;0;1;1;0;0;0;0;361008,423100000250000;5632642,414599999800000;7,026380832000029;50,828792180000050;0
90148;5200803601320409209;5;3;15;0;2020;8;14;2;3;5;2;0;1;0;0;0;1;0;349511,542999999600000;5642602,238099999700000;6,859148995000055;50,915421016000039;0
90149;5200802606230076573;5;3;78;16;2020;8;4;1;3;0;1;2;1;0;0;0;0;0;361661,646099999550000;5662501,422599999200000;7,024297144000059;51,097298627000043;1
90155;5200731608200865719;5;3;34;2;2020;7;13;6;3;3;6;0;1;1;0;0;0;0;295729,145899999890000;5629465,115399999500000;6,102275514000041;50,780909885000028;0
90157;5200804314120441838;5;9;66;8;2020;8;13;3;3;0;1;0;1;0;0;0;0;0;414260,593299999830000;5653111,675599999700000;7,777483755000048;51,023161438000045;0
90159;5200802605108975615;5;3;74;8;2020;8;13;1;3;0;3;0;1;0;0;0;0;1;386119,338600000370000;5649032,555600000500000;7,377662026000053;50,981609145000050;0
90165;5200805404102821339;5;7;66;40;2020;8;16;4;3;0;7;0;1;0;0;0;0;0;488620,832799999970000;5761334,406999999700000;8,834235595000052;52,002546443000028;0
90166;5200803515110904206;5;1;54;36;2020;8;17;2;3;5;3;0;1;1;0;0;0;0;299054,078999999910000;5742580,039000000800000;6,085724023000068;51,797918801000037;0
90167;5200802602300173961;5;3;62;36;2020;8;14;1;2;0;7;0;1;0;0;0;0;0;344047,206100000070000;5648440,414599999800000;6,778975358000025;50,966431248000049;0
90169;5200805709500976769;5;5;66;76;2020;8;11;4;3;0;7;0;1;0;0;0;0;0;397932,995099999940000;5798116,393699999900000;7,502363816000070;52,323865919000070;0
90172;5200802602250789204;5;3;62;16;2020;8;12;1;2;4;6;0;1;0;0;0;0;0;326760,904099999930000;5646585,612700000400000;6,533904428000028;50,944828928000049;0
90177;5200805711161569095;5;5;70;24;2020;8;18;4;3;4;6;0;1;0;0;0;0;0;419253,014600000340000;5748182,711799999700000;7,826948754000057;51,878568441000027;0
90182;5200805606100074406;5;3;78;4;2020;8;14;4;3;5;2;0;1;1;0;0;0;0;368979,107200000440000;5651319,396700000400000;7,132787985000050;50,998517448000030;0
90183;5200804307000971425;5;9;62;24;2020;8;17;3;3;5;3;0;1;1;0;0;0;0;409451,228000000120000;5692097,850999999800000;7,699092638000025;51,372905523000043;0
90186;5200805506100548200;5;1;16;0;2020;8;23;4;3;0;1;2;1;0;0;0;0;0;321423,926300000400000;5671420,236700000200000;6,445757995000065;51,166302898000026;0
90194;5200731607000071656;5;3;82;20;2020;7;16;6;3;2;7;0;1;1;0;0;0;0;379747,149600000120000;5625739,167300000800000;7,294587315000058;50,770936495000058;0
90198;5200802518200848286;5;1;70;24;2020;8;9;1;3;4;6;0;1;0;0;0;0;0;334313,440000000410000;5698876,918999999800000;6,617204350000066;51,416860894000081;0
90200;5200805601210494206;5;3;15;0;2020;8;1;4;2;6;7;2;1;0;1;0;0;0;354886,387099999930000;5643322,878300000000000;6,935270851000041;50,923273782000081;0
90202;5200802506100295947;5;1;16;0;2020;8;15;1;2;5;3;0;1;1;0;0;0;0;320064,033699999560000;5669042,509400000800000;6,427516667000020;51,144517212000039;0
90205;5200803608100365651;5;3;34;2;2020;8;16;2;3;4;2;0;1;1;0;0;0;0;294288,911999999550000;5628166,392000000900000;6,082599292000054;50,768736773000057;0
90230;5200802317130478006;5;9;78;12;2020;8;14;1;3;0;7;0;1;0;0;0;0;0;415194,212000000290000;5703237,815999999600000;7,778914550000025;51,473938527000030;0
90231;5200806300410083202;5;9;16;0;2020;8;9;5;3;5;3;0;1;1;0;0;0;0;375077,122100000270000;5710157,676899999400000;7,199091086000067;51,528694313000074;0
90235;5200802315230695823;5;9;70;28;2020;8;18;1;2;0;7;2;1;0;0;0;0;0;448799,828599999660000;5639658,772800000400000;8,271798402000059;50,906309601000032;0
90237;5200805608332935204;5;3;34;32;2020;8;11;4;3;3;2;0;1;1;0;0;0;0;304251,741200000050000;5629571,521099999500000;6,222962946000052;50,784804950000080;0
90245;5200804405108072270;5;7;54;8;2020;8;15;3;3;5;3;0;1;1;0;0;0;0;456977,289099999700000;5748741,869599999900000;8,374867486000028;51,887782674000050;0
90250;5200803709500474704;5;5;66;16;2020;8;13;2;2;9;1;0;1;0;0;0;0;0;403411,465699999590000;5792229,411599999300000;7,584410739000020;52,271946727000056;0
90257;5200804508000252464;5;1;19;0;2020;8;18;3;3;5;3;0;1;1;0;0;0;0;351647,565299999900000;5703790,710100000700000;6,864236252000069;51,465815255000052;0
90258;5200805300120697208;5;9;11;0;2020;8;2;4;3;0;7;2;1;0;0;0;0;0;374366,705299999560000;5707504,710599999900000;7,189800760000026;51,504693936000081;0
90264;5200802307000080398;5;9;62;4;2020;8;12;1;3;5;3;0;1;1;0;0;0;0;406390,826999999580000;5684670,698499999900000;7,657089557000063;51,305642808000073;0
90270;5200802303100018741;5;9;15;0;2020;8;17;1;3;5;3;0;1;1;0;0;0;0;419110,338299999940000;5728045,602299999400000;7,829571591000047;51,697527251000054;0
90273;5200803400100666297;5;7;11;0;2020;8;12;2;3;5;3;0;1;1;0;0;0;0;466552,124300000260000;5772308,487099999600000;8,511686888000043;52,100318482000034;0
90274;5200802301404576203;5;9;13;0;2020;8;0;1;3;0;3;2;1;0;0;0;0;0;395809,116899999790000;5705201,987400000900000;7,499310003000062;51,488355962000071;1
90276;5200731601700904208;5;3;16;0;2020;7;14;6;3;5;3;0;1;1;0;0;0;0;356885,586699999870000;5658582,991299999900000;6,957684251000046;51,060912900000062;0
90280;5200731601620080712;5;3;15;0;2020;7;19;6;3;4;6;0;1;0;0;0;0;0;361048,939799999820000;5640861,236099999400000;7,023834322000027;50,902667436000058;0
90285;5200731601610792205;5;3;15;0;2020;7;10;6;3;0;1;0;1;0;0;0;0;0;363023,561499999840000;5643795,156400000700000;7,050798339000039;50,929507665000074;0
90287;5200804307000172417;5;9;62;36;2020;8;16;3;3;5;3;0;1;1;0;0;0;0;407581,970200000330000;5662019,325799999800000;7,680006814000024;51,102206499000033;0
90289;5200802300410942201;5;9;16;0;2020;8;10;1;3;5;3;0;1;1;0;0;0;0;374386,145399999800000;5709735,060799999200000;7,189285898000037;51,524742889000038;0
90291;5200803609128532726;5;3;58;28;2020;8;14;2;3;2;6;0;1;0;0;0;0;0;321998,910400000400000;5622585,854900000600000;6,477841830000045;50,727764795000041;0
90293;5200802300310950204;5;9;11;0;2020;8;13;1;2;0;7;0;1;0;0;0;0;0;381964,410199999810000;5703219,482100000600000;7,300652171000024;51,467817209000032;0
90299;5200731601610467201;5;3;15;0;2020;7;7;6;3;3;2;0;1;0;0;1;0;0;361680,205099999900000;5645030,816400000800000;7,031225108000058;50,940292332000070;0
90300;5200805702100256376;5;5;15;0;2020;8;15;4;3;5;3;0;1;1;0;0;0;0;411528,327999999750000;5751923,823999999100000;7,713797680000027;51,911024691000080;0
90304;5200805404101481978;5;7;66;4;2020;8;15;4;3;5;3;0;1;1;0;0;0;0;483874,954400000160000;5752661,543700000300000;8,765508470000043;51,924451687000044;0
90305;5200803508000881329;5;1;19;0;2020;8;6;2;2;0;2;0;1;1;0;0;0;0;351647,139499999580000;5703868,777899999200000;6,864197364000063;51,466516624000064;0
90307;5200731601510274362;5;3;15;0;2020;7;12;6;3;5;2;0;1;1;0;0;0;0;363631,967699999920000;5648735,517300000400000;7,057600239000067;50,974052857000061;0
90312;5200731601310997204;5;3;15;0;2020;7;18;6;3;5;2;0;1;1;0;0;0;0;353270,056099999700000;5646782,842199999800000;6,910895960000062;50,953958358000079;0
90315;5200801709500572447;5;5;66;76;2020;8;10;7;3;0;7;0;1;1;0;0;0;0;394345,977599999870000;5793673,310799999200000;7,451146053000059;52,283256224000070;0
90316;5200801709300611856;5;5;66;84;2020;8;11;7;2;5;3;0;1;1;0;0;0;0;385836,491999999620000;5779479,893999999400000;7,331243875000041;52,154001282000081;0
90325;5200801701800561201;5;5;62;4;2020;8;22;7;3;0;7;2;1;0;0;0;0;0;383080,230700000190000;5715463,047399999600000;7,312645836000058;51,578091560000075;0
90327;5200805701400642207;5;5;12;0;2020;8;16;4;3;5;3;0;1;1;0;0;0;0;353450,989900000390000;5711872,495100000900000;6,886822755000026;51,538904904000049;0
90328;5200804406120872835;5;7;58;16;2020;8;19;3;3;5;2;0;1;0;0;0;0;0;475771,593700000080000;5778052,747500000500000;8,645871555000042;52,152443408000067;0
90335;5200801701400479202;5;5;12;0;2020;8;10;7;3;5;3;0;1;1;0;0;0;0;353603,025299999860000;5711965,390200000300000;6,888974807000068;51,539779069000076;0