OBJECTID;UIDENTSTLAE;ULAND;UREGBEZ;UKREIS;UGEMEINDE;UJAHR;UMONAT;USTUNDE;UWOCHENTAG;UKATEGORIE;UART;UTYP1;ULICHTVERH;IstRad;IstPKW;IstFuss;IstKrad;IstGkfz;IstSonstige;LINREFX;LINREFY;XGCSWGS84;YGCSWGS84;STRZUSTAND
90338;5200731601300551543;5;3;15;0;2020;7;13;6;3;0;1;0;1;0;0;0;0;1;354238,426500000060000;5645140,569499999300000;6,925330989000031;50,939445507000073;0
90339;5200805601110206204;5;3;15;0;2020;8;18;4;3;5;2;0;1;1;0;0;0;0;355881,499900000170000;5645980,502299999800000;6,948368904000063;50,947406833000059;0
90343;5200803606220576578;5;3;78;8;2020;8;19;2;3;0;3;0;1;0;0;0;0;1;370120,446899999860000;5661966,311100000500000;7,145225429000050;51,094467706000046;0
90346;5200801608404349209;5;3;34;4;2020;8;12;7;3;5;3;0;1;1;0;0;0;0;298591,503999999720000;5639263,026000000500000;6,137445097000068;50,869911491000039;0
90349;5200803406210996820;5;7;58;4;2020;8;7;2;3;0;7;0;1;0;0;0;0;0;473995,486800000070000;5784728,369699999700000;8,619400121000069;52,212379668000040;0
90351;5200731601210937208;5;3;15;0;2020;7;16;6;3;0;4;0;1;0;1;0;0;0;353251,966099999850000;5644000,634800000100000;6,911759351000057;50,928951142000074;0
90352;5200805609108080820;5;3;58;8;2020;8;23;4;3;0;1;2;1;0;0;0;0;0;322064,794599999670000;5630196,070200000000000;6,475095344000067;50,796156229000076;0
90357;5200803706100564168;5;5;58;32;2020;8;5;2;3;0;7;0;1;0;0;0;0;0;385666,295599999840000;5755414,451300000800000;7,336807407000038;51,937688046000062;0
90362;5200803317120494293;5;9;78;16;2020;8;10;2;3;0;5;0;1;1;0;0;0;0;403979,984600000080000;5706594,203099999600000;7,616579957000056;51,502317340000047;0
90363;5200801601610170206;5;3;15;0;2020;8;9;7;3;5;3;0;1;0;0;1;0;0;362800,235000000340000;5645224,892999999200000;7,047084017000032;50,942304164000063;1
90364;5200805711231079196;5;5;70;40;2020;8;16;4;2;5;2;0;1;1;0;0;0;0;417824,182300000450000;5744339,744200000500000;7,807110344000023;51,843814425000062;0
90366;5200805300110797200;5;9;11;0;2020;8;10;4;3;5;2;0;1;1;0;0;0;0;375834,368300000210000;5705516,875700000700000;7,211636043000056;51,487152936000030;0
90368;5200801601310340207;5;3;15;0;2020;8;17;7;3;3;6;0;1;1;0;0;0;0;354190,647300000300000;5644842,484300000600000;6,924770699000021;50,936754627000028;0
90374;5200731601210181744;5;3;15;0;2020;7;13;6;3;3;3;0;1;1;0;0;0;0;354860,660699999890000;5643249,105399999800000;6,934934422000026;50,922604331000059;0
90378;5200801601210474324;5;3;15;0;2020;8;23;7;3;5;3;2;1;1;0;0;0;0;353842,727500000040000;5642331,424699999400000;6,920828968000024;50,914100449000046;1
90380;5200803702100542019;5;5;15;0;2020;8;16;2;2;3;1;0;1;1;0;0;0;0;398480,167899999770000;5750883,508700000100000;7,524473434000072;51,899448879000033;0
90382;5200804606100467843;5;3;78;4;2020;8;17;3;2;5;2;0;1;1;0;0;0;0;373036,457700000140000;5649799,200500000300000;7,191110372000026;50,985763472000031;0
90383;5200731601200074324;5;3;15;0;2020;7;23;6;3;0;1;2;1;0;0;0;0;0;353684,504399999980000;5642515,212400000500000;6,918506034000075;50,915712003000067;0
90384;5200805405104072306;5;7;54;4;2020;8;11;4;2;5;3;0;1;1;0;0;0;0;449531,639999999660000;5770758,415999999300000;8,263448987000061;52,085092304000057;0
90387;5200731601110769205;5;3;15;0;2020;7;12;6;3;5;2;0;1;1;0;0;0;0;355035,987700000410000;5644664,652499999900000;6,936864373000049;50,935369614000081;0
90388;5200805709700347179;5;5;66;28;2020;8;15;4;2;5;2;0;1;1;0;0;0;0;409532,593700000080000;5785751,800000000700000;7,675828802000069;52,214766035000082;0
90389;5200804500300869136;5;1;11;0;2020;8;17;3;3;0;2;0;1;1;0;0;0;0;342060,500599999910000;5674302,939799999800000;6,739401472000054;51,198275216000070;0
90390;5200804711411536320;5;5;70;28;2020;8;14;3;3;0;6;0;1;0;0;0;0;0;441158,838000000450000;5742184,823400000100000;8,146161279000069;51,827388344000042;0
90400;5200801518302596099;5;1;70;40;2020;8;12;7;3;5;3;0;1;1;0;0;0;0;318313,378999999720000;5720956,257200000800000;6,375970978000055;51,610283448000075;0
90404;5200801518200487466;5;1;70;24;2020;8;13;7;3;5;3;0;1;0;0;0;0;1;333848,983199999670000;5705285,545700000600000;6,607522567000046;51,474299921000068;0
90410;5200804602100130209;5;3;62;8;2020;8;18;3;3;4;2;0;1;1;0;0;0;0;335223,743800000290000;5646946,854800000800000;6,654100572000061;50,950555563000080;0
90411;5200805400300078073;5;7;11;0;2020;8;17;4;3;5;6;0;1;1;0;0;0;0;464954,590800000350000;5759930,843599999300000;8,489634273000036;51,988937980000060;0
90412;5200803506100878898;5;1;16;0;2020;8;18;2;3;0;7;0;1;0;0;0;0;0;319052,881199999710000;5675644,389399999800000;6,409753496000064;51,203503510000075;0
90417;5200804701910212206;5;5;62;8;2020;8;8;3;3;3;5;0;1;1;0;0;0;0;385064,230100000280000;5723023,033299999300000;7,338786255000059;51,646447084000044;0
90418;5200801514213095974;5;1;66;8;2020;8;10;7;1;5;3;0;1;1;0;0;0;0;314760,885999999940000;5694939,765000000600000;6,338375930000041;51,375446435000072;0
90422;5200801513320777571;5;1;62;4;2020;8;0;7;3;0;7;2;1;0;0;0;0;0;347959,287499999630000;5663807,559900000700000;6,828198202000067;51,105566141000054;0
90424;5200805501324881203;5;1;12;0;2020;8;14;4;3;3;2;0;1;1;0;0;0;0;344074,310100000350000;5695363,089199999300000;6,759004003000030;51,388057788000026;0
90425;5200803608100758673;5;3;34;2;2020;8;7;2;3;5;2;0;1;1;0;0;0;0;294183,239199999720000;5629700,008500000500000;6,080244542000060;50,782472961000053;0
90429;5200805307000263284;5;9;62;32;2020;8;15;4;3;4;2;0;1;1;0;0;0;0;404294,212899999690000;5674538,162699999300000;7,629732079000064;51,214207472000055;0
90437;5200805315120593716;5;9;70;16;2020;8;16;4;2;8;7;0;1;0;1;0;0;0;420634,441100000400000;5637779,420900000300000;7,871688989000063;50,886227251000037;0
90438;5200803502210108204;5;1;13;0;2020;8;7;2;3;5;3;0;1;1;0;0;0;0;362007,707100000230000;5699775,392899999400000;7,014852627000039;51,432353033000027;0
90439;5200801501222907208;5;1;12;0;2020;8;22;7;3;0;1;2;1;0;0;0;0;0;340127,428700000050000;5702655,707599999400000;6,699037719000046;51,452481003000059;0
90452;5200801500200971950;5;1;11;0;2020;8;21;7;3;0;1;1;1;0;0;0;0;0;346655,120799999680000;5689380,459400000100000;6,798645909000072;51,335005326000044;0
90457;5200801405236896913;5;7;54;36;2020;8;12;7;3;5;3;0;1;1;0;0;0;0;475331,968000000340000;5750541,559000000400000;8,641429800000026;51,905078076000052;0
90459;5200805608436043202;5;3;34;36;2020;8;20;4;3;0;1;0;1;0;0;0;0;0;302560,265999999830000;5636526,618300000200000;6,195254772000055;50,846702297000036;0
90460;5200804317110494317;5;9;78;36;2020;8;16;3;3;3;7;0;1;0;0;0;1;0;408959,012600000020000;5710815,977700000600000;7,687204196000039;51,541092293000077;0
90461;5200803302100077966;5;9;14;0;2020;8;12;2;3;5;3;0;1;1;0;0;0;0;389100,394199999980000;5689423,574400000300000;7,407657836000055;51,345257813000046;0
90463;5200805516500998209;5;1;58;16;2020;8;18;4;2;0;7;0;1;0;0;0;0;0;357535,902099999600000;5671556,801899999400000;6,961832665000031;51,177665534000027;0
90466;5200804609108080762;5;3;58;8;2020;8;13;3;3;5;2;0;1;1;0;0;0;0;321173,924999999810000;5630287,787000000500000;6,462422438000033;50,796706040000061;0
90468;5200805518401644944;5;1;70;36;2020;8;9;4;3;0;3;0;1;1;0;0;0;0;353627,125099999830000;5729091,557000000000000;6,882168610000065;51,693671135000045;0
90470;5200801404302521405;5;7;66;24;2020;8;10;7;3;5;2;0;1;1;0;0;0;0;500320,086000000130000;5764717,653999999200000;9,004665982000063;52,033081520000053;0
90471;5200805410110755610;5;7;70;24;2020;8;19;4;3;0;1;0;1;0;0;0;0;0;492324,256099999880000;5795708,142200000600000;8,887407492000023;52,311653954000064;0
90472;5200803601220337201;5;3;15;0;2020;8;16;2;3;3;6;0;1;0;0;0;0;0;358419,357699999590000;5640540,937300000300000;6,986584984000047;50,899150062000047;0
90475;5200804513210571877;5;1;62;24;2020;8;16;3;2;5;2;0;1;1;0;0;0;0;340336,717000000180000;5672295,828999999900000;6,715641965000032;51,179762138000058;0
90479;5200731513320067197;5;1;62;4;2020;7;16;6;2;5;2;0;1;1;0;0;0;0;345091,601400000040000;5663105,403599999800000;6,787568927000052;51,098489079000046;0
90484;5200805514114096009;5;1;66;24;2020;8;15;4;3;5;3;0;1;1;0;0;0;0;312373,350200000220000;5676002,315899999800000;6,314059954000072;51,204563989000064;0
90487;5200804605132571691;5;3;74;32;2020;8;8;3;3;5;2;0;1;1;0;0;0;0;396252,003100000320000;5635082,060200000200000;7,525926278000043;50,858114458000045;0
90495;5200804606110683203;5;3;78;4;2020;8;8;3;2;4;2;0;1;1;0;0;0;0;373989,925999999980000;5650459,337200000900000;7,204458598000031;50,991906347000054;0
90496;5200731513120771718;5;1;62;20;2020;7;11;6;3;0;7;0;1;0;0;0;0;0;331714,296000000090000;5670385,860999999600000;6,593285566000077;51,160129712000071;0
90497;5200805405148096825;5;7;54;48;2020;8;21;4;2;2;6;2;1;1;0;0;0;0;442835,815000000410000;5766975,587999999500000;8,166372094000053;52,050434030000076;0
90500;5200731508103438204;5;1;19;0;2020;7;12;6;3;1;5;0;1;1;0;0;0;0;351524,593700000080000;5706731,808800000700000;6,861230967000040;51,492210231000058;0
90505;5200731508000982294;5;1;19;0;2020;7;19;6;3;6;5;0;1;1;1;0;0;0;352617,003499999640000;5709902,366000000400000;6,875630320000028;51,520985189000044;0
90510;5200805503400574120;5;1;22;0;2020;8;19;4;2;4;2;0;1;1;0;0;0;0;367338,213000000450000;5669449,725999999800000;7,102761693000048;51,161087080000073;0
90515;5200805316300770255;5;9;74;28;2020;8;9;4;3;5;3;0;1;1;0;0;0;0;456459,355700000190000;5726601,978599999100000;8,370120984000039;51,688688504000027;0
90519;5200805705000096634;5;5;54;4;2020;8;13;4;3;0;1;0;1;0;0;0;0;0;361314,541100000030000;5773265,707100000200000;6,975554232000036;52,092552179000052;0
90523;5200731506100996066;5;1;16;0;2020;7;17;6;3;5;2;0;1;1;0;0;0;0;322008,762600000020000;5669710,052899999500000;6,454960241000038;51,151121947000036;0
90551;5200805500300501652;5;1;11;0;2020;8;14;4;2;3;6;0;1;0;0;0;0;1;346967,197999999860000;5671814,522900000200000;6,810635655000056;51,177250492000042;0
90556;5200805300510913200;5;9;54;36;2020;8;12;4;3;4;2;0;1;1;0;0;0;0;385546,843600000250000;5698110,131600000000000;7,353857304000030;51,422629819000065;0
90564;5200804516800634201;5;1;58;20;2020;8;6;3;3;5;3;0;1;1;0;0;0;0;357483,529000000100000;5665720,228499999300000;6,963394872000038;51,125201686000082;0
90566;5200803406220132617;5;7;58;24;2020;8;8;2;3;5;2;0;1;1;0;0;0;0;481348,023799999620000;5783289,205600000900000;8,727088935000040;52,199738770000067;0
90567;5200731709300279098;5;5;66;84;2020;7;10;6;2;0;3;0;1;1;0;0;0;0;384777,714100000450000;5777280,077800000100000;7,316520495000020;52,134011944000065;0
90573;5200805518100979187;5;1;70;48;2020;8;14;4;3;5;3;0;1;1;0;0;0;0;335600,265999999830000;5724738,299000000600000;6,623619909000070;51,649573486000065;0
90574;5200803709500112546;5;5;66;76;2020;8;9;2;2;5;2;0;1;1;0;0;0;0;394065,921400000340000;5793023,609699999900000;7,447246296000060;52,277363308000076;0
90577;5200805405232496999;5;7;54;32;2020;8;15;4;3;5;2;0;1;1;0;0;0;0;461011,143000000160000;5741668,326300000800000;8,434275420000063;51,824483036000061;0
90578;5200803600380195271;5;3;14;0;2020;8;21;2;3;5;3;2;1;1;0;0;0;0;370491,640300000090000;5615647,644600000200000;7,166939648000039;50,678238171000032;0
90580;5200731705000264170;5;5;54;8;2020;7;11;6;3;9;1;0;1;0;0;0;0;0;335426,603600000030000;5743161,116900000700000;6,612402455000051;51,815025638000066;0
90584;5200731705000096646;5;5;54;32;2020;7;13;6;3;0;1;0;1;0;0;0;0;0;322474,328499999830000;5746646,847500000100000;6,422903545000054;51,842371812000067;0
90595;5200807606110669883;5;3;78;4;2020;8;10;6;2;0;5;0;1;1;0;0;0;0;365662,481100000440000;5653875,154200000700000;7,084603626000046;51,020722463000027;0
90596;5200806516500558563;5;1;58;16;2020;8;17;5;3;5;3;0;1;1;0;0;0;0;354228,322399999950000;5672060,533600000700000;6,914341557000057;51,181358522000039;0
90598;5200807506100877200;5;1;16;0;2020;8;14;6;3;5;3;0;1;1;0;0;0;0;321457,603199999780000;5671094,153000000900000;6,446401034000076;51,163384100000030;0
90599;5200806515211296080;5;1;54;16;2020;8;7;5;3;0;3;0;1;1;0;0;0;0;304233,003700000230000;5733565,024399999500000;6,165809232000072;51,718797797000036;0
90602;5200806700100446207;5;5;13;0;2020;8;7;5;2;5;2;0;1;1;0;0;0;0;368892,639000000430000;5708630,326999999600000;7,110553788000061;51,513566267000044;0
90603;5200808410140539386;5;7;70;12;2020;8;23;7;3;1;5;2;1;1;0;0;0;0;488215,383799999950000;5796406,619000000900000;8,827111818000049;52,317860743000040;0
90605;5200806702100472399;5;5;15;0;2020;8;10;5;3;5;6;0;1;1;0;0;0;0;405526,650899999770000;5751880,212400000500000;7,626583400000072;51,909647051000036;0
90607;5200807602700658203;5;3;62;28;2020;8;19;6;3;5;2;0;1;1;0;0;0;0;348905,107599999760000;5639247,032299999100000;6,851916654000036;50,885111598000037;0
90608;5200806515210095873;5;1;54;20;2020;8;8;5;2;5;2;0;1;1;0;0;0;0;319675,279000000100000;5711499,251000000200000;6,400470707000068;51,525775154000030;0
90609;5200807502402860202;5;1;17;0;2020;8;10;6;3;3;6;0;1;0;0;0;0;0;352325,981399999930000;5700324,305999999900000;6,875442661000022;51,434844916000031;0
90611;5200807303100580471;5;9;15;0;2020;8;17;6;3;5;3;0;1;0;0;0;0;0;419129,259300000030000;5728301,826700000100000;7,829785888000060;51,699833319000049;0
90612;5200807705000481024;5;5;54;20;2020;8;16;6;3;0;3;0;1;1;0;0;0;0;365483,524899999610000;5786579,700099999100000;7,031098629000042;52,213213103000044;0
90616;5200806602700406206;5;3;62;28;2020;8;10;5;3;1;5;0;1;1;0;0;0;0;352284,252700000070000;5636293,592900000500000;6,901115253000057;50,859443923000072;0
90621;5200807501314065237;5;1;12;0;2020;8;8;6;3;5;3;0;1;0;0;0;1;0;346512,372000000440000;5701989,152000000700000;6,791147078000051;51,448258731000067;0
90623;5200806514119096125;5;1;66;16;2020;8;10;5;3;5;2;0;1;1;0;0;0;0;308603,660299999640000;5686315,351600000600000;6,254646875000049;51,295943197000042;0
90626;5200808317120309185;5;9;78;16;2020;8;14;7;3;0;7;0;1;0;0;0;0;0;404361,147099999710000;5706812,304999999700000;7,622010749000026;51,504342515000076;0
90633;5200808513320195753;5;1;62;4;2020;8;3;7;2;8;1;2;1;0;0;0;0;0;348779,641300000250000;5662759,794500000800000;6,840346394000051;51,096367968000038;0
90635;5200806508214682209;5;1;19;0;2020;8;16;5;3;3;2;0;1;1;0;0;0;0;349593,616000000390000;5710513,169999999900000;6,831823877000034;51,525676452000027;0
90636;5200807300210624259;5;9;11;0;2020;8;12;6;3;0;5;0;1;0;0;0;0;1;373769,217400000430000;5704133,887099999900000;7,182401832000039;51,474266490000048;0
90637;5200808518200187466;5;1;70;24;2020;8;9;7;3;5;2;0;1;1;0;0;0;0;332560,726400000040000;5699866,569199999800000;6,591554245000054;51,425236906000066;0
90638;5200807610122965664;5;3;70;28;2020;8;7;6;3;5;3;0;1;1;0;0;0;0;298756,126000000160000;5644264,474700000100000;6,137026894000030;50,914889036000034;0
90639;5200807514219046151;5;1;66;36;2020;8;16;6;2;5;7;0;1;1;0;0;0;0;327372,496399999600000;5679821,668500000600000;6,526714893000076;51,243605850000051;0
90643;5200807711422049749;5;5;70;20;2020;8;20;6;2;5;2;1;1;1;0;0;0;0;432250,124200000430000;5743055,199999999300000;8,016736548000040;51,834203546000026;0
90645;5200808502212922208;5;1;13;0;2020;8;0;7;3;0;1;2;1;0;0;0;0;0;364236,304999999700000;5699134,088899999900000;7,047138690000054;51,427128259000028;0
90647;5200806508000681613;5;1;19;0;2020;8;9;5;3;4;2;0;1;1;0;0;0;0;352442,639000000430000;5711773,899000000200000;6,872334823000074;51,537756287000036;0
90649;5200807505200776405;5;1;14;0;2020;8;14;6;3;1;2;0;1;1;0;0;0;0;329541,665000000040000;5690398,786499999500000;6,552713526000048;51,339281436000078;0
90652;5200806506100895893;5;1;16;0;2020;8;9;5;3;4;2;0;1;1;0;0;0;0;321238,883299999870000;5671093,375399999300000;6,443276519000051;51,163308816000040;0
90653;5200807508000773463;5;1;19;0;2020;8;15;6;3;1;5;0;1;1;0;0;0;0;349626,512699999850000;5704924,515900000900000;6,834679814000026;51,475469517000079;0
90654;5200806506100675566;5;1;16;0;2020;8;19;5;2;5;3;0;1;1;0;0;0;0;322077,824699999760000;5674606,803799999900000;6,453523376000021;51,195132656000055;0
90677;5200806501316582364;5;1;12;0;2020;8;10;5;3;4;2;0;1;1;0;0;0;0;345548,014000000430000;5699445,064999999500000;6,778389793000031;51,425137776000042;0
90679;5200807405228466225;5;7;54;28;2020;8;17;6;3;8;7;0;1;1;0;0;0;0;452248,520499999630000;5745210,227099999800000;8,306650739000077;51,855646420000028;0
90686;5200808516210458563;5;1;58;12;2020;8;10;7;2;8;1;0;1;0;0;0;0;0;360584,095300000160000;5690436,649000000200000;6,998053190000064;51,348082916000067;1
90688;5200806608328209206;5;3;34;28;2020;8;23;5;3;0;1;2;1;0;0;0;0;0;310167,114299999550000;5609517,139200000100000;6,317087185000048;50,606621910000058;0
90694;5200806608200507733;5;3;34;2;2020;8;9;5;3;5;3;0;1;1;0;0;0;0;297707,838000000450000;5621882,784000000000000;6,134470496000063;50,713501825000037;0
90697;5200807602700659202;5;3;62;28;2020;8;20;6;3;0;1;0;1;0;0;0;0;0;350587,568500000050000;5636446,855499999600000;6,876962174000028;50,860385328000064;0
90704;5200806500100502262;5;1;11;0;2020;8;15;5;3;5;2;0;1;0;0;0;0;0;344434,781499999580000;5678158,469300000000000;6,771684479000044;51,233569928000065;0
90705;5200807506100896010;5;1;16;0;2020;8;15;6;3;0;5;0;1;1;0;0;0;0;322268,655700000000000;5673763,693399999300000;6,456668951000040;51,187618094000072;0
90706;5200806500100289203;5;1;11;0;2020;8;15;5;3;6;6;0;1;1;1;0;0;0;346192,557500000110000;5675555,182099999900000;6,797959705000039;51,210654557000055;0
90724;5200806410110774624;5;7;70;24;2020;8;11;5;3;0;1;0;1;0;0;0;0;0;492103,014499999580000;5791379,076799999900000;8,884263672000031;52,272730388000070;0
90725;5200806600370652208;5;3;82;4;2020;8;10;5;3;1;5;0;1;1;0;0;0;0;360414,559899999760000;5617491,611500000600000;7,023699578000048;50,692481435000047;0
90729;5200807300510619201;5;9;54;36;2020;8;19;6;2;5;2;0;1;1;0;0;0;0;380632,752100000160000;5697898,357300000300000;7,283284243000026;51,419712825000033;0
90730;5200808518200572018;5;1;70;24;2020;8;20;7;2;0;7;0;1;0;0;0;0;0;332732,749599999750000;5698603,873700000300000;6,594622138000034;51,413943744000051;0
90733;5200806406110631773;5;7;58;12;2020;8;8;5;2;5;3;0;1;1;0;0;0;0;477750,376000000160000;5773717,400000000400000;8,675077088000023;52,113549274000036;0
90735;5200807702100305103;5;5;15;0;2020;8;22;6;3;0;1;2;1;0;0;0;0;0;405800,343899999750000;5755753,140599999600000;7,629500934000021;51,944505212000081;0
90736;5200808400200296837;5;7;11;0;2020;8;23;7;3;0;7;2;1;0;0;0;0;0;468889,199199999680000;5761945,673399999700000;8,546748948000072;52,007287006000070;0
90737;5200807516500369200;5;1;58;16;2020;8;21;6;2;5;3;1;1;1;0;0;0;0;359050,190799999980000;5670407,998600000500000;6,983932847000062;51,167716931000029;0
90738;5200806406110396799;5;7;58;12;2020;8;12;5;2;0;2;0;1;1;0;0;0;0;477750,376000000160000;5773717,400000000400000;8,675077088000023;52,113549274000036;0
90747;5200807508000780955;5;1;19;0;2020;8;10;6;3;5;2;0;1;1;0;0;0;0;351632,531100000250000;5707028,008700000100000;6,862660110000036;51,494900061000067;0
90756;5200806405140578029;5;7;54;40;2020;8;6;5;3;5;3;0;1;1;0;0;0;0;459578,265300000090000;5761637,647800000400000;8,411141814000075;52,003917722000040;0
90758;5200807506100096088;5;1;16;0;2020;8;18;6;2;0;1;0;1;0;0;0;0;0;321193,601999999960000;5673469,497999999700000;6,441447778000054;51,184639998000080;0
90759;5200806404101876171;5;7;66;20;2020;8;15;5;3;4;2;0;1;1;0;0;0;0;490108,574000000020000;5754073,638000000300000;8,856117194000035;51,937293544000056;0
90761;5200807709110572380;5;5;66;8;2020;8;11;6;3;5;2;0;1;1;0;1;0;0;399057,931699999610000;5781295,681800000400000;7,523890966000067;52,172896468000033;0
90762;5200806605148064476;5;3;74;48;2020;8;19;5;2;8;1;0;1;0;0;0;0;0;392304,585599999870000;5644163,022800000400000;7,467183274000036;50,939025542000081;0
90764;5200806400200203350;5;7;11;0;2020;8;15;5;3;5;3;0;1;1;0;0;0;0;472103,269299999810000;5760700,546000000100000;8,593674536000037;51,996263253000052;0
90765;5200807315260773287;5;9;70;32;2020;8;11;6;2;5;3;0;1;1;0;0;0;0;447033,446299999950000;5637510,505899999300000;8,246989664000068;50,886833254000067;0
90768;5200808411132996863;5;7;74;32;2020;8;22;7;3;5;2;2;1;1;0;0;0;0;484894,466000000010000;5730916,577999999700000;8,781283112000040;51,728967843000078;0
90770;5200806317240038803;5;9;78;40;2020;8;11;5;3;5;3;0;1;1;0;0;0;0;405612,342000000180000;5725015,924000000600000;7,635137806000046;51,668186125000034;0
90774;5200807705000280892;5;5;54;8;2020;8;9;6;3;5;3;0;1;0;0;0;0;0;328139,252600000240000;5748364,980599999400000;6,504200206000064;51,859577360000060;0
90782;5200808313130594384;5;9;58;44;2020;8;10;7;3;5;2;0;1;1;0;0;0;0;428998,054899999870000;5691658,645999999700000;7,979953788000046;51,371737943000028;0
90784;5200807301404553200;5;9;13;0;2020;8;14;6;3;5;3;0;1;1;0;0;0;0;394730,581100000070000;5703350,811400000000000;7,484333133000064;51,471516704000067;0
90789;5200806600310526209;5;3;14;0;2020;8;5;5;3;0;1;2;1;0;0;0;0;0;362476,299999999810000;5620137,482999999100000;7,051886814000056;50,716752987000064;0
90796;5200807300200238359;5;9;11;0;2020;8;20;6;3;0;1;0;1;0;0;0;0;0;374543,184500000440000;5700899,997400000700000;7,194687588000022;51,445374649000030;0
90798;5200807609160694792;5;3;58;60;2020;8;10;6;2;5;2;0;1;1;0;0;0;0;331857,067699999550000;5624960,796099999900000;6,616309098000045;50,752040635000071;0
90801;5200806518301488399;5;1;70;4;2020;8;15;5;3;5;3;0;1;1;0;0;0;0;324755,055999999870000;5716928,767000000900000;6,470917362000023;51,576146958000038;0
90805;5200808501318538208;5;1;12;0;2020;8;1;7;3;0;1;2;1;0;0;0;0;0;344470,402999999930000;5698872,281999999700000;6,763153651000039;51,419696649000059;0
90807;5200806313121781461;5;9;58;32;2020;8;8;5;3;0;1;0;1;0;0;0;0;0;450776,194099999960000;5687008,599800000000000;8,293440590000046;51,332234006000078;0
90813;5200807508000476242;5;1;19;0;2020;8;22;6;3;5;3;2;1;1;0;0;0;0;351162,138799999840000;5704962,772299999400000;6,856759399000055;51,476219342000036;0
90817;5200806701920855209;5;5;62;28;2020;8;11;5;3;1;2;0;1;1;0;0;0;0;380043,563299999570000;5722637,029699999800000;7,266387887000064;51,641929262000076;0
90819;5200807601700481747;5;3;16;0;2020;8;8;6;3;4;6;0;1;0;0;0;0;0;363127,979399999600000;5655336,912399999800000;7,047936788000072;51,033261867000078;0
90820;5200806307000571364;5;9;62;36;2020;8;21;5;3;3;6;2;1;0;0;0;0;1;410908,126000000160000;5662951,970000000700000;7,727270743000076;51,111117669000066;0
90821;5200807501325169446;5;1;12;0;2020;8;13;6;3;5;3;0;1;1;0;0;0;0;345434,159099999820000;5693325,460300000400000;6,779418680000049;51,370121366000035;0
90825;5200807307000180374;5;9;62;8;2020;8;13;6;3;0;1;0;1;0;0;0;0;0;420821,458499999720000;5687332,776200000200000;7,863471352000033;51,331766210000069;0
90826;5200807705000881101;5;5;54;52;2020;8;17;6;3;5;3;0;1;0;0;0;0;1;378980,951100000180000;5771028,566999999800000;7,234089331000064;52,076593529000036;0
90840;5200806301202245201;5;9;13;0;2020;8;16;5;3;0;3;0;1;1;0;0;0;0;393204,285400000400000;5711531,447200000300000;7,459888332000048;51,544762061000029;0
90844;5200806605108476839;5;3;74;8;2020;8;10;5;3;0;3;0;1;1;0;0;0;0;389445,525600000280000;5649497,603800000600000;7,424885785000072;50,986437851000062;0
90845;5200807052300286209;5;1;12;0;2020;8;5;6;3;3;6;2;1;0;0;0;0;1;346592,086900000460000;5706248,525000000400000;6,790444767000054;51,486551187000032;0
90846;5200808516120464207;5;1;58;32;2020;8;21;7;3;0;1;1;1;0;0;0;0;0;366559,417299999860000;5687117,504499999800000;7,085046860000034;51,319688384000074;0
90852;5200807711215568996;5;5;70;4;2020;8;10;6;3;0;1;0;1;0;0;0;0;0;422748,257799999790000;5735127,511299999400000;7,880627585000070;51,761703741000076;0
90853;5200810705000530800;5;5;54;24;2020;8;7;2;3;5;3;0;1;1;0;0;0;0;370488,682400000280000;5775976,671199999700000;7,108360196000035;52,119135673000073;0
90855;5200810502210755836;5;1;13;0;2020;8;17;2;3;0;3;0;1;1;0;0;0;0;361225,072399999950000;5700506,675899999200000;7,003314438000075;51,438733467000077;0
90856;5200811601210778208;5;3;15;0;2020;8;11;3;3;0;7;0;1;0;0;0;0;0;353688,459599999710000;5641625,805099999500000;6,918918874000042;50,907720170000061;0
90857;5200810501311035204;5;1;12;0;2020;8;20;2;3;5;3;0;1;0;0;1;0;0;344104,316399999890000;5700798,285800000700000;6,757045348000077;51,436901131000070;0
90862;5200810702100705244;5;5;15;0;2020;8;8;2;3;5;2;0;1;1;0;0;0;0;410596,309500000440000;5753369,782199999300000;7,699876309000047;51,923873252000078;0
90864;5200810702100476768;5;5;15;0;2020;8;15;2;3;4;6;0;1;0;0;0;0;0;408202,679800000040000;5758350,172399999600000;7,663747917000023;51,968250436000062;0
90866;5200811515212096081;5;1;54;32;2020;8;17;3;3;3;2;0;1;1;0;0;0;0;311975,588999999690000;5719864,199999999300000;6,285130993000053;51,598394690000077;1
90870;5200810407120480592;5;7;62;8;2020;8;17;2;3;3;2;0;1;1;0;0;0;0;525783,960099999790000;5723639,627000000300000;9,372791778000021;51,663149613000030;0
90871;5200810405228996973;5;7;54;28;2020;8;7;2;3;5;3;0;1;1;0;0;0;0;452130,923999999650000;5742733,793999999800000;8,305286202000048;51,833371885000076;1
90872;5200811316300065398;5;9;74;28;2020;8;16;3;3;4;3;0;1;0;0;0;0;0;454665,188699999820000;5726037,962799999900000;8,344240804000037;51,683475501000032;0
90873;5200810405228896928;5;7;54;28;2020;8;17;2;3;5;3;0;1;0;0;1;0;0;451477,335699999700000;5741288,203800000300000;8,296004225000047;51,820318840000027;0
90879;5200810405108096907;5;7;54;8;2020;8;18;2;3;2;6;0;1;0;0;0;0;0;459580,713200000110000;5755135,633099999300000;8,411943268000073;51,945461389000059;0