OBJECTID;UIDENTSTLAE;ULAND;UREGBEZ;UKREIS;UGEMEINDE;UJAHR;UMONAT;USTUNDE;UWOCHENTAG;UKATEGORIE;UART;UTYP1;ULICHTVERH;IstRad;IstPKW;IstFuss;IstKrad;IstGkfz;IstSonstige;LINREFX;LINREFY;XGCSWGS84;YGCSWGS84;STRZUSTAND
90885;5200810404102234050;5;7;66;40;2020;8;14;2;3;5;3;0;1;1;0;0;0;0;485434,627000000330000;5760618,208000000600000;8,787851741000054;51,996032715000069;0
90887;5200810700100968218;5;5;13;0;2020;8;11;2;3;5;2;0;1;1;0;0;0;0;368373,098000000230000;5708856,258999999600000;7,102986493000060;51,515475863000063;0
90892;5200811502101380944;5;1;13;0;2020;8;17;3;3;5;3;0;1;1;0;0;0;0;361920,836199999790000;5701742,152200000400000;7,012836560000039;51,450005971000053;1
90898;5200811601600778231;5;3;15;0;2020;8;14;3;3;5;3;0;1;1;0;0;0;0;363533,936599999670000;5641448,447200000300000;7,058934608000072;50,908537688000081;0
90901;5200811404101578170;5;7;66;20;2020;8;19;3;2;5;3;0;1;1;0;1;0;0;492147,022800000380000;5756747,590500000900000;8,885707738000065;51,961367604000031;0
90911;5200811601110034201;5;3;15;0;2020;8;17;3;3;4;6;0;1;0;0;0;0;1;356789,907999999820000;5644685,191999999800000;6,961801199000036;50,935992409000050;0
90914;5200811400100796865;5;7;11;0;2020;8;15;3;3;3;2;0;1;1;0;0;0;0;467251,690299999900000;5766240,104399999600000;8,522482031000038;52,045802340000080;0
90917;5200810608436775580;5;3;34;36;2020;8;17;2;3;5;2;0;1;1;0;0;0;0;298325,184000000360000;5636120,919999999900000;6,135395788000039;50,841597927000066;0
90920;5200810301101310208;5;9;13;0;2020;8;18;2;3;0;5;0;1;1;0;0;0;0;392961,343500000420000;5707939,140699999400000;7,457477983000047;51,512426874000028;0
90921;5200811515210067264;5;1;54;12;2020;8;18;3;2;5;3;0;1;0;0;0;0;1;313602,417000000370000;5711119,323000000800000;6,313228245000062;51,520391244000052;1
90927;5200810301101247202;5;9;13;0;2020;8;15;2;3;5;2;0;1;1;0;0;0;0;394983,351400000040000;5708008,508800000000000;7,486585205000040;51,513429868000060;0
90928;5200810300513571409;5;9;11;0;2020;8;19;2;3;5;3;0;1;1;0;0;0;0;378053,027999999930000;5703798,353000000100000;7,244168572000035;51,472190465000040;0
90929;5200811315110671429;5;9;70;40;2020;8;17;3;3;0;1;0;1;0;0;0;0;0;428335,706199999900000;5631913,743000000700000;7,982304336000027;50,834494015000075;1
90930;5200810300513071409;5;9;11;0;2020;8;16;2;3;5;3;0;1;1;0;0;0;0;379094,187500000000000;5703755,758099999300000;7,259166621000077;51,472031086000072;0
90935;5200811503200907126;5;1;24;0;2020;8;14;3;3;8;1;0;1;0;0;0;0;0;376892,119400000200000;5680457,730699999300000;7,235544893000053;51,262161820000074;0
90944;5200810605112056277;5;3;74;12;2020;8;18;2;3;0;3;0;1;1;0;0;0;0;402850,629599999640000;5653495,712799999900000;7,614739656000040;51,024798914000030;0
90952;5200811601520947200;5;3;15;0;2020;8;16;3;3;1;5;0;1;1;0;0;0;0;359752,311700000430000;5647324,973500000300000;7,002918442000066;50,960444482000071;0
90953;5200809709300748146;5;5;66;52;2020;8;2;1;3;0;1;2;1;0;0;0;0;0;377759,124300000260000;5779069,611600000400000;7,213382751000040;52,148585334000074;0
90955;5200810711411564222;5;5;70;28;2020;8;8;2;3;5;3;0;1;0;0;0;0;1;442572,349000000390000;5738459,267999999200000;8,167287753000039;51,794041592000042;0
90956;5200809709000939552;5;5;66;16;2020;8;19;1;2;2;7;0;1;1;0;0;0;0;407182,350899999960000;5784664,323599999800000;7,641736810000054;52,204600761000052;0
90960;5200811406110082087;5;7;58;12;2020;8;15;3;3;5;3;0;1;1;0;0;0;0;477736,887799999680000;5773170,611700000200000;8,674915871000053;52,108632753000052;0
90964;5200810602400951206;5;3;62;32;2020;8;14;2;3;5;3;0;1;1;0;0;0;0;343448,930900000040000;5635298,750800000500000;6,776098236000053;50,848180008000043;0
90968;5200809702100170596;5;5;15;0;2020;8;21;1;3;1;6;0;1;1;0;0;0;0;404655,399000000210000;5756666,654500000200000;7,612595123000062;51,952521192000063;0
90973;5200809701300442206;5;5;62;14;2020;8;13;1;3;0;1;0;1;0;0;0;0;0;360670,847599999980000;5716369,293099999400000;6,989077356000053;51,581141866000053;0
90978;5200810602400901201;5;3;62;32;2020;8;12;2;2;6;6;0;1;0;1;0;0;0;336179,449699999760000;5642591,594399999800000;6,669652087000031;50,911695275000056;0
90988;5200809606150941208;5;3;78;24;2020;8;17;1;3;5;3;0;1;1;0;0;0;0;381099,986700000240000;5645342,710699999700000;7,307395271000075;50,947427813000047;0
90993;5200810601700076206;5;3;16;0;2020;8;14;2;3;1;3;0;1;1;0;0;0;0;359831,473000000230000;5659601,892100000800000;6,999300980000044;51,070796430000030;0
90994;5200809602800773202;5;3;62;12;2020;8;19;1;2;0;1;0;1;0;1;0;0;0;349504,080400000330000;5633674,673900000800000;6,862717172000032;50,835192228000039;1
90995;5200811513310775523;5;1;62;8;2020;8;21;3;2;5;3;2;1;1;0;0;0;0;332785,285000000150000;5661578,774000000200000;6,612671886000044;51,081316553000079;1
90997;5200811300120236201;5;9;11;0;2020;8;10;3;3;5;2;0;1;1;0;0;0;0;374388,656100000250000;5704812,630300000300000;7,191074989000072;51,480504413000062;0
91001;5200810601610867207;5;3;15;0;2020;8;11;2;3;5;2;0;1;1;0;0;0;0;360357,304299999960000;5644988,589999999900000;7,012423841000043;50,939593972000068;0
91003;5200809601320512201;5;3;15;0;2020;8;16;1;3;5;3;0;1;1;0;0;0;0;350173,285199999810000;5645085,316900000000000;6,867535580000038;50,937907085000063;0
91004;5200809601140584206;5;3;15;0;2020;8;20;1;3;0;2;1;1;1;0;0;0;0;356995,220999999900000;5643477,315999999600000;6,965195161000054;50,925188261000073;1
91005;5200810601420894203;5;3;15;0;2020;8;10;2;2;6;4;0;1;0;1;0;0;0;356298,114799999630000;5648002,687599999800000;6,953497278000043;50,965683870000078;0
91006;5200809601110670204;5;3;15;0;2020;8;15;1;3;3;6;0;1;1;0;0;0;0;356609,023000000040000;5643036,558000000200000;6,959877007000046;50,921131348000074;0
91009;5200809518300195950;5;1;70;20;2020;8;10;1;3;5;3;0;1;1;0;0;0;0;327006,989799999630000;5707893,831000000200000;6,507822322000038;51,495680340000035;0
91013;5200809516800541205;5;1;58;20;2020;8;17;1;3;5;3;0;1;1;0;0;0;0;357748,750099999830000;5661095,561599999700000;6,969005218000064;51,083707214000071;0
91014;5200809515211339752;5;1;54;16;2020;8;3;1;3;0;1;2;1;0;0;0;0;0;306459,001000000160000;5730350,983999999200000;6,199777978000043;51,690706050000074;0
91019;5200809515111295987;5;1;54;44;2020;8;9;1;2;3;1;0;1;1;0;0;0;0;318940,532300000080000;5737154,890499999700000;6,376617660000022;51,755982276000054;0
91020;5200811300110414205;5;9;11;0;2020;8;16;3;3;0;2;0;1;1;0;0;0;0;376291,655000000260000;5703221,812000000800000;7,219022657000039;51,466626472000030;1
91022;5200811404302496835;5;7;66;48;2020;8;15;3;3;5;3;0;1;1;0;0;0;0;478131,036500000390000;5761942,411000000300000;8,681390102000023;52,007698761000029;0
91026;5200809500300930201;5;1;11;0;2020;8;20;1;3;6;6;0;1;0;1;0;0;0;350288,750900000330000;5673358,719499999700000;6,857475962000024;51,192005860000052;0
91027;5200810601310153209;5;3;15;0;2020;8;15;2;3;3;2;0;1;0;0;0;0;1;349511,495400000360000;5642602,393999999400000;6,859148254000047;50,915422405000072;0
91029;5200809500300572316;5;1;11;0;2020;8;10;1;3;6;7;0;1;0;1;0;0;0;351444,363900000230000;5675468,901900000900000;6,873128305000023;51,211269503000040;0
91031;5200809500200001650;5;1;11;0;2020;8;23;1;3;5;2;2;1;1;0;0;0;0;347676,501699999910000;5678161,812100000700000;6,818080947000055;51,234474493000050;0
91035;5200810601210140201;5;3;15;0;2020;8;13;2;3;3;6;0;1;1;0;0;1;0;354323,411000000310000;5642492,882999999400000;6,927597708000064;50,915672963000077;0
91040;5200811515210696051;5;1;54;12;2020;8;16;3;2;5;2;0;1;1;0;0;0;0;313376,895999999720000;5711160,203999999900000;6,309959744000025;51,520683971000039;1
91045;5200810600350522873;5;3;82;32;2020;8;13;2;3;5;3;0;1;1;0;0;0;0;360010,763700000010000;5611252,589400000900000;7,020346185000051;50,636310307000031;0
91046;5200809404102876155;5;7;66;40;2020;8;16;1;2;0;7;0;1;0;0;0;0;0;485287,725700000300000;5760769,259199999300000;8,785705619000055;51,997386929000072;0
91047;5200811518400575297;5;1;70;8;2020;8;18;3;3;3;2;0;1;1;0;0;0;0;342160,940999999640000;5717194,540999999300000;6,721768916000031;51,583677185000056;0
91050;5200811315230574745;5;9;70;28;2020;8;17;3;3;0;1;0;1;0;0;0;0;0;460339,671000000090000;5642099,918999999800000;8,435650225000074;50,929169120000040;0
91052;5200810600350251204;5;3;82;32;2020;8;17;2;1;5;2;0;1;0;0;0;0;1;360288,986999999730000;5609139,930999999900000;7,025074055000061;50,617389065000054;0
91053;5200809316300970541;5;9;74;4;2020;8;15;1;2;0;1;0;1;0;0;0;0;0;451932,706399999560000;5712716,687400000200000;8,306547230000035;51,563478287000066;0
91059;5200810600330779312;5;3;82;48;2020;8;17;2;3;5;3;0;1;1;0;0;0;0;353331,817599999720000;5611883,549799999200000;6,925710833000039;50,640338469000028;0
91060;5200809307000569287;5;9;62;32;2020;8;9;1;3;5;3;0;1;1;0;0;0;0;406898,572499999780000;5672561,267200000600000;7,667522019000046;51,196866281000041;0
91061;5200810600140569526;5;3;14;0;2020;8;10;2;3;5;3;0;1;1;0;0;0;0;367053,239099999890000;5622502,643500000200000;7,115831364000030;50,739076214000079;0
91062;5200809307000432186;5;9;62;40;2020;8;13;1;2;9;1;0;1;0;0;0;0;0;411923,508899999780000;5701974,315899999800000;7,732148026000061;51,462080448000052;1
91064;5200810600140256209;5;3;14;0;2020;8;20;2;2;1;5;0;1;1;0;0;0;0;367279,166299999690000;5622620,857899999200000;7,118988864000073;50,740190410000082;0
91071;5200810709300676628;5;5;66;84;2020;8;15;2;3;5;3;0;1;1;0;0;0;0;386465,166000000200000;5778959,019999999600000;7,340603264000038;52,149449834000052;0
91077;5200810709000506677;5;5;66;28;2020;8;16;2;3;5;3;0;1;1;0;0;0;0;411238,633999999610000;5793449,678999999500000;7,698770001000071;52,284234054000081;0
91082;5200811406130631908;5;7;58;8;2020;8;15;3;3;1;6;0;1;1;0;0;0;0;466620,202100000340000;5778399,712600000200000;8,512082957000075;52,155085371000041;0
91085;5200810600110102206;5;3;14;0;2020;8;7;2;2;3;2;0;1;1;0;0;0;0;365241,290500000120000;5623053,576600000300000;7,089965410000048;50,743610303000025;0
91087;5200808706100596673;5;5;58;16;2020;8;21;7;2;4;2;2;1;1;0;0;0;0;381563,553999999540000;5743828,468000000300000;7,281131424000023;51,832705860000033;0
91088;5200811600380595258;5;3;14;0;2020;8;16;3;3;6;6;0;1;0;1;0;0;0;369505,479700000030000;5616646,360200000900000;7,152636708000046;50,686994650000031;0
91089;5200808705000596524;5;5;54;28;2020;8;21;7;3;8;5;1;1;1;0;0;0;0;356237,042899999770000;5742097,352600000800000;6,914526040000055;51,811207766000052;0
91092;5200808701800339206;5;5;62;4;2020;8;17;7;3;5;3;0;1;1;0;0;0;0;382903,864099999890000;5712878,959000000700000;7,310962765000056;51,554829904000030;0
91104;5200811314110293877;5;9;66;24;2020;8;14;3;3;8;7;0;1;0;0;0;0;0;421973,185800000090000;5650272,371500000400000;7,888041215000044;50,998732482000037;0
91106;5200810515111096126;5;1;54;44;2020;8;21;2;3;0;7;2;1;0;0;0;0;0;323158,465699999590000;5739189,874500000800000;6,436629102000040;51,775608607000038;0
91108;5200810514210996042;5;1;66;12;2020;8;7;2;3;5;3;0;1;1;0;0;0;0;321960,315999999640000;5692755,424300000100000;6,442802428000050;51,358127668000066;0
91109;5200808606210580564;5;3;78;32;2020;8;10;7;3;0;3;0;1;1;0;0;0;0;373887,280899999660000;5665556,576400000600000;7,197734572000059;51,127577364000047;0
91113;5200811513310882270;5;1;62;28;2020;8;13;3;3;5;3;0;1;0;0;0;0;0;337132,821999999690000;5656001,633999999600000;6,677196225000046;51,032456494000030;0
91114;5200808605136769566;5;3;74;36;2020;8;16;7;3;5;3;0;1;1;0;0;0;0;383553,565600000320000;5673609,350199999300000;7,333202038000025;51,202006105000066;0
91126;5200808602100692203;5;3;62;8;2020;8;11;7;2;0;3;0;1;1;0;0;0;0;336494,797600000170000;5645077,764200000100000;6,673019304000036;50,934123420000049;0
91128;5200810513130881544;5;1;62;22;2020;8;21;2;3;3;2;1;1;1;0;0;0;0;335260,792200000030000;5682219,588300000900000;6,638523417000044;51,267482463000078;0
91132;5200808601620054203;5;3;15;0;2020;8;10;7;2;3;6;0;1;0;0;0;0;0;368184,228900000450000;5639183,280600000200000;7,125858594000022;50,889259398000036;0
91135;5200811405236057686;5;7;54;36;2020;8;17;3;2;5;2;0;1;1;0;0;0;0;476039,002000000330000;5751381,213999999700000;8,651648513000055;51,912658218000047;0
91136;5200808601110289205;5;3;15;0;2020;8;22;7;3;5;2;2;1;1;0;0;0;0;355304,178100000140000;5645503,009099999400000;6,940345680000064;50,942971090000071;0
91139;5200810503100467602;5;1;24;0;2020;8;18;2;3;5;3;0;1;1;0;0;0;0;370455,148000000040000;5679147,094000000500000;7,143811612000036;51,248956165000038;0
91140;5200808600110016201;5;3;14;0;2020;8;23;7;2;0;1;2;1;0;0;0;0;0;364939,401399999860000;5619824,144400000600000;7,086872008000057;50,714514349000069;0
91142;5200811301301739209;5;9;78;24;2020;8;15;3;3;3;6;0;1;1;0;0;0;0;397859,384800000120000;5719774,568199999600000;7,524597461000042;51,619718139000042;0
91146;5200812500200001155;5;1;11;0;2020;8;14;4;3;1;7;0;1;1;0;0;0;0;345026,243900000120000;5680881,753799999100000;6,778970886000025;51,258200554000041;0
91149;5200813407253096906;5;7;62;24;2020;8;12;5;3;5;3;0;1;1;0;0;0;0;515838,427000000140000;5740935,557000000000000;9,229785586000048;51,819030596000061;0
91150;5200812400100796918;5;7;11;0;2020;8;15;4;3;5;2;0;1;1;0;0;0;0;467744,362999999900000;5764247,085000000900000;8,529853656000057;52,027912792000052;0
91155;5200814410110079606;5;7;70;24;2020;8;0;6;2;6;6;2;1;0;1;0;0;0;495446,855600000360000;5793163,476399999100000;8,933246056000030;52,288810933000036;0
91160;5200812701110748381;5;5;62;32;2020;8;7;4;3;1;5;0;1;1;0;0;0;0;376468,061400000010000;5720076,106599999600000;7,215644786000041;51,618139820000067;0
91163;5200812702100974209;5;5;15;0;2020;8;17;4;3;3;6;0;1;0;0;0;0;0;405765,637799999680000;5753565,382799999800000;7,629595461000065;51,924834709000038;0
91166;5200812601110083200;5;3;15;0;2020;8;19;4;3;2;7;0;1;0;0;0;0;0;356481,175900000150000;5646276,148600000900000;6,956783383000072;50,950213374000043;1
91172;5200812609224694914;5;3;58;24;2020;8;10;4;3;5;2;0;1;1;0;0;0;0;315499,894899999720000;5644699,543800000100000;6,374730785000054;50,924392785000066;1
91173;5200814513120595742;5;1;62;20;2020;8;10;6;3;0;1;0;1;0;0;0;0;0;327798,967299999670000;5671717,608699999700000;6,536708264000026;51,170929094000030;0
91177;5200812516500958202;5;1;58;16;2020;8;10;4;3;5;3;0;1;1;0;0;0;0;355209,759200000200000;5670562,722300000500000;6,928977117000045;51,168148072000065;0
91183;5200813607121273842;5;3;82;44;2020;8;8;5;2;0;7;0;1;0;0;0;0;0;362561,960099999790000;5628823,393600000100000;7,049856900000066;50,794839375000038;0
91191;5200814506100995958;5;1;16;0;2020;8;11;6;3;1;6;0;1;1;0;0;0;0;319951,727099999790000;5676595,478000000100000;6,422129172000041;51,212331188000064;0
91193;5200813601210462761;5;3;15;0;2020;8;14;5;3;5;2;0;1;1;0;0;0;0;354480,481999999840000;5641764,171000000100000;6,930121260000021;50,909163829000079;0
91200;5200813702100029204;5;5;15;0;2020;8;19;5;3;5;2;0;1;1;0;0;0;0;406689,443900000300000;5751237,872199999200000;7,643656435000025;51,904069332000063;0
91205;5200813600120073828;5;3;82;24;2020;8;17;5;3;8;7;0;1;0;0;0;0;0;375906,951999999580000;5615589,862999999900000;7,243568079000056;50,678898726000057;0
91207;5200812505100476181;5;1;14;0;2020;8;11;4;3;5;3;0;1;1;0;0;0;0;332858,022599999790000;5688234,315199999100000;6,601296921000028;51,320820266000055;0
91209;5200813407220804299;5;7;62;32;2020;8;10;5;2;0;7;0;1;0;0;0;0;0;505968,757699999960000;5747017,124600000700000;9,086700685000039;51,873903681000058;0
91211;5200812705000996646;5;5;54;8;2020;8;12;4;3;0;3;0;1;0;0;0;0;0;338364,332700000140000;5749565,953800000300000;6,651990240000032;51,873421675000031;0
91214;5200812601400926010;5;3;15;0;2020;8;8;4;2;2;2;0;1;1;0;0;0;0;353378,306699999610000;5655049,980299999900000;6,909099236000031;51,028278793000027;1
91216;5200812301201089203;5;9;13;0;2020;8;14;4;3;0;7;0;1;0;0;0;0;0;394319,242399999870000;5709317,472200000700000;7,476625669000043;51,525071669000056;0
91217;5200813516300558563;5;1;58;28;2020;8;15;5;3;3;1;0;1;1;0;0;0;0;348615,508500000460000;5684121,288400000000000;6,828998864000027;51,288274101000070;0
91218;5200812301101876676;5;9;13;0;2020;8;8;4;2;5;2;0;1;1;0;0;0;0;395017,476999999960000;5706289,596000000800000;7,487588515000027;51,497985622000044;0
91219;5200813701300588209;5;5;62;14;2020;8;6;5;3;5;3;1;1;1;0;0;0;0;359255,505199999550000;5715330,629699999500000;6,969079808000060;51,571456832000081;1
91220;5200812602400162753;5;3;62;32;2020;8;10;4;3;8;3;0;1;0;0;0;0;0;334362,338399999770000;5640327,680199999400000;6,644853858000033;50,890835336000066;0
91225;5200813317140024209;5;9;78;28;2020;8;12;5;2;2;6;0;1;1;0;0;0;0;400563,272699999620000;5696785,120500000200000;7,570127722000052;51,413552828000036;0
91232;5200812300220842208;5;9;11;0;2020;8;18;4;3;5;3;0;1;0;0;0;0;0;374524,076000000350000;5700785,124299999300000;7,194453492000037;51,444338012000060;0
91235;5200813303100072318;5;9;15;0;2020;8;16;5;3;5;3;0;1;1;0;0;0;0;414809,671699999830000;5724553,851900000100000;7,768210578000037;51,665502304000029;0
91239;5200814514118295985;5;1;66;16;2020;8;13;6;3;0;3;0;1;1;0;0;0;0;312449,889000000430000;5688646,020999999700000;6,308525311000039;51,318157294000059;0
91249;5200814503400495510;5;1;22;0;2020;8;21;6;2;0;7;2;1;0;0;0;0;0;365745,484799999740000;5672412,774000000200000;7,078890557000023;51,187344962000054;1
91252;5200812410230230206;5;7;70;4;2020;8;16;4;3;1;6;0;1;1;0;0;0;0;486536,173100000250000;5784407,664999999100000;8,802955589000021;52,209945520000076;0
91259;5200812515110095941;5;1;54;4;2020;8;16;4;3;5;3;0;1;1;0;0;0;0;306011,828999999910000;5737447,473999999500000;6,189364549000061;51,754282291000038;0
91261;5200813500100924209;5;1;11;0;2020;8;0;5;3;1;7;2;1;1;0;0;0;0;346781,348000000230000;5675368,845100000500000;6,806462286000055;51,209138475000032;0
91262;5200813701500272201;5;5;62;24;2020;8;13;5;3;5;3;0;1;1;0;0;0;0;367675,399000000210000;5724458,629000000700000;7,087056150000024;51,655525061000048;0
91265;5200812602800261206;5;3;62;12;2020;8;13;4;3;5;2;0;1;1;0;0;0;0;350699,634600000460000;5633643,225600000500000;6,879696299000045;50,835219260000031;0
91269;5200812410120317271;5;7;70;32;2020;8;9;4;2;0;1;0;1;0;0;0;0;0;491787,106100000440000;5788083,407199999300000;8,879713991000074;52,243095900000071;0
91286;5200812502325871220;5;1;13;0;2020;8;11;4;3;3;2;0;1;1;0;0;0;0;361906,155100000090000;5707097,696100000300000;7,010532243000057;51,498129173000052;0
91290;5200813608100048200;5;3;34;2;2020;8;11;5;3;5;2;0;1;1;0;0;0;0;293557,995000000110000;5628324,394999999600000;6,072159173000046;50,769896219000032;0
91295;5200812601210913208;5;3;15;0;2020;8;14;4;3;5;2;0;1;1;0;0;0;0;353843,128100000320000;5642330,959499999900000;6,920834849000073;50,914096370000038;0
91303;5200814513130082326;5;1;62;22;2020;8;1;6;3;3;1;2;1;0;0;0;0;1;335401,395100000310000;5686796,285299999600000;6,638427813000021;51,308642036000037;0
91308;5200814316300678066;5;9;74;28;2020;8;13;6;3;5;3;0;1;1;0;0;0;0;455068,747999999670000;5723628,415999999300000;8,350387796000064;51,661843986000065;0
91310;5200813501318106205;5;1;12;0;2020;8;18;5;3;0;5;0;1;1;0;0;0;0;343862,485999999570000;5699114,443000000000000;6,754311034000068;51,421705340000074;0
91311;5200813705000465910;5;5;54;20;2020;8;18;5;3;5;3;0;1;0;0;0;0;1;366448,276700000280000;5784225,082100000200000;7,046139114000027;52,192290556000046;0
91319;5200814508000482165;5;1;19;0;2020;8;16;6;3;0;2;0;1;1;0;0;0;0;349593,616000000390000;5710513,169999999900000;6,831823877000034;51,525676452000027;0
91321;5200813601220709200;5;3;15;0;2020;8;17;5;3;0;1;0;1;0;0;0;0;0;358537,485799999910000;5640417,077299999100000;6,988311755000041;50,898065869000050;1
91330;5200812606210474389;5;3;78;32;2020;8;18;4;3;5;3;0;1;1;0;0;0;0;373368,591699999760000;5666742,456299999700000;7,189909206000039;51,138121380000030;0
91331;5200814501328105206;5;1;12;0;2020;8;13;6;2;5;3;0;1;1;0;0;0;0;341225,808699999940000;5692963,685399999800000;6,719171457000073;51,365709920000029;0
91334;5200812405228896991;5;7;54;28;2020;8;18;4;3;0;6;0;1;0;0;1;0;0;451187,916199999860000;5744587,194100000000000;8,291340062000074;51,849953283000048;0
91335;5200812506100269725;5;1;16;0;2020;8;16;4;3;0;3;0;1;0;0;0;1;0;321269,563900000420000;5674200,093200000000000;6,442170052000051;51,191226865000033;0
91336;5200814302100075676;5;9;14;0;2020;8;13;6;3;5;3;0;1;1;0;0;0;0;393620,543399999850000;5695504,281600000300000;7,470714372000032;51,400779645000057;0
91345;5200813516330219206;5;1;58;28;2020;8;14;5;1;4;7;0;1;0;0;0;1;0;347683,549599999560000;5683946,030899999700000;6,815718800000070;51,286450845000047;0
91349;5200814500200256209;5;1;11;0;2020;8;9;6;3;5;2;0;1;1;0;0;0;0;346582,494900000280000;5678895,538300000100000;6,802108169000064;51,240774320000071;0
91351;5200813516920109203;5;1;58;26;2020;8;7;5;3;0;1;0;1;0;0;0;0;0;353016,737999999900000;5664543,745100000900000;6,900087801000041;51,113500808000026;0
91353;5200813317140094408;5;9;78;28;2020;8;6;5;3;0;7;0;1;0;0;1;0;1;401513,626600000080000;5700508,241200000000000;7,582753770000068;51,447186156000043;1
91354;5200812701500520201;5;5;62;24;2020;8;17;4;3;5;2;0;1;0;0;0;0;0;369656,973100000060000;5728428,648399999400000;7,114204284000039;51,691664974000048;0
91355;5200814516800414205;5;1;58;20;2020;8;23;6;2;0;3;2;1;1;0;0;0;0;359648,921099999920000;5665955,571900000800000;6,994226897000033;51,127851310000040;0
91359;5200814404102121754;5;7;66;40;2020;8;20;6;3;5;3;0;1;1;0;0;0;0;486531,254300000150000;5760466,669800000300000;8,803830238000046;51,994697932000065;0
91364;5200812608408927204;5;3;34;8;2020;8;20;4;3;5;3;0;1;1;0;0;0;0;302967,373300000090000;5644440,554099999400000;6,196765176000042;50,917923462000033;1
91380;5200814506100075566;5;1;16;0;2020;8;12;6;2;5;2;0;1;1;0;0;0;0;320938,991600000300000;5669389,066999999800000;6,439839893000055;51,147904770000082;0
91382;5200813600380738205;5;3;14;0;2020;8;11;5;3;0;6;0;1;1;0;0;0;0;371505,485000000340000;5614512,781999999700000;7,181676109000023;50,668262226000081;0
91383;5200812405108896843;5;7;54;8;2020;8;10;4;3;5;3;0;1;0;0;0;0;0;457453,336000000130000;5751701,442099999600000;8,381418796000048;51,914427506000038;0
91384;5200812508111882203;5;1;19;0;2020;8;11;4;3;1;5;0;1;1;0;0;0;0;349837,907399999910000;5705056,316500000700000;6,837665463000064;51,476709940000035;0
91390;5200813500200128202;5;1;11;0;2020;8;16;5;3;5;2;0;1;1;0;0;0;0;348005,077999999750000;5679984,388000000300000;6,822010245000058;51,250939090000031;0
91397;5200812404102996966;5;7;66;40;2020;8;16;4;3;5;2;0;1;1;0;0;0;0;486116,214599999600000;5758815,150900000700000;8,797852166000041;51,979839032000029;0
91400;5200812705000523814;5;5;54;20;2020;8;18;4;3;5;3;0;1;1;0;0;0;0;362578,530799999830000;5786830,170399999200000;6,988504983000041;52,214746799000068;0
91401;5200811610122371791;5;3;70;28;2020;8;10;3;2;5;3;0;1;1;0;0;0;0;296848,766999999990000;5645526,133999999600000;6,109226187000047;50,925552086000039;0
91404;5200812711212172377;5;5;70;4;2020;8;11;4;3;5;2;0;1;1;0;0;0;0;424775,456600000150000;5735776,211899999500000;7,909855278000066;51,767811369000071;0
91405;5200811610111145525;5;3;70;16;2020;8;16;3;3;5;3;0;1;1;0;0;0;0;300846,520399999800000;5659590,638499999400000;6,158328531000052;51,053265815000032;0
91410;5200813516600173960;5;1;58;4;2020;8;7;5;3;0;7;0;1;0;0;0;0;0;354394,087000000290000;5676304,727000000000000;6,914989861000038;51,219540086000052;0
91412;5200813317110394340;5;9;78;36;2020;8;22;5;2;0;1;2;1;0;0;0;0;0;409265,321800000030000;5710786,151200000200000;7,691627572000073;51,540873501000078;1
91414;5200814516310397208;5;1;58;28;2020;8;16;6;3;0;1;0;1;0;0;0;0;0;350097,011599999850000;5685635,279500000200000;6,849593184000071;51,302270241000031;0
91421;5200812601220928204;5;3;15;0;2020;8;14;4;2;0;7;0;1;0;0;0;0;0;357339,235899999740000;5637502,093100000200000;6,972421107000059;50,871574015000078;1
91422;5200814405236682127;5;7;54;36;2020;8;13;6;3;4;2;0;1;1;0;0;0;0;475075,548200000080000;5750379,456700000900000;8,637714332000030;51,903609213000038;0
91424;5200813515111321938;5;1;54;8;2020;8;16;5;3;0;7;0;1;0;1;0;0;0;310210,378600000400000;5748019,834699999500000;6,244332391000057;51,850669452000034;0
91430;5200813602800557205;5;3;62;12;2020;8;18;5;3;0;1;0;1;0;0;0;0;0;352831,894199999980000;5630833,193099999800000;6,911083703000031;50,810512215000074;0
91437;5200812606300769800;5;3;78;20;2020;8;15;4;2;0;1;0;1;0;0;0;0;0;368126,476599999700000;5655546,253000000500000;7,119107072000077;51,036312080000073;0
91440;5200812608100673761;5;3;34;2;2020;8;7;4;3;5;3;0;1;0;0;0;1;0;295220,226800000300000;5629210,729100000100000;6,095207697000035;50,778445704000035;0
91442;5200811606110232396;5;3;78;4;2020;8;18;3;3;0;1;0;1;0;0;0;0;0;367972,010999999940000;5649728,915300000500000;7,119021939000049;50,983992540000031;0
91443;5200813601300887659;5;3;15;0;2020;8;12;5;3;5;2;0;1;0;0;0;0;0;353990,050300000240000;5646084,122800000000000;6,921420028000057;50,947862066000027;0
91444;5200812404101976297;5;7;66;4;2020;8;19;4;3;5;2;0;1;1;0;0;0;0;481703,924200000240000;5748691,896199999400000;8,734148344000062;51,888693445000058;1
91445;5200812515000596102;5;1;54;4;2020;8;9;4;3;5;2;0;1;1;0;0;0;0;302722,779000000100000;5739017,823000000800000;6,140882645000033;51,767235732000074;0
91447;5200813500100271892;5;1;11;0;2020;8;17;5;3;6;1;0;1;0;1;0;0;0;346167,452100000340000;5675559,428099999200000;6,797598738000033;51,210685948000048;0
91450;5200812500200274713;5;1;11;0;2020;8;12;4;3;5;3;0;1;1;0;0;0;0;346747,634999999780000;5678476,607000000800000;6,804651400000068;51,237054387000057;0
91451;5200812602800230204;5;3;62;12;2020;8;10;4;3;5;3;0;1;1;0;0;0;0;352961,450600000100000;5631518,506799999600000;6,912646728000027;50,816703904000065;0