OBJECTID;UIDENTSTLAE;ULAND;UREGBEZ;UKREIS;UGEMEINDE;UJAHR;UMONAT;USTUNDE;UWOCHENTAG;UKATEGORIE;UART;UTYP1;ULICHTVERH;IstRad;IstPKW;IstFuss;IstKrad;IstGkfz;IstSonstige;LINREFX;LINREFY;XGCSWGS84;YGCSWGS84;STRZUSTAND
91454;5200813518120095868;5;1;70;44;2020;8;7;5;3;5;2;0;1;1;0;0;0;0;337619,569000000130000;5722699,620999999300000;6,653728112000067;51,631844862000037;1
91458;5200817500200050578;5;1;11;0;2020;8;12;2;3;5;2;0;1;1;0;0;0;0;344925,979000000280000;5678239,331000000200000;6,778679708000027;51,234430194000026;0
91463;5200816701400857383;5;5;12;0;2020;8;14;1;2;5;3;0;1;1;0;0;0;0;357515,840900000180000;5710884,714500000700000;6,945794878000072;51,531069514000080;0
91468;5200816610221873723;5;3;70;20;2020;8;13;1;3;0;7;0;1;0;0;0;0;0;303298,533999999990000;5660359,027000000700000;6,192852885000036;51,061012127000026;0
91470;5200816610121414283;5;3;70;12;2020;8;11;1;3;0;1;0;1;0;0;0;0;0;303594,933500000280000;5653039,204600000800000;6,201042928000049;50,995369116000063;0
91472;5200816610112471751;5;3;70;8;2020;8;11;1;3;4;7;0;1;0;0;0;0;0;291163,052000000140000;5654618,951999999600000;6,023216557000069;51,005179765000037;0
91473;5200818301301949200;5;9;78;24;2020;8;12;3;3;5;3;0;1;0;0;0;0;1;398400,946999999690000;5720796,642999999200000;7,532120976000044;51,629003168000054;0
91475;5200816610112245525;5;3;70;8;2020;8;10;1;3;0;1;0;1;0;0;0;0;0;288690,739500000140000;5653420,623500000700000;5,988725005000049;50,993516078000027;0
91484;5200816605104243290;5;3;74;4;2020;8;16;1;3;5;3;0;1;1;0;0;0;0;405512,175999999980000;5652950,405400000500000;7,652821575000075;51,020340271000066;0
91489;5200816602400860209;5;3;62;32;2020;8;11;1;3;5;2;0;1;1;0;0;0;0;339120,741200000050000;5642535,430199999400000;6,711480729000073;50,912017900000080;0
91491;5200816602100669625;5;3;62;8;2020;8;13;1;3;0;1;0;1;0;0;0;0;0;334037,604399999600000;5647918,590600000700000;6,636785937000070;50,958946244000060;0
91493;5200817501222577209;5;1;12;0;2020;8;12;2;3;3;6;0;1;1;0;0;0;0;340917,722000000070000;5703181,459000000700000;6,710165764000067;51,457427257000063;1
91498;5200816601700076788;5;3;16;0;2020;8;13;1;3;5;3;0;1;1;0;0;0;0;359242,316700000320000;5659148,851299999300000;6,991073496000070;51,066580830000078;0
91500;5200816601510235203;5;3;15;0;2020;8;10;1;3;5;3;0;1;1;0;0;0;0;359872,848000000230000;5649175,082000000400000;7,003920942000036;50,977100896000081;0
91503;5200816601220329200;5;3;15;0;2020;8;16;1;3;0;1;0;1;0;0;0;0;0;356702,366299999880000;5638357,493300000200000;6,963040419000038;50,879103964000080;0
91509;5200817300500038666;5;9;11;0;2020;8;15;2;3;0;1;0;1;0;0;0;0;0;376771,236499999650000;5700988,189899999600000;7,226701691000073;51,446656468000072;0
91511;5200816518110078965;5;1;70;12;2020;8;10;1;3;5;3;0;1;1;0;0;0;0;329848,838700000200000;5736224,768600000100000;6,534961179000050;51,751046777000056;0
91512;5200816518100995979;5;1;70;48;2020;8;19;1;2;0;1;0;1;0;0;0;0;0;334678,385499999860000;5727270,493000000700000;6,609109104000027;51,672051537000073;1
91513;5200817702100060729;5;5;15;0;2020;8;17;2;3;5;3;0;1;1;0;0;0;0;402079,814299999740000;5761133,346000000800000;7,573854705000031;51,992221276000066;0
91515;5200816518100995900;5;1;70;48;2020;8;14;1;3;0;6;0;1;0;0;0;0;0;333866,527999999930000;5728194,683000000200000;6,596939449000047;51,680114561000039;0
91520;5200816518100265788;5;1;70;48;2020;8;13;1;3;5;2;0;1;0;0;0;0;1;334696,752000000330000;5726965,221999999100000;6,609518914000034;51,669314498000062;0
91524;5200817500100283316;5;1;11;0;2020;8;18;2;3;4;1;0;1;0;0;0;0;1;344825,606900000010000;5677725,915799999600000;6,777465472000074;51,229789683000035;0
91526;5200816515000082176;5;1;54;16;2020;8;0;1;3;0;1;2;1;0;0;0;0;0;300446,401200000200000;5730707,886499999100000;6,112698635000072;51,691806520000057;0
91527;5200817701110161202;5;5;62;32;2020;8;16;2;2;3;2;0;1;1;0;0;0;0;374109,539900000210000;5719171,734899999600000;7,181920305000062;51,609489649000068;0
91529;5200816514217482269;5;1;66;36;2020;8;15;1;2;9;1;0;1;0;0;0;0;0;329071,379499999810000;5682321,677100000900000;6,549837103000073;51,266577188000042;0
91534;5200814705000996502;5;5;54;8;2020;8;13;6;3;0;7;0;1;0;0;0;0;0;328099,986800000070000;5747357,674499999700000;6,504131514000051;51,850516997000057;0
91537;5200814705000796572;5;5;54;12;2020;8;7;6;3;5;3;0;1;1;0;0;0;0;352588,541000000200000;5750058,119999999200000;6,858245446000069;51,881784444000061;0
91538;5200816502200464220;5;1;13;0;2020;8;7;1;2;0;1;0;1;0;0;0;0;0;363615,258899999780000;5694220,785000000100000;7,040100039000038;51,382825225000033;0
91541;5200814705000521081;5;5;54;32;2020;8;16;6;2;2;6;0;1;0;0;0;0;0;327202,587000000290000;5745283,756999999300000;6,492151273000047;51,831610830000045;0
91545;5200817608328381361;5;3;34;28;2020;8;13;2;3;8;1;0;1;0;0;0;0;0;309818,012199999760000;5610517,337799999900000;6,311646715000052;50,615493218000040;0
91546;5200816410240040196;5;7;70;40;2020;8;18;1;3;0;7;0;1;1;0;0;0;0;472769,008000000380000;5809927,038699999500000;8,599409048000041;52,438862513000061;0
91550;5200816405244706734;5;7;54;44;2020;8;20;1;3;0;6;0;1;0;1;0;0;0;464341,869199999610000;5749050,676899999400000;8,481839837000052;51,891078862000029;0
91553;5200816400300778075;5;7;11;0;2020;8;14;1;3;0;3;0;1;0;0;0;0;1;462686,817499999890000;5761075,316700000300000;8,456485709000049;51,999079713000071;0
91555;5200816400200796837;5;7;11;0;2020;8;16;1;3;5;3;0;1;1;0;0;0;0;469676,520999999720000;5765219,163300000100000;8,557928965000031;52,036761404000060;1
91556;5200818300410268208;5;9;16;0;2020;8;12;3;2;0;3;0;1;0;0;0;1;0;378760,047000000250000;5712377,244000000900000;7,251393229000030;51,549445422000076;0
91559;5200814705000038824;5;5;54;12;2020;8;9;6;3;1;5;0;1;1;0;0;0;0;352343,896499999800000;5744885,858300000400000;6,856903733000024;51,835247595000055;0
91560;5200816316200146638;5;9;74;48;2020;8;12;1;3;0;3;0;1;0;0;0;0;0;425875,047199999910000;5718468,883400000600000;7,929464335000034;51,612367610000035;0
91561;5200817502322178788;5;1;13;0;2020;8;11;2;3;3;2;0;1;1;0;0;0;0;359707,173499999570000;5704747,519099999200000;6,979807216000040;51,476468670000031;0
91564;5200816315240393685;5;9;70;20;2020;8;10;1;3;7;5;0;1;1;0;0;0;0;437291,037399999800000;5649920,494599999900000;8,106364552000059;50,997442145000036;0
91575;5200816303100071289;5;9;15;0;2020;8;14;1;3;4;1;0;1;0;0;0;0;0;419584,079300000330000;5723198,518600000100000;7,837541059000046;51,654021974000045;0
91576;5200814701800371312;5;5;62;4;2020;8;19;6;2;0;7;0;1;0;0;0;0;0;382469,149100000040000;5716943,985700000100000;7,303335226000058;51,591274631000033;0
91577;5200816302000073230;5;9;14;0;2020;8;9;1;3;8;1;0;1;0;0;0;0;0;395768,701000000350000;5696757,512199999800000;7,501216007000039;51,412443492000079;0
91596;5200817701300865510;5;5;62;14;2020;8;21;2;2;1;5;2;1;1;0;0;0;0;361876,079199999570000;5711766,158600000700000;7,008269459000076;51,540073869000082;1
91601;5200815711113335328;5;5;70;8;2020;8;14;7;2;5;3;0;1;1;0;0;0;0;434844,311999999920000;5738594,336999999400000;8,055219781000062;51,794408978000035;0
91602;5200817518200495976;5;1;70;24;2020;8;17;2;3;5;3;0;1;1;0;0;0;0;338671,530000000260000;5702393,736999999700000;6,678221594000036;51,449714422000056;0
91608;5200817310110693846;5;9;54;16;2020;8;15;2;2;0;1;0;1;0;0;0;0;0;372182,119300000370000;5694527,760099999600000;7,163028307000047;51,387577968000073;1
91610;5200817608312677206;5;3;34;12;2020;8;18;2;3;0;1;0;1;0;0;0;0;0;309577,152099999600000;5635903,407400000800000;6,295136793000040;50,843456134000064;1
91612;5200814701200586204;5;5;62;20;2020;8;17;6;3;5;2;0;1;0;0;1;0;0;371410,936999999920000;5720135,787000000500000;7,142615850000027;51,617543572000045;0
91615;5200815705000057876;5;5;54;8;2020;8;18;7;2;5;3;0;1;1;0;0;0;0;340752,475999999790000;5750284,598999999500000;6,686319450000042;51,880564757000059;0
91629;5200814700200673765;5;5;13;0;2020;8;11;6;3;6;7;0;1;0;1;0;0;0;366440,123999999840000;5716100,526000000500000;7,072395100000051;51,580123288000038;0
91630;5200815702100439947;5;5;15;0;2020;8;14;7;3;0;1;0;1;0;0;0;0;0;402687,706000000240000;5754820,392999999200000;7,584494190000044;51,935585636000042;1
91635;5200815701400679131;5;5;12;0;2020;8;17;7;3;0;1;0;1;0;0;0;0;0;355149,164599999790000;5710610,273399999400000;6,911811376000060;51,528001288000041;0
91637;5200814608404175492;5;3;34;4;2020;8;14;6;3;5;3;0;1;1;0;0;0;0;304322,772800000380000;5639214,890799999200000;6,218823519000068;50,871447430000046;0
91644;5200815608200388200;5;3;34;2;2020;8;19;7;3;9;1;0;1;0;0;0;0;0;293191,245000000110000;5632640,401000000500000;6,064536422000060;50,808527764000075;1
91646;5200817500300472205;5;1;11;0;2020;8;18;2;3;0;1;0;1;0;0;0;0;0;350496,520299999970000;5673027,155799999800000;6,860585159000038;51,189080843000056;1
91651;5200817303100273474;5;9;15;0;2020;8;16;2;3;6;6;0;1;0;1;0;0;0;415096,100200000220000;5724842,409399999300000;7,772280974000069;51,668139619000044;0
91652;5200817706200481907;5;5;58;12;2020;8;16;2;2;0;7;0;1;0;0;0;0;0;373814,147099999710000;5756111,922199999900000;7,164231480000069;51,941394580000065;0
91653;5200817600110419209;5;3;14;0;2020;8;13;2;2;0;1;0;1;0;0;0;0;0;364875,812199999580000;5620178,144300000700000;7,085842169000046;50,717681291000076;1
91654;5200815607400562693;5;3;82;68;2020;8;14;7;2;5;3;0;1;1;0;0;0;0;371961,856300000100000;5630543,174499999700000;7,182560395000053;50,812450157000058;0
91658;5200814608100762108;5;3;34;2;2020;8;21;6;3;4;2;2;1;0;0;0;0;1;298246,917999999600000;5627104,274000000200000;6,139238681000052;50,760587012000030;0
91659;5200815605144474400;5;3;74;44;2020;8;12;7;3;3;2;0;1;1;0;0;0;0;400075,616799999960000;5635319,850500000600000;7,580169910000052;50,860925581000060;0
91667;5200814607000232320;5;3;82;40;2020;8;16;6;3;3;2;0;1;1;0;0;0;0;384814,392300000410000;5634496,536399999600000;7,363669785000070;50,850686010000061;0
91672;5200815601320970203;5;3;15;0;2020;8;14;7;2;0;1;0;1;0;0;0;0;0;350097,213899999860000;5645081,835899999400000;6,866455102000032;50,937856034000049;0
91674;5200815601320739206;5;3;15;0;2020;8;3;7;3;8;1;2;1;0;0;0;0;0;351475,971300000320000;5644626,107699999600000;6,886250159000042;50,934117404000062;0
91676;5200814606700172670;5;3;78;32;2020;8;11;6;3;0;7;0;1;0;0;1;0;0;372576,188000000080000;5662452,055999999900000;7,180104640000025;51,099384436000037;0
91678;5200817405108288739;5;7;54;8;2020;8;14;2;3;5;3;0;1;0;0;0;0;0;458388,372000000440000;5750435,053999999500000;8,395165318000068;51,903112574000033;0
91679;5200815601220057209;5;3;15;0;2020;8;21;7;3;0;1;2;1;0;0;0;0;0;357174,927199999800000;5638784,273600000900000;6,969586552000067;50,883056445000079;1
91681;5200815601200726636;5;3;15;0;2020;8;17;7;3;0;1;0;1;0;0;0;0;0;354473,702200000170000;5641781,707499999600000;6,930017899000063;50,909319716000027;0
91686;5200814605116540053;5;3;74;16;2020;8;6;6;3;6;4;1;1;0;1;0;0;0;384033,373999999840000;5668175,116000000400000;7,341820413000050;51,153258357000027;0
91687;5200815518120095909;5;1;70;44;2020;8;11;7;2;0;1;0;1;0;0;0;0;0;337617,527800000270000;5722701,225400000800000;6,653697900000054;51,631858687000033;0
91692;5200814603236013245;5;3;66;36;2020;8;11;6;3;5;3;0;1;1;0;0;0;0;320941,128999999720000;5600237,668999999800000;6,473658569000065;50,526657171000068;0
91696;5200815515210596072;5;1;54;12;2020;8;15;7;3;0;1;0;1;0;0;0;0;0;311216,542500000450000;5712744,872099999300000;6,278008161000059;51,534198907000075;0
91702;5200815508000463663;5;1;19;0;2020;8;18;7;3;5;3;0;1;1;0;0;0;0;349027,906700000170000;5705070,895899999900000;6,826004225000077;51,476625364000029;0
91703;5200815506100395986;5;1;16;0;2020;8;10;7;2;0;1;0;1;0;0;0;0;0;321216,152800000270000;5668320,682199999700000;6,444328804000065;51,138393755000038;0
91707;5200815506100071714;5;1;16;0;2020;8;10;7;3;0;1;0;1;0;0;0;0;0;322232,548000000420000;5667439,299000000600000;6,459277414000042;51,130792338000049;0
91709;5200815505100226567;5;1;14;0;2020;8;19;7;3;0;1;0;1;0;0;0;0;0;332271,061999999920000;5686017,640000000600000;6,593923617000030;51,300732729000060;1
91710;5200816709700368339;5;5;66;72;2020;8;17;1;3;0;1;0;1;0;0;0;0;0;412777,898599999960000;5802703,006500000100000;7,718928850000054;52,367651383000066;0
91711;5200817500200998205;5;1;11;0;2020;8;17;2;3;6;7;0;1;0;1;0;0;0;346515,302000000140000;5677769,524299999700000;6,801628776000030;51,230638437000039;0
91713;5200815500200550578;5;1;11;0;2020;8;12;7;3;1;1;0;1;1;0;0;0;0;346754,460799999540000;5677818,353599999100000;6,805030681000062;51,231141463000029;0
91719;5200817709110770630;5;5;66;80;2020;8;15;2;2;5;2;0;1;0;0;0;1;0;407446,934500000440000;5782028,863800000400000;7,646327281000026;52,180957347000060;0
91721;5200815411240253230;5;7;74;40;2020;8;20;7;2;0;7;1;1;0;0;0;0;0;479037,189000000250000;5707829,717000000200000;8,697857157000044;51,521195987000056;0
91722;5200814601520166200;5;3;15;0;2020;8;11;6;3;0;5;0;1;1;0;0;0;0;362426,635700000450000;5651711,779899999500000;7,039315475000024;51,000514615000043;0
91723;5200815411220537885;5;7;74;20;2020;8;20;7;2;0;1;0;1;0;0;0;0;0;463327,535500000230000;5733999,842000000200000;8,468695164000053;51,755693367000049;0
91729;5200814601420547205;5;3;15;0;2020;8;16;6;3;5;2;0;1;1;0;0;0;0;356578,861700000240000;5647104,727600000800000;6,957846702000040;50,957684008000058;0
91730;5200815406140872191;5;7;58;8;2020;8;16;7;2;5;3;0;1;1;0;0;0;0;473189,934600000270000;5776262,096300000300000;8,608279569000047;52,136225194000076;0
91734;5200815405108075936;5;7;54;8;2020;8;11;7;3;2;6;0;1;1;0;0;0;0;457620,817999999970000;5749141,802999999400000;8,384168417000069;51,891427617000033;1
91736;5200814601310512207;5;3;15;0;2020;8;17;6;3;1;7;0;1;1;0;0;0;0;347532,661999999550000;5648125,864000000100000;6,828707261000034;50,964537686000028;0
91738;5200817518400044423;5;1;70;8;2020;8;16;2;3;0;5;0;1;0;0;0;0;1;343899,122999999670000;5715382,021999999900000;6,747642109000026;51,567876443000046;0
91739;5200815400200396801;5;7;11;0;2020;8;21;7;2;0;1;0;1;0;0;0;0;0;468625,425999999980000;5763083,665999999300000;8,542801920000045;52,017503455000053;0
91744;5200817608312680204;5;3;34;12;2020;8;18;2;3;0;1;0;1;0;0;0;0;0;309577,152099999600000;5635903,407400000800000;6,295136793000040;50,843456134000064;1
91745;5200815316300174665;5;9;74;28;2020;8;16;7;3;5;3;0;1;1;0;0;0;0;456821,572999999860000;5726872,443299999500000;8,375327178000021;51,691148202000079;0
91750;5200814601200263733;5;3;15;0;2020;8;17;6;3;3;2;0;1;1;0;0;0;0;353049,433500000280000;5644914,722799999600000;6,908510784000043;50,937114133000080;0
91763;5200815303100558254;5;9;15;0;2020;8;17;7;3;5;3;0;1;1;0;0;0;0;413431,333999999800000;5724267,336999999400000;7,748356894000040;51,662716058000058;0
91764;5200814600110015205;5;3;14;0;2020;8;13;6;3;0;1;0;1;0;0;0;0;0;364037,543999999760000;5621368,912000000500000;7,073535529000026;50,728188216000035;0
91767;5200817709700076666;5;5;66;28;2020;8;5;2;2;0;1;2;1;0;0;0;0;0;411779,250099999830000;5794468,252200000000000;7,706426492000048;52,293476263000059;1
91768;5200817601310121207;5;3;15;0;2020;8;17;2;3;1;5;0;1;1;0;0;0;0;354232,478699999860000;5645913,402000000700000;6,924937122000074;50,946389207000038;0
91775;5200815300312137268;5;9;11;0;2020;8;16;7;2;0;1;0;1;0;0;0;0;0;380357,080599999990000;5709004,982899999200000;7,275561397000047;51,519477807000044;1
91777;5200817500300474627;5;1;11;0;2020;8;21;2;3;5;3;2;1;1;0;0;0;0;348621,501000000160000;5674674,799000000600000;6,833079110000028;51,203392643000029;0
91786;5200814518300045115;5;1;70;20;2020;8;16;6;3;5;3;0;1;1;0;0;0;0;328036,519999999550000;5707347,207000000400000;6,522905338000044;51,491083910000043;0
91790;5200820406110031773;5;7;58;12;2020;8;21;5;3;0;1;2;1;0;0;0;0;0;474211,007000000220000;5775544,722999999300000;8,623252456000046;52,129824212000074;0
91793;5200821404101180326;5;7;66;20;2020;8;9;6;3;0;3;0;1;1;0;0;0;0;487953,165199999700000;5755505,282400000800000;8,824714134000033;51,950122972000031;0
91794;5200819406210831913;5;7;58;4;2020;8;7;4;3;5;2;0;1;1;0;0;0;0;470791,164499999960000;5781475,103900000500000;8,572783780000066;52,182970938000039;0
91804;5200818601100424089;5;3;15;0;2020;8;6;3;3;5;2;0;1;0;0;0;0;1;356588,142099999820000;5646355,990800000700000;6,958273733000056;50,950957529000050;0
91806;5200819404101096900;5;7;66;20;2020;8;8;4;3;5;1;0;1;1;0;0;0;0;489493,658800000320000;5756111,435399999800000;8,847110255000075;51,955604127000072;0
91807;5200819701930755830;5;5;62;36;2020;8;11;4;3;9;7;0;1;0;0;0;0;0;389139,801199999640000;5720548,948000000800000;7,398450499000035;51,625028331000067;0
91812;5200819706300038857;5;5;58;24;2020;8;10;4;2;0;7;0;1;0;0;0;0;0;391290,890399999920000;5736199,379899999100000;7,424636057000043;51,766114641000058;0
91815;5200819602300611104;5;3;62;36;2020;8;13;4;2;4;6;0;1;0;0;0;0;0;346265,428199999970000;5653645,555099999500000;6,808338900000024;51,013800540000034;0
91816;5200820506100574323;5;1;16;0;2020;8;12;5;2;5;2;0;1;1;0;0;0;0;320083,985999999570000;5674410,062200000500000;6,425116242000058;51,192741071000057;0
91817;5200818600360774206;5;3;82;12;2020;8;18;3;3;5;3;0;1;1;0;0;0;0;353289,452600000430000;5629281,036100000100000;6,918193950000045;50,796679262000055;1
91819;5200820313121313606;5;9;58;32;2020;8;22;5;3;5;3;2;1;1;0;0;0;0;450039,603000000120000;5688131,755999999100000;8,282710840000050;51,342268362000027;0
91820;5200818600360769200;5;3;82;12;2020;8;17;3;3;0;1;0;1;0;0;0;0;0;361744,024500000290000;5625946,013399999600000;7,039340404000029;50,768784196000070;1
91824;5200820603208765619;5;3;66;8;2020;8;8;5;2;0;3;0;1;1;0;0;0;0;333473,913300000130000;5589382,821499999600000;6,655153173000031;50,432819319000032;0
91825;5200818709300974736;5;5;66;84;2020;8;15;3;3;5;3;0;1;1;0;0;0;0;386551,266999999990000;5779504,121300000700000;7,341679071000044;52,154366329000027;0
91827;5200820500200473993;5;1;11;0;2020;8;19;5;2;0;1;0;1;0;0;0;0;0;345935,873999999840000;5689141,281999999700000;6,788432396000076;51,332661823000080;0
91829;5200818608100677551;5;3;34;2;2020;8;17;3;3;3;6;0;1;1;0;0;0;0;295276,225599999540000;5630379,520099999400000;6,095350094000025;50,788962701000059;0
91830;5200819500200479205;5;1;11;0;2020;8;8;4;3;4;7;0;1;0;0;0;0;0;345088,158900000150000;5680637,126499999300000;6,779963436000060;51,256019319000075;0
91831;5200820301301110635;5;9;78;24;2020;8;13;5;3;5;7;0;1;1;0;0;0;0;397750,905000000260000;5720842,730000000400000;7,522719217000031;51,629299661000061;0
91832;5200818600140712202;5;3;14;0;2020;8;13;3;3;5;3;0;1;1;0;0;0;0;369891,947200000290000;5623834,300699999600000;7,155569716000059;50,751688408000064;0
91834;5200818600120757201;5;3;82;24;2020;8;14;3;2;6;4;0;1;0;1;0;0;0;382317,422700000000000;5616641,283700000500000;7,333926102000021;50,689681831000030;0
91835;5200819501327073897;5;1;12;0;2020;8;15;4;3;0;2;0;1;1;0;0;0;0;343259,167100000200000;5693441,343499999500000;6,748146142000053;51,370566439000072;0
91836;5200820303200594252;5;9;15;0;2020;8;15;5;3;9;5;0;1;1;0;0;0;0;417437,813199999740000;5727225,173299999900000;7,805570873000022;51,689908476000028;0
91843;5200819516100971934;5;1;58;32;2020;8;8;4;3;5;2;0;1;1;0;0;0;0;365290,331000000240000;5686409,640000000600000;7,067113224000025;51,313027786000077;0
91855;5200819608100375604;5;3;34;2;2020;8;13;4;3;1;5;0;1;1;0;0;0;0;292947,262199999760000;5631786,001199999800000;6,061559931000033;50,800767294000082;0
91858;5200820404102796836;5;7;66;56;2020;8;16;5;3;0;3;0;1;1;0;0;0;0;477059,884999999780000;5756772,051999999200000;8,666130543000065;51,961169706000078;0
91859;5200818518200078396;5;1;70;24;2020;8;13;3;3;5;2;0;1;1;0;0;0;0;336504,868999999950000;5700424,857999999100000;6,647977143000048;51,431404170000064;0
91863;5200819709700012163;5;5;66;28;2020;8;19;4;3;5;3;1;1;1;0;0;0;0;417420,440799999980000;5790740,369799999500000;7,790035077000027;52,260844988000031;0
91864;5200820701500124208;5;5;62;24;2020;8;19;5;3;5;3;0;1;1;0;0;0;0;370513,723899999630000;5725810,363099999700000;7,127563593000048;51,668333645000075;0
91873;5200820515212021932;5;1;54;32;2020;8;11;5;3;5;3;0;1;1;0;0;0;0;309738,125799999570000;5718764,522600000700000;6,253460340000061;51,587767009000061;0
91876;5200820316200761200;5;9;74;56;2020;8;8;5;3;4;2;0;1;1;0;0;0;0;421129,042700000110000;5704806,071200000100000;7,863998864000052;51,488895682000077;0
91877;5200818514123682265;5;1;66;20;2020;8;14;3;2;5;3;0;1;1;0;0;0;0;303066,769000000320000;5676784,474999999600000;6,180572656000038;51,208456704000071;0
91889;5200818513210071877;5;1;62;24;2020;8;7;3;2;5;3;0;1;1;0;0;0;0;337884,731999999840000;5670807,879000000700000;6,681262085000071;51,165703145000066;0
91892;5200819701300781206;5;5;62;14;2020;8;15;4;3;5;3;0;1;1;0;0;0;0;361538,629800000230000;5713220,010800000300000;7,002834530000030;51,553055784000037;0
91893;5200820603116528202;5;3;66;16;2020;8;17;5;3;5;3;0;1;1;0;0;0;0;347316,563000000080000;5609314,315999999600000;6,841759547000038;50,615704684000036;0
91894;5200818706300865809;5;5;58;4;2020;8;14;3;2;0;7;0;1;0;0;0;0;0;406631,856200000270000;5734813,266300000300000;7,647250610000071;51,756423782000070;0
91896;5200819400200096829;5;7;11;0;2020;8;13;4;3;3;5;0;1;1;0;0;0;0;469525,577399999830000;5760827,113399999200000;8,556119481000053;51,997265691000052;0
91897;5200819701800782205;5;5;62;4;2020;8;17;4;3;0;1;0;1;0;0;0;0;0;384627,032800000160000;5716606,384400000800000;7,334582923000028;51,588686376000055;0
91899;5200818711100071088;5;5;70;52;2020;8;9;3;3;0;7;0;1;0;0;0;0;0;429326,343000000340000;5753121,615000000200000;7,972248984000032;51,924335260000078;0
91900;5200819518401344107;5;1;70;36;2020;8;9;4;3;5;3;0;1;1;0;0;0;0;353069,954800000410000;5729309,968100000200000;6,874021038000024;51,695488057000034;0
91904;5200820301404898207;5;9;13;0;2020;8;7;5;3;5;2;0;1;1;0;0;0;0;395286,824400000270000;5703802,160800000700000;7,492205153000043;51,475676947000068;0
91909;5200820601320574203;5;3;15;0;2020;8;20;5;3;0;7;0;1;1;0;0;0;0;346606,949099999850000;5645269,105599999400000;6,816737946000046;50,938621024000042;0
91911;5200820410110076061;5;7;70;24;2020;8;7;5;2;0;1;0;1;0;0;0;0;0;494769,602500000040000;5793273,463099999400000;8,923315106000075;52,289793740000050;0
91920;5200820709800968329;5;5;66;40;2020;8;12;5;2;0;7;0;1;0;0;0;0;0;422337,815999999640000;5782149,862999999900000;7,864041430000043;52,184342543000071;0
91925;5200819515110468201;5;1;54;4;2020;8;7;4;3;5;3;0;1;1;0;0;0;0;311058,394000000320000;5736351,119000000900000;6,262987145000068;51,746160612000040;0
91926;5200820400100596865;5;7;11;0;2020;8;13;5;3;0;7;0;1;1;0;0;0;0;467267,648699999790000;5771656,460699999700000;8,522195230000023;52,094499241000051;0
91930;5200819405244096923;5;7;54;44;2020;8;12;4;3;5;3;0;1;0;0;0;0;0;465515,949000000020000;5750284,518999999400000;8,498776644000031;51,902245936000043;0
91932;5200819709300476711;5;5;66;84;2020;8;15;4;2;0;7;0;1;0;0;0;0;0;386286,683500000280000;5778371,308399999500000;7,338192479000043;52,144131379000044;0
91937;5200818702100270612;5;5;15;0;2020;8;19;3;2;9;1;0;1;0;0;0;0;0;410978,496299999770000;5759167,189300000700000;7,703930983000021;51,976045855000052;0
91940;5200819301102071267;5;9;13;0;2020;8;12;4;3;4;2;0;1;1;0;0;0;0;396309,909500000070000;5705173,632600000100000;7,506528744000036;51,488193146000071;0
91941;5200818502338654814;5;1;13;0;2020;8;14;3;3;0;7;0;1;0;0;0;0;0;364378,020399999800000;5705744,793199999300000;7,046640898000021;51,486569753000026;0
91942;5200819606230672670;5;3;78;16;2020;8;7;4;3;0;7;0;1;0;0;0;0;0;360312,736899999900000;5664139,250299999500000;7,004411001000051;51,111690568000029;1
91944;5200818501327073897;5;1;12;0;2020;8;15;3;3;4;2;0;1;1;0;0;0;0;342724,660799999720000;5693377,252000000300000;6,740501792000032;51,369842802000051;0
91945;5200819508000776282;5;1;19;0;2020;8;7;4;3;5;2;0;1;1;0;0;0;0;351646,915000000040000;5704909,311000000700000;6,863757320000048;51,475866294000070;0
91952;5200820609108224256;5;3;58;8;2020;8;10;5;3;0;5;0;1;1;0;0;0;0;319903,791199999860000;5629924,315400000700000;6,444596239000020;50,793047394000041;0
91954;5200819601310813201;5;3;15;0;2020;8;23;4;2;4;6;2;1;0;0;0;0;1;353565,282700000330000;5644852,808499999300000;6,915872340000021;50,936688951000065;1
91955;5200820503100877858;5;1;24;0;2020;8;14;5;3;1;7;0;1;1;0;0;0;0;371571,426300000400000;5680058,314700000000000;7,159470316000068;51,257398199000079;0
91956;5200818500200054024;5;1;11;0;2020;8;17;3;3;3;6;0;1;0;1;0;0;1;345011,909400000240000;5679020,720200000300000;6,779571479000026;51,241474614000026;0
91960;5200818407310396950;5;7;62;36;2020;8;19;3;2;0;7;0;1;0;0;0;0;0;509905,245199999770000;5709076,575300000600000;9,142802959000051;51,532709510000075;0
91961;5200819505200965917;5;1;14;0;2020;8;9;4;2;0;1;0;1;0;0;0;0;0;334163,541100000030000;5691177,590700000500000;6,618645070000071;51,347645344000057;0
91963;5200818406130074534;5;7;58;8;2020;8;17;3;2;0;1;0;1;0;0;0;0;0;470419,461400000380000;5776723,239399999400000;8,567761393000069;52,140229708000049;0
91968;5200820606100281179;5;3;78;4;2020;8;19;5;3;5;2;0;1;1;0;0;0;0;370393,231599999590000;5650292,923100000200000;7,153296080000075;50,989611940000032;0
91969;5200818709700348420;5;5;66;28;2020;8;6;3;2;5;3;0;1;1;0;0;0;0;414290,333200000230000;5788617,030200000900000;7,744723007000061;52,241280702000040;1
91972;5200818406110678113;5;7;58;12;2020;8;12;3;3;5;2;0;1;1;0;0;0;0;477330,579099999740000;5774773,631200000600000;8,668876326000031;52,123028403000035;0