OBJECTID;UIDENTSTLAE;ULAND;UREGBEZ;UKREIS;UGEMEINDE;UJAHR;UMONAT;USTUNDE;UWOCHENTAG;UKATEGORIE;UART;UTYP1;ULICHTVERH;IstRad;IstPKW;IstFuss;IstKrad;IstGkfz;IstSonstige;LINREFX;LINREFY;XGCSWGS84;YGCSWGS84;STRZUSTAND
91975;5200820301401146203;5;9;13;0;2020;8;15;5;3;0;3;0;1;1;0;0;0;0;395697,102800000460000;5706878,551699999700000;7,497201644000029;51,503405343000054;0
91976;5200818405236896913;5;7;54;36;2020;8;7;3;3;3;6;0;1;0;0;0;0;0;475034,793600000440000;5750351,769200000900000;8,637123968000026;51,903358451000031;0
91980;5200818405236868214;5;7;54;36;2020;8;16;3;3;5;3;0;1;1;0;0;0;0;473645,471499999990000;5750306,772299999400000;8,616933711000058;51,902889896000033;0
91990;5200819411133555604;5;7;74;32;2020;8;7;4;3;5;2;0;1;1;0;0;0;0;484278,724000000390000;5733729,109600000100000;8,772240588000045;51,754239185000074;0
91994;5200819301501365207;5;9;13;0;2020;8;12;4;3;5;2;0;1;1;0;0;0;0;390843,938000000080000;5708743,517000000900000;7,426727427000060;51,519251730000065;0
91995;5200818700000765474;5;5;13;0;2020;8;16;3;3;5;3;0;1;0;0;0;0;1;366460,616000000390000;5715284,414999999100000;7,073000952000029;51,572794146000035;0
91997;5200820516110376200;5;1;58;32;2020;8;15;5;3;5;2;0;1;1;0;0;0;0;364063,526899999940000;5688882,258600000300000;7,048578157000065;51,334956916000067;0
92002;5200820405244996913;5;7;54;44;2020;8;14;5;3;5;3;0;1;1;0;0;0;0;466221,513500000350000;5748608,513199999900000;8,509195767000051;51,887220545000048;0
92003;5200818405228981509;5;7;54;28;2020;8;18;3;3;5;3;0;1;0;0;0;0;0;451626,117999999780000;5745059,286800000800000;8,297635340000056;51,854235786000061;0
92010;5200818405228296924;5;7;54;28;2020;8;16;3;3;5;3;0;1;1;0;0;0;0;450854,831600000150000;5745274,416400000500000;8,286406982000074;51,856102518000057;0
92014;5200819506100872015;5;1;16;0;2020;8;18;4;2;5;3;0;1;1;0;0;0;0;321009,078700000420000;5668996,779600000000000;6,441035906000025;51,144402655000079;0
92019;5200818609160761202;5;3;58;60;2020;8;9;3;3;1;7;0;1;0;0;0;0;1;326680,363699999640000;5620164,393200000700000;6,545246499000029;50,707424158000038;0
92021;5200820317240549978;5;9;78;40;2020;8;16;5;3;3;6;0;1;1;0;0;0;0;405612,342000000180000;5725015,924000000600000;7,635137806000046;51,668186125000034;0
92023;5200821317240538206;5;9;78;40;2020;8;9;6;3;5;3;0;1;1;0;0;0;0;405013,189500000330000;5725184,491800000900000;7,626430795000033;51,669600384000034;0
92033;5200820313110268190;5;9;58;4;2020;8;11;5;3;0;7;0;1;0;0;0;0;1;431728,477500000040000;5693025,034600000800000;8,018911383000045;51,384357478000027;0
92035;5200821300510224201;5;9;54;36;2020;8;13;6;3;3;2;0;1;1;0;0;0;0;383002,865299999710000;5699554,204900000200000;7,316807912000058;51,435089664000031;0
92038;5200820603208014788;5;3;66;8;2020;8;12;5;3;9;7;0;1;0;0;0;0;0;335370,569199999790000;5587084,466499999200000;6,682845012000030;50,412701157000072;0
92043;5200820608100471770;5;3;34;2;2020;8;14;5;3;5;2;0;1;0;0;0;0;1;295092,564799999820000;5627018,802799999700000;6,094619942000065;50,758714310000073;0
92045;5200819518401802187;5;1;70;36;2020;8;18;4;2;5;3;0;1;1;0;0;0;0;354407,425999999980000;5723659,191999999800000;6,895714182000063;51,645062126000028;0
92046;5200820502403668275;5;1;17;0;2020;8;14;5;3;5;5;0;1;1;0;0;0;0;351685,750199999660000;5701523,381600000000000;6,865736293000055;51,445452071000034;0
92049;5200820303100029416;5;9;15;0;2020;8;7;5;3;0;7;0;1;1;0;0;0;0;422820,335300000380000;5726694,976700000500000;7,883540726000035;51,685907963000034;0
92053;5200818609108075500;5;3;58;8;2020;8;19;3;2;0;7;0;1;0;0;0;0;0;321407,395700000230000;5628972,898900000400000;6,466371034000076;50,784965043000057;0
92055;5200820601620958202;5;3;15;0;2020;8;7;5;3;3;6;0;1;1;0;0;0;0;365271,557500000110000;5635788,462600000200000;7,085721739000064;50,858075897000049;0
92056;5200819515212531207;5;1;54;32;2020;8;18;4;3;0;1;0;1;0;0;0;0;0;306569,818199999630000;5717507,478099999900000;6,208474318000071;51,575399082000047;0
92058;5200818316300594341;5;9;74;28;2020;8;14;3;2;0;7;0;1;0;0;0;0;0;453273,975999999790000;5723488,654999999300000;8,324459728000022;51,660441040000080;0
92059;5200818601400172535;5;3;15;0;2020;8;19;3;3;0;1;1;1;0;0;0;0;0;352715,154000000100000;5651245,882999999400000;6,901193269000032;50,993923965000079;1
92067;5200819607500806802;5;3;82;56;2020;8;16;4;3;0;7;0;1;0;0;0;0;0;370771,572800000200000;5628743,024499999400000;7,166307732000064;50,796005720000039;0
92068;5200820601200365722;5;3;15;0;2020;8;18;5;3;5;3;0;1;1;0;0;0;0;357839,769999999550000;5639945,226399999100000;6,978580029000057;50,893653977000042;0
92074;5200819405244196870;5;7;54;44;2020;8;22;4;3;4;3;2;1;1;0;0;0;0;462470,199000000020000;5747143,410299999600000;8,454850732000068;51,873808250000081;0
92077;5200819300420695202;5;9;16;0;2020;8;17;4;3;5;3;0;1;1;0;0;0;0;373457,280100000090000;5708723,666300000600000;7,176266849000058;51,515445980000038;0
92079;5200820506100682257;5;1;16;0;2020;8;5;5;3;0;7;1;1;0;0;0;0;0;314158,122000000440000;5675096,303999999500000;6,340048971000044;51,197009128000047;1
92080;5200818316200835347;5;9;74;52;2020;8;17;3;3;5;3;0;1;1;0;0;0;0;422139,494400000200000;5710894,048200000100000;7,877204671000072;51,543766499000071;0
92086;5200818313240781983;5;9;58;40;2020;8;10;3;3;0;1;0;1;0;0;0;0;0;450667,666199999860000;5670964,755100000600000;8,294095915000071;51,187967769000068;0
92087;5200819513210595733;5;1;62;24;2020;8;13;4;3;0;6;0;1;0;1;0;0;0;336485,392599999900000;5676701,629100000500000;6,658581597000023;51,218258427000080;0
92090;5200821317140620205;5;9;78;28;2020;8;17;6;3;3;2;0;1;1;0;0;0;0;401230,724999999630000;5700750,398000000000000;7,578616485000055;51,449313640000071;0
92091;5200819404101921754;5;7;66;20;2020;8;7;4;3;5;2;0;1;1;0;0;0;0;493456,738599999810000;5751778,769600000200000;8,904863859000045;51,916709695000065;0
92093;5200819705000096651;5;5;54;8;2020;8;18;4;3;1;6;0;1;0;0;0;0;0;335417,735999999570000;5743177,848300000700000;6,612265978000039;51,815173333000075;0
92096;5200819601400181846;5;3;15;0;2020;8;14;4;3;4;6;0;1;0;0;0;0;0;352708,911899999720000;5656725,658199999500000;6,898879000000022;51,043165961000057;0
92107;5200821307000593813;5;9;62;16;2020;8;17;6;3;3;7;0;1;1;0;0;0;0;414709,226599999700000;5694544,522800000400000;7,774027135000040;51,395714958000042;0
92108;5200819400100403737;5;7;11;0;2020;8;6;4;3;0;7;0;1;1;0;0;0;0;462751,358000000010000;5763556,460999999200000;8,457155919000059;52,021390871000051;0
92110;5200820606100869816;5;3;78;4;2020;8;20;5;3;0;3;1;1;1;0;0;0;0;369369,062599999830000;5650541,054899999900000;7,138622168000040;50,991610563000052;0
92112;5200819518300295875;5;1;70;20;2020;8;14;4;3;5;3;0;1;1;0;0;0;0;329568,101599999700000;5709229,234799999700000;6,544036430000062;51,508454726000082;0
92116;5200820301401947205;5;9;13;0;2020;8;7;5;3;0;3;0;1;1;0;0;0;0;395758,276999999770000;5706923,010999999900000;7,498069577000024;51,503816258000029;0
92120;5200819608408890209;5;3;34;8;2020;8;7;4;3;1;1;0;1;1;0;0;0;0;300479,407599999570000;5646437,391200000400000;6,160321840000052;50,935003475000030;0
92121;5200820601310579208;5;3;15;0;2020;8;20;5;3;6;4;1;1;0;1;0;0;0;353577,400500000450000;5646450,029200000700000;6,915402607000033;50,951045662000070;0
92123;5200820602400463886;5;3;62;32;2020;8;20;5;3;6;6;1;1;0;1;0;0;0;337564,010900000110000;5642597,147500000900000;6,689327810000066;50,912136465000060;0
92125;5200819516700669114;5;1;58;8;2020;8;12;4;3;4;2;0;1;1;0;0;0;0;360821,629499999810000;5673629,054500000600000;7,008006284000032;51,197097650000046;0
92126;5200820411132479080;5;7;74;32;2020;8;7;5;3;8;7;0;1;0;0;0;0;0;486245,147699999620000;5727774,504599999600000;8,800963897000031;51,700751154000045;0
92127;5200818301401750206;5;9;13;0;2020;8;7;3;3;0;1;0;1;0;0;0;0;0;396099,763700000010000;5708227,529400000300000;7,502603531000034;51,515604990000043;0
92128;5200818601200857560;5;3;15;0;2020;8;15;3;3;5;2;0;1;1;0;0;0;0;353560,940999999640000;5642776,263000000300000;6,916644663000056;50,918026640000051;0
92132;5200820709700252883;5;5;66;28;2020;8;11;5;3;0;2;0;1;0;0;0;0;1;412570,029000000100000;5792525,426000000900000;7,718522431000054;52,276140027000054;0
92133;5200819307000966985;5;9;62;48;2020;8;11;4;2;0;1;0;1;0;0;0;0;0;423792,248900000010000;5682093,398800000500000;7,907225050000022;51,285068134000028;0
92134;5200818608320969644;5;3;34;20;2020;8;15;3;3;0;6;0;1;0;0;0;1;0;306307,300999999980000;5605806,778999999200000;6,264535378000062;50,572023828000056;0
92135;5200819607400173847;5;3;82;56;2020;8;16;4;3;0;2;0;1;1;0;0;0;0;370710,820000000300000;5628399,207000000400000;7,165567160000023;50,792901868000058;0
92140;5200821400100047914;5;7;11;0;2020;8;17;6;3;6;4;0;1;0;1;0;0;0;467220,159599999900000;5764024,717399999500000;8,522234649000041;52,025882839000076;0
92141;5200819405228796999;5;7;54;28;2020;8;9;4;3;9;1;0;1;0;0;0;0;0;451445,856999999840000;5745617,032299999100000;8,294939882000051;51,859234541000035;0
92147;5200824315150265118;5;9;70;44;2020;8;19;2;2;0;1;1;1;0;0;0;0;0;436736,354500000370000;5634168,161399999600000;8,101194754000062;50,855744272000038;0
92149;5200825310130375695;5;9;54;20;2020;8;22;3;1;5;3;2;1;1;0;0;0;0;393013,258500000460000;5698038,269300000700000;7,461222955000039;51,423442476000048;0
92152;5200823400300564242;5;7;11;0;2020;8;21;1;2;5;3;2;1;1;0;0;0;0;471228,029000000100000;5752775,435000000500000;8,581590617000074;51,924965670000063;0
92163;5200823313130273349;5;9;58;44;2020;8;9;1;3;0;7;0;1;0;0;0;0;0;429856,938799999650000;5686345,250800000500000;7,993338167000047;51,324074240000073;0
92167;5200823301301832200;5;9;78;24;2020;8;10;1;3;1;7;0;1;1;0;0;0;0;398800,141599999740000;5719904,068600000800000;7,538144327000055;51,621052115000055;0
92169;5200823301202887200;5;9;13;0;2020;8;20;1;3;3;2;1;1;1;0;0;0;0;393264,911600000230000;5711684,294600000600000;7,460715923000066;51,546147386000030;0
92174;5200824410110076090;5;7;70;24;2020;8;7;2;3;3;4;0;1;0;1;0;0;1;492524,230299999940000;5794067,002000000300000;8,890377275000049;52,296902083000077;0
92176;5200825405220296991;5;7;54;20;2020;8;8;3;3;5;3;0;1;0;0;1;0;0;449017,002999999560000;5748842,521600000600000;8,259196961000043;51,888016346000029;0
92178;5200823705000747429;5;5;54;60;2020;8;12;1;3;8;7;0;1;0;0;0;0;0;354226,634600000460000;5757439,794600000600000;6,878903572000070;51,948538923000058;0
92183;5200824600310763209;5;3;14;0;2020;8;16;2;3;4;6;0;1;0;0;0;0;0;364058,777400000020000;5616864,436899999200000;7,075494973000048;50,687707547000059;0
92189;5200824601310942206;5;3;15;0;2020;8;17;2;3;0;5;0;1;1;0;0;0;0;353196,597400000320000;5645187,509500000600000;6,910493910000071;50,939603043000034;0
92193;5200821601610290206;5;3;15;0;2020;8;17;6;3;5;3;0;1;1;0;0;0;0;362638,289800000380000;5643839,071100000300000;7,045302706000030;50,929810725000038;0
92194;5200825400200196864;5;7;11;0;2020;8;18;3;3;0;7;0;1;0;1;0;0;0;468213,781000000420000;5762531,167999999600000;8,536854831000028;52,012512713000035;1
92196;5200823701610693206;5;5;62;12;2020;8;14;1;3;5;3;0;1;1;0;0;0;0;356374,677000000140000;5727976,223999999500000;6,922352826000065;51,684358973000030;1
92199;5200822705000696533;5;5;54;32;2020;8;18;7;3;0;1;0;1;0;0;0;0;0;327175,049899999980000;5745334,610899999700000;6,491726641000071;51,832059112000081;0
92208;5200822701610516203;5;5;62;12;2020;8;12;7;2;0;7;0;1;0;0;0;0;0;358942,562500000000000;5727201,536599999300000;6,959786586000064;51,678048738000030;0
92214;5200822608436043135;5;3;34;36;2020;8;20;7;2;0;1;1;1;0;0;0;0;0;301419,742100000380000;5634245,262800000600000;6,180309864000037;50,825821201000053;0
92216;5200822608404466205;5;3;34;4;2020;8;15;7;3;6;4;0;1;0;1;0;0;0;301324,613900000230000;5639689,965700000500000;6,176007272000049;50,874691862000077;0
92217;5200824514118575581;5;1;66;16;2020;8;11;2;3;5;3;0;1;1;0;0;0;0;309899,846400000150000;5687677,605000000400000;6,272490814000037;51,308612923000055;0
92218;5200821601410746202;5;3;15;0;2020;8;7;6;3;5;3;0;1;1;0;0;0;0;351147,466799999590000;5651578,505699999600000;6,878733714000020;50,996509696000032;0
92223;5200825303100575793;5;9;15;0;2020;8;16;3;3;0;1;0;1;0;0;0;0;0;418202,468000000340000;5726289,017000000900000;7,816850014000067;51,681604815000071;1
92227;5200824608100163875;5;3;34;2;2020;8;15;2;3;5;3;0;1;1;0;0;0;0;295192,173000000420000;5628993,243000000700000;6,094931417000055;50,776482496000028;0
92228;5200821601310359205;5;3;15;0;2020;8;16;6;3;2;7;0;1;1;0;0;0;0;354366,871500000360000;5645819,297900000600000;6,926886551000052;50,945577488000026;0
92230;5200824500200746204;5;1;11;0;2020;8;16;2;2;5;2;0;1;0;0;0;0;0;347883,162499999630000;5682148,801899999400000;6,819344182000066;51,270355102000053;0
92233;5200821601220901207;5;3;15;0;2020;8;10;6;3;5;3;0;1;1;0;0;0;0;358480,348500000310000;5640474,254899999100000;6,987477604000048;50,898565731000076;0
92241;5200822605120442272;5;3;74;20;2020;8;12;7;3;5;3;0;1;1;0;0;0;0;384640,884499999690000;5654004,103199999800000;7,355029210000055;51,026002996000045;0
92245;5200824602600569736;5;3;62;20;2020;8;12;2;2;8;7;0;1;0;0;0;0;0;341476,374200000430000;5633736,038000000600000;6,748775972000033;50,833600637000075;0
92246;5200821601110395203;5;3;15;0;2020;8;23;6;3;0;1;2;1;0;0;0;0;0;354608,128100000320000;5644812,081599999200000;6,930720469000050;50,936586812000030;0
92250;5200825405108270324;5;7;54;8;2020;8;17;3;3;5;5;0;1;1;0;0;0;0;458676,389999999660000;5750614,305999999900000;8,399329981000051;51,904745597000044;1
92254;5200824705000996572;5;5;54;12;2020;8;15;2;3;0;1;0;1;0;0;0;0;0;351431,681699999610000;5746921,715399999200000;6,842799293000041;51,853297516000055;0
92255;5200822601620676206;5;3;15;0;2020;8;15;7;3;5;3;0;1;0;0;1;0;0;359734,318099999800000;5641611,499900000200000;7,004861494000068;50,909092326000064;0
92257;5200822601610656204;5;3;15;0;2020;8;14;7;3;5;3;0;1;0;0;0;0;1;361678,992300000040000;5645032,532299999100000;7,031207205000044;50,940307462000078;0
92258;5200824301102873324;5;9;13;0;2020;8;16;2;3;5;3;0;1;1;0;0;0;0;395528,360999999570000;5705093,116000000400000;7,495299915000032;51,487325554000051;0
92259;5200822601410732208;5;3;15;0;2020;8;16;7;3;5;2;0;1;1;0;0;0;0;350831,373499999750000;5652381,312999999200000;6,873902616000066;51,003642118000073;0
92263;5200824601110571202;5;3;15;0;2020;8;11;2;3;2;6;0;1;0;0;0;0;0;355481,528800000440000;5645759,737099999600000;6,942766551000034;50,945322732000079;0
92270;5200823608200673691;5;3;34;2;2020;8;10;1;3;6;4;0;1;0;1;0;0;0;296458,701399999670000;5628455,844200000200000;6,113169270000071;50,772101695000060;0
92272;5200824702100042484;5;5;15;0;2020;8;15;2;3;0;6;0;1;0;0;0;0;0;406575,049200000240000;5759151,265300000100000;7,639844354000047;51,975179849000028;0
92275;5200821518200578986;5;1;70;24;2020;8;13;6;3;0;3;0;1;1;0;0;0;0;336468,581799999810000;5700522,234200000800000;6,647410635000028;51,432268551000050;0
92278;5200824516320918204;5;1;58;28;2020;8;21;2;3;0;1;2;1;0;0;0;0;0;348864,348899999630000;5687625,845000000700000;6,831080283000063;51,319830683000077;0
92284;5200822515211796080;5;1;54;16;2020;8;11;7;3;5;2;0;1;1;0;0;0;0;303212,083999999800000;5728609,994999999200000;6,153843587000040;51,673942866000061;0
92292;5200823501318263354;5;1;12;0;2020;8;20;1;2;4;6;1;1;1;0;0;0;0;343781,834400000050000;5698509,726600000600000;6,753418509000028;51,416249782000079;0
92298;5200825302100093903;5;9;14;0;2020;8;6;3;3;5;3;0;1;1;0;0;0;0;389588,736999999730000;5693268,211999999400000;7,413472967000075;51,379910386000063;0
92299;5200822506100375921;5;1;16;0;2020;8;13;7;3;8;1;0;1;0;0;0;0;0;318882,342600000090000;5675690,265200000300000;6,407291775000033;51,203861571000061;0
92300;5200822505100582202;5;1;14;0;2020;8;11;7;3;5;2;0;1;1;0;0;0;0;329782,967299999670000;5687519,712500000400000;6,557549714000061;51,313488667000058;0
92305;5200822503300048449;5;1;20;0;2020;8;16;7;3;5;2;0;1;1;0;0;0;0;376352,061999999920000;5674796,826999999600000;7,229762699000048;51,211165670000071;0
92307;5200822502200079114;5;1;13;0;2020;8;15;7;3;0;1;0;1;0;0;0;0;0;356238,918300000020000;5691730,889900000800000;6,935178389000043;51,358630593000044;0
92314;5200822500200973889;5;1;11;0;2020;8;14;7;3;5;2;0;1;1;0;0;0;0;345499,497999999670000;5677821,019999999600000;6,787068746000045;51,230827060000081;0
92315;5200824301504192205;5;9;13;0;2020;8;13;2;3;3;2;0;1;1;0;0;0;0;387027,747100000270000;5713986,744200000500000;7,370064791000061;51,565627613000061;0
92319;5200822500200672199;5;1;11;0;2020;8;15;7;3;5;7;0;1;1;0;0;0;0;345505,680900000040000;5679266,761199999600000;6,786533641000062;51,243819324000071;0
92321;5200824601310980202;5;3;15;0;2020;8;17;2;3;6;4;0;1;0;1;0;0;0;353625,077800000090000;5646398,409299999500000;6,916101654000045;50,950593883000067;0
92322;5200821513320565204;5;1;62;4;2020;8;12;6;3;0;2;0;1;1;0;0;0;0;348890,308000000190000;5662801,115599999200000;6,841908386000057;51,096768451000059;0
92330;5200825405228196928;5;7;54;28;2020;8;17;3;2;5;2;0;1;1;0;0;0;0;451384,423000000420000;5742863,055999999900000;8,294435108000073;51,834469538000064;1
92334;5200822410230879611;5;7;70;4;2020;8;15;7;3;5;2;0;1;1;0;0;0;0;484988,071100000290000;5789505,328800000300000;8,780072763000021;52,255736244000047;0
92335;5200824709300574736;5;5;66;84;2020;8;16;2;3;5;3;0;1;1;0;0;0;0;387189,502999999560000;5779248,206000000200000;7,351089197000022;52,152197182000066;0
92336;5200822410110026401;5;7;70;24;2020;8;15;7;3;5;3;0;1;1;0;0;0;0;498270,961000000130000;5791107,825999999400000;8,974660982000046;52,270345693000081;0
92337;5200822407123374608;5;7;62;8;2020;8;12;7;2;7;1;0;1;0;0;0;0;0;521330,969999999740000;5720111,892999999200000;9,308195147000049;51,631617144000074;0
92340;5200823501126176146;5;1;12;0;2020;8;11;1;3;0;1;0;1;0;0;0;0;0;345008,610600000250000;5704526,702899999900000;6,768411724000032;51,470648988000050;0
92341;5200822406210296978;5;7;58;4;2020;8;10;7;3;2;2;0;1;1;0;0;0;0;471230,606200000270000;5782774,618000000700000;8,579100673000028;52,194677220000074;0
92342;5200824404101582033;5;7;66;20;2020;8;19;2;3;0;7;0;1;0;0;0;0;0;489407,424999999810000;5752472,110400000600000;8,845967474000076;51,922881250000046;0
92344;5200825317250777814;5;9;78;32;2020;8;21;3;2;0;1;2;1;0;0;0;0;0;393239,771599999630000;5729475,298800000900000;7,454930051000076;51,706053027000053;0
92350;5200822405236755577;5;7;54;36;2020;8;2;7;3;2;6;2;1;0;0;0;0;0;476185,581799999810000;5750937,855499999600000;8,653810139000029;51,908678299000030;0
92354;5200822405140996868;5;7;54;40;2020;8;15;7;3;5;2;0;1;1;0;0;0;0;459855,032899999990000;5761737,512800000600000;8,415161795000074;52,004835641000057;0
92357;5200821503200878421;5;1;24;0;2020;8;16;6;3;5;3;0;1;1;0;0;0;0;372759,830699999820000;5680615,044999999900000;7,176294180000070;51,262668296000072;0
92358;5200823500200271952;5;1;11;0;2020;8;13;1;3;5;2;0;1;1;0;0;0;0;344472,463999999690000;5678616,515000000600000;6,772024935000047;51,237695892000033;0
92359;5200822404000433574;5;7;66;20;2020;8;15;7;2;5;3;0;1;1;0;0;0;0;490022,273000000040000;5756222,963999999700000;8,854799456000023;51,956616617000066;0
92362;5200822400200896889;5;7;11;0;2020;8;10;7;3;3;1;0;1;1;0;0;0;0;470090,359000000170000;5762495,015000000600000;8,564200027000027;52,012291990000051;0
92387;5200825500200069461;5;1;11;0;2020;8;13;3;2;3;6;0;1;0;0;0;0;0;344479,372899999840000;5687970,966600000900000;6,768052268000076;51,321749875000080;0
92389;5200824301201673370;5;9;13;0;2020;8;13;2;3;5;3;0;1;1;0;0;0;0;390424,442400000060000;5710003,007700000000000;7,420291909000071;51,530491147000077;0
92394;5200825501314463200;5;1;12;0;2020;8;16;3;3;4;2;0;1;0;0;1;0;0;345387,099999999630000;5700338,880999999100000;6,775687005000066;51,433124891000034;0
92398;5200822303100195241;5;9;15;0;2020;8;18;7;3;0;7;0;1;0;1;0;0;0;417043,120299999600000;5722834,958499999700000;7,800904802000048;51,650384485000075;0
92402;5200824602700039207;5;3;62;28;2020;8;15;2;2;5;3;0;1;1;0;0;0;0;350127,443400000220000;5640716,935799999200000;6,868678416000023;50,898639180000032;0
92425;5200822300500041421;5;9;11;0;2020;8;14;7;3;5;2;0;1;1;0;0;0;0;376695,341900000350000;5701586,901000000500000;7,225401458000022;51,452020858000026;0
92427;5200823516324878874;5;1;58;28;2020;8;17;1;3;0;6;0;1;0;1;0;0;0;349713,302899999540000;5685510,319299999600000;6,844145562000051;51,301046219000057;1
92428;5200822300420413205;5;9;16;0;2020;8;18;7;2;4;6;0;1;0;0;0;0;0;374382,738599999810000;5709745,304500000600000;7,189233163000040;51,524834194000050;0
92435;5200824317110085594;5;9;78;36;2020;8;10;2;3;5;2;0;1;1;0;0;0;0;408818,627799999900000;5710533,890900000900000;7,685253524000075;51,538533867000069;1
92442;5200823605144862590;5;3;74;44;2020;8;16;1;2;3;6;0;1;1;0;0;0;0;405169,661100000140000;5634896,191600000500000;7,652639241000031;50,857974746000082;1
92447;5200821500300180853;5;1;11;0;2020;8;14;6;3;5;3;0;1;1;0;0;0;0;343415,762000000100000;5675510,219000000500000;6,758256665000033;51,209495996000044;0
92452;5200821711121357428;5;5;70;36;2020;8;13;6;3;5;3;0;1;1;0;0;0;0;433899,311900000090000;5760557,754200000300000;8,037308695000036;51,991746092000028;0
92460;5200821500200268204;5;1;11;0;2020;8;21;6;2;5;3;2;1;1;0;0;0;0;345509,164099999700000;5678001,736500000600000;6,787129163000031;51,232453492000047;0
92461;5200821709700070493;5;5;66;28;2020;8;21;6;2;0;3;1;1;1;0;0;0;0;412306,913399999960000;5791629,254100000500000;7,714899941000056;52,268043077000073;0
92462;5200824610111969679;5;3;70;24;2020;8;11;2;3;2;6;0;1;1;0;0;0;0;286978,858300000430000;5657323,003200000200000;5,962075714000036;51,027927885000054;0
92465;5200824502409672035;5;1;17;0;2020;8;21;2;2;4;6;2;1;0;0;0;0;0;348131,213700000200000;5701396,150100000200000;6,814680113000065;51,443366896000043;0
92471;5200821706200979210;5;5;58;20;2020;8;17;6;3;5;2;0;1;1;0;0;0;0;390464,378700000230000;5759653,652300000200000;7,405222882000032;51,976753198000040;0
92481;5200821702100870553;5;5;15;0;2020;8;17;6;2;0;6;0;1;0;0;0;0;0;399625,290099999870000;5760797,227499999100000;7,538216937000072;51,988762039000051;1
92482;5200821702100661625;5;5;15;0;2020;8;17;6;3;5;3;0;1;1;0;0;0;0;403991,976599999700000;5761395,088099999400000;7,601621777000048;51,994907743000056;1
92485;5200825406210596930;5;7;58;4;2020;8;7;3;3;5;2;0;1;1;0;0;0;0;471713,467899999580000;5782684,133400000600000;8,586172344000033;52,193888710000067;0
92494;5200821701400391202;5;5;12;0;2020;8;15;6;3;5;3;0;1;0;0;0;0;1;355802,538300000130000;5718959,657099999500000;6,917798281000046;51,603193510000040;0
92496;5200821405236078112;5;7;54;36;2020;8;16;6;3;5;3;0;1;1;0;0;0;0;475331,968000000340000;5750541,559000000400000;8,641429800000026;51,905078076000052;0
92497;5200825400100896961;5;7;11;0;2020;8;13;3;3;1;3;0;1;1;0;0;0;0;469485,027999999930000;5767754,291999999400000;8,554910988000074;52,059543259000066;1
92499;5200823606700832419;5;3;78;8;2020;8;11;1;3;2;1;0;1;1;0;0;0;0;370704,382000000220000;5662962,142999999200000;7,153203141000063;51,103549875000056;0
92501;5200824701910902204;5;5;62;8;2020;8;8;2;3;5;2;0;1;1;0;0;0;0;385405,511599999850000;5723427,564500000300000;7,343584178000072;51,650152562000073;0
92502;5200823701700717206;5;5;62;16;2020;8;17;1;3;0;1;0;1;0;0;0;0;0;375030,855000000450000;5734263,399299999700000;7,189817491000042;51,745323324000026;0
92506;5200821700100780206;5;5;13;0;2020;8;16;6;3;5;2;0;1;0;0;1;0;0;366839,191499999720000;5709341,116800000900000;7,080709828000067;51,519473638000079;0
92508;5200821405232196892;5;7;54;32;2020;8;14;6;3;5;2;0;1;1;0;0;0;0;461584,610999999570000;5742348,448000000800000;8,442520473000059;51,830637600000045;0
92510;5200821610111214204;5;3;70;16;2020;8;17;6;3;0;1;0;1;0;0;0;0;0;296739,964200000280000;5661555,297199999900000;6,098709124000038;51,069471703000033;0
92512;5200823515211082176;5;1;54;16;2020;8;0;1;2;5;3;2;1;1;0;0;0;0;300070,624099999670000;5731950,499500000800000;6,106556916000045;51,702831451000065;0
92514;5200821608436391201;5;3;34;36;2020;8;18;6;3;2;3;0;1;1;0;0;0;1;299498,278099999760000;5633142,823699999600000;6,153664820000074;50,815257317000032;1
92515;5200823515210687208;5;1;54;52;2020;8;12;1;2;0;1;0;1;0;0;0;0;0;308353,122999999670000;5700717,037000000500000;6,243297996000024;51,425208477000069;0
92516;5200821608416390202;5;3;34;16;2020;8;16;6;3;4;2;0;1;1;0;0;0;0;294984,624499999920000;5635459,854699999100000;6,088380925000024;50,834487076000073;0
92520;5200821405228896997;5;7;54;28;2020;8;7;6;3;5;3;0;1;0;0;0;0;1;451371,060499999670000;5745167,707299999900000;8,293917079000039;51,855188374000079;0
92523;5200829516220761205;5;1;58;36;2020;8;16;7;2;5;3;0;1;1;0;0;0;0;364441,373499999750000;5683601,046399999400000;7,056006282000055;51,287585754000077;0
92525;5200828301403836206;5;9;13;0;2020;8;17;6;3;3;2;0;1;1;0;0;0;0;400676,910299999640000;5708022,773099999900000;7,568603806000056;51,514587789000075;0
92526;5200825702100861966;5;5;15;0;2020;8;7;3;3;3;6;0;1;0;0;0;0;0;404113,911100000140000;5756263,990100000100000;7,604830533000040;51,948808804000066;0
92529;5200826610111132738;5;3;70;16;2020;8;5;4;3;0;1;2;1;0;0;0;0;0;300123,195199999960000;5659413,729499999400000;6,148118913000076;51,051425701000028;0
92530;5200827601400576589;5;3;15;0;2020;8;7;5;3;4;6;0;1;0;0;0;0;0;351482,644399999640000;5650936,608999999200000;6,883769245000053;50,990827976000048;0
92533;5200825702100860669;5;5;15;0;2020;8;17;3;3;1;3;0;1;1;0;0;0;0;408661,090400000100000;5753500,502399999600000;7,671707420000075;51,924734114000046;0
92538;5200829501317172055;5;1;12;0;2020;8;15;7;3;4;7;0;1;0;0;0;0;0;344793,347199999730000;5698889,373199999300000;6,767786999000066;51,419938723000030;0