OBJECTID;UIDENTSTLAE;ULAND;UREGBEZ;UKREIS;UGEMEINDE;UJAHR;UMONAT;USTUNDE;UWOCHENTAG;UKATEGORIE;UART;UTYP1;ULICHTVERH;IstRad;IstPKW;IstFuss;IstKrad;IstGkfz;IstSonstige;LINREFX;LINREFY;XGCSWGS84;YGCSWGS84;STRZUSTAND
92541;5200825702100378035;5;5;15;0;2020;8;18;3;2;0;2;0;1;1;0;0;0;0;406349,925599999730000;5751094,457299999900000;7,638761738000028;51,902723269000035;1
92544;5200827513130595528;5;1;62;22;2020;8;8;5;2;5;3;0;1;1;0;0;0;0;338834,908800000320000;5680189,223799999800000;6,690626610000038;51,250261900000055;0
92546;5200826405148506680;5;7;54;48;2020;8;17;4;3;0;2;0;1;0;0;1;0;0;441155,310999999750000;5765697,614000000100000;8,142088180000030;52,038769305000073;1
92550;5200828601110922207;5;3;15;0;2020;8;12;6;3;5;2;0;1;1;0;0;0;0;355289,796900000420000;5645354,194299999600000;6,940200232000052;50,941630116000056;0
92557;5200827300110858209;5;9;11;0;2020;8;16;5;2;5;2;0;1;1;0;0;0;0;376843,012099999930000;5704539,605599999400000;7,226496903000054;51,478590348000068;0
92558;5200827701930651537;5;5;62;36;2020;8;15;5;3;5;3;0;1;0;0;1;0;0;390529,318199999630000;5720344,626499999300000;7,418579824000062;51,623463905000051;0
92562;5200827506100110203;5;1;16;0;2020;8;14;5;3;5;3;0;1;1;0;0;0;0;322496,808899999600000;5676106,516599999700000;6,458772018000047;51,208735377000039;0
92569;5200829601110075205;5;3;15;0;2020;8;13;7;3;0;7;0;1;0;0;0;0;0;355262,627799999900000;5645194,080399999400000;6,939877389000060;50,940184389000081;0
92575;5200828317110101205;5;9;78;36;2020;8;7;6;3;0;7;0;1;0;0;0;0;0;408686,979899999690000;5712021,526599999500000;7,682969750000041;51,551885360000028;0
92576;5200825701110076202;5;5;62;32;2020;8;7;3;3;5;3;0;1;1;0;0;0;0;380446,703999999910000;5718150,553999999500000;7,273742362000064;51,601693125000054;0
92581;5200825700200372393;5;5;13;0;2020;8;14;3;3;6;6;0;1;0;1;0;0;0;368684,206299999730000;5713179,972799999600000;7,105854945000033;51,554404443000067;1
92587;5200829709500338806;5;5;66;76;2020;8;21;7;2;0;7;2;1;0;0;0;0;0;397548,778300000350000;5797172,969399999800000;7,497015627000053;52,315315425000051;0
92603;5200829706200020577;5;5;58;20;2020;8;11;7;2;0;6;2;1;0;0;0;0;0;395911,499900000170000;5761242,417199999100000;7,484017002000030;51,992079797000031;0
92605;5200827303200618601;5;9;15;0;2020;8;20;5;3;1;7;0;1;1;0;0;0;0;417090,911000000310000;5727127,979399999600000;7,800576508000063;51,688983629000063;0
92610;5200826609108124256;5;3;58;8;2020;8;5;4;2;3;2;2;1;1;0;0;0;0;322190,442699999550000;5634270,532400000800000;6,474902201000020;50,832799973000078;0
92611;5200827601110421208;5;3;15;0;2020;8;18;5;3;5;2;0;1;1;0;0;0;0;356354,349999999630000;5643200,064999999500000;6,956191658000023;50,922537423000051;0
92613;5200826500200556862;5;1;11;0;2020;8;8;4;3;3;6;0;1;1;0;0;0;0;348513,832999999630000;5677325,297000000300000;6,830419497000037;51,227180730000043;0
92614;5200825609108077567;5;3;58;8;2020;8;17;3;3;0;3;0;1;1;0;0;0;0;322044,191999999810000;5630178,530600000200000;6,474811792000025;50,795992327000079;0
92617;5200825608436961200;5;3;34;36;2020;8;11;3;3;5;2;0;1;1;0;0;0;0;297653,389100000260000;5634143,571499999600000;6,126957721000053;50,823603993000063;0
92619;5200829500200119202;5;1;11;0;2020;8;19;7;2;0;5;0;1;1;0;0;0;0;349936,860799999910000;5678533,199899999400000;6,850278667000055;51,238410616000067;0
92626;5200829502322171333;5;1;13;0;2020;8;15;7;3;0;7;0;1;0;0;0;0;0;360354,206799999810000;5704353,905600000200000;6,989273777000051;51,473091657000055;0
92633;5200827515210082341;5;1;54;52;2020;8;15;5;3;5;3;0;1;1;0;0;0;0;312206,862999999900000;5703577,623999999800000;6,297147201000030;51,452191613000082;0
92639;5200829603116478437;5;3;66;16;2020;8;11;7;3;0;1;0;1;0;0;0;0;0;338964,800400000070000;5613162,146299999200000;6,722129713000072;50,648035270000037;0
92642;5200827701610933209;5;5;62;12;2020;8;14;5;2;0;1;0;1;1;0;0;0;0;360418,400600000280000;5726909,320399999600000;6,981235122000044;51,675791619000051;0
92644;5200828701700261203;5;5;62;16;2020;8;17;6;2;2;6;0;1;0;0;0;0;0;378232,494800000450000;5732387,004300000100000;7,236825961000022;51,729164912000044;0
92646;5200827506000296129;5;1;16;0;2020;8;14;5;3;0;1;0;1;0;0;0;0;0;314845,379800000230000;5675436,689700000000000;6,349698824000029;51,200289758000054;0
92649;5200829711142376757;5;5;70;44;2020;8;12;7;2;5;3;0;1;1;0;0;0;0;413207,877100000160000;5759697,020500000600000;7,736245997000026;51,981161084000064;0
92657;5200828314110195838;5;9;66;24;2020;8;22;6;3;0;1;2;1;0;0;0;0;0;418611,368200000380000;5653238,145300000900000;7,839476950000062;51,024930940000047;1
92659;5200829601410575204;5;3;15;0;2020;8;19;7;2;5;3;0;1;1;0;0;0;0;352229,456500000320000;5647453,114700000700000;6,895818682000027;50,959715895000045;0
92660;5200829404102997216;5;7;66;40;2020;8;18;7;3;0;3;0;1;1;0;0;0;0;486414,793899999930000;5759543,089900000000000;8,802170620000027;51,986391263000030;0
92666;5200827503200572590;5;1;24;0;2020;8;5;5;3;2;6;2;1;1;0;0;0;0;373850,492999999780000;5679072,013000000300000;7,192462086000035;51,249042517000078;1
92667;5200828503300575977;5;1;20;0;2020;8;13;6;3;8;7;0;1;1;0;0;0;0;377192,451600000260000;5674672,313899999500000;7,241830885000070;51,210227898000028;0
92669;5200827313121379616;5;9;58;32;2020;8;14;5;3;0;1;0;1;0;0;0;0;0;449930,220200000330000;5689291,161200000000000;8,280977417000031;51,352683243000058;0
92672;5200825711322076733;5;5;70;48;2020;8;14;3;3;5;3;0;1;1;0;0;0;0;448876,196000000460000;5729019,620999999300000;8,260074185000065;51,709785382000064;0
92673;5200827314310566580;5;9;66;20;2020;8;9;5;3;4;2;0;1;1;0;0;0;0;435097,440999999640000;5661962,666999999400000;8,072949663000031;51,105473010000026;0
92679;5200826705000520966;5;5;54;20;2020;8;14;4;3;0;2;0;1;0;0;0;1;0;365258,037899999880000;5786083,110200000900000;7,027997972000037;52,208696000000032;1
92681;5200828608100458209;5;3;34;2;2020;8;17;6;3;3;2;0;1;1;0;0;0;0;292875,085199999620000;5633113,184100000200000;6,059788355000023;50,812660870000059;0
92685;5200828501319025209;5;1;12;0;2020;8;6;6;2;0;7;1;1;0;0;0;0;0;343616,816899999980000;5697216,509199999300000;6,751617613000065;51,404584816000067;1
92686;5200829702100368249;5;5;15;0;2020;8;23;7;3;7;1;2;1;0;0;0;0;0;401203,182199999690000;5756818,507999999400000;7,562333399000067;51,953283546000080;0
92696;5200828601310201205;5;3;15;0;2020;8;20;6;3;0;1;1;1;0;0;0;0;0;353937,574500000100000;5646739,444599999100000;6,920410622000077;50,953737919000048;0
92697;5200826500200050675;5;1;11;0;2020;8;16;4;2;3;6;0;1;0;0;0;0;0;346131,755499999970000;5677666,549300000100000;6,796183786000029;51,229609879000066;0
92701;5200827601410769207;5;3;15;0;2020;8;7;5;3;0;1;0;1;0;0;0;0;0;356534,767300000410000;5647098,735799999900000;6,957221636000043;50,957619185000055;0
92707;5200825601620807208;5;3;15;0;2020;8;20;3;3;3;6;1;1;1;0;0;0;0;363234,768400000410000;5638744,619000000900000;7,055694433000042;50,884166296000046;0
92708;5200829700200345202;5;5;13;0;2020;8;19;7;3;5;3;0;1;1;0;0;0;0;365477,828300000170000;5714358,340900000200000;7,059182379000049;51,564238378000027;0
92709;5200829501318382359;5;1;12;0;2020;8;18;7;3;5;3;0;1;1;0;0;0;0;343834,464100000450000;5698775,291500000300000;6,754057765000027;51,418650366000065;0
92712;5200825601510699201;5;3;15;0;2020;8;15;3;3;5;2;0;1;1;0;0;0;0;362587,729799999860000;5648213,541500000300000;7,042932800000074;50,969113500000049;1
92727;5200825601300472522;5;3;15;0;2020;8;15;3;3;6;4;0;1;0;1;0;0;0;352424,217100000010000;5647300,412000000500000;6,898651906000055;50,958393544000046;1
92730;5200827300410701209;5;9;16;0;2020;8;11;5;3;5;3;0;1;1;0;0;0;0;377147,732099999670000;5710313,060200000200000;7,228871667000021;51,530545104000055;0
92733;5200828705000376646;5;5;54;8;2020;8;7;6;3;5;3;0;1;0;0;0;1;0;335760,584999999960000;5746333,043800000100000;6,615738318000069;51,843618666000054;0
92743;5200829601200767844;5;3;15;0;2020;8;20;7;2;0;1;0;1;0;0;0;0;0;354503,511099999770000;5643637,853199999800000;6,929701269000020;50,926007954000056;0
92746;5200826709500016765;5;5;66;76;2020;8;7;4;3;5;2;0;1;1;0;0;0;0;392529,389100000260000;5793210,951899999800000;7,424673666000047;52,278748744000040;1
92751;5200827700000065506;5;5;13;0;2020;8;15;5;3;5;2;0;1;1;0;0;0;0;369655,785500000230000;5715255,591000000000000;7,119091488000038;51,573282888000051;0
92755;5200827505100672300;5;1;14;0;2020;8;12;5;3;8;1;0;1;0;0;0;0;0;329372,908800000320000;5689087,278400000200000;6,550921246000030;51,327448540000034;0
92756;5200828506100191200;5;1;16;0;2020;8;18;6;3;1;2;0;1;1;0;0;0;0;321656,953599999660000;5669556,133600000300000;6,450011422000046;51,149629724000079;0
92759;5200827313240941412;5;9;58;40;2020;8;15;5;3;0;1;0;1;0;0;0;0;0;450041,076600000260000;5667250,267899999400000;8,285646915000029;51,154514393000056;0
92760;5200828303100029416;5;9;15;0;2020;8;7;6;3;3;6;0;1;1;0;0;0;0;415304,363599999810000;5723581,038499999800000;7,775597443000038;51,656832059000067;0
92763;5200825709300840735;5;5;66;68;2020;8;10;3;3;7;1;0;1;0;0;0;0;0;375186,178399999630000;5787910,233899999400000;7,172543053000027;52,227452604000064;0
92765;5200826702100950183;5;5;15;0;2020;8;5;4;3;5;3;2;1;1;0;0;0;0;407364,532999999820000;5756876,542199999100000;7,651948480000044;51,954865621000067;1
92768;5200828605152074277;5;3;74;52;2020;8;17;6;3;5;3;0;1;1;0;0;0;0;388795,940299999900000;5664546,140200000300000;7,411010913000041;51,121583497000074;0
92772;5200828500200556862;5;1;11;0;2020;8;18;6;3;0;7;0;1;0;0;0;0;0;344973,483000000010000;5678088,738299999400000;6,779424785000060;51,233089969000048;0
92774;5200829502337481590;5;1;13;0;2020;8;13;7;3;5;3;0;1;1;0;0;0;0;365541,658400000070000;5704950,584799999400000;7,063692800000069;51,479710376000071;0
92776;5200827502318080438;5;1;13;0;2020;8;16;5;3;1;6;0;1;0;0;0;0;0;354427,702300000000000;5705293,889900000800000;6,903612297000052;51,480044384000053;0
92778;5200829706300057209;5;5;58;24;2020;8;13;7;3;5;2;0;1;1;0;0;0;0;393902,251000000160000;5735665,021999999900000;7,462627036000072;51,761812737000071;0
92782;5200825600110395342;5;3;14;0;2020;8;10;3;3;5;3;0;1;1;0;0;0;0;364536,952200000170000;5621683,241000000400000;7,080491958000039;50,731130029000042;0
92786;5200827601310253205;5;3;15;0;2020;8;14;5;3;1;5;0;1;1;0;0;0;0;353714,752799999900000;5646301,059599999300000;6,917416541000023;50,949741802000062;0
92787;5200828601620088202;5;3;15;0;2020;8;17;6;3;0;2;0;1;1;0;0;0;0;363648,822999999860000;5641225,202999999700000;7,060651128000075;50,906558433000043;0
92796;5200827705000496621;5;5;54;68;2020;8;16;5;3;5;3;0;1;1;0;0;0;0;350549,211600000040000;5764934,182399999400000;6,822171433000051;52,014896440000030;0
92802;5200827711141682073;5;5;70;44;2020;8;17;5;3;3;2;0;1;1;0;0;0;0;415878,500799999570000;5759604,828299999200000;7,775144993000026;51,980743161000078;0
92807;5200827516920497206;5;1;58;26;2020;8;17;5;3;5;2;0;1;1;0;0;0;0;352107,973000000230000;5664852,308000000200000;6,886987421000072;51,116039818000047;0
92812;5200825515210595954;5;1;54;12;2020;8;15;3;3;0;3;0;1;1;0;0;0;0;315340,588000000450000;5711116,057000000000000;6,338255078000032;51,520932765000055;1
92813;5200829603208749207;5;3;66;8;2020;8;11;7;2;8;1;0;1;0;0;0;0;0;329338,743300000210000;5590857,001599999100000;6,596308703000034;50,444878030000041;0
92825;5200828307000078399;5;9;62;52;2020;8;14;6;3;0;1;0;1;0;0;0;0;0;421191,036000000310000;5674016,017999999200000;7,871711444000027;51,212095505000036;0
92826;5200825515111096126;5;1;54;8;2020;8;10;3;2;5;2;0;1;1;0;0;0;0;315411,861700000240000;5745064,857599999800000;6,321341862000054;51,825873741000066;0
92829;5200826405108996895;5;7;54;8;2020;8;13;4;3;3;2;0;1;1;0;0;0;0;455207,974899999800000;5758460,982999999100000;8,347895250000022;51,975022822000028;1
92832;5200828316300075854;5;9;74;28;2020;8;13;6;3;4;6;0;1;0;0;0;0;0;454760,648500000130000;5725655,711300000500000;8,345671055000025;51,680046430000061;0
92833;5200825515110556537;5;1;54;36;2020;8;17;3;3;5;3;0;1;0;0;0;0;1;299767,686999999920000;5742935,507999999400000;6,095853721000026;51,801366705000078;1
92838;5200825514111196032;5;1;66;32;2020;8;7;3;3;0;7;0;1;0;0;0;0;0;313640,406600000340000;5681444,750299999500000;6,329347010000049;51,253864728000053;0
92845;5200827313121977869;5;9;58;32;2020;8;20;5;2;7;7;1;1;0;0;0;0;0;439152,703999999910000;5687445,736999999700000;8,126540944000055;51,335039171000062;0
92847;5200825514110996066;5;1;66;32;2020;8;15;3;3;5;3;0;1;0;0;1;0;0;319005,485999999570000;5680273,700999999400000;6,406738432000054;51,245073340000033;1
92853;5200829315230193796;5;9;70;28;2020;8;19;7;2;9;1;0;1;0;0;0;0;0;453304,252999999560000;5640454,812000000800000;8,335756512000046;50,913849590000041;1
92855;5200827606100167518;5;3;78;4;2020;8;17;5;3;5;3;0;1;1;0;0;0;0;368329,387199999760000;5650337,794800000300000;7,123889833000021;50,989546812000071;0
92861;5200829515211095897;5;1;54;16;2020;8;23;7;3;4;1;2;1;0;0;0;0;0;301288,115799999800000;5726982,725299999100000;6,126979873000039;51,658652577000055;0
92862;5200827303100051349;5;9;15;0;2020;8;7;5;3;5;3;0;1;1;0;0;0;0;422819,247999999670000;5726694,616000000400000;7,883525080000027;51,685904571000037;0
92864;5200825513210281543;5;1;62;24;2020;8;11;3;2;5;2;0;1;1;0;0;0;0;336756,028500000010000;5676579,311899999200000;6,662509142000033;51,217236887000070;0
92868;5200827518400495930;5;1;70;8;2020;8;13;5;3;5;3;0;1;1;0;0;0;0;343852,499300000260000;5715320,952400000800000;6,746997076000071;51,567314845000055;0
92875;5200828605116242280;5;3;74;16;2020;8;7;6;3;5;3;0;1;1;0;0;0;0;383033,499800000340000;5667611,363600000700000;7,327713145000075;51,147987604000036;0
92884;5200827709500012491;5;5;66;16;2020;8;16;5;3;5;2;0;1;1;0;0;0;0;403691,322900000030000;5793251,970000000700000;7,588218893000033;52,281186371000047;0
92885;5200825508104508206;5;1;19;0;2020;8;13;3;3;5;2;0;1;1;0;0;0;0;351947,492600000460000;5706220,108599999900000;6,867532834000031;51,487723236000079;0
92890;5200828518200495971;5;1;70;24;2020;8;15;6;3;5;3;0;1;1;0;0;0;0;333157,960599999870000;5702253,642899999400000;6,599012094000045;51,446858321000036;0
92892;5200827406110196800;5;7;58;12;2020;8;7;5;3;5;2;0;1;1;0;0;0;0;477469,019299999810000;5774062,411699999100000;8,670945524000047;52,116639755000051;0
92898;5200827700200274464;5;5;13;0;2020;8;14;5;3;5;3;0;1;1;0;0;0;0;366797,793899999930000;5714797,007200000800000;7,078048323000076;51,568493793000073;0
92899;5200825506100947202;5;1;16;0;2020;8;14;3;3;0;3;0;1;1;0;0;0;0;323357,917799999940000;5671193,638299999800000;6,473502919000055;51,164867717000050;1
92902;5200829500200075200;5;1;11;0;2020;8;10;7;3;0;1;0;1;0;0;0;0;0;350309,032399999910000;5678393,164100000600000;6,855664708000063;51,237250043000074;0
92905;5200825505200276401;5;1;14;0;2020;8;11;3;3;5;3;0;1;1;0;0;0;0;330619,008000000380000;5693575,149000000200000;6,566653926000072;51,368139363000068;0
92914;5200825505200017751;5;1;14;0;2020;8;15;3;3;0;3;0;1;1;0;0;0;0;328118,030799999830000;5691869,037900000800000;6,531584646000056;51,352061001000038;1
92917;5200826711412054976;5;5;70;28;2020;8;18;4;3;0;4;0;1;0;1;0;0;0;440313,321800000030000;5740431,306399999200000;8,134195804000058;51,811534161000054;0
92921;5200826514110795946;5;1;66;32;2020;8;17;4;2;5;2;0;1;1;0;0;0;0;319180,060300000010000;5680341,198300000300000;6,409202873000027;51,245735025000045;0
92922;5200827502325971206;5;1;13;0;2020;8;7;5;3;5;3;0;1;1;0;0;0;0;362756,973500000310000;5707008,712799999900000;7,022816411000065;51,497536742000079;0
92925;5200827505100989086;5;1;14;0;2020;8;14;5;3;0;3;0;1;1;0;0;0;0;337494,860000000340000;5689758,578299999200000;6,667086308000023;51,335858483000038;0
92928;5200829709700981515;5;5;66;28;2020;8;13;7;3;0;1;0;1;1;0;0;0;0;412920,832899999800000;5793623,401799999200000;7,723379230000035;52,286064635000059;0
92929;5200827314130376483;5;9;66;28;2020;8;11;5;3;4;2;0;1;1;0;0;0;0;419072,975999999790000;5649077,506999999300000;7,846985427000050;50,987589204000074;0
92930;5200828303100052429;5;9;15;0;2020;8;18;6;2;5;3;0;1;1;0;0;0;0;418543,071499999610000;5727839,915100000800000;7,821413460000031;51,695596176000038;0
92939;5200826502408770123;5;1;17;0;2020;8;11;4;3;0;3;0;1;1;0;0;0;0;351813,336000000130000;5698419,562000000800000;6,868869453000059;51,417595774000063;1
92940;5200826300000562150;5;9;11;0;2020;8;19;4;2;0;1;0;1;0;0;0;0;1;372277,682099999860000;5704792,507400000500000;7,160698902000036;51,479850840000040;0
92942;5200828500300927208;5;1;11;0;2020;8;15;6;2;0;1;0;1;0;0;0;0;0;345112,599999999630000;5676510,002000000300000;6,782098119000068;51,218942159000051;1
92943;5200829702100039947;5;5;15;0;2020;8;9;7;2;5;6;0;1;0;0;0;0;1;411607,597599999980000;5757151,349700000100000;7,713606556000059;51,958026424000082;0
92950;5200901500200654024;5;1;11;0;2020;9;18;3;3;5;3;0;1;1;0;0;0;0;344440,534599999900000;5679169,654600000000000;6,771327639000049;51,242657324000049;0
92954;5200901500200644200;5;1;11;0;2020;9;11;3;3;5;2;0;1;1;0;0;0;0;347023,803000000310000;5677890,215500000900000;6,808854819000032;51,231859443000076;0
92955;5200901601500366047;5;3;15;0;2020;9;17;3;3;0;5;0;1;1;0;0;0;0;360402,706100000070000;5647569,313699999800000;7,012080130000072;50,962798344000078;0
92957;5200901500200050578;5;1;11;0;2020;9;15;3;3;5;2;0;1;1;0;0;0;0;344021,289900000210000;5679987,852000000000000;6,764969604000044;51,249894575000042;0
92958;5200901411236782067;5;7;74;36;2020;9;17;3;2;5;3;1;1;1;0;0;0;0;472418,666299999690000;5724854,333799999200000;8,601126035000050;51,673985994000077;1
92959;5200903316200573345;5;9;74;12;2020;9;9;5;3;5;3;0;1;1;0;0;0;0;430500,447999999860000;5704577,776000000500000;7,998999215000026;51,488072830000078;0
92962;5200901411112076327;5;7;74;12;2020;9;18;3;2;0;1;0;1;0;0;0;0;0;480469,468700000080000;5724567,674200000200000;8,717568806000031;51,671746179000081;1
92964;5200902706100020577;5;5;58;8;2020;9;16;4;3;5;3;0;1;1;0;0;0;0;382630,513700000010000;5760248,858599999900000;7,291015630000061;51,980502962000060;0
92971;5200902518400779350;5;1;70;8;2020;9;21;4;3;0;3;2;1;1;0;0;0;0;345562,599399999720000;5714230,141899999200000;6,772130594000032;51,557985033000080;0
92976;5200901405236506736;5;7;54;36;2020;9;13;3;3;4;2;0;1;1;0;0;0;0;473416,794999999930000;5750132,760999999900000;8,613623374000042;51,901314513000045;0
92977;5200901405228178034;5;7;54;28;2020;9;17;3;3;5;3;0;1;1;0;0;0;0;452220,558400000450000;5742727,095100000500000;8,306587869000055;51,833319334000066;0
92979;5200901405108776343;5;7;54;8;2020;9;12;3;3;3;2;0;1;1;0;0;0;0;455690,303000000310000;5748185,180999999900000;8,356239963000064;51,882676910000043;0
92982;5200902501126779056;5;1;12;0;2020;9;14;4;3;5;3;0;1;1;0;0;0;0;345874,671000000090000;5704321,606000000600000;6,780960743000037;51,469042742000056;0
92984;5200830607000471656;5;3;82;28;2020;8;13;1;2;5;3;0;1;1;0;0;0;0;374791,643000000160000;5638677,762000000100000;7,219925538000041;50,886185692000026;0
92987;5200901404101360987;5;7;66;20;2020;9;9;3;3;1;5;0;1;1;0;0;0;0;490918,046900000420000;5753892,939099999100000;8,867896697000049;51,935682676000056;0
92991;5200901400200968196;5;7;11;0;2020;9;16;3;3;0;3;0;1;1;0;0;0;0;473013,412200000140000;5767607,113099999700000;8,606385957000043;52,058403138000074;1
92992;5200902515211065718;5;1;54;56;2020;9;9;4;2;5;3;0;1;1;0;0;0;0;308491,551900000310000;5731550,702500000600000;6,228489820000050;51,702177514000027;0
93002;5200830605144076441;5;3;74;44;2020;8;15;1;1;5;3;0;1;1;0;0;0;0;405230,745000000110000;5634287,315700000200000;7,653664510000056;50,852510821000067;0
93010;5200902602500446668;5;3;62;24;2020;9;15;4;3;0;3;0;1;1;0;0;0;0;344566,161899999720000;5645009,775900000700000;6,787824790000059;50,935744253000053;0
93011;5200901315220071452;5;9;70;4;2020;9;18;3;3;5;3;0;1;1;0;0;0;0;457354,053999999540000;5655165,789999999100000;8,391634745000033;51,046444569000073;0
93017;5200902404301387369;5;7;66;44;2020;9;13;4;3;5;3;0;1;1;0;0;0;0;492437,891999999990000;5764553,599999999600000;8,889768812000057;52,031555057000048;0
93021;5200901506000363580;5;1;16;0;2020;9;14;3;3;5;3;0;1;1;0;0;0;0;319451,696399999780000;5672001,896500000700000;6,417286958000034;51,170908952000048;0
93027;5200903317110909185;5;9;78;36;2020;9;7;5;3;5;3;0;1;1;0;0;0;0;408807,338600000370000;5712302,231899999100000;7,684632434000037;51,554428165000047;0
93028;5200830601610886200;5;3;15;0;2020;8;17;1;3;5;3;0;1;1;0;0;0;0;361454,229000000280000;5645310,989000000100000;7,027904155000044;50,942756062000058;0
93031;5200902601510066201;5;3;15;0;2020;9;16;4;3;6;4;0;1;0;1;0;0;0;364130,318699999710000;5648511,328900000100000;7,064778084000068;50,972155773000054;0
93038;5200901300500177650;5;9;11;0;2020;9;13;3;3;0;7;0;1;0;0;0;0;1;376885,650899999770000;5703314,576099999200000;7,227537446000042;51,467589724000050;0
93051;5200902705000821108;5;5;54;56;2020;9;13;4;3;5;3;0;1;1;0;0;0;0;356835,839800000190000;5762415,034499999100000;6,914767013000073;51,993919315000028;0
93055;5200901701500385206;5;5;62;24;2020;9;18;3;2;0;1;0;1;0;0;0;0;0;367942,786000000310000;5723329,774000000200000;7,091345544000035;51,645443484000054;0
93059;5200902316200855697;5;9;74;52;2020;9;12;4;2;4;2;0;1;1;0;0;0;0;424910,787100000310000;5710747,055900000000000;7,917191924000065;51,542820596000070;0
93062;5200901705000668299;5;5;54;8;2020;9;15;3;3;3;2;0;1;1;0;0;0;0;334510,668800000100000;5745646,986700000200000;6,597938638000073;51,837086589000080;0
93063;5200902701110310204;5;5;62;32;2020;9;10;4;3;5;2;0;1;1;0;0;0;0;375692,435999999750000;5717785,595799999300000;7,205259297000055;51,597383907000051;0
93068;5200831702100361900;5;5;15;0;2020;8;7;2;3;5;2;0;1;0;0;0;1;0;407216,995699999850000;5751345,512000000100000;7,651293539000051;51,905124973000056;0
93074;5200902310210571404;5;9;54;24;2020;9;6;4;3;5;2;1;1;1;0;0;0;0;381600,835199999620000;5683261,225600000500000;7,302071771000044;51,288357475000055;0
93092;5200831610221973723;5;3;70;20;2020;8;7;2;3;0;1;0;1;0;0;0;0;0;302329,270399999800000;5660018,813200000700000;6,179224153000064;51,057623661000036;1
93093;5200830514113987209;5;1;66;32;2020;8;18;1;2;0;1;0;1;0;0;0;0;0;316024,660600000060000;5684671,602700000600000;6,361815518000071;51,283624242000030;1
93096;5200831610211873723;5;3;70;4;2020;8;12;2;3;5;3;0;1;1;0;0;0;0;313212,050099999640000;5660884,927999999400000;6,333889857000031;51,069046644000082;0
93101;5200903400200543202;5;7;11;0;2020;9;12;5;3;2;6;0;1;1;0;0;0;0;474001,106300000100000;5759850,119899999400000;8,621381002000021;51,988709372000073;1
93107;5200830506100796129;5;1;16;0;2020;8;19;1;3;0;3;0;1;1;0;0;0;0;321234,692699999550000;5672693,193399999300000;6,442421296000020;51,177679108000063;1
93111;5200830505100076194;5;1;14;0;2020;8;17;1;2;5;3;0;1;1;0;0;0;0;327048,001400000420000;5684961,644300000700000;6,519584463000058;51,289683375000038;0
93112;5200902701300303200;5;5;62;14;2020;9;10;4;3;6;4;0;1;0;1;0;0;0;361481,218700000080000;5713512,501900000500000;7,001891773000068;51,555670067000051;0
93114;5200901503200780468;5;1;24;0;2020;9;17;3;3;5;3;0;1;1;0;0;0;0;374502,266400000080000;5684127,860700000100000;7,200021015000061;51,294626468000047;0
93117;5200902601300786626;5;3;15;0;2020;9;8;4;3;5;3;0;1;1;0;0;0;0;353654,881900000390000;5648667,767899999400000;6,915612993000025;50,970995285000072;0
93119;5200903317220435200;5;9;78;4;2020;9;7;5;3;5;3;0;1;1;0;0;0;0;400758,168300000020000;5718817,966600000900000;7,566726458000062;51,611638127000049;0
93123;5200902709800579143;5;5;66;32;2020;9;16;4;2;5;3;0;1;0;0;0;1;0;411944,697700000370000;5779418,481899999100000;7,712770112000044;52,158230440000068;0
93124;5200902400100970241;5;7;11;0;2020;9;16;4;3;0;1;0;1;0;0;0;0;0;464806,578900000080000;5765205,203999999900000;8,486936785000069;52,036348173000079;0
93132;5200831606100081799;5;3;78;20;2020;8;16;2;3;5;3;0;1;1;0;0;0;0;367402,045400000180000;5654966,650800000900000;7,108992713000021;51,030936172000054;0
93143;5200902502407285657;5;1;17;0;2020;9;12;4;3;5;3;0;1;1;0;0;0;0;351753,201799999920000;5698188,246899999700000;6,868102014000044;51,415501541000026;0
93150;5200901702100042451;5;5;15;0;2020;9;16;3;2;8;1;0;1;0;0;0;0;0;412291,761800000440000;5752372,573499999900000;7,724779235000028;51,915179182000031;0
93154;5200902518400975468;5;1;70;8;2020;9;16;4;3;3;6;0;1;0;0;0;0;0;345327,167000000370000;5714724,572000000600000;6,768519571000070;51,562362889000042;0
93159;5200831601620727204;5;3;15;0;2020;8;19;2;3;0;1;0;1;0;0;0;0;0;364976,172000000250000;5635466,585999999200000;7,081646019000061;50,855114079000032;0
93161;5200902702100911209;5;5;15;0;2020;9;16;4;3;0;2;0;1;1;0;0;0;0;410730,071499999610000;5758990,426300000400000;7,700361136000026;51,974417135000067;0
93164;5200902501325085997;5;1;12;0;2020;9;21;4;3;0;7;2;1;0;0;0;0;0;345480,812900000250000;5693590,850500000600000;6,779973020000057;51,372518638000031;0
93166;5200830500300235200;5;1;11;0;2020;8;17;1;3;3;6;0;1;1;0;0;0;0;352011,275999999610000;5669869,107200000400000;6,883545754000068;51,161096570000041;0
93168;5200902313130677838;5;9;58;44;2020;9;11;4;3;0;7;0;1;0;0;0;0;0;426760,715200000440000;5683628,539699999600000;7,949468366000076;51,299259348000078;0
93170;5200830500200071614;5;1;11;0;2020;8;13;1;3;1;3;0;1;1;0;0;0;0;342404,906999999660000;5685771,358999999200000;6,739277307000066;51,301415475000056;0
93172;5200902609108275502;5;3;58;8;2020;9;7;4;2;0;3;0;1;0;0;0;0;1;323074,894999999550000;5629530,552999999400000;6,489734443000032;50,790486315000066;0