OBJECTID;UIDENTSTLAE;ULAND;UREGBEZ;UKREIS;UGEMEINDE;UJAHR;UMONAT;USTUNDE;UWOCHENTAG;UKATEGORIE;UART;UTYP1;ULICHTVERH;IstRad;IstPKW;IstFuss;IstKrad;IstGkfz;IstSonstige;LINREFX;LINREFY;XGCSWGS84;YGCSWGS84;STRZUSTAND
93174;5200901515212065215;5;1;54;64;2020;9;18;3;3;0;1;0;1;0;0;0;0;0;304293,395299999970000;5719575,530200000900000;6,174511789000064;51,593186002000039;0
93175;5200902516100881412;5;1;58;32;2020;9;17;4;2;8;1;0;1;0;0;0;0;0;364845,970800000240000;5689231,987900000100000;7,059670788000062;51,338286400000072;0
93180;5200830411224468083;5;7;74;24;2020;8;15;1;3;4;6;0;1;0;0;0;0;0;475163,419800000270000;5746039,361700000200000;8,639304002000074;51,864591525000037;0
93181;5200902701700475207;5;5;62;16;2020;9;20;4;2;3;2;1;1;1;0;0;0;0;375932,968000000340000;5735352,419999999900000;7,202489106000030;51,755310735000080;0
93183;5200901502325234205;5;1;13;0;2020;9;7;3;3;5;3;0;1;1;0;0;0;0;361066,997600000350000;5705810,893999999400000;6,998957235000034;51,486360029000082;0
93184;5200831600110806205;5;3;14;0;2020;8;8;2;3;0;1;0;1;0;0;0;0;0;365553,413800000210000;5621564,931099999700000;7,094929812000032;50,730302819000030;1
93187;5200902601520084205;5;3;15;0;2020;9;17;4;2;5;3;0;1;0;0;0;0;0;358180,807300000450000;5644798,179999999700000;6,981539622000071;50,937351559000035;0
93189;5200903400200368196;5;7;11;0;2020;9;13;5;3;5;2;0;1;1;0;0;0;0;469308,771200000310000;5763802,795399999200000;8,552694978000034;52,024007119000032;1
93192;5200902605132876833;5;3;74;32;2020;9;18;4;3;7;1;0;1;1;0;0;0;0;400661,615600000140000;5639995,211200000700000;7,587222947000043;50,903057813000032;0
93193;5200831518200467150;5;1;70;24;2020;8;7;2;1;5;2;0;1;0;0;0;1;0;334604,075600000100000;5703725,704199999600000;6,619115191000049;51,460507528000051;0
93194;5200903400300503902;5;7;11;0;2020;9;14;5;3;4;6;0;1;0;0;0;0;0;470827,344600000420000;5755624,813300000500000;8,575522235000051;51,950563028000033;1
93195;5200902506200481634;5;1;16;0;2020;9;17;4;3;5;3;0;1;1;0;0;0;0;321362,470499999820000;5674432,018699999900000;6,443382865000046;51,193339354000045;0
93202;5200902701120447202;5;5;62;32;2020;9;17;4;3;3;5;0;1;1;0;0;0;0;375005,074699999760000;5714835,010099999600000;7,196391019000032;51,570714480000049;0
93204;5200901502322078704;5;1;13;0;2020;9;11;3;3;5;2;0;1;1;0;0;0;0;358059,696100000290000;5704539,579900000200000;6,956183499000076;51,474189173000070;0
93205;5200831508000376333;5;1;19;0;2020;8;9;2;3;5;3;0;1;1;0;0;0;0;347149,154099999930000;5710989,615599999200000;6,796406922000074;51,529301032000035;0
93209;5200831506100352209;5;1;16;0;2020;8;18;2;3;0;7;0;1;0;0;0;0;0;321105,486999999730000;5671371,593000000300000;6,441232294000031;51,165766425000072;0
93216;5200902317220381207;5;9;78;4;2020;9;7;4;3;5;2;0;1;1;0;0;0;0;404374,962000000290000;5719350,265000000600000;7,618799133000039;51,617048896000028;0
93217;5200831505200576150;5;1;14;0;2020;8;15;2;3;3;6;0;1;0;0;0;0;0;335791,357300000270000;5691844,832000000400000;6,641690696000069;51,354112701000076;0
93221;5200902400300860204;5;7;11;0;2020;9;22;4;2;0;1;2;1;0;0;0;0;0;468451,842799999750000;5758462,300899999200000;8,540697892000026;51,975944424000033;0
93224;5200901711411979196;5;5;70;28;2020;9;16;3;3;5;3;0;1;1;0;0;0;0;445290,069000000130000;5743179,437000000800000;8,205945495000037;51,836750152000036;0
93235;5200830404102072237;5;7;66;56;2020;8;15;1;3;0;1;0;1;0;0;0;0;0;478892,789499999960000;5756812,119799999500000;8,692803662000074;51,961602561000063;0
93241;5200902610111971751;5;3;70;16;2020;9;6;4;3;5;3;1;1;1;0;0;0;0;301522,723299999720000;5658566,188500000200000;6,168525974000033;51,044298843000036;0
93247;5200901706200179103;5;5;58;12;2020;9;9;3;2;8;1;0;1;0;0;0;0;0;373713,097000000070000;5756461,086999999400000;7,162633969000069;51,944509395000068;1
93250;5200831500300420208;5;1;11;0;2020;8;9;2;3;3;7;0;1;0;0;0;0;1;348620,744599999860000;5674676,014100000300000;6,833067778000043;51,203403361000028;0
93251;5200902600140086304;5;3;14;0;2020;9;14;4;3;5;3;0;1;1;0;0;0;0;367490,805999999870000;5622919,376000000200000;7,121879288000059;50,742921843000033;0
93252;5200831500300398205;5;1;11;0;2020;8;10;2;3;0;5;0;1;1;0;0;0;0;345275,332700000140000;5676194,967100000000000;6,784562425000047;51,216155556000047;0
93255;5200902501126186032;5;1;12;0;2020;9;14;4;3;2;2;0;1;1;0;0;0;0;346645,750000000000000;5704232,253000000500000;6,792092336000053;51,468449380000038;0
93260;5200831406210831892;5;7;58;4;2020;8;7;2;3;5;2;0;1;1;0;0;0;0;472856,343000000340000;5781764,866000000400000;8,602965615000073;52,185681532000046;0
93261;5200830400300696922;5;7;11;0;2020;8;13;1;3;5;2;0;1;1;0;0;0;0;463113,297000000250000;5762417,710000000900000;8,462553090000029;52,011177072000066;0
93264;5200831406210396978;5;7;58;4;2020;8;7;2;3;0;2;0;1;1;0;0;0;0;470845,306599999780000;5781767,165300000500000;8,573550536000028;52,185599559000082;0
93266;5200902514119074257;5;1;66;16;2020;9;10;4;2;3;5;0;1;1;0;0;0;0;307768,628299999980000;5684730,172800000800000;6,243537347000029;51,281424427000047;0
93269;5200903301101885031;5;9;13;0;2020;9;7;5;3;3;3;0;1;1;0;0;0;0;393700,226999999960000;5707642,016000000800000;7,468211431000043;51,509895676000042;0
93271;5200831405228582006;5;7;54;28;2020;8;8;2;3;5;3;0;1;1;0;0;0;0;453055,383100000210000;5743631,404400000300000;8,318579837000073;51,841520387000060;0
93273;5200902701500339207;5;5;62;24;2020;9;11;4;3;4;6;0;1;0;0;0;0;0;369193,269700000060000;5722364,059100000200000;7,109769433000054;51,637057257000038;0
93274;5200902301306884935;5;9;13;0;2020;9;15;4;3;0;2;0;1;1;0;0;0;0;397922,483599999920000;5713903,317500000800000;7,527216660000022;51,566955221000057;0
93275;5200831405228006703;5;7;54;28;2020;8;18;2;1;5;3;0;1;0;0;0;0;1;449779,001000000160000;5745298,717000000200000;8,270783629000050;51,856225209000058;0
93277;5200902500100376201;5;1;11;0;2020;9;16;4;3;3;2;0;1;0;0;0;1;0;339303,886099999770000;5677760,686100000500000;6,698430539000071;51,228574150000043;0
93282;5200831404101482033;5;7;66;20;2020;8;6;2;3;0;3;0;1;1;0;0;0;0;484801,862300000150000;5753886,022199999500000;8,778933430000052;51,935487050000063;0
93283;5200830316300094341;5;9;74;28;2020;8;14;1;3;5;3;0;1;0;0;0;0;0;449408,715400000100000;5723532,694199999800000;8,268576167000049;51,660502301000065;0
93285;5200902602100765670;5;3;62;8;2020;9;11;4;3;5;3;0;1;1;0;0;0;0;337785,685200000180000;5653869,530999999500000;6,687452991000043;51,013483902000075;0
93288;5200901513210075524;5;1;62;24;2020;9;0;3;3;0;1;2;1;0;0;0;0;0;337692,276399999860000;5670622,134600000500000;6,678595627000050;51,163979684000026;0
93292;5200902404103890728;5;7;66;20;2020;9;20;4;3;5;6;0;1;0;0;1;0;0;492240,933299999680000;5750550,482899999200000;8,887214287000063;51,905650460000061;0
93294;5200830316200809837;5;9;74;52;2020;8;2;1;2;8;7;2;1;0;0;0;0;0;422871,872700000180000;5711222,731499999800000;7,887691802000063;51,546821924000028;0
93296;5200901501212781203;5;1;12;0;2020;9;14;3;3;5;2;0;1;0;0;0;0;1;340885,187699999660000;5697745,930099999500000;6,712139779000040;51,408581797000068;0
93298;5200901601610253204;5;3;15;0;2020;9;9;3;3;1;5;0;1;1;0;0;0;0;359644,945100000130000;5644815,568299999500000;7,002357846000052;50,937866049000036;0
93299;5200902601210143204;5;3;15;0;2020;9;17;4;3;5;2;0;1;1;0;0;0;0;353842,694799999710000;5642331,462600000200000;6,920828488000041;50,914100782000048;0
93301;5200901501212779001;5;1;12;0;2020;9;16;3;3;5;2;0;1;1;0;0;0;0;340891,092000000180000;5697886,809000000400000;6,712161401000060;51,409849207000036;0
93304;5200902601500274362;5;3;15;0;2020;9;17;4;3;2;7;0;1;1;0;0;0;0;360492,739400000310000;5646623,179199999200000;7,013724104000062;50,954317095000079;0
93305;5200831313130594384;5;9;58;44;2020;8;16;2;3;5;3;0;1;1;0;0;0;0;430700,403800000440000;5685644,313200000700000;8,005577519000042;51,317875757000081;0
93306;5200903400100561206;5;7;11;0;2020;9;16;5;3;2;6;0;1;0;0;0;0;1;468673,409699999730000;5765183,932399999400000;8,543308823000075;52,036388887000044;1
93315;5200831303100077884;5;9;15;0;2020;8;16;2;3;0;7;0;1;0;0;0;0;0;418458,962000000290000;5725970,040999999300000;7,820633693000048;51,678774669000063;0
93322;5200830316000573356;5;9;74;8;2020;8;18;1;3;8;6;0;1;1;0;0;0;0;440579,456899999640000;5717381,949999999300000;8,141985424000040;51,604339728000070;0
93323;5200902705000781625;5;5;54;8;2020;9;14;4;3;5;2;0;1;0;0;0;0;1;338727,726800000300000;5745641,280300000700000;6,659095618000038;51,838268911000057;0
93328;5200902502408578528;5;1;17;0;2020;9;14;4;3;5;3;0;1;1;0;0;0;0;352172,526999999770000;5699435,962999999500000;6,873607317000051;51,426822572000049;0
93330;5200830315120793812;5;9;70;16;2020;8;18;1;3;3;6;0;1;1;0;0;0;0;420817,775200000030000;5638234,878000000500000;7,874196133000055;50,890347397000028;0
93331;5200902706300176682;5;5;58;28;2020;9;17;4;3;5;3;0;1;1;0;0;0;0;400073,577999999750000;5728546,381999999300000;7,554062308000027;51,698962138000070;0
93333;5200831300800077940;5;9;54;36;2020;8;16;2;3;0;2;0;1;1;0;0;0;0;385145,842400000430000;5699877,332200000100000;7,347519358000056;51,438432465000062;0
93337;5200831300600169503;5;9;16;0;2020;8;16;2;3;5;3;0;1;1;0;0;0;0;377378,773000000040000;5711936,096000000800000;7,231635444000062;51,545182174000047;0
93343;5200902500300851245;5;1;11;0;2020;9;14;4;3;4;7;0;1;0;0;0;0;0;342449,525600000280000;5674357,554400000700000;6,744941014000062;51,198873342000070;0
93353;5200903404101564094;5;7;66;20;2020;9;17;5;3;0;7;0;1;0;1;0;0;0;484744,777099999600000;5754393,712400000500000;8,778080576000036;51,940050124000038;1
93359;5200902518200905206;5;1;70;24;2020;9;9;4;3;5;2;0;1;1;0;0;0;0;336940,668800000100000;5702472,350700000300000;6,653297807000058;51,449924975000044;0
93362;5200903301401427202;5;9;13;0;2020;9;7;5;3;5;2;0;1;1;0;0;0;0;395938,033499999900000;5706933,008500000500000;7,500655632000076;51,503939250000030;0
93368;5200830709700712163;5;5;66;72;2020;8;19;1;2;5;3;0;1;1;0;0;0;0;412902,790000000040000;5801665,935000000500000;7,721031916000072;52,358349884000063;0
93375;5200830709500535185;5;5;66;76;2020;8;20;1;3;5;3;2;1;1;0;0;0;0;393081,582000000400000;5793863,517999999200000;7,432557564000035;52,284721138000066;0
93378;5200902513130482342;5;1;62;22;2020;9;16;4;3;5;3;0;1;1;0;0;0;0;334748,357699999590000;5683440,739299999500000;6,630620052000040;51,278305417000070;0
93386;5200902300800885516;5;9;54;36;2020;9;12;4;3;5;3;0;1;1;0;0;0;0;384565,985899999740000;5699517,890900000900000;7,339297534000025;51,435083924000025;0
93387;5200901500300471844;5;1;11;0;2020;9;9;3;3;5;3;0;1;1;0;0;0;0;343366,097500000150000;5675411,235799999900000;6,757589441000050;51,208592985000053;0
93390;5200901506100454209;5;1;16;0;2020;9;22;3;3;5;3;2;1;1;0;0;0;0;321655,710799999540000;5669341,315400000700000;6,450100084000042;51,147699548000048;0
93391;5200902601300281849;5;3;15;0;2020;9;16;4;2;5;3;0;1;1;0;0;0;0;352770,010099999610000;5644909,890799999200000;6,904538655000067;50,936999439000033;0
93392;5200830610221867503;5;3;70;20;2020;8;14;1;2;0;1;0;1;0;0;0;0;0;303040,596099999730000;5663007,706199999900000;6,187733923000053;51,084712962000026;0
93393;5200903317140066582;5;9;78;28;2020;9;7;5;3;3;1;0;1;0;0;0;0;0;399649,631699999790000;5700142,188799999700000;7,556043241000054;51,443568475000063;0
93394;5200901506100432209;5;1;16;0;2020;9;14;3;3;3;2;0;1;1;0;0;0;0;321267,206299999730000;5671010,551599999900000;6,443722326000057;51,162573635000058;0
93395;5200902503100981088;5;1;24;0;2020;9;10;4;3;2;2;0;1;1;0;0;0;0;370683,849600000310000;5679810,387599999100000;7,146847044000026;51,254969355000071;0
93398;5200902317220659202;5;9;78;4;2020;9;12;4;3;5;3;0;1;1;0;0;0;0;406055,875500000080000;5719174,018200000700000;7,643117976000042;51,615747677000059;0
93401;5200901706200579112;5;5;58;12;2020;9;16;3;3;0;7;0;1;0;0;0;0;0;373767,594499999660000;5756312,322100000500000;7,163481037000054;51,943184899000073;0
93403;5200901601100165764;5;3;15;0;2020;9;19;3;3;1;5;0;1;1;0;0;0;0;355330,817400000060000;5645548,842100000000000;6,940706408000040;50,943389666000030;0
93404;5200904500300432200;5;1;11;0;2020;9;7;6;3;3;6;0;1;0;0;0;0;1;345128,344999999740000;5675447,717000000200000;6,782782103000045;51,209401344000071;1
93414;5200907400200051373;5;7;11;0;2020;9;7;2;2;5;3;0;1;1;0;0;0;0;472568,254200000320000;5760515,502699999100000;8,600461830000029;51,994622742000047;0
93419;5200903602800489203;5;3;62;12;2020;9;12;5;3;5;2;0;1;1;0;0;0;0;351748,414900000210000;5632829,985500000400000;6,894908771000075;50,828180526000040;1
93421;5200907505200486042;5;1;14;0;2020;9;16;2;3;5;3;0;1;1;0;0;0;0;330621,699500000100000;5693576,520199999200000;6,566691902000059;51,368152485000053;0
93422;5200904407220081981;5;7;62;32;2020;9;16;6;2;0;1;0;1;0;0;0;0;0;506403,807000000030000;5746102,144999999600000;9,093003124000063;51,865672139000026;1
93424;5200906313121779455;5;9;58;32;2020;9;12;1;3;4;2;0;1;1;0;0;0;0;442082,565999999640000;5691188,044999999900000;8,167984818000036;51,368992327000058;0
93427;5200904301203563791;5;9;13;0;2020;9;12;6;3;0;1;0;1;0;0;0;0;0;393084,106800000180000;5711229,057299999500000;7,458247775000075;51,542021303000070;1
93434;5200905608100511207;5;3;34;2;2020;9;12;7;3;5;3;0;1;1;0;0;0;0;293706,049700000320000;5629178,190400000700000;6,073777201000041;50,777616914000077;1
93435;5200904700200761206;5;5;13;0;2020;9;7;6;3;5;3;1;1;1;0;0;0;0;366552,394299999810000;5714543,072300000100000;7,074606072000051;51,566153773000053;1
93439;5200904516110791201;5;1;58;32;2020;9;16;6;3;0;1;0;1;0;0;0;0;0;365018,174399999900000;5685196,821799999100000;7,063669490000052;51,302063835000070;0
93443;5200904404101782033;5;7;66;20;2020;9;15;6;3;5;3;0;1;1;0;0;0;0;493984,937800000420000;5751517,753599999500000;8,912548192000031;51,914368837000040;0
93449;5200905601420900202;5;3;15;0;2020;9;19;7;3;0;1;0;1;0;0;0;0;0;355947,551199999640000;5649948,185900000900000;6,947737445000030;50,983080059000031;1
93451;5200907301404646202;5;9;13;0;2020;9;11;2;3;5;3;0;1;1;0;0;0;0;396187,347500000150000;5705089,789100000600000;7,504788758000075;51,487417015000062;0
93454;5200904503200078834;5;1;24;0;2020;9;7;6;2;5;2;0;1;1;0;0;0;0;373027,065600000320000;5681215,001599999100000;7,179909287000044;51,268120025000030;1
93457;5200907500200654024;5;1;11;0;2020;9;18;2;3;0;7;0;1;0;0;0;0;0;350646,161999999550000;5677900,209000000700000;6,860696030000042;51,232908764000058;0
93459;5200908301502319203;5;9;13;0;2020;9;18;3;3;1;7;0;1;1;0;0;0;0;385206,996000000280000;5706405,601600000600000;7,346278488000053;51,497121164000077;0
93461;5200903602300886745;5;3;62;36;2020;9;15;5;2;4;6;0;1;0;0;0;0;0;347451,895999999720000;5654505,026499999700000;6,824878778000027;51,021839670000077;1
93467;5200904317110375376;5;9;78;36;2020;9;15;6;3;5;3;0;1;1;0;0;0;0;409644,314199999910000;5709800,504799999300000;7,697344020000060;51,532073989000025;1
93476;5200907518100979129;5;1;70;48;2020;9;13;2;3;5;2;0;1;1;0;0;0;0;334875,898099999870000;5724911,109200000800000;6,613077435000037;51,650913704000061;0
93480;5200906500200811207;5;1;11;0;2020;9;1;1;2;0;7;2;1;0;0;0;0;0;344712,695500000380000;5678741,632700000000000;6,775409286000070;51,238885550000077;0
93481;5200907410260140096;5;7;70;36;2020;9;5;2;2;1;5;2;1;1;0;0;0;1;467524,184999999590000;5796330,549000000600000;8,523573229000022;52,316342650000081;0
93489;5200905503200007482;5;1;24;0;2020;9;13;7;3;0;1;0;1;0;0;0;0;0;376428,525600000280000;5681948,958900000900000;7,228388356000039;51,275464348000071;1
93494;5200904601110451206;5;3;15;0;2020;9;15;6;3;4;2;0;1;1;0;0;0;0;356181,518600000070000;5644620,212899999700000;6,953174001000036;50,935257050000075;0
93498;5200904500200071954;5;1;11;0;2020;9;21;6;3;0;1;2;1;0;0;0;0;0;345646,863599999810000;5688989,230799999100000;6,784352903000070;51,331217229000060;0
93503;5200905317220577204;5;9;78;4;2020;9;9;7;3;5;3;0;1;1;0;0;0;0;407143,563099999910000;5719518,800100000600000;7,658731958000033;51,619027433000042;1
93504;5200907711215376765;5;5;70;4;2020;9;7;2;3;5;2;0;1;1;0;0;0;0;422688,899199999870000;5735253,916999999400000;7,879739534000066;51,762831885000026;0
93506;5200905610112577553;5;3;70;8;2020;9;17;7;3;4;6;0;1;0;0;0;0;0;290569,599399999720000;5654373,360300000800000;6,014911358000063;51,002758586000027;0
93511;5200905501111286003;5;1;12;0;2020;9;10;7;3;0;7;0;1;0;1;0;0;0;346790,843500000420000;5708752,339999999900000;6,792218040000023;51,509101977000057;1
93512;5200904518100063695;5;1;70;48;2020;9;8;6;3;3;6;0;1;1;0;0;0;0;334554,586199999790000;5725227,851199999500000;6,608287282000049;51,653664750000075;1
93513;5200903601400086510;5;3;15;0;2020;9;8;5;3;5;3;0;1;1;0;0;0;0;352093,699000000020000;5651961,424000000600000;6,892052500000034;51,000194737000072;0
93516;5200904405112087640;5;7;54;12;2020;9;6;6;3;0;7;2;1;0;0;0;0;0;459095,485799999910000;5766308,579299999400000;8,403550792000033;52,045876054000075;1
93518;5200906313110980674;5;9;58;4;2020;9;11;1;2;8;1;0;1;0;0;0;0;0;434157,089499999770000;5690743,698200000500000;8,054229036000038;51,364133644000049;0
93519;5200904600110854205;5;3;14;0;2020;9;18;6;3;6;4;0;1;0;1;0;0;0;365376,929499999620000;5623224,478800000600000;7,091824329000076;50,745177821000027;0
93521;5200906709100379088;5;5;66;8;2020;9;9;1;3;0;1;0;1;0;0;0;0;0;398286,099200000060000;5781364,637599999100000;7,512587636000035;52,173374485000068;0
93522;5200907506100998209;5;1;16;0;2020;9;6;2;3;5;2;2;1;1;0;0;0;0;321270,455000000070000;5674203,176899999400000;6,442181256000026;51,191254845000060;0
93524;5200903601200471673;5;3;15;0;2020;9;7;5;3;1;5;0;1;1;0;0;0;0;359311,417600000280000;5638735,355299999900000;6,999957988000062;50,883140997000055;0
93527;5200905313212075378;5;9;58;36;2020;9;15;7;2;9;1;0;1;0;0;0;0;0;465024,672299999740000;5683597,303099999200000;8,498288070000058;51,302615845000048;1
93528;5200907706200668276;5;5;58;20;2020;9;6;2;3;5;3;0;1;1;0;0;0;0;391909,656000000420000;5760753,436000000700000;7,425910158000022;51,986920614000041;0
93535;5200904515210586040;5;1;54;12;2020;9;9;6;3;5;3;0;1;1;0;0;0;0;314682,848000000230000;5710953,284000000000000;6,328870839000047;51,519255362000081;1
93538;5200907502200871497;5;1;13;0;2020;9;16;2;3;5;3;0;1;1;0;0;0;0;362025,741999999620000;5692285,322000000600000;7,018024144000037;51,365047968000056;0
93540;5200903601130306201;5;3;15;0;2020;9;8;5;3;0;1;0;1;0;0;0;0;0;354481,286100000140000;5644828,114199999700000;6,928910057000053;50,936698900000067;0
93541;5200906300800371462;5;9;54;36;2020;9;12;1;3;5;3;0;1;1;0;0;0;0;384959,369199999610000;5698645,475500000600000;7,345237806000057;51,427322603000050;0
93545;5200905516920821206;5;1;58;26;2020;9;11;7;3;5;3;0;1;1;0;0;0;0;352569,183000000190000;5666051,892999999200000;6,893081693000056;51,126938410000037;1
93546;5200904601700767747;5;3;16;0;2020;9;9;6;2;5;3;0;1;1;0;0;0;0;361006,726999999960000;5657661,818000000000000;7,016810558000032;51,053646786000058;0
93549;5200907702100864164;5;5;15;0;2020;9;8;2;3;5;3;0;1;1;0;0;0;0;407900,100200000220000;5760298,740199999900000;7,658821725000053;51,985715142000060;0
93552;5200904608404423204;5;3;34;4;2020;9;13;6;3;0;3;0;1;1;0;0;0;0;300097,337899999690000;5640031,092199999800000;6,158399026000041;50,877332611000043;1
93554;5200907601300369673;5;3;15;0;2020;9;14;2;2;5;2;0;1;1;0;0;0;0;348897,447700000370000;5643018,056700000500000;6,850247190000061;50,918997229000070;0
93556;5200904505100576316;5;1;14;0;2020;9;11;6;3;0;3;0;1;0;0;1;0;0;328586,377600000240000;5689336,228599999100000;6,539523241000040;51,329448539000055;1
93557;5200903601110828201;5;3;15;0;2020;9;18;5;3;0;5;0;1;1;0;0;0;0;356415,442800000310000;5646289,360700000100000;6,955842996000058;50,950315739000075;0
93562;5200903601110294200;5;3;15;0;2020;9;7;5;3;5;3;0;1;0;0;0;0;0;354966,471099999730000;5645431,368599999700000;6,935570489000043;50,942242424000028;0
93564;5200904709700552883;5;5;66;28;2020;9;14;6;2;5;3;0;1;1;0;0;0;0;410817,001000000160000;5788367,857000000800000;7,693933475000051;52,238489275000063;0
93565;5200907701500527205;5;5;62;24;2020;9;11;2;2;5;3;0;1;0;0;0;0;0;369138,275500000450000;5724829,845200000300000;7,108052706000024;51,659203488000060;0
93570;5200907516500576154;5;1;58;16;2020;9;17;2;3;3;2;0;1;1;0;0;0;0;355335,078800000250000;5670710,237299999200000;6,930709039000021;51,169505407000031;0
93571;5200905404301776257;5;7;66;44;2020;9;9;7;3;5;3;0;1;1;0;0;0;0;492220,603900000450000;5766130,125700000700000;8,886565587000064;52,045726407000075;1
93572;5200904502100885368;5;1;13;0;2020;9;22;6;2;5;1;2;1;1;0;0;0;0;366306,891999999990000;5700978,953999999900000;7,076207850000060;51,444199867000066;0
93573;5200903601100492302;5;3;15;0;2020;9;16;5;3;5;2;0;1;1;0;0;0;0;356179,667899999770000;5644620,807000000000000;6,953147446000060;50,935261928000045;1
93574;5200906411132869205;5;7;74;32;2020;9;11;1;3;0;7;0;1;0;0;0;0;0;481900,465099999680000;5727568,818800000500000;8,738106568000035;51,698778448000041;0
93576;5200903607500071621;5;3;82;56;2020;9;5;5;3;5;3;2;1;1;0;0;0;0;373766,187400000170000;5626703,132400000500000;7,209478234000073;50,778330309000069;0
93579;5200904503100081995;5;1;24;0;2020;9;14;6;3;3;2;0;1;1;0;0;0;0;371386,811800000260000;5680098,133999999600000;7,156811729000026;51,257714457000077;1
93582;5200907500200044204;5;1;11;0;2020;9;9;2;3;3;7;0;1;1;0;0;0;0;345948,724100000230000;5682652,352199999600000;6,791418188000023;51,274360090000073;0
93584;5200908301202033205;5;9;13;0;2020;9;8;3;3;6;4;0;1;0;1;0;0;0;393535,197300000120000;5714786,645199999200000;7,463672828000028;51,574083619000078;0
93587;5200904706300672172;5;5;58;44;2020;9;8;6;3;5;3;0;1;1;0;0;0;0;396379,449000000020000;5746146,626000000200000;7,495374211000069;51,856486899000060;1
93589;5200903705000980974;5;5;54;8;2020;9;9;5;3;5;3;0;1;1;0;0;0;0;335761,165599999950000;5746340,667300000800000;6,615743118000069;51,843687321000061;1
93591;5200903705000938824;5;5;54;44;2020;9;19;5;2;0;1;0;1;0;0;0;0;0;366040,965400000100000;5746034,352499999100000;7,055129705000070;51,849021213000071;1
93597;5200906405236587068;5;7;54;36;2020;9;13;1;3;5;3;0;1;1;0;0;0;0;475774,809500000440000;5748858,230599999400000;8,647985029000040;51,889962795000031;0
93607;5200907603116575849;5;3;66;16;2020;9;13;2;2;0;1;0;1;0;0;0;0;0;346666,914499999960000;5616512,663599999600000;6,829603884000051;50,680222912000033;0
93614;5200907400300504074;5;7;11;0;2020;9;18;2;3;2;3;0;1;1;0;0;0;0;465377,078999999910000;5755474,059000000400000;8,496236190000047;51,948895052000069;0
93615;5200907607300037085;5;3;82;16;2020;9;16;2;3;5;2;0;1;1;0;0;0;0;389996,853000000120000;5623394,003000000500000;7,440588314000024;50,751889019000032;0
93618;5200904518320085907;5;1;70;52;2020;9;19;6;3;0;3;0;1;1;0;0;0;0;322409,351200000380000;5726753,047000000300000;6,432121979000044;51,663659769000049;0
93619;5200903518110044123;5;1;70;12;2020;9;15;5;3;5;3;0;1;1;0;0;0;0;328300,163900000040000;5734938,865100000100000;6,513182377000021;51,739023204000034;1
93620;5200906702100076712;5;5;15;0;2020;9;16;1;3;0;4;0;1;0;1;0;0;0;403713,901200000200000;5758610,998299999200000;7,598354286000074;51,969835387000046;0
93629;5200903702100971205;5;5;15;0;2020;9;15;5;3;5;2;0;1;1;0;0;0;0;405180,044200000350000;5750136,800499999900000;7,622025772000029;51,893917488000056;1
93631;5200907315110675748;5;9;70;40;2020;9;13;2;3;0;1;0;1;0;0;0;0;0;432092,470800000240000;5639158,999800000300000;8,034300284000040;50,900092259000076;0
93636;5200906601500266047;5;3;15;0;2020;9;11;1;3;3;6;0;1;0;0;0;0;0;360011,045500000010000;5648817,132500000300000;7,006026080000027;50,973917585000038;0
93643;5200904404101874621;5;7;66;20;2020;9;19;6;3;0;1;0;1;0;0;0;0;0;489631,341300000440000;5754200,716800000500000;8,849171459000047;51,938427424000054;1
93648;5200904300110440207;5;9;11;0;2020;9;15;6;2;1;5;0;1;1;0;0;0;0;375417,438299999570000;5705828,200200000800000;7,205524273000037;51,489859214000035;0
93649;5200905601510896203;5;3;15;0;2020;9;21;7;3;1;7;2;1;1;0;0;0;0;364108,218500000420000;5648562,705199999700000;7,064444299000058;50,972612298000058;0
93652;5200907301404862202;5;9;13;0;2020;9;16;2;3;5;3;0;1;1;0;0;0;0;396518,127000000330000;5705088,831000000200000;7,509551512000030;51,487469033000082;0
93654;5200905411232290677;5;7;74;32;2020;9;23;7;2;0;1;2;1;0;0;0;0;0;479802,309999999590000;5732504,718000000300000;8,707461206000062;51,743086858000026;1
93658;5200907500300200208;5;1;11;0;2020;9;16;2;3;5;3;0;1;1;0;0;0;0;344546,786000000310000;5674464,417999999600000;6,774888908000037;51,200408023000080;0
93664;5200904709300387329;5;5;66;84;2020;9;13;6;3;1;3;0;1;1;0;0;0;0;386828,911999999550000;5779141,426100000700000;7,345856516000026;52,151163772000075;0
93665;5200907701400661207;5;5;12;0;2020;9;17;2;3;5;7;0;1;1;0;0;0;0;353812,568099999800000;5710895,933499999300000;6,892438221000020;51,530223683000031;0
93677;5200907518200988201;5;1;70;24;2020;9;7;2;3;0;3;0;1;1;0;0;0;0;335952,997000000440000;5702272,264000000400000;6,639189214000055;51,447842112000046;0
93681;5200906500200870204;5;1;11;0;2020;9;13;1;3;6;6;0;1;0;1;0;0;0;349840,765100000430000;5678577,832599999400000;6,848884381000062;51,238786393000055;0
93682;5200907411220898209;5;7;74;24;2020;9;19;2;2;8;6;0;1;0;0;0;0;0;475004,717299999670000;5740634,003699999300000;8,637389886000051;51,815984736000075;0
93687;5200903701800535205;5;5;62;4;2020;9;9;5;3;5;3;0;1;1;0;0;0;0;382722,144500000400000;5714212,701899999800000;7,307897859000036;51,566779450000070;0
93689;5200907608416256743;5;3;34;16;2020;9;19;2;3;5;3;1;1;1;0;0;0;0;295328,069199999790000;5634515,285599999100000;6,093779060000031;50,826125262000062;0