OBJECTID;UIDENTSTLAE;ULAND;UREGBEZ;UKREIS;UGEMEINDE;UJAHR;UMONAT;USTUNDE;UWOCHENTAG;UKATEGORIE;UART;UTYP1;ULICHTVERH;IstRad;IstPKW;IstFuss;IstKrad;IstGkfz;IstSonstige;LINREFX;LINREFY;XGCSWGS84;YGCSWGS84;STRZUSTAND
93699;5200904500200572199;5;1;11;0;2020;9;19;6;2;8;1;0;1;1;0;0;0;0;347193,827800000090000;5677239,837400000500000;6,811565583000061;51,226060970000049;0
93709;5200907317240618567;5;9;78;40;2020;9;8;2;3;0;2;0;1;1;0;0;0;0;405612,342000000180000;5725015,924000000600000;7,635137806000046;51,668186125000034;0
93710;5200907606150773207;5;3;78;24;2020;9;20;2;3;0;5;2;1;0;0;0;0;1;376670,917500000450000;5647111,784199999600000;7,243776815000047;50,962398277000034;0
93713;5200904518100491398;5;1;70;48;2020;9;21;6;3;5;2;2;1;1;0;0;0;0;334555,665000000040000;5725556,233999999200000;6,608147493000047;51,656615143000067;0
93714;5200903506100572044;5;1;16;0;2020;9;7;5;3;5;2;0;1;1;0;0;0;0;319929,573900000190000;5674252,757500000300000;6,422987627000055;51,191279357000042;0
93716;5200907505200417751;5;1;14;0;2020;9;18;2;3;0;1;0;1;0;0;0;0;0;336559,643299999650000;5691197,746500000400000;6,653011799000069;51,348520526000073;0
93718;5200903506100173743;5;1;16;0;2020;9;17;5;3;0;1;0;1;0;0;0;0;0;320914,993099999610000;5671897,729299999800000;6,438248533000035;51,170433234000029;0
93722;5200904300400071482;5;9;11;0;2020;9;14;6;3;0;1;0;1;0;0;0;0;0;374407,927500000220000;5701696,030099999200000;7,192459737000036;51,452498878000029;1
93724;5200903701110638204;5;5;62;32;2020;9;13;5;3;5;2;0;1;1;0;0;0;0;374882,807500000110000;5720839,372500000500000;7,192486203000044;51,624649191000060;1
93730;5200907706300172172;5;5;58;24;2020;9;11;2;3;5;3;0;1;1;0;0;0;0;392214,678000000310000;5736465,305999999900000;7,437935271000072;51,768683382000063;0
93735;5200907602300862206;5;3;62;36;2020;9;7;2;3;3;6;0;1;0;0;0;0;0;344950,160099999980000;5647376,883800000000000;6,792277849000072;50,957118223000066;0
93737;5200904515212278833;5;1;54;64;2020;9;17;6;2;5;3;0;1;1;0;0;0;0;308473,336900000460000;5727453,654600000000000;6,230474167000068;51,665376025000057;0
93739;5200906602700818205;5;3;62;28;2020;9;17;1;3;5;3;0;1;1;0;0;0;0;350095,948599999770000;5639041,650000000400000;6,868918257000075;50,883576148000031;0
93751;5200905410120811320;5;7;70;32;2020;9;16;7;3;5;3;0;1;1;0;0;0;0;495333,498900000010000;5789921,760600000600000;8,931628985000032;52,259665234000067;1
93753;5200903503100573208;5;1;24;0;2020;9;15;5;3;5;2;0;1;1;0;0;0;0;369503,898199999700000;5679503,675599999700000;7,130059333000077;51,251944011000035;1
93754;5200906503400879208;5;1;22;0;2020;9;13;1;3;6;7;0;1;0;1;0;0;0;367829,402099999600000;5666861,842199999800000;7,110732441000039;51,137942492000036;0
93757;5200907601310132204;5;3;15;0;2020;9;15;2;3;5;3;0;1;1;0;0;0;0;354477,897199999540000;5647389,351099999600000;6,927838326000028;50,959715104000054;0
93760;5200903502210742208;5;1;13;0;2020;9;8;5;3;5;3;0;1;1;0;0;0;0;361051,059999999590000;5699580,030899999700000;7,001175979000038;51,430363654000075;0
93762;5200907501134072358;5;1;12;0;2020;9;17;2;3;0;7;0;1;0;0;0;0;0;342654,192499999890000;5712965,039999999100000;6,730775742000049;51,545814887000063;0
93769;5200905513120086710;5;1;62;20;2020;9;10;7;3;1;2;0;1;1;0;0;0;0;329505,363599999810000;5675466,091000000000000;6,559314807000021;51,205116858000054;1
93783;5200907500200050578;5;1;11;0;2020;9;8;2;3;6;2;0;1;0;1;0;0;0;346509,479000000280000;5680015,314999999500000;6,800582863000045;51,250816423000060;0
93788;5200904709100665868;5;5;66;12;2020;9;12;6;3;0;3;0;1;1;0;0;0;0;403288,396999999880000;5773275,402799999300000;7,588015192000057;52,101567808000027;0
93792;5200904601110253200;5;3;15;0;2020;9;12;6;3;0;1;0;1;0;0;0;0;0;355285,754300000150000;5644187,333100000400000;6,940606135000053;50,931142773000033;0
93796;5200904500200056862;5;1;11;0;2020;9;16;6;3;0;5;0;1;1;0;0;0;0;347079,370199999770000;5681348,773600000900000;6,808172660000025;51,262951336000071;0
93798;5200906405244482479;5;7;54;44;2020;9;15;1;3;5;3;0;1;1;0;0;0;0;466318,301599999890000;5748018,674399999900000;8,510659638000050;51,881923275000077;0
93799;5200907406130731913;5;7;58;8;2020;9;14;2;3;5;3;0;1;0;0;0;0;0;471763,844999999740000;5779773,873999999800000;8,587151678000055;52,167726759000061;0
93801;5200905316100482003;5;9;74;40;2020;9;8;7;3;5;3;0;1;1;0;0;0;0;437065,634999999780000;5713096,152000000700000;8,092021956000053;51,565426643000080;1
93802;5200907709500638473;5;5;66;76;2020;9;17;2;3;4;3;0;1;1;0;0;0;0;391506,010999999940000;5795043,193000000000000;7,409089171000062;52,295014163000076;0
93803;5200904303100084998;5;9;15;0;2020;9;11;6;3;5;1;0;1;1;0;0;0;0;418611,539699999620000;5725221,638499999400000;7,823014422000028;51,672068994000028;1
93818;5200904600110698201;5;3;14;0;2020;9;9;6;3;6;4;0;1;0;1;0;0;0;365434,108099999840000;5623272,176100000700000;7,092616888000066;50,745619775000080;0
93820;5200906706100527034;5;5;58;16;2020;9;10;1;2;5;3;0;1;1;0;0;0;0;387731,753999999720000;5747268,582000000400000;7,369493252000041;51,864897917000064;0
93821;5200907506100386200;5;1;16;0;2020;9;16;2;3;8;1;0;1;0;0;0;0;0;317790,729799999860000;5676136,843000000300000;6,391455846000042;51,207526003000055;0
93826;5200907706200579103;5;5;58;12;2020;9;12;2;3;0;7;0;1;0;0;0;0;0;374949,700899999590000;5755872,713999999700000;7,180829609000057;51,939501303000043;0
93829;5200904609236102211;5;3;58;36;2020;9;20;6;3;0;5;2;1;1;0;0;0;0;308257,235999999570000;5651081,924000000600000;6,268436139000073;50,979360384000074;0
93834;5200903411232078107;5;7;74;32;2020;9;13;5;3;5;3;0;1;0;0;0;0;0;480745,548000000420000;5733271,100999999800000;8,721080240000049;51,750010801000030;1
93835;5200906601510134208;5;3;15;0;2020;9;16;1;3;0;3;0;1;1;0;0;0;0;360549,984500000250000;5648894,344599999500000;7,013668060000043;50,974742250000077;0
93836;5200907502113763711;5;1;13;0;2020;9;15;2;3;0;2;0;1;1;0;0;0;0;362711,895999999720000;5702081,973999999500000;7,024081912000042;51,453252107000026;0
93837;5200904400200628207;5;7;11;0;2020;9;14;6;2;5;2;0;1;1;0;0;0;0;470775,311599999670000;5765739,417300000800000;8,573902732000022;52,041497831000072;0
93845;5200907702100670610;5;5;15;0;2020;9;14;2;3;5;2;0;1;1;0;0;0;0;406322,628999999720000;5756457,540999999300000;7,636905299000034;51,950924902000054;0
93853;5200903406110290769;5;7;58;12;2020;9;15;5;3;5;2;0;1;0;0;0;0;1;478081,113599999810000;5774520,799900000900000;8,679855199000031;52,120785562000037;1
93854;5200906516500917201;5;1;58;16;2020;9;18;1;2;5;2;0;1;1;0;0;0;0;355345,502399999650000;5670717,839199999300000;6,930854975000045;51,169576357000039;0
93858;5200903405232479364;5;7;54;32;2020;9;16;5;3;5;3;0;1;1;0;0;0;0;461296,185999999750000;5742132,594000000500000;8,438359240000068;51,828676991000066;1
93863;5200905508000078988;5;1;19;0;2020;9;16;7;2;5;3;0;1;1;0;0;0;0;351194,432799999600000;5712895,315099999300000;6,853876010000022;51,547504954000033;0
93864;5200904601300086482;5;3;15;0;2020;9;14;6;3;3;2;0;1;0;0;0;0;1;354658,302799999710000;5646836,312200000500000;6,930626266000047;50,954790645000060;1
93867;5200905404103484937;5;7;66;32;2020;9;22;7;2;7;7;2;1;0;0;0;0;0;503577,617899999950000;5748520,094499999700000;9,051983189000055;51,887437556000066;1
93873;5200907600110258202;5;3;14;0;2020;9;17;2;2;5;2;0;1;1;0;0;0;0;365094,479000000280000;5622316,406999999700000;7,088155667000024;50,736950611000054;0
93890;5200907513210573873;5;1;62;24;2020;9;20;2;2;7;7;2;1;0;0;0;0;0;338181,256000000050000;5677515,000000000000000;6,682476662000056;51,226049540000076;0
93894;5200907405108072270;5;7;54;8;2020;9;10;2;1;5;2;0;1;0;0;0;1;0;462259,796000000090000;5747728,572000000600000;8,451730632000022;51,879055086000051;0
93906;5200909503400548086;5;1;22;0;2020;9;11;4;3;0;7;0;1;0;0;0;0;0;362412,718999999580000;5668004,701999999600000;7,032916795000062;51,146937379000065;0
93909;5200909709110174676;5;5;66;4;2020;9;18;4;3;5;2;0;1;1;0;0;0;0;394637,783400000070000;5768201,042999999600000;7,463331004000054;52,054381598000077;0
93910;5200909317220875400;5;9;78;4;2020;9;7;4;3;5;3;0;1;1;0;0;0;0;405160,741700000130000;5718877,538799999300000;7,630273305000060;51,612932521000062;0
93911;5200910602200399205;5;3;62;4;2020;9;8;5;2;5;2;0;1;1;0;0;0;0;330078,394700000060000;5651806,653699999700000;6,578645109000036;50,992724753000061;0
93914;5200909602900473791;5;3;62;40;2020;9;8;4;3;3;1;0;1;0;0;0;0;0;354642,723799999800000;5633067,913799999300000;6,935883271000023;50,831052743000043;0
93925;5200910502244381341;5;1;13;0;2020;9;16;5;3;5;2;0;1;0;0;0;0;0;366145,635800000280000;5697938,056700000500000;7,075037990000055;51,416833988000064;0
93928;5200909301402647204;5;9;13;0;2020;9;15;4;3;0;5;0;1;1;0;0;0;0;400289,400399999690000;5705971,784900000300000;7,563600977000021;51,496083417000079;0
93931;5200910316300975008;5;9;74;28;2020;9;6;5;3;5;3;1;1;1;0;0;0;0;451744,221400000150000;5726046,373700000300000;8,301991696000073;51,683307686000035;0
93932;5200909301303545204;5;9;13;0;2020;9;12;4;3;5;3;0;1;1;0;0;0;0;401604,076700000090000;5712985,669399999100000;7,580574021000075;51,559361079000041;0
93933;5200909701120172204;5;5;62;32;2020;9;11;4;3;5;2;0;1;1;0;0;0;0;375983,097000000070000;5715007,133999999600000;7,210435154000038;51,572477372000037;0
93938;5200910500100057529;5;1;11;0;2020;9;18;5;3;5;3;0;1;0;0;1;0;0;346374,838999999690000;5675541,500000000000000;6,800573201000020;51,210580677000053;0
93941;5200909300400163243;5;9;16;0;2020;9;15;4;3;5;2;0;1;0;0;0;0;1;376144,542999999600000;5712834,314999999500000;7,213529196000025;51,552985186000058;0
93944;5200909300220517202;5;9;11;0;2020;9;15;4;3;0;1;0;1;0;0;0;0;0;374406,665300000460000;5701702,884800000100000;7,192439147000073;51,452560203000075;0
93948;5200909514211285929;5;1;66;12;2020;9;19;4;3;5;2;1;1;1;0;0;0;0;320509,972199999730000;5698507,941900000000000;6,419086789000062;51,409344989000033;0
93951;5200908709110038159;5;5;66;8;2020;9;19;3;3;2;6;1;1;0;0;0;0;0;398874,088800000030000;5781255,109500000300000;7,521215634000043;52,172498154000039;0
93955;5200908706200972440;5;5;58;12;2020;9;14;3;3;5;2;0;1;1;0;0;0;0;374016,183100000020000;5757058,198400000100000;7,166822342000046;51,949944014000039;0
93956;5200910513130767486;5;1;62;22;2020;9;18;5;3;0;1;0;1;0;0;0;0;0;337930,033099999650000;5681499,159399999300000;6,677078480000034;51,261774871000057;0
93969;5200910506100072015;5;1;16;0;2020;9;14;5;3;5;2;0;1;1;0;0;0;0;318761,480000000450000;5667662,413000000600000;6,409609137000075;51,131708819000039;0
93979;5200909601620215203;5;3;15;0;2020;9;14;4;3;5;3;0;1;1;0;0;0;0;365148,042700000110000;5637065,126299999700000;7,083497319000060;50,869521348000035;0
93981;5200910503100481536;5;1;24;0;2020;9;8;5;3;3;5;0;1;1;0;0;0;0;369586,083800000140000;5679560,344100000300000;7,131215685000029;51,252472110000042;0
93982;5200908608404926201;5;3;34;4;2020;9;11;3;3;5;2;0;1;1;0;0;0;0;303140,523000000040000;5637819,605000000400000;6,202792056000021;50,858513622000032;0
93988;5200909516200076014;5;1;58;28;2020;9;17;4;3;0;7;0;1;0;0;0;0;0;349396,608699999750000;5685477,589099999500000;6,839619876000029;51,300668424000037;0
93992;5200910601110142204;5;3;15;0;2020;9;22;5;3;0;1;2;1;0;0;0;0;0;355285,438199999740000;5645327,613399999200000;6,940148793000049;50,941390146000060;0
93993;5200909601200985731;5;3;15;0;2020;9;13;4;3;5;3;0;1;1;0;0;0;0;358989,230800000020000;5637985,377000000300000;6,995670031000032;50,876322266000045;0
93998;5200908607000364428;5;3;82;68;2020;9;12;3;3;0;3;0;1;1;0;0;0;0;369554,595599999650000;5630914,919900000100000;7,148277215000064;50,815254297000081;0
94000;5200908606500567760;5;3;78;24;2020;9;14;3;3;0;5;0;1;1;0;0;0;1;379660,814299999740000;5643790,219300000000000;7,287430464000067;50,933174483000073;0
94004;5200910406110176086;5;7;58;12;2020;9;16;5;2;5;3;0;1;1;0;0;0;0;471545,200799999760000;5773659,107200000400000;8,584466836000047;52,112740678000080;0
94005;5200908602800112200;5;3;62;12;2020;9;12;3;3;5;3;0;1;1;0;0;0;0;353133,495900000450000;5634527,851800000300000;6,913881769000057;50,843791941000063;0
94010;5200908602300953771;5;3;62;36;2020;9;22;3;3;0;3;2;1;1;0;0;0;0;346104,560600000430000;5651672,795099999800000;6,806883758000026;50,996030499000028;0
94014;5200909505100382284;5;1;14;0;2020;9;18;4;3;0;1;1;1;0;0;0;0;0;334706,121500000360000;5689788,440600000300000;6,627074047000065;51,335322926000060;0
94015;5200910405148287063;5;7;54;48;2020;9;16;5;3;5;2;0;1;1;0;0;0;0;444059,741000000390000;5767664,797000000300000;8,184105823000039;52,056754890000036;0
94021;5200908601510171208;5;3;15;0;2020;9;8;3;3;0;1;0;1;0;0;0;0;0;361163,454699999650000;5649465,519700000100000;7,022182640000040;50,980023720000077;0
94024;5200908601420113200;5;3;15;0;2020;9;6;3;2;9;7;1;1;0;0;0;0;0;356380,432500000110000;5647227,292099999300000;6,954974852000021;50,958736054000042;0
94025;5200910506100386847;5;1;16;0;2020;9;16;5;3;5;3;0;1;1;0;0;0;0;320914,273299999540000;5671910,965800000400000;6,438231656000028;51,170551915000033;0
94029;5200909702100501949;5;5;15;0;2020;9;10;4;3;5;3;0;1;0;0;0;0;0;404685,562500000000000;5759365,830900000400000;7,612284727000031;51,976787571000045;0
94030;5200908601310348202;5;3;15;0;2020;9;11;3;3;2;6;0;1;0;0;0;0;0;353835,830500000160000;5646194,231899999100000;6,919181924000043;50,948812495000027;0
94033;5200908601300587361;5;3;15;0;2020;9;13;3;3;5;2;0;1;1;0;0;0;0;354206,946000000460000;5645931,428999999500000;6,924566691000052;50,946544753000069;0
94039;5200910317250077739;5;9;78;32;2020;9;13;5;3;5;3;0;1;1;0;0;0;0;394121,534500000070000;5727152,681600000700000;7,468391299000075;51,685343943000078;0
94044;5200909600120713203;5;3;14;0;2020;9;17;4;3;5;2;0;1;1;0;0;0;0;368070,897800000380000;5622217,857499999900000;7,130347711000070;50,736748612000042;0
94046;5200910500300062201;5;1;11;0;2020;9;11;5;2;0;7;0;1;0;0;0;0;0;348379,956100000070000;5674932,486400000800000;6,829515276000052;51,205644094000036;0
94048;5200910303100079599;5;9;15;0;2020;9;12;5;2;5;3;0;1;1;0;0;0;0;419931,297000000250000;5727254,820000000300000;7,841629290000071;51,690536167000062;0
94052;5200910516310480208;5;1;58;28;2020;9;7;5;2;5;2;0;1;1;0;0;0;0;350548,193300000390000;5684911,967100000000000;6,856363541000064;51,295889377000037;0
94054;5200909610221802206;5;3;70;20;2020;9;15;4;3;3;2;0;1;1;0;0;0;0;302746,335799999540000;5661433,588899999900000;6,184396665000065;51,070473921000030;0
94056;5200910518310144893;5;1;70;32;2020;9;10;5;3;5;2;0;1;0;0;0;0;1;332223,033499999900000;5715818,598700000000000;6,579117235000069;51,568445689000043;0
94058;5200908518310128264;5;1;70;32;2020;9;16;3;2;5;3;0;1;1;0;0;0;0;333656,877000000330000;5710816,017000000900000;6,602151655000057;51,523928437000052;0
94059;5200910410110287061;5;7;70;24;2020;9;0;5;2;0;1;2;1;0;0;0;0;0;494657,953900000080000;5794306,825699999900000;8,921661795000034;52,299083111000073;1
94062;5200908516900075357;5;1;58;26;2020;9;18;3;2;5;6;0;1;0;0;0;0;0;353047,023900000380000;5664170,348700000000000;6,900672277000069;51,110153128000036;0
94068;5200908515110454207;5;1;54;36;2020;9;20;3;3;0;7;1;1;0;0;0;0;0;300208,366100000220000;5741678,612500000700000;6,102960399000040;51,790237666000053;0
94071;5200908513210286832;5;1;62;24;2020;9;13;3;2;0;1;0;1;0;0;0;1;0;337061,114199999720000;5673034,523700000700000;6,668482973000039;51,185475055000040;0
94074;5200909602700567507;5;3;62;28;2020;9;15;4;3;5;3;0;1;1;0;0;0;0;351513,400899999770000;5638502,317299999300000;6,889273592000052;50,879095417000030;0
94075;5200908508000481902;5;1;19;0;2020;9;5;3;3;1;3;2;1;0;0;0;1;0;348622,287399999800000;5704130,019600000200000;6,820570907000047;51,468062959000065;0
94077;5200909501126074699;5;1;12;0;2020;9;12;4;3;0;5;0;1;1;0;0;0;0;344240,027700000440000;5704614,273399999400000;6,757316053000068;51,471224762000077;0
94078;5200910400200576861;5;7;11;0;2020;9;13;5;3;5;2;0;1;0;0;0;0;1;470205,826999999580000;5765038,208000000600000;8,565660981000065;52,035163195000052;0
94079;5200908508000371186;5;1;19;0;2020;9;13;3;3;5;3;0;1;1;0;0;0;0;350847,833700000310000;5705606,089999999900000;6,851965233000044;51,481917056000043;0
94080;5200909701610291209;5;5;62;12;2020;9;18;4;2;5;3;1;1;1;0;0;0;0;359096,551199999640000;5735686,179300000900000;6,958581058000050;51,754327776000082;1
94083;5200909601220022203;5;3;15;0;2020;9;11;4;3;5;2;0;1;1;0;0;0;0;357577,591199999680000;5634590,608100000800000;6,976939410000057;50,845466973000043;0
94088;5200908506100176206;5;1;16;0;2020;9;19;3;3;5;3;0;1;0;0;0;1;0;322614,915000000040000;5672856,530700000000000;6,462066549000042;51,179576258000054;0
94096;5200909516710347205;5;1;58;8;2020;9;11;4;3;0;3;0;1;1;0;0;0;0;358817,615000000220000;5673418,813999999300000;6,979425442000036;51,194716644000039;0
94097;5200908503100071923;5;1;24;0;2020;9;8;3;3;1;5;0;1;1;0;0;0;0;371510,680700000380000;5680054,266799999400000;7,158601697000051;51,257348132000061;0
94102;5200910502135177745;5;1;13;0;2020;9;17;5;3;0;1;0;1;0;0;0;0;0;366694,529199999760000;5703597,098200000800000;7,080795650000027;51,467819843000029;0
94104;5200910307000886075;5;9;62;8;2020;9;19;5;3;2;7;1;1;1;0;0;0;0;420843,554999999700000;5687265,552999999400000;7,863803397000027;51,331164935000061;0
94105;5200908501318964205;5;1;12;0;2020;9;11;3;3;0;7;0;1;0;0;0;0;0;343857,217100000010000;5698912,668500000600000;6,754324208000071;51,419890957000064;0
94108;5200910518100944404;5;1;70;48;2020;9;16;5;3;5;2;0;1;1;0;0;0;0;336533,671900000420000;5722909,942500000800000;6,637953855000035;51,633419922000030;0
94111;5200910406130847871;5;7;58;8;2020;9;12;5;2;5;3;0;1;1;0;0;0;0;469558,432199999690000;5776502,328400000900000;8,555199998000035;52,138196835000031;0
94115;5200909606400681759;5;3;78;24;2020;9;12;4;3;0;7;0;1;1;0;0;0;0;379857,761400000190000;5643874,554500000600000;7,290204117000030;50,933973599000069;0
94120;5200910515211585913;5;1;54;16;2020;9;7;5;3;5;3;0;1;0;0;0;1;0;303616,111800000070000;5728452,371700000000000;6,159767933000069;51,672668711000028;0
94121;5200909506100297863;5;1;16;0;2020;9;11;4;3;5;3;0;1;1;0;0;0;0;321006,838700000200000;5671369,436200000300000;6,439823888000035;51,165716192000048;0
94123;5200908500200070549;5;1;11;0;2020;9;13;3;3;4;6;0;1;0;0;0;0;1;344873,624699999580000;5681244,712099999200000;6,776627969000060;51,261420348000058;0
94125;5200908500100465203;5;1;11;0;2020;9;16;3;2;6;6;0;1;0;1;0;0;0;343056,412700000220000;5677982,331199999900000;6,752034115000072;51,231609874000071;0
94126;5200910602400165275;5;3;62;32;2020;9;15;5;1;0;1;0;1;0;0;0;0;0;339088,141099999660000;5642651,006300000500000;6,710966420000034;50,913047316000075;0
94127;5200909602200327200;5;3;62;4;2020;9;17;4;3;1;3;0;1;1;0;0;0;0;329381,706000000240000;5651672,463999999700000;6,568789979000030;50,991313041000069;0
94129;5200910505100282284;5;1;14;0;2020;9;22;5;2;0;7;2;1;0;0;0;0;0;331332,346800000410000;5689393,149499999400000;6,578873938000072;51,330780914000059;0
94131;5200910400100770333;5;7;11;0;2020;9;17;5;3;0;3;0;1;1;0;0;0;0;467276,045400000180000;5765963,827999999700000;8,522863602000030;52,043319894000035;0
94132;5200910508000578099;5;1;19;0;2020;9;8;5;3;0;2;0;1;1;0;0;0;0;353182,242999999780000;5709835,378000000500000;6,883799568000029;51,520530469000050;0
94133;5200909502318173503;5;1;13;0;2020;9;0;4;2;0;1;2;1;0;0;0;0;0;354817,691300000060000;5704953,537599999500000;6,909364391000054;51,477086286000031;0
94136;5200909705000217366;5;5;54;32;2020;9;16;4;2;2;1;0;1;0;0;0;0;0;323696,221499999990000;5746909,226600000600000;6,440488556000048;51,845115652000061;0
94138;5200910601600378231;5;3;15;0;2020;9;18;5;3;5;3;0;1;1;0;0;0;0;365194,709499999880000;5642802,788599999600000;7,082042443000034;50,921100188000025;0
94140;5200908500100073888;5;1;11;0;2020;9;14;3;2;0;1;0;1;0;0;0;0;0;341400,217799999750000;5679958,988700000600000;6,727456288000042;51,248912388000065;0
94141;5200910502409555639;5;1;17;0;2020;9;16;5;2;0;7;0;1;1;0;0;0;1;349508,017599999900000;5699941,279200000700000;6,835094731000027;51,430661787000076;0
94142;5200908411232037611;5;7;74;32;2020;9;18;3;3;0;5;0;1;1;0;0;0;0;480354,162399999800000;5735675,223400000500000;8,715274778000037;51,771613193000064;0
94145;5200909700000071568;5;5;13;0;2020;9;17;4;3;5;3;0;1;1;0;0;0;0;367668,414300000300000;5716212,015300000100000;7,090069752000034;51,581414919000053;0
94149;5200909701500078206;5;5;62;24;2020;9;7;4;3;5;3;0;1;1;0;0;0;0;368161,095099999570000;5724160,176999999200000;7,094185928000059;51,652957143000037;0
94151;5200910601100192302;5;3;15;0;2020;9;23;5;3;9;1;2;1;0;0;0;0;0;357066,382000000220000;5646099,138000000300000;6,965178569000045;50,948768011000027;0
94152;5200909600140734501;5;3;14;0;2020;9;6;4;3;4;6;0;1;0;0;0;0;0;369417,744500000030000;5623370,255699999600000;7,149015626000050;50,747410998000078;0
94157;5200908315110374395;5;9;70;40;2020;9;18;3;2;0;1;0;1;0;0;0;0;0;428697,351499999870000;5633083,500199999700000;7,987211492000029;50,845056374000080;0
94159;5200908313240313573;5;9;58;40;2020;9;13;3;3;0;1;0;1;0;0;0;0;0;459461,881500000130000;5669606,739199999700000;8,420079297000029;51,176448317000052;0
94160;5200910516600076014;5;1;58;8;2020;9;17;5;3;5;3;0;1;1;0;0;0;0;361475,276600000450000;5675138,174499999700000;7,016773050000040;51,210818647000053;0
94163;5200910405236806736;5;7;54;36;2020;9;7;5;3;5;3;0;1;1;0;0;0;0;476798,786100000140000;5751076,026499999700000;8,662714807000043;51,909946467000054;0
94165;5200913300500085415;5;9;11;0;2020;9;14;1;2;0;1;0;1;0;0;0;0;0;377672,882799999790000;5704043,501399999500000;7,238613023000028;51,474311679000039;0
94166;5200913300210719207;5;9;11;0;2020;9;13;1;3;1;5;0;1;1;0;0;0;0;372141,332999999630000;5702472,579299999400000;7,159575771000050;51,458970541000042;0
94170;5200913307000075392;5;9;62;16;2020;9;14;1;3;4;2;0;1;1;0;1;0;0;414993,726999999960000;5694659,492000000600000;7,778088015000037;51,396791215000064;0
94175;5200912709300442386;5;5;66;68;2020;9;13;7;3;0;1;0;1;0;0;0;0;0;376049,442099999640000;5786061,024599999200000;7,185853020000025;52,211030371000049;1
94177;5200912706300976682;5;5;58;24;2020;9;9;7;3;5;2;0;1;1;0;0;0;0;391063,016499999910000;5739343,167199999100000;7,420348509000064;51,794326327000078;0
94178;5200912706200085477;5;5;58;20;2020;9;13;7;2;5;3;0;1;1;0;0;0;0;390605,749800000340000;5758626,974099999300000;7,407607499000051;51,967553750000036;0
94179;5200912706000486167;5;5;58;16;2020;9;17;7;2;0;3;0;1;0;0;0;0;0;381226,974000000390000;5742888,725999999800000;7,276571474000036;51,824188789000061;0
94182;5200913301301797204;5;9;78;24;2020;9;20;1;3;0;3;1;1;1;0;0;0;0;398056,382299999710000;5718581,969100000300000;7,527788960000066;51,609034084000029;0
94185;5200912701200941208;5;5;62;20;2020;9;11;7;2;0;1;0;1;0;0;0;0;0;368867,182900000360000;5720804,332399999700000;7,105644187000053;51,622964681000042;0
94186;5200912610211780774;5;3;70;4;2020;9;16;7;3;0;1;0;1;0;0;0;0;0;306732,444000000130000;5664735,252000000300000;6,239457111000036;51,101485144000037;0
94188;5200912609224167207;5;3;58;24;2020;9;11;7;2;0;1;0;1;0;0;0;0;0;315540,844999999740000;5643252,594000000500000;6,376044425000032;50,911407658000030;0
94189;5200912609144032726;5;3;58;44;2020;9;2;7;2;8;1;2;1;0;0;0;0;0;322107,726499999870000;5618885,648800000500000;6,481165316000045;50,694554569000047;0
94190;5200912609140275532;5;3;58;40;2020;9;15;7;3;0;1;0;1;0;0;0;0;0;325982,096599999820000;5634506,521299999200000;6,528581880000047;50,836072489000060;0
94194;5200912603116209209;5;3;66;16;2020;9;18;7;3;5;2;0;1;1;0;0;0;0;342901,479199999940000;5615117,359999999400000;6,776939841000058;50,666680122000059;0
94195;5200912602700485782;5;3;62;28;2020;9;11;7;2;0;1;0;1;0;0;0;0;0;349489,501400000420000;5636833,879799999300000;6,861211861000072;50,863578533000066;0
94201;5200912601420091201;5;3;15;0;2020;9;17;7;3;4;6;0;1;0;0;0;0;0;356362,495299999600000;5647295,229299999800000;6,954692801000022;50,959342123000056;0
94203;5200912601110048209;5;3;15;0;2020;9;19;7;3;5;3;1;1;1;0;0;0;0;355188,167999999600000;5644777,984999999400000;6,938983674000042;50,936426340000025;0
94206;5200912600110486304;5;3;14;0;2020;9;17;7;3;5;3;0;1;1;0;0;0;0;363822,276899999940000;5624384,297299999700000;7,069372754000028;50,755239455000037;0
94209;5200912518300676414;5;1;70;20;2020;9;19;7;3;5;3;1;1;1;0;0;0;0;329788,224000000390000;5706156,178999999500000;6,548687387000030;51,480914288000065;0
94212;5200912516110820200;5;1;58;32;2020;9;16;7;3;5;3;0;1;1;0;0;0;0;365007,388500000350000;5687014,320499999400000;7,062826968000024;51,318394916000045;0
94213;5200912515210486687;5;1;54;20;2020;9;16;7;2;5;3;0;1;1;0;0;0;0;320883,568699999710000;5711797,085500000000000;6,417718669000067;51,528834953000057;0
94216;5200912514113879538;5;1;66;32;2020;9;12;7;3;0;1;0;1;0;0;0;0;0;316151,334200000390000;5686112,469900000800000;6,362888177000059;51,296607757000061;0
94217;5200912508109297203;5;1;19;0;2020;9;17;7;3;4;6;0;1;0;0;0;0;0;349807,610000000340000;5704187,055900000000000;6,837598986000046;51,468891278000058;0
94219;5200912506100571714;5;1;16;0;2020;9;18;7;3;0;7;0;1;1;0;0;0;0;322222,541600000110000;5673495,748800000200000;6,456142350000050;51,185196717000053;0
94231;5200912410110087143;5;7;70;24;2020;9;15;7;3;3;1;0;1;0;0;0;0;0;495215,639000000430000;5792626,877399999600000;8,929863795000074;52,283984669000063;0
94235;5200912404103176371;5;7;66;32;2020;9;13;7;3;5;3;0;1;1;0;0;0;0;500839,878399999810000;5749654,270700000200000;9,012206292000030;51,897645923000027;0
94239;5200912317140056206;5;9;78;28;2020;9;11;7;3;5;2;0;1;1;0;0;0;0;401232,314199999910000;5700746,754000000700000;7,578640365000069;51,449281161000044;0