OBJECTID;UIDENTSTLAE;ULAND;UREGBEZ;UKREIS;UGEMEINDE;UJAHR;UMONAT;USTUNDE;UWOCHENTAG;UKATEGORIE;UART;UTYP1;ULICHTVERH;IstRad;IstPKW;IstFuss;IstKrad;IstGkfz;IstSonstige;LINREFX;LINREFY;XGCSWGS84;YGCSWGS84;STRZUSTAND
94246;5200912313130085005;5;9;58;44;2020;9;15;7;3;5;3;0;1;1;0;0;0;0;430570,059399999680000;5686566,724899999800000;8,003527731000077;51,326152936000028;0
94252;5200912303100252429;5;9;15;0;2020;9;15;7;2;4;1;0;1;1;0;0;0;0;423226,543300000020000;5723178,866299999900000;7,890188417000047;51,654354610000041;0
94255;5200912301501624208;5;9;13;0;2020;9;17;7;2;8;1;0;1;0;0;0;0;0;390700,792000000370000;5707395,086999999400000;7,425083190000066;51,507103946000029;0
94264;5200911711412036320;5;5;70;28;2020;9;7;6;3;5;3;0;1;1;0;0;0;0;439777,332200000060000;5741835,828400000900000;8,126177576000032;51,824103591000039;0
94265;5200911711312548079;5;5;70;8;2020;9;13;6;3;5;3;0;1;1;0;0;0;0;433046,672399999570000;5733341,927300000600000;8,030169992000026;51,746977397000080;0
94266;5200911711161253158;5;5;70;24;2020;9;20;6;2;3;2;2;1;1;0;0;0;0;420195,765300000090000;5750564,387099999900000;7,840090432000068;51,900113720000036;0
94268;5200911709110172341;5;5;66;8;2020;9;12;6;3;5;2;0;1;1;0;0;0;0;399238,824599999930000;5780876,007799999800000;7,526659904000042;52,169157617000053;0
94269;5200911706200574763;5;5;58;12;2020;9;14;6;3;5;2;0;1;1;0;0;0;0;374262,661899999720000;5754835,136199999600000;7,171219619000055;51,930022315000031;0
94272;5200911706000107182;5;5;58;32;2020;9;16;6;2;5;3;0;1;1;0;0;0;0;389440,390999999830000;5752564,098999999500000;7,392600327000025;51,912833071000080;0
94274;5200911705000320728;5;5;54;20;2020;9;14;6;3;5;2;0;1;1;0;0;0;0;365317,921000000090000;5786382,304300000900000;7,028754797000033;52,211398990000077;0
94280;5200911701610780209;5;5;62;12;2020;9;13;6;2;4;6;0;1;0;0;0;0;1;358841,141599999740000;5727378,966199999700000;6,958248938000054;51,679617594000035;0
94285;5200911610211175594;5;3;70;4;2020;9;7;6;3;9;1;0;1;0;0;0;0;0;313093,315000000410000;5660991,573200000500000;6,332141951000040;51,069965952000075;0
94288;5200911607100636877;5;3;82;40;2020;9;13;6;2;5;2;0;1;1;0;0;0;0;382251,650999999610000;5636989,250000000000000;7,326477705000059;50,872576683000034;0
94290;5200911607000686272;5;3;82;52;2020;9;18;6;3;0;5;0;1;1;0;0;0;0;393166,523799999620000;5633524,180800000200000;7,482557875000055;50,843547967000063;0
94291;5200911606400086537;5;3;78;28;2020;9;13;6;3;0;7;0;1;1;0;0;0;0;372751,831600000150000;5641297,581100000100000;7,190028204000043;50,909287367000047;0
94292;5200911606300074414;5;3;78;20;2020;9;12;6;3;5;3;0;1;1;0;0;0;0;368093,559899999760000;5655461,435799999200000;7,118668736000075;51,035542223000050;0
94295;5200911605124540030;5;3;74;24;2020;9;15;6;3;8;6;0;1;0;0;0;0;0;401146,926900000310000;5659110,415300000500000;7,588921026000037;51,074982928000054;0
94300;5200911602600375512;5;3;62;20;2020;9;14;6;2;0;1;0;1;0;0;0;0;0;343102,429499999620000;5624803,704800000400000;6,775663958000052;50,753777530000036;0
94306;5200911601700386544;5;3;16;0;2020;9;14;6;3;5;3;0;1;1;0;0;0;0;356578,532999999820000;5657950,573999999100000;6,953556077000030;51,055152956000029;0
94307;5200911601620853605;5;3;15;0;2020;9;17;6;2;0;1;0;1;0;0;0;0;0;362300,157999999820000;5640155,106200000300000;7,041884306000043;50,896620932000076;0
94309;5200911601510688202;5;3;15;0;2020;9;15;6;3;0;1;0;1;0;0;0;0;0;358180,367100000380000;5644798,210200000600000;6,981533349000074;50,937351722000074;0
94312;5200911600340163203;5;3;82;64;2020;9;18;6;3;0;1;0;1;0;0;0;0;0;351361,954800000410000;5617369,303400000600000;6,895668149000073;50,689139602000068;0
94316;5200911518200076619;5;1;70;24;2020;9;13;6;3;5;3;0;1;1;0;0;0;0;336986,568900000300000;5699159,763499999400000;6,655482600000028;51,420176950000041;0
94322;5200911515111022344;5;1;54;44;2020;9;16;6;3;4;7;0;1;0;0;0;0;0;326229,651700000280000;5734561,402499999900000;6,483413548000044;51,734994501000074;0
94323;5200911514115177593;5;1;66;16;2020;9;11;6;3;5;3;0;1;1;0;0;0;0;305161,030799999830000;5688210,082100000200000;6,204294464000043;51,311792913000033;0
94324;5200911513340986680;5;1;62;28;2020;9;10;6;3;0;1;0;1;0;0;0;0;0;337141,498900000010000;5660241,242499999700000;6,675412637000022;51,070551915000067;1
94326;5200911513210981533;5;1;62;24;2020;9;11;6;2;0;7;0;1;0;0;0;0;0;339176,716599999930000;5668776,913599999600000;6,700633039000024;51,147819595000044;0
94327;5200911508222258208;5;1;19;0;2020;9;10;6;3;0;7;0;1;0;0;0;0;0;353364,203900000080000;5707624,853800000600000;6,887339719000067;51,500714870000081;0
94336;5200911501318379032;5;1;12;0;2020;9;14;6;3;0;2;0;1;1;0;0;0;0;343682,795699999670000;5697812,187899999300000;6,752302915000030;51,409955145000026;0
94340;5200911500300367202;5;1;11;0;2020;9;13;6;3;5;2;0;1;1;0;0;0;0;345443,762299999590000;5676016,845599999700000;6,787048931000072;51,214600668000060;0
94343;5200911411220637885;5;7;74;20;2020;9;17;6;3;0;7;0;1;0;0;0;0;0;465019,450600000100000;5731506,586200000700000;8,493457069000044;51,733384740000076;0
94347;5200911410110387114;5;7;70;24;2020;9;14;6;3;0;1;0;1;0;0;0;0;0;496458,158800000320000;5794277,093100000200000;8,948061120000034;52,298830359000078;0
94349;5200911407101274617;5;7;62;20;2020;9;17;6;3;7;3;0;1;1;0;0;0;0;525351,788499999790000;5735915,898600000900000;9,367436960000021;51,773547775000054;0
94352;5200911405228561510;5;7;54;28;2020;9;19;6;2;1;7;1;1;0;0;0;0;0;451366,727199999620000;5744286,019600000200000;8,293978218000063;51,847261180000032;0
94353;5200911405116286993;5;7;54;16;2020;9;13;6;2;5;3;0;1;1;0;0;0;0;447643,828999999910000;5756462,004000000700000;8,238087194000059;51,956390367000040;0
94361;5200911400200864209;5;7;11;0;2020;9;16;6;3;0;5;0;1;0;1;0;0;0;467450,786700000060000;5763217,154999999300000;8,525672714000052;52,018635937000056;0
94367;5200911316300519170;5;9;74;28;2020;9;9;6;3;5;3;0;1;1;0;0;0;0;460352,882299999710000;5728435,934299999800000;8,426234852000050;51,705466029000036;0
94369;5200911316000177975;5;9;74;32;2020;9;14;6;2;4;1;0;1;0;0;0;0;0;439249,574000000020000;5703930,858999999200000;8,125107098000058;51,483264329000065;0
94378;5200911313121713501;5;9;58;32;2020;9;15;6;2;0;1;0;1;0;0;0;0;0;444566,756099999880000;5689367,691800000100000;8,203951545000052;51,352873352000074;0
94380;5200911302120075718;5;9;14;0;2020;9;15;6;3;0;2;0;1;1;0;0;0;0;389170,785000000150000;5689170,459000000700000;7,408746926000049;51,342996417000052;0
94386;5200911301401466206;5;9;13;0;2020;9;19;6;2;0;1;1;1;0;0;0;0;0;399086,516999999990000;5709051,859799999700000;7,545397008000066;51,523556184000029;0
94388;5200911300413831506;5;9;11;0;2020;9;15;6;3;6;4;0;1;0;1;0;0;0;376165,996700000020000;5700645,810200000200000;7,218116430000066;51,443447321000065;0
94398;5200913310110080517;5;9;54;16;2020;9;14;1;3;5;3;0;1;1;0;0;0;0;372985,944000000130000;5692768,372999999700000;7,175203451000073;51,371946221000030;0
94399;5200910711131687231;5;5;70;12;2020;9;18;5;3;5;3;0;1;1;0;0;0;0;440496,713999999690000;5753039,678999999500000;8,134683113000051;51,924904714000036;0
94400;5200910711111287228;5;5;70;52;2020;9;18;5;3;5;2;0;1;0;0;1;0;0;430384,143000000160000;5757074,398399999400000;7,986828811000066;51,960002650000035;0
94404;5200910709100179150;5;5;66;12;2020;9;11;5;2;0;7;0;1;0;0;0;0;0;400740,328999999910000;5776431,426999999200000;7,549905960000046;52,129482521000057;0
94405;5200910706300974760;5;5;58;28;2020;9;7;5;3;5;3;0;1;1;0;0;0;0;399532,671600000000000;5730213,345400000000000;7,545757652000020;51,713849088000075;0
94407;5200910706300776682;5;5;58;28;2020;9;11;5;2;5;3;0;1;1;0;0;0;0;399857,974999999630000;5729437,634999999800000;7,550687616000062;51,706934768000053;0
94409;5200910706200687452;5;5;58;12;2020;9;7;5;3;5;3;0;1;1;0;0;0;0;374073,332899999800000;5755545,912100000300000;7,168207300000063;51,936366876000079;0
94410;5200910706200536604;5;5;58;8;2020;9;19;5;2;0;1;0;1;0;0;0;0;0;382242,688199999740000;5762389,302400000400000;7,284636298000066;51,999656949000041;0
94411;5200910706100485477;5;5;58;8;2020;9;8;5;3;5;3;0;1;1;0;0;0;0;382630,638700000010000;5760248,940600000300000;7,291017421000049;51,980503726000052;0
94413;5200910705000220970;5;5;54;12;2020;9;16;5;2;0;1;0;1;0;0;0;0;0;353735,254200000320000;5747274,529500000200000;6,876072681000039;51,857075925000061;0
94418;5200910701120578206;5;5;62;32;2020;9;18;5;3;6;4;0;1;0;1;0;0;0;375887,448400000110000;5714216,628300000000000;7,209334882000064;51,565351871000075;0
94422;5200910610122580723;5;3;70;28;2020;9;11;5;3;5;3;0;1;1;0;0;0;0;297266,361899999900000;5644523,687200000500000;6,115717509000035;50,916695770000047;0
94424;5200910609108580726;5;3;58;8;2020;9;17;5;3;0;5;0;1;1;0;0;0;0;322216,260800000280000;5630985,734899999600000;6,476860179000028;50,803297122000060;0
94426;5200910609108073746;5;3;58;8;2020;9;16;5;3;0;7;0;1;0;1;0;0;0;320866,276300000030000;5633785,198799999400000;6,456354382000029;50,828031531000079;0
94431;5200910608200177510;5;3;34;2;2020;9;7;5;3;1;5;0;1;1;0;0;0;0;301431,677799999710000;5621186,821799999100000;6,187525745000073;50,708534508000071;1
94434;5200910607100181192;5;3;82;40;2020;9;17;5;2;0;3;0;1;1;0;0;0;0;382556,393899999560000;5633111,819900000500000;7,332050956000046;50,837784828000053;0
94436;5200910606400686563;5;3;78;28;2020;9;15;5;3;0;3;0;1;0;0;0;0;1;372082,022099999710000;5641626,510199999400000;7,180390684000031;50,912095767000039;0
94441;5200910605112885532;5;3;74;12;2020;9;12;5;3;5;3;0;1;1;0;0;0;0;398501,366999999620000;5653471,716000000000000;7,552750624000055;51,023831704000031;0
94446;5200915508104394208;5;1;19;0;2020;9;15;3;3;5;3;0;1;1;0;0;0;0;352747,687900000250000;5704781,577700000300000;6,879649662000077;51,475006113000063;0
94449;5200915506100601204;5;1;16;0;2020;9;14;3;3;0;3;0;1;1;0;0;0;0;321601,872000000440000;5667990,268999999400000;6,450000322000051;51,135545828000033;0
94453;5200915502407664542;5;1;17;0;2020;9;7;3;3;5;2;0;1;1;0;0;0;0;351031,167100000200000;5698124,828099999600000;6,857753052000021;51,414742435000051;0
94455;5200915502340277706;5;1;13;0;2020;9;19;3;3;0;5;0;1;1;0;0;0;0;361173,261199999600000;5709294,890200000300000;6,999115615000051;51,517694152000047;0
94456;5200915502213561058;5;1;13;0;2020;9;17;3;3;0;7;0;1;0;0;0;0;1;363654,625900000330000;5700523,578700000400000;7,038241982000045;51,439475342000037;0
94457;5200915502209876142;5;1;13;0;2020;9;18;3;3;0;1;0;1;0;0;0;0;0;359639,156999999660000;5700266,127000000300000;6,980606886000032;51,436181112000043;0
94458;5200915502111080982;5;1;13;0;2020;9;13;3;3;0;3;0;1;0;0;0;0;1;363327,826000000350000;5701080,471999999100000;7,033327890000066;51,444401120000066;0
94460;5200915501115769481;5;1;12;0;2020;9;8;3;3;5;2;0;1;1;0;0;0;0;345548,237999999900000;5707022,461999999400000;6,775083602000052;51,493220866000058;0
94461;5200915501115181200;5;1;12;0;2020;9;11;3;3;5;3;0;1;1;0;0;0;0;344939,160400000400000;5707502,742599999500000;6,766105817000039;51,497369429000059;0
94464;5200915500300001652;5;1;11;0;2020;9;17;3;3;1;5;0;1;1;0;0;0;0;346672,118200000380000;5670924,572200000300000;6,806796975000054;51,169174667000050;0
94465;5200915500200159202;5;1;11;0;2020;9;7;3;3;5;3;0;1;1;0;0;0;0;347631,722000000070000;5678113,654999999300000;6,817460493000056;51,234029817000078;0
94468;5200915411216386998;5;7;74;16;2020;9;7;3;3;0;1;0;1;0;0;0;0;0;469096,468600000250000;5711816,058000000200000;8,554232671000023;51,556582279000054;0
94473;5200915516500192204;5;1;58;16;2020;9;11;3;3;5;2;0;1;1;0;0;0;0;358108,309799999930000;5670454,927200000700000;6,970451220000030;51,167905780000069;0
94478;5200915406110564028;5;7;58;12;2020;9;13;3;3;0;7;0;1;0;0;0;0;0;476691,556400000120000;5775769,290300000500000;8,659474309000075;52,131953402000079;0
94480;5200915405232187142;5;7;54;32;2020;9;14;3;3;4;6;0;1;0;0;0;0;0;460661,692900000140000;5740574,548599999400000;8,429329456000062;51,814624615000071;0
94485;5200915404102753782;5;7;66;40;2020;9;20;3;2;0;7;2;1;1;0;0;0;0;487118,436800000260000;5758899,101199999500000;8,812441275000026;51,980617966000068;0
94490;5200915400100678161;5;7;11;0;2020;9;17;3;3;5;3;0;1;1;0;0;0;0;469957,541699999940000;5767290,076500000400000;8,561843651000061;52,055395505000035;0
94493;5200915317210264203;5;9;78;20;2020;9;15;3;3;3;2;0;1;0;0;0;1;0;406536,905000000260000;5715447,471699999600000;7,651056628000049;51,582329534000053;0
94495;5200915316500019289;5;9;74;20;2020;9;7;3;3;5;3;0;1;1;0;0;0;0;465515,681900000200000;5720672,359899999600000;8,501713064000057;51,636003855000070;0
94497;5200915316300570255;5;9;74;28;2020;9;6;3;2;5;3;2;1;1;0;0;0;0;452039,861499999650000;5727142,385700000500000;8,306117076000021;51,693187017000071;0
94501;5200915315110677937;5;9;70;40;2020;9;19;3;3;5;3;0;1;1;0;0;0;0;430603,773099999870000;5641556,884299999100000;8,012677072000031;50,921475348000058;0
94502;5200915315110385296;5;9;70;40;2020;9;21;3;3;3;6;2;1;1;0;0;0;0;426516,053000000310000;5635002,793500000600000;7,955848294000020;50,862040214000046;0
94508;5200915307000075674;5;9;62;16;2020;9;16;3;2;1;5;0;1;1;0;0;0;0;416007,704300000330000;5689611,372400000700000;7,793853088000049;51,351560034000045;0
94509;5200915303100223326;5;9;15;0;2020;9;15;3;2;3;6;0;1;0;0;0;0;0;419916,947999999860000;5727351,008700000100000;7,841399667000076;51,691398818000039;0
94512;5200915301303384979;5;9;13;0;2020;9;19;3;3;0;3;1;1;1;0;0;0;0;400039,247999999670000;5706585,015000000600000;7,559824832000061;51,501551494000068;0
94513;5200915301301966927;5;9;78;24;2020;9;16;3;3;3;2;0;1;1;0;0;0;0;398662,031999999660000;5719841,716000000000000;7,536168039000074;51,620466800000031;0
94515;5200915301301328201;5;9;78;24;2020;9;9;3;3;5;3;0;1;1;0;0;0;0;396345,542999999600000;5719273,156999999700000;7,502886604000025;51,614934444000028;0
94526;5200914711321087401;5;5;70;48;2020;9;11;2;3;5;3;0;1;1;0;0;0;0;445095,400000000370000;5734310,411299999800000;8,204524720000052;51,756994942000063;0
94529;5200914709700648420;5;5;66;28;2020;9;6;2;3;5;3;1;1;1;0;0;0;0;412583,724600000310000;5793603,173800000900000;7,718443651000030;52,285829300000046;0
94532;5200915516360252202;5;1;58;28;2020;9;14;3;3;0;7;0;1;0;0;0;0;0;354849,686999999920000;5688882,640200000300000;6,916400612000075;51,332682944000055;0
94534;5200914706300281019;5;5;58;24;2020;9;13;2;3;4;6;0;1;0;0;0;0;0;392323,656100000250000;5736416,573000000800000;7,439529097000047;51,768266342000061;0
94535;5200914705000170578;5;5;54;8;2020;9;13;2;3;5;2;0;1;0;0;0;0;1;334507,094700000250000;5745939,870899999500000;6,597746714000039;51,839716596000073;0
94536;5200915518120685902;5;1;70;44;2020;9;18;3;3;0;2;0;1;1;0;0;0;0;337619,569000000130000;5722699,620999999300000;6,653728112000067;51,631844862000037;0
94539;5200914702100538209;5;5;15;0;2020;9;14;2;3;5;3;0;1;0;0;0;0;0;408455,570199999960000;5756500,122600000400000;7,667921106000051;51,951662810000073;0
94541;5200914701800458205;5;5;62;4;2020;9;16;2;2;0;6;0;1;0;0;0;0;1;383943,763799999840000;5711817,313200000700000;7,326306005000049;51,545502930000055;0
94545;5200914701610420200;5;5;62;12;2020;9;16;2;3;5;2;0;1;1;0;0;0;0;359425,142300000410000;5724983,814600000200000;6,967654025000059;51,658241706000069;0
94547;5200914701610362200;5;5;62;12;2020;9;13;2;3;5;3;0;1;1;0;0;0;0;359103,409799999560000;5725060,384600000500000;6,962974915000075;51,658849192000048;0
94549;5200914701200424206;5;5;62;20;2020;9;15;2;3;5;2;0;1;1;0;0;0;0;368324,159199999650000;5718236,742900000900000;7,098768769000060;51,599763991000032;0
94550;5200914701110433208;5;5;62;32;2020;9;16;2;3;3;2;0;1;1;0;0;0;0;376598,415099999870000;5718249,772399999200000;7,218169601000056;51,601754774000028;0
94556;5200914608200880204;5;3;34;2;2020;9;13;2;3;1;5;0;1;1;0;0;0;0;295389,113400000150000;5628773,523099999900000;6,097843293000040;50,774578627000039;0
94559;5200914607111934287;5;3;82;28;2020;9;17;2;3;9;1;0;1;0;0;0;0;0;378253,953800000250000;5640254,873600000500000;7,268598835000034;50,901101702000062;0
94561;5200914606300681876;5;3;78;20;2020;9;17;2;2;8;1;0;1;0;0;0;0;0;373319,813000000080000;5656816,698999999100000;7,192694257000028;51,048899183000060;0
94562;5200914606100074256;5;3;78;4;2020;9;8;2;3;0;3;0;1;1;0;0;0;0;368780,719899999910000;5650377,546599999100000;7,130302623000034;50,990007160000062;0
94565;5200914602300192584;5;3;62;36;2020;9;8;2;3;5;3;0;1;1;0;0;0;0;345282,807699999770000;5651447,385500000800000;6,795278488000065;50,993784666000067;0
94570;5200914601520006200;5;3;15;0;2020;9;17;2;3;0;1;0;1;0;0;0;0;0;364388,462700000030000;5649139,873999999800000;7,068218210000055;50,977865614000052;0
94571;5200914601420855209;5;3;15;0;2020;9;12;2;3;0;1;0;1;0;0;0;0;0;356496,179200000130000;5651717,171299999600000;6,954849374000048;50,999114554000073;0
94575;5200914601100181556;5;3;15;0;2020;9;18;2;2;6;6;0;1;0;1;0;0;0;355215,284400000240000;5644958,606599999600000;6,939297568000029;50,938056354000082;0
94579;5200914600110675202;5;3;14;0;2020;9;8;2;3;5;3;0;1;1;0;0;0;0;366010,952800000090000;5622443,293999999800000;7,101089915000046;50,738303232000078;0
94586;5200914516310092202;5;1;58;28;2020;9;14;2;3;0;3;0;1;1;0;0;0;0;350496,605100000280000;5684840,627000000300000;6,855654028000060;51,295234790000052;0
94593;5200914513210575939;5;1;62;24;2020;9;7;2;3;6;7;0;1;0;1;0;0;0;336397,973000000230000;5676849,323999999100000;6,657263541000020;51,219560371000057;0
94596;5200914513110238208;5;1;62;16;2020;9;15;2;3;4;2;0;1;1;0;0;0;0;333142,925999999980000;5676523,460000000900000;6,610846815000059;51,215690729000073;0
94598;5200914508000576333;5;1;19;0;2020;9;14;2;2;5;2;0;1;1;0;0;0;0;350108,448400000110000;5711331,312699999700000;6,838891548000049;51,533164572000032;0
94600;5200914506100573743;5;1;16;0;2020;9;18;2;3;5;3;0;1;1;0;0;0;0;321399,397699999620000;5676181,655799999800000;6,443040229000076;51,209068287000036;0
94602;5200914502407589725;5;1;17;0;2020;9;16;2;3;0;1;0;1;1;0;0;0;0;352306,480700000190000;5696444,175100000600000;6,876778935000061;51,399974254000028;0
94607;5200914502210251477;5;1;13;0;2020;9;18;2;3;5;2;0;1;1;0;0;0;0;359603,569000000130000;5701024,928999999500000;6,979794301000027;51,442991061000043;0
94610;5200914502113281636;5;1;13;0;2020;9;15;2;3;0;7;0;1;0;0;0;0;0;363332,615699999970000;5701692,586899999500000;7,033160366000061;51,449903051000035;0
94612;5200914501326172151;5;1;12;0;2020;9;8;2;3;5;2;0;1;1;0;0;0;0;345695,414699999620000;5691428,178200000900000;6,783992218000037;51,353144940000050;0
94615;5200914501113048207;5;1;12;0;2020;9;17;2;3;3;2;0;1;1;0;0;0;0;345169,499300000260000;5707332,870100000900000;6,769496037000067;51,495906271000081;0
94617;5200914500300877203;5;1;11;0;2020;9;10;2;3;5;2;0;1;1;0;0;0;0;348671,541000000200000;5674594,102000000000000;6,833828890000063;51,202680778000058;0
94619;5200914500200996208;5;1;11;0;2020;9;14;2;3;4;2;0;1;1;0;0;0;0;349612,793700000270000;5677487,616100000200000;6,846078693000038;51,228929905000030;0
94620;5200914500200572594;5;1;11;0;2020;9;6;2;3;0;5;1;1;1;0;0;0;0;344720,592000000180000;5682503,109999999400000;6,773889906000022;51,272685763000027;0
94621;5200914500200554024;5;1;11;0;2020;9;15;2;3;0;7;0;1;0;1;0;0;0;347151,809999999590000;5681307,202899999900000;6,809227898000074;51,262597229000050;0
94622;5200914500100997207;5;1;11;0;2020;9;13;2;3;5;3;0;1;0;0;0;1;0;346061,986600000410000;5675600,343000000300000;6,796072442000025;51,211025172000063;0
94626;5200914410230740167;5;7;70;4;2020;9;13;2;3;5;3;0;1;1;0;0;0;0;485683,407200000250000;5785075,208100000400000;8,790447127000050;52,215925617000039;0
94630;5200914406150453934;5;7;58;36;2020;9;18;2;3;4;6;0;1;0;0;0;0;0;490886,842500000260000;5779917,746500000400000;8,866748561000065;52,169667396000079;0
94633;5200914405108680417;5;7;54;8;2020;9;18;2;3;5;3;0;1;1;0;0;0;0;458695,979399999600000;5750647,856799999300000;8,399610689000042;51,905048692000037;0
94636;5200914404302587395;5;7;66;8;2020;9;14;2;3;5;3;0;1;1;0;0;0;0;479697,890999999830000;5766474,856000000600000;8,703948363000052;52,048508572000060;0
94639;5200914317240589264;5;9;78;40;2020;9;13;2;3;4;2;0;1;0;0;1;0;0;405429,161100000140000;5727348,755599999800000;7,631857913000033;51,689124883000034;0
94640;5200915518200379044;5;1;70;24;2020;9;13;3;3;2;6;0;1;1;0;0;0;0;333662,373999999840000;5705733,707000000400000;6,604627030000074;51,478271328000062;0
94641;5200914316300655841;5;9;74;28;2020;9;14;2;3;3;2;0;1;0;0;0;0;1;455280,952100000340000;5723660,486099999400000;8,353451510000070;51,662149253000052;0
94651;5200914303100551349;5;9;15;0;2020;9;14;2;3;3;7;0;1;0;0;0;0;1;418204,674599999560000;5725829,642300000400000;7,816989550000074;51,677475572000048;0
94654;5200915516400785362;5;1;58;24;2020;9;19;3;3;5;3;1;1;1;0;0;0;0;356876,984199999830000;5679060,045199999600000;6,949418502000071;51,244928255000048;0
94663;5200915609108080767;5;3;58;8;2020;9;18;3;2;5;2;0;1;1;0;0;0;0;323196,530000000260000;5631359,881999999300000;6,490577888000075;50,806958449000035;0
94667;5200915608416150200;5;3;34;16;2020;9;15;3;3;3;6;0;1;0;0;0;0;0;297183,315000000410000;5640032,445000000300000;6,117031290000057;50,876329594000026;0
94668;5200913711413036320;5;5;70;28;2020;9;10;1;2;5;2;0;1;1;0;0;0;0;440849,121000000280000;5745079,874500000800000;8,141172441000038;51,853382704000069;0
94669;5200913709000706669;5;5;66;28;2020;9;2;1;3;5;2;2;1;1;0;0;0;0;410901,383000000380000;5789240,808000000200000;7,694938689000026;52,246349243000054;0
94671;5200913706100568328;5;5;58;32;2020;9;19;1;3;8;1;1;1;0;0;0;0;0;381973,312599999830000;5753264,620999999300000;7,283849134000036;51,917596443000036;0
94675;5200915608100933490;5;3;34;2;2020;9;15;3;3;5;3;0;1;1;0;0;0;0;293673,633000000380000;5628203,455800000600000;6,073864730000025;50,768851184000027;0
94676;5200913701700126208;5;5;62;16;2020;9;14;1;3;0;1;0;1;0;0;0;0;0;374814,239799999630000;5731939,068399999300000;7,187517558000025;51,724386530000061;0
94678;5200913701400857383;5;5;12;0;2020;9;15;1;3;5;3;0;1;1;0;0;0;0;356951,229799999860000;5721756,531199999200000;6,933231996000075;51,628618314000050;0
94682;5200913608200742206;5;3;34;2;2020;9;19;1;3;0;1;0;1;0;0;0;0;0;296685,756199999710000;5627160,790799999600000;6,117100734000076;50,760549833000027;0
94694;5200913602800756202;5;3;62;12;2020;9;17;1;3;5;3;0;1;1;0;0;0;0;351753,544300000180000;5633145,006400000300000;6,894854171000077;50,831012834000035;0
94695;5200913602500689820;5;3;62;24;2020;9;12;1;3;0;7;0;1;0;0;0;0;0;347234,926199999640000;5642399,792400000600000;6,826871290000042;50,913003685000035;0
94696;5200913602400744203;5;3;62;32;2020;9;17;1;3;2;6;0;1;0;0;0;0;0;341944,434500000440000;5637577,744400000200000;6,753759333000062;50,868249517000038;0
94703;5200913601700248206;5;3;16;0;2020;9;18;1;3;5;2;0;1;1;0;0;0;0;362334,993200000380000;5660323,613800000400000;7,034737505000066;51,077888569000038;0
94706;5200913601410334208;5;3;15;0;2020;9;16;1;2;0;1;0;1;0;0;0;0;0;356483,404500000180000;5651474,705299999600000;6,954763272000037;50,996932382000068;0
94707;5200913601210258204;5;3;15;0;2020;9;9;1;3;7;3;0;1;0;0;1;0;0;351736,217000000180000;5642137,164699999600000;6,890963129000056;50,911817432000078;0
94709;5200913600360398205;5;3;82;12;2020;9;18;1;3;5;2;0;1;1;0;0;0;0;355517,929100000300000;5625751,571200000100000;6,951181132000045;50,765519527000038;0
94713;5200913518401044103;5;1;70;36;2020;9;11;1;2;0;1;0;1;0;0;0;0;0;352187,526999999770000;5727548,695000000300000;6,862008398000057;51,679431049000073;0
94715;5200913516710917204;5;1;58;8;2020;9;12;1;3;5;7;0;1;1;0;0;0;0;361409,176300000400000;5673842,087200000900000;7,016327900000022;51,199154949000047;0
94717;5200913516370912209;5;1;58;28;2020;9;17;1;2;5;3;0;1;1;0;0;0;0;351234,935499999670000;5691525,852000000000000;6,863445353000031;51,355499917000031;0
94718;5200913516120886200;5;1;58;32;2020;9;13;1;2;0;1;0;1;0;0;0;0;0;367222,656000000420000;5686130,277000000700000;7,094926700000031;51,310971322000057;0
94721;5200913513120571718;5;1;62;20;2020;9;19;1;3;0;6;0;1;0;0;0;0;0;331693,331699999980000;5669930,818700000600000;6,593198876000031;51,156035302000078;0
94723;5200913506100286812;5;1;16;0;2020;9;18;1;2;0;1;0;1;0;0;0;0;0;320800,219100000340000;5676314,222400000300000;6,434404999000037;51,210071487000050;0
94724;5200915605112086460;5;3;74;12;2020;9;10;3;3;5;3;0;1;1;0;0;0;0;396513,047199999910000;5648989,074999999300000;7,525687569000070;50,983180445000073;0
94725;5200913506100069725;5;1;16;0;2020;9;10;1;3;0;3;0;1;1;0;0;0;0;321605,377000000330000;5667989,722999999300000;6,450050639000040;51,135542015000055;0
94727;5200915518100978965;5;1;70;48;2020;9;10;3;2;0;1;0;1;0;0;0;0;0;331770,439600000160000;5727879,636199999600000;6,566801340000041;51,676660501000072;0
94729;5200913503200976160;5;1;24;0;2020;9;15;1;2;4;6;0;1;0;0;0;0;0;376434,281000000420000;5683234,805999999900000;7,228026083000032;51,287022484000033;0
94731;5200913502338646205;5;1;13;0;2020;9;3;1;3;3;7;2;1;1;0;0;0;0;363555,151899999940000;5704389,835799999500000;7,035320063000029;51,474195538000060;0
94732;5200915605104141823;5;3;74;4;2020;9;16;3;2;0;3;0;1;1;0;0;0;0;405194,477500000040000;5652970,693199999600000;7,648287970000069;51,020470357000079;0
94742;5200913500100354655;5;1;11;0;2020;9;3;1;3;4;6;2;1;0;0;0;0;1;342644,132799999790000;5677888,098799999800000;6,746175142000027;51,230649652000068;0
94744;5200915516300081619;5;1;58;28;2020;9;10;3;3;0;7;0;1;0;0;0;0;0;348973,881500000130000;5686978,916799999800000;6,832924986000023;51,314046751000035;0