OBJECTID;UIDENTSTLAE;ULAND;UREGBEZ;UKREIS;UGEMEINDE;UJAHR;UMONAT;USTUNDE;UWOCHENTAG;UKATEGORIE;UART;UTYP1;ULICHTVERH;IstRad;IstPKW;IstFuss;IstKrad;IstGkfz;IstSonstige;LINREFX;LINREFY;XGCSWGS84;YGCSWGS84;STRZUSTAND
94745;5200913411236537965;5;7;74;36;2020;9;18;1;2;7;1;0;1;0;0;0;0;0;470627,671199999750000;5723301,106399999900000;8,575356467000063;51,659929776000070;0
94751;5200913407103076337;5;7;62;4;2020;9;16;1;3;0;1;0;1;0;0;0;0;0;501408,791899999600000;5731765,787300000000000;9,020401775000039;51,736805149000077;0
94753;5200913404101678170;5;7;66;20;2020;9;10;1;3;5;2;0;1;1;0;0;0;0;489487,446399999780000;5752686,653100000700000;8,847124552000025;51,924811730000044;0
94755;5200913400200304067;5;7;11;0;2020;9;14;1;3;5;3;0;1;1;0;0;0;0;473999,065000000410000;5759851,765399999900000;8,621351150000066;51,988724071000036;0
94760;5200915602700500202;5;3;62;28;2020;9;12;3;3;0;3;0;1;0;0;0;1;0;350610,811999999920000;5639321,006100000800000;6,876118140000074;50,886219933000064;0
94761;5200913315110180879;5;9;70;40;2020;9;14;1;3;5;3;0;1;1;0;0;0;0;430608,660000000150000;5640732,765599999600000;8,012903380000068;50,914066044000037;0
94762;5200915513110147584;5;1;62;16;2020;9;8;3;3;4;6;0;1;1;0;0;0;0;331939,541100000030000;5675573,977000000000000;6,594077130000073;51,206807453000067;0
94768;5200918500300294206;5;1;11;0;2020;9;23;6;3;4;6;2;1;0;0;0;0;0;346962,559399999680000;5671603,863600000700000;6,810659038000040;51,175356338000029;0
94776;5200918404302087090;5;7;66;8;2020;9;23;6;3;0;1;2;1;0;0;0;0;0;482574,290000000040000;5769004,311000000700000;8,745763341000043;52,071348245000081;0
94781;5200918400200537518;5;7;11;0;2020;9;16;6;3;5;3;0;1;1;0;0;0;0;467322,482499999930000;5763076,638800000800000;8,523816469000053;52,017365067000071;0
94782;5200918400100104173;5;7;11;0;2020;9;11;6;2;5;2;0;1;1;0;0;0;0;473482,148599999960000;5767529,389699999200000;8,613228597000045;52,057726987000080;0
94787;5200918314210185288;5;9;66;4;2020;9;15;6;3;0;1;0;1;0;0;0;0;0;423481,841900000350000;5664054,743799999400000;7,906621679000068;51,122849263000035;0
94789;5200918313231284920;5;9;58;48;2020;9;19;6;3;0;7;1;1;0;0;0;0;0;469269,168399999850000;5675402,086200000700000;8,559876605000056;51,229170912000029;0
94790;5200918313121313606;5;9;58;32;2020;9;16;6;3;1;1;0;1;1;0;0;0;0;450224,146700000390000;5688426,236300000900000;8,285318959000051;51,344932305000043;0
94793;5200918307000980491;5;9;62;48;2020;9;15;6;2;3;6;0;1;1;0;0;0;0;414344,963399999770000;5682440,425799999400000;7,771704789000069;51,286845459000062;0
94796;5200918303100569002;5;9;15;0;2020;9;14;6;3;3;2;0;1;1;0;0;0;0;418610,191999999810000;5725221,536000000300000;7,822994961000063;51,672067877000075;0
94815;5200917711141072261;5;5;70;44;2020;9;18;5;3;5;3;0;1;0;0;0;0;0;411086,407399999910000;5759232,681500000900000;7,705484664000039;51,976651822000065;0
94818;5200917709500802746;5;5;66;76;2020;9;15;5;3;5;2;0;1;1;0;0;0;0;393517,484000000170000;5792899,438999999300000;7,439249881000023;52,276141405000033;0
94820;5200917706000276677;5;5;58;44;2020;9;13;5;3;5;3;0;1;1;0;0;0;0;396209,999099999670000;5746915,203199999400000;7,492683744000033;51,863363429000060;0
94823;5200917701610225204;5;5;62;12;2020;9;15;5;3;5;2;0;1;1;0;0;0;0;360027,780399999580000;5726289,173699999200000;6,975837899000055;51,670121877000042;0
94824;5200917701610221208;5;5;62;12;2020;9;15;5;2;5;2;0;1;1;0;0;0;0;358851,920500000010000;5727360,201600000300000;6,958412326000030;51,679451689000075;0
94826;5200917701400851234;5;5;12;0;2020;9;18;5;2;5;2;0;1;1;0;0;0;0;356697,735600000250000;5708396,603700000800000;6,935020198000075;51,508504685000048;0
94828;5200917700100864208;5;5;13;0;2020;9;9;5;3;5;3;0;1;1;0;0;0;0;367206,669999999930000;5710198,826099999200000;7,085679948000063;51,527268099000082;0
94832;5200917609112671750;5;3;58;12;2020;9;12;5;2;0;7;0;1;0;0;0;0;0;321771,807900000360000;5614050,656800000000000;6,478743264000059;50,651012800000046;0
94839;5200917606110776841;5;3;78;4;2020;9;10;5;3;0;3;0;1;1;0;0;0;0;368927,358799999580000;5651450,216099999800000;7,132003698000062;50,999681431000056;0
94840;5200917606100225010;5;3;78;4;2020;9;20;5;2;0;1;2;1;0;0;0;0;0;370824,307199999690000;5650187,431900000200000;7,159472381000057;50,988760705000061;0
94843;5200917603116033833;5;3;66;16;2020;9;13;5;3;5;3;0;1;1;0;0;0;0;343643,016200000420000;5613410,432399999400000;6,788145717000020;50,651540735000026;0
94847;5200918518302685925;5;1;70;40;2020;9;16;6;3;4;2;0;1;1;0;0;0;0;318723,987999999900000;5719924,565999999600000;6,382427866000057;51,601148956000031;0
94850;5200917600310312206;5;3;14;0;2020;9;22;5;3;4;6;2;1;0;0;0;0;0;363562,014399999750000;5619787,529999999300000;7,067386693000060;50,713863569000068;0
94851;5200917600110268203;5;3;14;0;2020;9;17;5;3;3;2;0;1;1;0;0;0;0;367054,350499999710000;5622487,326099999200000;7,115852633000031;50,738938795000081;0
94852;5200917600110147200;5;3;14;0;2020;9;7;5;2;6;6;0;1;0;1;0;0;0;361806,952999999750000;5622905,970000000700000;7,041373348000036;50,741476445000046;0
94854;5200917518310345102;5;1;70;32;2020;9;13;5;2;4;6;0;1;0;0;0;0;0;334463,641900000160000;5712595,908299999300000;6,612933713000075;51,540155777000052;0
94860;5200917515210776680;5;1;54;48;2020;9;16;5;2;5;2;0;1;1;0;0;0;0;324376,618700000460000;5705788,494300000400000;6,471015080000029;51,475957219000065;0
94864;5200917513210881588;5;1;62;24;2020;9;18;5;3;0;1;1;1;0;0;0;0;0;340520,184999999590000;5674449,399000000200000;6,717308435000064;51,199163313000042;0
94866;5200917506100986817;5;1;16;0;2020;9;7;5;3;5;3;0;1;1;0;0;0;0;319907,307199999690000;5668793,145800000100000;6,425403122000034;51,142227851000030;0
94868;5200917505100879007;5;1;14;0;2020;9;14;5;3;3;6;0;1;0;0;0;0;0;333376,509800000120000;5690024,693199999600000;6,607893671000056;51,337057385000037;0
94870;5200917503300006810;5;1;20;0;2020;9;17;5;3;5;7;0;1;1;0;0;0;0;375303,466099999850000;5671048,665300000500000;7,216059727000072;51,177249811000081;0
94871;5200918516130738204;5;1;58;32;2020;9;20;6;2;1;5;2;1;1;0;0;0;0;371265,067999999970000;5692816,846300000300000;7,150476006000076;51,371994320000056;0
94873;5200917502325789662;5;1;13;0;2020;9;16;5;3;5;3;0;1;1;0;0;0;0;361781,149000000210000;5706187,952999999700000;7,009088791000067;51,489923394000073;0
94876;5200917501324686181;5;1;12;0;2020;9;13;5;2;0;5;0;1;1;0;0;0;0;344057,130900000220000;5694708,734899999600000;6,759044620000054;51,382173681000040;0
94881;5200917500200602348;5;1;11;0;2020;9;15;5;3;5;3;0;1;1;0;0;0;0;342138,135200000370000;5685202,051300000400000;6,735705433000021;51,296226327000056;0
94882;5200917500100587405;5;1;11;0;2020;9;19;5;3;0;2;1;1;1;0;0;0;0;346397,388799999840000;5676011,545399999200000;6,800694497000052;51,214810354000065;0
94884;5200917500100023206;5;1;11;0;2020;9;17;5;3;0;7;0;1;0;1;0;0;0;346048,563599999990000;5675611,280999999500000;6,795875723000052;51,211119837000069;0
94885;5200917410260678128;5;7;70;36;2020;9;7;5;3;5;3;0;1;1;0;0;0;0;465660,060200000180000;5795344,237099999600000;8,496327912000027;52,307362124000065;0
94891;5200917406210782071;5;7;58;4;2020;9;5;5;3;5;3;1;1;1;0;0;0;0;467701,092400000430000;5782595,710999999200000;8,527482359000032;52,192873307000070;0
94894;5200917405228776076;5;7;54;28;2020;9;10;5;3;4;6;0;1;0;0;0;0;0;451458,625900000330000;5745437,544099999600000;8,295150502000070;51,857621964000032;0
94896;5200917404302690692;5;7;66;40;2020;9;7;5;3;4;3;0;1;1;0;0;0;0;486482,598000000230000;5759723,248999999800000;8,803150883000058;51,988012714000035;0
94897;5200918516110712208;5;1;58;32;2020;9;13;6;3;5;3;0;1;1;0;0;0;0;364012,832000000400000;5688940,198999999100000;7,047828743000025;51,335465490000047;0
94898;5200917404102487058;5;7;66;40;2020;9;17;5;2;5;3;0;1;1;0;0;0;0;485007,788999999870000;5760142,103000000100000;8,781655611000076;51,991740741000058;0
94903;5200917400100166184;5;7;11;0;2020;9;16;5;3;3;2;0;1;1;0;0;0;0;467834,883999999610000;5765985,120999999300000;8,531009529000073;52,043544040000029;0
94904;5200918515211446721;5;1;54;16;2020;9;7;6;3;5;3;0;1;1;0;0;0;0;303213,818300000390000;5728608,902599999700000;6,153869253000039;51,673933663000071;0
94905;5200917400100076097;5;7;11;0;2020;9;15;5;3;3;5;0;1;1;0;0;0;1;469346,078900000080000;5765218,153699999700000;8,553111861000048;52,036734156000080;0
94906;5200917317120399203;5;9;78;16;2020;9;14;5;3;0;6;0;1;1;0;0;0;0;405433,273400000300000;5704774,827700000300000;7,637999539000020;51,486207669000066;0
94908;5200917316200471386;5;9;74;12;2020;9;11;5;2;0;1;0;1;0;0;0;0;0;430306,810899999920000;5703957,971899999300000;7,996333073000074;51,482476728000051;0
94909;5200917316100244208;5;9;74;32;2020;9;18;5;3;1;7;0;1;1;0;0;0;0;441320,334800000300000;5704932,887599999100000;8,154758891000029;51,492491995000080;0
94917;5200918515111522052;5;1;54;8;2020;9;15;6;1;5;3;0;1;0;0;0;1;0;312215,217000000180000;5745758,391000000800000;6,274633593000033;51,831037316000049;0
94919;5200917307200816207;5;9;62;12;2020;9;15;5;2;0;1;0;1;0;0;0;0;0;396826,610399999660000;5671219,570800000800000;7,523805246000052;51,183075477000045;0
94921;5200918515110865205;5;1;54;36;2020;9;16;6;3;5;3;0;1;1;0;0;0;0;302640,468999999580000;5739757,411000000300000;6,139271149000024;51,773848301000044;0
94924;5200917303100075374;5;9;15;0;2020;9;11;5;3;5;3;0;1;1;0;0;0;0;419542,319699999880000;5726305,928999999500000;7,836221886000033;51,681950417000053;0
94929;5200918515110592788;5;1;54;36;2020;9;12;6;2;0;7;0;1;1;0;0;0;0;301526,409799999560000;5741375,399900000500000;6,122219767000047;51,787983925000049;0
94933;5200918514119382265;5;1;66;16;2020;9;9;6;3;3;6;0;1;0;0;0;0;1;307364,502100000160000;5686437,227199999600000;6,236828972000069;51,296619998000040;0
94935;5200917301000473389;5;9;13;0;2020;9;9;5;3;6;3;0;1;0;1;0;0;0;394646,574000000020000;5708097,829500000900000;7,481706976000055;51,514170028000080;0
94937;5200917300600179201;5;9;16;0;2020;9;18;5;3;5;3;0;1;1;0;0;0;0;379764,493400000040000;5712227,597600000000000;7,265924029000075;51,548315407000075;0
94939;5200917300310512206;5;9;11;0;2020;9;17;5;3;0;2;0;1;1;0;0;0;0;377869,663900000040000;5698934,535900000500000;7,243208761000062;51,428437019000057;0
94940;5200917300120249206;5;9;11;0;2020;9;2;5;3;1;5;2;1;1;0;0;0;0;375771,393299999650000;5707066,927899999500000;7,210183843000039;51,501069962000031;0
94946;5200918513320786785;5;1;62;4;2020;9;18;6;2;1;6;0;1;0;0;0;0;0;347757,908999999990000;5664137,163400000000000;6,825184807000028;51,108474463000050;0
94948;5200916709110874197;5;5;66;8;2020;9;17;4;3;5;2;0;1;1;0;0;0;0;399634,432199999690000;5781934,856200000300000;7,532129196000028;52,178746359000058;0
94949;5200916709100942513;5;5;66;8;2020;9;15;4;3;5;3;0;1;1;0;0;0;0;398274,235999999570000;5781370,216000000000000;7,512412545000075;52,173422435000077;0
94951;5200916706200074763;5;5;58;12;2020;9;14;4;3;5;2;0;1;1;0;0;0;0;374580,350499999710000;5756401,640300000100000;7,175266509000039;51,944171364000056;0
94954;5200916705000381092;5;5;54;4;2020;9;17;4;3;5;3;0;1;1;0;0;0;0;362683,621000000280000;5771098,500000000000000;6,996398456000065;52,073420509000073;0
94955;5200916705000087239;5;5;54;4;2020;9;5;4;2;5;3;2;1;1;0;0;0;0;364466,719999999740000;5772571,592000000200000;7,021813725000072;52,087096194000026;0
94958;5200916702100825207;5;5;15;0;2020;9;15;4;3;5;2;0;1;1;0;0;0;0;405588,700000000190000;5754352,823599999800000;7,626807104000022;51,931882630000075;0
94963;5200916701110997200;5;5;62;32;2020;9;15;4;3;5;3;0;1;0;0;0;0;0;375130,988300000320000;5719970,687899999300000;7,196379271000069;51,616897377000043;0
94964;5200916700200755832;5;5;13;0;2020;9;8;4;3;5;3;0;1;1;0;0;0;0;368291,457600000310000;5716295,263900000600000;7,099025515000051;51,582308987000033;0
94969;5200916608416277591;5;3;34;16;2020;9;14;4;3;5;3;0;1;1;0;0;0;0;295027,554999999700000;5634694,436000000700000;6,089417682000033;50,827627941000060;0
94973;5200916608332354200;5;3;34;32;2020;9;19;4;3;8;1;0;1;0;0;0;0;0;304779,397300000300000;5627177,707299999900000;6,231709835000061;50,763480783000034;0
94976;5200916608100247204;5;3;34;2;2020;9;11;4;3;6;4;0;1;0;1;0;0;0;293338,950100000020000;5628390,553799999900000;6,069019767000043;50,770412417000045;0
94981;5200916606100925010;5;3;78;12;2020;9;13;4;3;5;3;0;1;1;0;0;0;0;374366,069600000050000;5654738,385999999900000;7,208333842000059;51,030449036000050;0
94983;5200916603236525953;5;3;66;36;2020;9;15;4;3;0;1;0;1;0;0;0;0;0;324973,825100000020000;5604719,149599999200000;6,528393589000075;50,568142656000077;0
94986;5200916602400231208;5;3;62;32;2020;9;17;4;3;2;2;0;1;1;0;0;0;0;339243,350899999960000;5641667,404600000000000;6,713605685000061;50,904252439000061;0
94987;5200918513000356529;5;1;62;4;2020;9;18;6;3;0;7;0;1;0;0;0;0;0;347773,450400000440000;5664111,687000000800000;6,825417396000034;51,108249664000027;0
94988;5200916602100786909;5;3;62;8;2020;9;8;4;3;5;2;0;1;0;0;1;0;0;337390,723500000310000;5645652,706499999400000;6,685502268000050;50,939542713000037;0
94992;5200916601620884206;5;3;15;0;2020;9;7;4;2;0;7;0;1;0;0;0;0;0;363214,041600000110000;5639480,297000000300000;7,055124560000024;50,890773287000059;0
94994;5200916601300574413;5;3;15;0;2020;9;7;4;3;0;3;0;1;0;0;0;0;0;354308,528900000270000;5645862,203299999200000;6,926039452000055;50,945948325000074;0
94996;5200916601100290244;5;3;15;0;2020;9;20;4;3;2;1;2;1;0;1;0;0;0;357097,519600000230000;5643239,653200000500000;6,966742919000069;50,923077745000057;0
95001;5200916518200195202;5;1;70;24;2020;9;14;4;3;5;3;0;1;1;0;0;0;0;336288,776999999770000;5703944,945000000300000;6,643242899000029;51,462966952000045;0
95002;5200916518120972086;5;1;70;44;2020;9;19;4;3;0;2;0;1;1;0;0;0;0;340557,489599999970000;5717246,832299999900000;6,698621131000039;51,583695654000053;0
95007;5200916516400486907;5;1;58;24;2020;9;16;4;3;3;2;0;1;1;0;0;0;0;360198,275000000370000;5677663,687000000800000;6,997517520000031;51,233203401000026;0
95014;5200916513210081442;5;1;62;24;2020;9;16;4;3;3;6;0;1;0;0;0;0;0;338376,571600000370000;5672123,488800000400000;6,687699321000025;51,177662951000059;0
95017;5200916508000276252;5;1;19;0;2020;9;9;4;3;0;7;0;1;0;1;0;0;0;353880,156299999920000;5705888,587200000900000;6,895486733000041;51,485246972000027;0
95022;5200916500300072205;5;1;11;0;2020;9;12;4;3;0;7;0;1;0;0;0;0;0;350347,742100000380000;5669513,186100000500000;6,859920531000057;51,157465552000076;0
95023;5200916500100560580;5;1;11;0;2020;9;13;4;3;0;7;0;1;0;1;0;0;0;344419,877500000410000;5677981,918899999900000;6,771547834000046;51,231979501000069;0
95027;5200916410110382043;5;7;70;24;2020;9;15;4;3;0;6;0;1;0;1;0;0;0;490908,657200000250000;5790127,964900000000000;8,866793220000034;52,261463783000067;0
95028;5200916410110282103;5;7;70;24;2020;9;7;4;3;5;3;1;1;1;0;0;0;0;493729,235999999570000;5794303,088999999700000;8,908042739000052;52,299039698000058;0
95038;5200916404102234050;5;7;66;40;2020;9;19;4;3;0;7;1;1;0;0;0;0;0;484705,846900000240000;5757304,953700000400000;8,777384678000033;51,966223917000036;0
95040;5200916404101976171;5;7;66;64;2020;9;5;4;2;4;2;2;1;1;0;0;0;0;487788,052000000140000;5738948,452999999700000;8,822897485000055;51,801255157000071;0
95043;5200916400100082063;5;7;11;0;2020;9;17;4;3;5;3;0;1;1;0;0;0;0;467226,316999999810000;5771891,575999999400000;8,521569308000039;52,096610598000041;0
95044;5200916316500235153;5;9;74;20;2020;9;14;4;3;5;3;0;1;1;0;0;0;0;464864,545500000010000;5721102,746700000000000;8,492261542000051;51,639833233000047;0
95045;5200918503100580363;5;1;24;0;2020;9;13;6;3;0;2;0;1;1;0;0;0;0;371137,182500000110000;5680244,032700000300000;7,153183664000039;51,258969343000047;0
95046;5200916316100989244;5;9;74;40;2020;9;7;4;3;5;2;0;1;1;0;0;0;0;437052,818599999880000;5714139,554099999400000;8,091650128000026;51,574805907000041;0
95049;5200918503100149291;5;1;24;0;2020;9;13;6;3;0;2;0;1;1;0;0;0;0;371133,831399999560000;5680237,414999999100000;7,153138048000074;51,258909110000047;0
95059;5200916300600169124;5;9;16;0;2020;9;7;4;3;0;7;0;1;0;0;0;0;0;376835,261900000270000;5711814,488500000900000;7,223843885000065;51,543970886000068;0
95063;5200916300110020209;5;9;11;0;2020;9;7;4;3;0;1;0;1;0;0;0;0;0;376760,054999999700000;5704986,210999999200000;7,225147068000069;51,482586120000065;1
95074;5200915711231081979;5;5;70;40;2020;9;16;3;3;5;3;0;1;1;0;0;0;0;419071,326999999580000;5744310,141000000800000;7,825217072000044;51,843730484000048;0
95075;5200915711142069095;5;5;70;44;2020;9;11;3;3;5;3;0;1;1;0;0;0;0;417671,090599999760000;5760112,506899999500000;7,801117990000023;51,985575217000076;0
95076;5200915709800287280;5;5;66;40;2020;9;13;3;3;5;3;0;1;1;0;0;0;0;416899,004999999890000;5783800,585999999200000;7,784102360000077;52,198387673000070;0
95077;5200918501353882327;5;1;12;0;2020;9;13;6;3;3;2;0;1;1;0;0;0;0;345811,661000000310000;5699109,535000000100000;6,782324983000024;51,422194789000059;0
95083;5200915705000618559;5;5;54;20;2020;9;17;3;1;5;3;0;1;1;0;0;0;0;366912,635999999940000;5785270,721000000800000;7,052517688000023;52,201798367000038;0
95085;5200915702100744344;5;5;15;0;2020;9;16;3;3;5;3;0;1;1;0;0;0;0;403808,507000000220000;5760941,895899999900000;7,599077517000069;51,990802575000032;0
95088;5200915701920736201;5;5;62;28;2020;9;16;3;2;0;1;0;1;0;0;0;0;0;380809,005400000140000;5723163,125900000300000;7,277265430000057;51,646820268000056;0
95091;5200915701300580208;5;5;62;14;2020;9;8;3;2;2;6;0;1;1;0;0;0;0;360873,318699999710000;5715169,330099999900000;6,992472950000035;51,570408912000062;0
95093;5200915701120743205;5;5;62;32;2020;9;12;3;3;5;3;0;1;0;0;0;0;1;376773,311499999840000;5714760,075200000800000;7,221918679000055;51,570430259000034;0
95094;5200915701110690201;5;5;62;32;2020;9;13;3;3;5;2;0;1;1;0;0;0;0;373507,165900000370000;5719085,350400000800000;7,173256883000022;51,608578305000037;0
95095;5200915701110085347;5;5;62;32;2020;9;19;3;3;5;3;1;1;1;0;0;0;0;380436,479000000280000;5718155,323000000800000;7,273593167000058;51,601733815000046;0
95099;5200915610211686143;5;3;70;4;2020;9;16;3;3;5;3;0;1;1;0;0;0;0;312569,163999999870000;5661389,664999999100000;6,324462745000062;51,073370938000039;0
95106;5200921310110380524;5;9;54;16;2020;9;18;2;3;0;7;0;1;0;0;0;0;0;375038,650100000200000;5697646,965099999700000;7,202961196000047;51,416247872000042;0
95108;5200921303100779813;5;9;15;0;2020;9;17;2;2;0;7;0;1;0;0;0;0;0;413388,091500000100000;5724267,443600000800000;7,747731812000041;51,662710352000033;0
95111;5200921515111578934;5;1;54;44;2020;9;18;2;3;5;3;0;1;1;0;0;0;0;324743,712000000290000;5734085,481000000600000;6,462156053000058;51,730256943000029;0
95113;5200921301504427200;5;9;13;0;2020;9;18;2;3;6;4;0;1;0;1;0;0;0;387382,787100000310000;5711745,260099999600000;7,375902846000031;51,545552115000078;0
95114;5200921515111541589;5;1;54;44;2020;9;16;2;2;4;6;0;1;0;0;0;0;0;321328,876600000080000;5740035,354199999900000;6,409702636000077;51,782621824000046;0
95115;5200921301403308205;5;9;13;0;2020;9;12;2;3;3;2;0;1;1;0;0;0;0;398848,457700000140000;5710525,446599999400000;7,541543467000054;51,536759322000080;0
95118;5200921515110554815;5;1;54;24;2020;9;13;2;3;0;7;0;1;0;0;0;0;0;310637,231999999840000;5735171,983999999200000;6,257535388000065;51,735428589000037;0
95120;5200921300310327201;5;9;11;0;2020;9;16;2;3;5;3;0;1;1;0;0;0;0;378127,588999999690000;5698916,687000000800000;7,246923173000027;51,428332129000069;0
95121;5200921300310297206;5;9;11;0;2020;9;12;2;3;0;1;0;1;0;0;0;0;0;376087,079900000240000;5704115,431600000700000;7,215765664000060;51,474613040000065;0
95127;5200920709300868286;5;5;66;96;2020;9;14;1;3;5;3;0;1;1;0;0;0;0;384595,804999999700000;5785482,462999999500000;7,311074192000035;52,207687124000074;0
95128;5200920709300781036;5;5;66;52;2020;9;15;1;3;2;6;0;1;0;0;1;0;0;377887,227400000210000;5779405,306600000700000;7,215133401000060;52,151630349000072;0
95132;5200920705000778089;5;5;54;60;2020;9;8;1;3;0;2;0;1;1;0;0;0;0;350417,304499999620000;5755917,477700000600000;6,824180139000021;51,933850341000038;0
95135;5200920705000582575;5;5;54;20;2020;9;3;1;3;0;1;2;1;0;0;0;0;0;366249,019999999550000;5783933,271900000100000;7,043340987000022;52,189620227000034;0
95136;5200920705000365794;5;5;54;20;2020;9;15;1;3;0;5;0;1;1;0;0;0;0;365240,006699999790000;5785833,589700000400000;7,027833555000029;52,206449573000043;0
95138;5200920701610841202;5;5;62;12;2020;9;18;1;3;5;2;0;1;1;0;0;0;0;359024,362200000320000;5735672,055600000500000;6,957541622000065;51,754182703000026;0
95141;5200920610121280747;5;3;70;12;2020;9;15;1;2;0;1;0;1;0;0;0;0;0;296753,803000000310000;5649459,933199999900000;6,105682088000037;50,960848541000075;0
95143;5200920608332882205;5;3;34;32;2020;9;13;1;2;4;6;0;1;0;0;0;0;0;308308,687699999660000;5626761,728700000800000;6,281912280000029;50,760920729000077;0
95150;5200920606400381162;5;3;78;28;2020;9;20;1;3;0;1;2;1;0;0;0;0;0;372129,310999999750000;5639774,720000000700000;7,181711635000056;50,895462143000032;0
95151;5200920605116074295;5;3;74;24;2020;9;16;1;2;8;1;0;1;0;0;0;0;0;401162,937500000000000;5661461,825500000300000;7,588506186000075;51,096124011000029;0
95158;5200920602300663952;5;3;62;36;2020;9;18;1;2;2;3;0;1;1;0;0;0;0;344077,373200000260000;5648331,140000000600000;6,779451478000055;50,965457495000067;0
95164;5200920601210413201;5;3;15;0;2020;9;15;1;3;3;6;0;1;1;0;0;0;0;354183,601700000460000;5642000,379599999600000;6,925806990000069;50,911211657000081;0
95166;5200921513000071940;5;1;62;22;2020;9;12;2;3;5;3;0;1;1;0;0;0;0;336185,213999999690000;5686739,099999999600000;6,649689704000025;51,308354401000031;0
95167;5200920601110460209;5;3;15;0;2020;9;17;1;3;5;2;0;1;0;0;1;0;0;355669,778099999760000;5644690,808299999700000;6,945867941000074;50,935763635000058;0
95169;5200920600140990873;5;3;14;0;2020;9;21;1;2;0;1;2;1;0;0;0;0;0;367639,985999999570000;5623215,410000000100000;7,123886120000066;50,745616643000062;0
95170;5200920600130075842;5;3;82;8;2020;9;14;1;3;5;3;0;1;0;0;0;0;0;373857,662600000390000;5610401,053400000600000;7,216344787000026;50,631817646000059;0
95173;5200920516110274167;5;1;58;32;2020;9;17;1;3;4;6;0;1;0;0;0;0;0;362616,886099999770000;5688738,181500000900000;7,027879768000048;51,333314442000074;0
95175;5200920515210178590;5;1;54;12;2020;9;2;1;3;0;1;2;1;0;0;0;0;0;314617,057599999940000;5710937,779799999700000;6,327931812000031;51,519094519000078;0
95178;5200920515110078980;5;1;54;24;2020;9;13;1;3;5;2;0;1;1;0;0;0;0;312852,747999999670000;5738883,662000000500000;6,287585228000069;51,769508139000038;0
95180;5200920513320886785;5;1;62;28;2020;9;14;1;3;2;6;0;1;0;0;0;0;0;341572,150299999860000;5659819,219100000300000;6,738785666000069;51,067999944000064;0
95181;5200920513320586898;5;1;62;4;2020;9;14;1;3;9;1;0;1;0;0;0;0;0;343794,051500000060000;5660820,852800000500000;6,770039872000041;51,077609137000081;0
95183;5200920506100881520;5;1;16;0;2020;9;17;1;2;0;1;0;1;0;0;0;0;0;321529,160199999810000;5671377,946399999800000;6,447282579000046;51,165955832000066;0
95187;5200920503300408865;5;1;20;0;2020;9;10;1;3;0;7;0;1;0;0;0;0;0;370561,300200000410000;5672035,705099999900000;7,147898825000027;51,185066975000041;0
95189;5200921506100485855;5;1;16;0;2020;9;14;2;3;0;7;0;1;0;0;0;0;0;321856,022300000300000;5669930,420399999200000;6,452669508000042;51,153054071000042;0
95192;5200920503100171889;5;1;24;0;2020;9;19;1;3;5;2;2;1;1;0;0;0;0;370426,636599999850000;5678587,447399999900000;7,143605888000025;51,243919923000078;0
95194;5200921505100286880;5;1;14;0;2020;9;7;2;3;5;2;0;1;1;0;0;0;0;334829,495099999940000;5690886,415300000500000;6,628334239000026;51,345223273000045;0
95200;5200920410230372176;5;7;70;4;2020;9;21;1;3;5;2;2;1;1;0;0;0;0;486432,431400000120000;5785067,779100000900000;8,801410866000026;52,215877783000053;0
95204;5200920407316029572;5;7;62;36;2020;9;18;1;3;5;2;0;1;1;0;0;0;0;507802,963999999690000;5700213,747999999700000;9,112298673000055;51,453050409000070;0
95205;5200920406220390723;5;7;58;24;2020;9;12;1;3;3;6;0;1;1;0;0;0;0;479561,391099999660000;5782708,442500000800000;8,700982780000061;52,194454049000058;0
95208;5200920406130090708;5;7;58;8;2020;9;17;1;3;2;2;0;1;1;0;0;0;0;472891,751199999820000;5776309,187899999300000;8,603919185000052;52,136634022000067;0
95214;5200920404101974621;5;7;66;20;2020;9;17;1;3;4;2;1;1;1;0;0;0;0;488671,349999999630000;5754571,861999999700000;8,835194700000045;51,941745678000075;0
95219;5200921502407678843;5;1;17;0;2020;9;13;2;3;4;2;0;1;1;0;0;0;0;351822,911000000310000;5697231,850999999800000;6,869503373000043;51,406925933000082;0
95226;5200920316100088488;5;9;74;40;2020;9;15;1;2;0;4;0;1;0;1;0;0;0;435495,206299999730000;5712312,733200000600000;8,069511728000066;51,558205894000082;0
95229;5200920315210871483;5;9;70;24;2020;9;12;1;2;0;7;0;1;0;0;0;0;0;428480,498900000010000;5647103,185200000200000;7,981384247000051;50,971083731000078;0
95231;5200921502318467103;5;1;13;0;2020;9;20;2;2;0;1;2;1;0;0;0;0;0;354270,620400000360000;5705360,367300000000000;6,901324362000025;51,480601285000034;0
95233;5200920313240424311;5;9;58;40;2020;9;12;1;2;2;6;0;1;0;0;0;0;0;448944,338999999690000;5669620,722300000500000;8,269629674000044;51,175731552000059;0
95235;5200920313123579443;5;9;58;16;2020;9;13;1;2;0;1;0;1;0;0;0;0;0;441014,787999999710000;5672096,296000000100000;8,155800232000047;51,197226930000056;0
95239;5200921600110486304;5;3;14;0;2020;9;14;2;3;5;2;0;1;1;0;0;0;0;364967,756599999960000;5620427,956299999700000;7,087052436000022;50,719947951000051;0