OBJECTID;UIDENTSTLAE;ULAND;UREGBEZ;UKREIS;UGEMEINDE;UJAHR;UMONAT;USTUNDE;UWOCHENTAG;UKATEGORIE;UART;UTYP1;ULICHTVERH;IstRad;IstPKW;IstFuss;IstKrad;IstGkfz;IstSonstige;LINREFX;LINREFY;XGCSWGS84;YGCSWGS84;STRZUSTAND
95244;5200920301303989201;5;9;13;0;2020;9;14;1;3;5;3;0;1;1;0;0;0;0;399463,164599999790000;5713702,478299999600000;7,549495471000057;51,565426738000042;0
95259;5200921501319114203;5;1;12;0;2020;9;13;2;3;5;3;0;1;1;0;0;0;0;345261,804999999700000;5697576,269999999600000;6,775092053000037;51,408268459000055;0
95261;5200919709700511895;5;5;66;28;2020;9;14;7;3;5;3;0;1;1;0;0;0;0;417071,993999999950000;5792889,765000000600000;7,784402431000046;52,280112445000043;0
95262;5200921501318965230;5;1;12;0;2020;9;20;2;3;5;3;2;1;1;0;0;0;0;343668,226599999700000;5697669,884400000800000;6,752156325000044;51,408672540000055;0
95263;5200919709500516765;5;5;66;76;2020;9;15;7;3;5;3;0;1;1;0;0;0;0;393728,057500000110000;5788811,295600000800000;7,443622032000064;52,239441022000051;0
95265;5200919709110979197;5;5;66;84;2020;9;15;7;3;1;5;0;1;1;0;0;0;0;385914,495000000110000;5779382,316999999800000;7,332416316000035;52,153140488000076;0
95267;5200919709100057478;5;5;66;64;2020;9;22;7;2;3;1;2;1;0;0;0;0;0;396074,854100000110000;5771856,619999999200000;7,483168999000043;52,087508196000044;0
95268;5200919705000191759;5;5;54;60;2020;9;16;7;3;0;7;0;1;0;0;0;0;0;349444,012199999760000;5756026,785900000500000;6,809985999000048;51,934569998000029;0
95270;5200919702100570511;5;5;15;0;2020;9;1;7;3;9;1;2;1;0;0;0;0;0;401179,356900000010000;5763702,893300000600000;7,560003458000040;52,015157163000026;0
95271;5200919702100464164;5;5;15;0;2020;9;21;7;3;0;1;2;1;0;0;0;0;0;405806,599299999890000;5760284,051799999500000;7,628349094000043;51,985232077000035;0
95272;5200919702100065857;5;5;15;0;2020;9;17;7;3;5;3;0;1;1;0;0;0;0;404113,358799999580000;5759176,347799999600000;7,604009427000051;51,974985991000040;0
95273;5200919701800669202;5;5;62;4;2020;9;15;7;3;5;3;0;1;1;0;0;0;0;382748,316300000060000;5714066,684100000200000;7,308324009000046;51,565472528000043;0
95282;5200919608200789206;5;3;34;2;2020;9;12;7;3;0;7;0;1;0;0;0;0;0;301445,815000000410000;5622989,193000000000000;6,186755987000026;50,724728401000050;0
95284;5200919608200165719;5;3;34;2;2020;9;16;7;3;5;2;0;1;1;0;0;0;0;297399,194400000390000;5627736,316900000000000;6,126886555000056;50,765968436000037;0
95290;5200919606100176569;5;3;78;4;2020;9;10;7;3;0;3;0;1;1;0;0;0;0;367339,344999999740000;5650912,317099999600000;7,109581557000070;50,994483065000054;0
95293;5200921518320081581;5;1;70;52;2020;9;18;2;2;5;3;0;1;1;0;0;0;0;324205,583599999550000;5726666,157700000300000;6,458110687000044;51,663443994000033;0
95295;5200919605136585317;5;3;74;20;2020;9;10;7;3;5;3;0;1;1;0;0;0;0;384801,046299999580000;5653011,200099999100000;7,357627489000038;51,017110140000057;0
95298;5200919602800881945;5;3;62;12;2020;9;15;7;3;0;1;0;1;0;0;0;0;0;351830,235399999660000;5633360,485600000200000;6,895855326000060;50,832968915000038;0
95299;5200919602800786775;5;3;62;12;2020;9;14;7;2;5;3;0;1;1;0;0;0;0;351796,867999999780000;5631110,133999999600000;6,896291156000075;50,812737127000048;0
95300;5200919602500885834;5;3;62;24;2020;9;15;7;3;5;3;0;1;1;0;0;0;0;344059,817300000230000;5645254,623800000200000;6,780519351000066;50,937807729000042;0
95311;5200921518210537664;5;1;70;28;2020;9;7;2;3;5;3;0;1;1;0;0;0;0;327746,581000000240000;5701327,505999999100000;6,521665819000020;51,436918558000059;0
95314;5200919600330536208;5;3;82;48;2020;9;14;7;3;5;3;0;1;1;0;0;0;0;354947,235700000080000;5611589,243599999700000;6,948656757000038;50,638097779000077;0
95319;5200919516710805206;5;1;58;8;2020;9;16;7;3;0;1;0;1;0;0;0;0;0;361413,952999999750000;5672449,612999999900000;7,016933647000030;51,186642207000034;0
95320;5200919516700286746;5;1;58;8;2020;9;12;7;3;5;2;0;1;1;0;0;0;0;359546,345900000070000;5672501,608899999400000;6,990206714000067;51,186653612000043;0
95322;5200919515210076795;5;1;54;20;2020;9;9;7;3;4;6;0;1;0;0;0;0;0;320977,150600000280000;5709011,641499999900000;6,420480974000043;51,503844160000028;0
95323;5200919515111147325;5;1;54;8;2020;9;14;7;3;5;3;0;1;1;0;0;0;0;310625,126500000250000;5748010,997199999200000;6,250351708000039;51,850730918000068;0
95325;5200921500200825200;5;1;11;0;2020;9;15;2;3;5;3;0;1;0;0;0;0;1;344467,967000000180000;5680334,087700000000000;6,771214404000034;51,253127595000080;0
95331;5200919513310880787;5;1;62;8;2020;9;15;7;3;0;7;0;1;0;0;0;0;0;330686,821000000460000;5654901,035000000100000;6,585863355000072;51,020705536000037;0
95335;5200921500200471950;5;1;11;0;2020;9;17;2;3;5;3;0;1;1;0;0;0;0;342800,348000000230000;5688011,093000000300000;6,743958063000036;51,321648918000051;0
95338;5200919505100179007;5;1;14;0;2020;9;12;7;2;0;7;0;1;0;0;0;0;0;334108,833100000400000;5688257,163799999300000;6,619220334000033;51,321391653000035;0
95339;5200921500200001791;5;1;11;0;2020;9;13;2;3;0;2;0;1;1;0;0;0;0;350235,817099999640000;5678406,437100000700000;6,854611131000070;51,237350099000082;0
95344;5200919502243060588;5;1;13;0;2020;9;14;7;2;5;2;0;1;1;0;0;0;0;366444,162600000390000;5700298,354699999100000;7,078438707000032;51,438115874000061;0
95348;5200919501317896200;5;1;12;0;2020;9;17;7;3;4;2;0;1;1;0;0;0;0;345192,678700000050000;5698224,799000000600000;6,773815813000056;51,414076674000057;0
95357;5200919410110725847;5;7;70;24;2020;9;21;7;3;0;1;2;1;0;0;0;0;0;491195,135999999940000;5793884,393999999400000;8,870892608000077;52,295240653000064;0
95359;5200919407140576200;5;7;62;8;2020;9;13;7;3;1;1;0;1;1;0;0;0;0;525817,690799999980000;5723737,926799999500000;9,373286718000031;51,664031906000048;0
95360;5200919405236887038;5;7;54;36;2020;9;19;7;3;5;3;1;1;1;0;0;0;0;475846,069000000130000;5750792,651000000500000;8,648884926000051;51,907358156000043;0
95361;5200919405232587038;5;7;54;32;2020;9;18;7;3;5;2;0;1;1;0;0;0;0;457827,936400000010000;5733823,690700000200000;8,389043786000059;51,753722501000027;0
95364;5200921406120282094;5;7;58;16;2020;9;17;2;3;2;6;0;1;1;0;0;0;0;475765,737300000150000;5778061,864000000100000;8,645785308000029;52,152525114000071;0
95365;5200919404301954717;5;7;66;24;2020;9;16;7;2;8;1;0;1;0;0;0;0;0;500585,441899999980000;5763798,337500000400000;9,008532574000071;52,024815807000039;0
95366;5200919404301590592;5;7;66;8;2020;9;14;7;3;5;3;0;1;0;0;1;0;0;482975,547700000000000;5771750,676999999200000;8,751480418000028;52,096052604000079;0
95370;5200919317140566582;5;9;78;28;2020;9;16;7;3;3;1;0;1;0;0;0;0;1;399981,196200000120000;5698927,885199999400000;7,561155612000050;51,432711772000062;0
95372;5200919317120618785;5;9;78;16;2020;9;14;7;3;1;5;0;1;1;0;0;0;0;403972,881099999880000;5706572,202299999100000;7,616483634000076;51,502118366000047;0
95373;5200921405228538696;5;7;54;28;2020;9;15;2;3;5;3;0;1;1;0;0;0;0;451025,117600000460000;5744538,363800000400000;8,288983646000077;51,849500014000057;0
95374;5200919317110678006;5;9;78;36;2020;9;10;7;3;5;3;0;1;1;0;0;0;0;405719,216300000440000;5711594,127499999500000;7,640292286000033;51,547555266000074;0
95377;5200919315110478530;5;9;70;40;2020;9;17;7;2;3;2;0;1;1;0;0;0;0;430419,844499999660000;5640115,709000000700000;8,010335567000027;50,908495171000027;0
95381;5200921405148387099;5;7;54;48;2020;9;10;2;3;0;7;0;1;1;0;0;0;0;441349,261300000360000;5766145,747300000900000;8,144838608000043;52,042818527000065;0
95386;5200919310230280364;5;9;54;12;2020;9;14;7;2;0;1;0;1;0;0;0;0;0;384437,272199999540000;5685628,799200000200000;7,341963139000029;51,310220507000054;0
95387;5200919310210785267;5;9;54;24;2020;9;15;7;3;3;6;0;1;1;0;0;0;0;379866,496500000360000;5684742,759199999300000;7,276713518000065;51,301310254000043;0
95389;5200919310210065148;5;9;54;24;2020;9;14;7;2;1;5;0;1;1;0;0;0;0;380876,992800000120000;5683947,384199999300000;7,291467365000074;51,294373755000038;0
95391;5200919310110075700;5;9;54;16;2020;9;11;7;2;5;2;0;1;1;0;0;0;0;375764,415300000460000;5689146,164699999600000;7,216365466000070;51,340006035000044;0
95393;5200919303100752429;5;9;15;0;2020;9;13;7;3;0;1;0;1;0;0;0;0;0;417782,406700000170000;5727010,383199999100000;7,810605565000060;51,688028194000026;0
95397;5200919301502846208;5;9;13;0;2020;9;15;7;3;3;6;0;1;1;0;0;0;0;392997,256000000050000;5703581,262000000100000;7,459316590000071;51,473262962000035;0
95401;5200919301201852203;5;9;13;0;2020;9;16;7;2;2;6;0;1;1;0;0;0;0;394278,328200000340000;5709331,955399999400000;7,476031774000035;51,525194193000061;0
95407;5200921404302690692;5;7;66;8;2020;9;8;2;3;3;2;0;1;1;0;0;0;0;482017,347400000320000;5770413,470300000200000;8,737563497000053;52,083999831000028;0
95413;5200921400200674633;5;7;11;0;2020;9;8;2;2;5;2;0;1;1;0;0;0;0;474337,181800000370000;5759708,567700000500000;8,626285712000026;51,987452337000036;0
95416;5200918709700069191;5;5;66;28;2020;9;13;6;3;9;1;0;1;1;0;0;0;0;413074,888799999840000;5792497,983300000400000;7,725927340000055;52,275973423000039;0
95419;5200918709300387315;5;5;66;84;2020;9;12;6;2;5;3;0;1;1;0;0;0;0;385872,478400000370000;5778336,220499999800000;7,332153837000021;52,143730623000067;0
95420;5200918709110306884;5;5;66;8;2020;9;9;6;3;5;3;0;1;1;0;0;0;0;398215,784400000240000;5780194,904999999300000;7,511910603000047;52,162848355000051;0
95422;5200918705000851911;5;5;54;16;2020;9;8;6;3;5;2;0;1;1;0;0;0;0;362202,311999999920000;5758484,300000000700000;6,994456936000063;51,959957246000045;0
95425;5200921317250685064;5;9;78;32;2020;9;14;2;3;0;1;0;1;0;0;0;0;0;398636,377500000410000;5724835,869300000400000;7,534350704000076;51,665352456000051;0
95426;5200918702100853748;5;5;15;0;2020;9;7;6;3;5;2;0;1;0;0;0;0;0;403928,683000000190000;5758093,485999999600000;7,601624681000033;51,965220983000052;0
95427;5200918702100570562;5;5;15;0;2020;9;10;6;3;0;7;0;1;0;1;0;0;0;406586,638199999930000;5757176,242399999900000;7,640550329000064;51,957429351000030;0
95430;5200918701800553205;5;5;62;4;2020;9;17;6;3;0;7;0;1;0;0;0;0;0;383247,027999999930000;5711635,334000000700000;7,316323132000036;51,543723621000026;0
95433;5200921316300182001;5;9;74;28;2020;9;8;2;3;5;3;0;1;1;0;0;0;0;454525,391699999570000;5726710,271800000200000;8,342131201000029;51,689508824000029;0
95436;5200918701120441204;5;5;62;32;2020;9;9;6;2;5;3;0;1;1;0;0;0;0;376226,084300000220000;5715795,281700000200000;7,213661891000072;51,579614041000070;0
95438;5200918700200018206;5;5;13;0;2020;9;12;6;3;5;3;0;1;1;0;0;0;0;365477,218500000420000;5714362,293700000300000;7,059172073000070;51,564273754000055;0
95440;5200918610211554346;5;3;70;4;2020;9;13;6;3;5;7;0;1;0;0;0;0;1;311292,061999999920000;5661873,416999999400000;6,306001388000027;51,077297747000046;0
95448;5200918608100833392;5;3;34;2;2020;9;7;6;3;8;1;0;1;0;0;0;0;0;295265,245000000110000;5628853,662000000500000;6,096044172000063;50,775254675000042;0
95452;5200918606100032517;5;3;78;4;2020;9;13;6;3;2;6;0;1;0;0;0;0;0;368323,093000000340000;5650338,685000000500000;7,123799879000046;50,989553373000035;0
95453;5200918606000432398;5;3;78;24;2020;9;8;6;3;5;3;0;1;1;0;0;0;0;379395,783400000070000;5643494,413799999300000;7,283758450000050;50,930460253000035;0
95454;5200918605000386767;5;3;74;36;2020;9;12;6;2;7;1;0;1;1;0;0;0;0;386310,674200000240000;5675907,336200000700000;7,371921187000055;51,223217021000039;0
95459;5200918602900518205;5;3;62;40;2020;9;19;6;2;5;3;2;1;0;0;1;0;0;360089,446999999690000;5629612,084799999400000;7,014495627000031;50,801336081000045;0
95462;5200918602400866010;5;3;62;32;2020;9;6;6;3;5;3;2;1;1;0;0;0;0;338726,414099999700000;5643970,333399999900000;6,705241814000033;50,924801052000078;0
95468;5200918600110455209;5;3;14;0;2020;9;17;6;3;0;1;0;1;0;0;0;0;0;365838,566999999810000;5622733,746200000900000;7,098542527000063;50,740874002000055;0
95472;5200921314110632543;5;9;66;24;2020;9;16;2;2;0;1;0;1;0;0;0;0;0;420266,768699999900000;5658918,657299999100000;7,861825080000074;51,076234430000056;0
95474;5200924518200157112;5;1;70;24;2020;9;14;5;3;5;3;0;1;1;0;0;0;0;335476,932000000030000;5704586,086999999400000;6,631268056000067;51,468491642000060;0
95477;5200923701700751204;5;5;62;16;2020;9;18;4;3;3;6;1;1;0;0;0;0;1;369387,086099999960000;5735781,071699999300000;7,107544228000052;51,757674652000048;1
95478;5200923701300987205;5;5;62;14;2020;9;18;4;3;5;2;0;1;1;0;0;0;0;361005,476700000460000;5715025,272700000600000;6,994435649000025;51,569146991000082;0
95483;5200923608408532209;5;3;34;8;2020;9;14;4;3;5;3;0;1;1;0;0;0;0;303241,671900000420000;5644779,371300000700000;6,200479966000046;50,921060255000043;0
95485;5200923608332677528;5;3;34;32;2020;9;17;4;2;0;1;0;1;0;0;0;0;0;309747,603900000450000;5628164,446499999600000;6,301565896000057;50,773994667000068;0
95486;5200923608100280750;5;3;34;2;2020;9;20;4;3;0;1;2;1;0;0;0;0;0;291821,780000000260000;5628366,438999999300000;6,047546452000063;50,769653460000029;0
95492;5200923606100874414;5;3;78;4;2020;9;13;4;2;5;3;0;1;1;0;0;0;0;369662,932000000030000;5646946,452999999700000;7,144095843000059;50,959369579000054;0
95500;5200924516300680922;5;1;58;28;2020;9;15;5;3;0;7;0;1;0;0;0;0;0;351429,972199999730000;5690683,179199999200000;6,866596213000037;51,347978931000057;0
95501;5200923601320554202;5;3;15;0;2020;9;14;4;3;1;3;0;1;1;0;0;0;0;350894,680900000040000;5645057,299200000200000;6,877807030000042;50,937842286000034;0
95503;5200923601300986634;5;3;15;0;2020;9;15;4;3;2;1;0;1;0;0;0;0;1;354541,932199999690000;5645717,857999999100000;6,929417343000068;50,944710074000056;0
95505;5200923601300790405;5;3;15;0;2020;9;19;4;2;5;2;1;1;1;0;0;0;0;353203,803000000310000;5646839,043999999800000;6,909930672000030;50,954446549000068;0
95507;5200923601200590439;5;3;15;0;2020;9;8;4;3;0;5;0;1;0;0;0;0;0;354744,668700000270000;5643086,918700000300000;6,933349815000042;50,921117607000042;0
95508;5200923601200178577;5;3;15;0;2020;9;13;4;2;5;3;0;1;0;0;0;0;1;357956,199799999590000;5641165,743000000700000;6,979759717000036;50,904651482000077;0
95509;5200923601100087327;5;3;15;0;2020;9;8;4;3;5;3;0;1;0;0;0;0;0;356593,435600000430000;5644606,291600000100000;6,959037904000070;50,935234517000026;0
95515;5200923518210372019;5;1;70;28;2020;9;7;4;3;5;3;0;1;1;0;0;0;0;329589,553000000310000;5701655,189999999500000;6,547998039000049;51,440419658000053;0
95518;5200923518200575787;5;1;70;24;2020;9;15;4;3;0;1;0;1;0;0;0;0;0;337178,305999999870000;5702769,827999999700000;6,656577837000043;51,452665968000076;0
95519;5200924515110579051;5;1;54;36;2020;9;10;5;2;5;3;0;1;1;0;0;0;0;302201,420500000010000;5741915,858799999600000;6,131685780000055;51,793076261000067;0
95520;5200923518200544728;5;1;70;24;2020;9;12;4;3;5;3;0;1;1;0;0;0;0;336504,868999999950000;5700424,857999999100000;6,647977143000048;51,431404170000064;0
95524;5200923516500679337;5;1;58;16;2020;9;13;4;2;5;3;0;1;1;0;0;0;0;354228,677000000140000;5672051,417999999600000;6,914350325000044;51,181276697000044;0
95527;5200923515210028632;5;1;54;12;2020;9;10;4;3;5;3;0;1;0;0;0;0;1;312569,042000000370000;5707491,446399999800000;6,300278293000076;51,487464742000043;0
95532;5200923508214775203;5;1;19;0;2020;9;19;4;3;5;3;1;1;1;0;0;0;0;349396,091500000100000;5709843,452999999700000;6,829264927000054;51,519606248000059;0
95534;5200923506100787574;5;1;16;0;2020;9;7;4;3;0;1;0;1;0;0;0;0;0;321076,653500000010000;5673612,599700000100000;6,439704878000043;51,185888923000050;0
95535;5200923506100478807;5;1;16;0;2020;9;14;4;3;5;2;0;1;1;0;0;0;0;320828,538999999870000;5676184,366000000400000;6,434874868000065;51,208913851000034;0
95537;5200923506100069308;5;1;16;0;2020;9;16;4;3;5;2;0;1;1;0;0;0;0;323525,333100000400000;5675568,061300000200000;6,473746324000047;51,204216900000063;0
95539;5200923505100672143;5;1;14;0;2020;9;8;4;3;5;3;0;1;1;0;0;0;0;334377,976200000380000;5690634,902300000200000;6,621973925000020;51,342832243000032;0
95540;5200923505100079400;5;1;14;0;2020;9;13;4;3;0;3;0;1;1;0;0;0;0;332036,996700000020000;5689721,080700000700000;6,588824527000043;51,333935604000033;0
95542;5200923503100981089;5;1;24;0;2020;9;16;4;3;5;2;0;1;1;0;0;0;0;371026,867300000040000;5680235,164400000100000;7,151606745000038;51,258864695000057;0
95548;5200924513210739494;5;1;62;24;2020;9;7;5;3;5;2;0;1;1;0;0;0;0;338245,502999999560000;5671545,903000000900000;6,686085701000025;51,172436344000062;0
95551;5200923502111065450;5;1;13;0;2020;9;7;4;3;0;2;0;1;1;0;0;0;0;363998,996000000280000;5701303,477000000000000;7,042894058000059;51,446566733000054;0
95552;5200923501212636203;5;1;12;0;2020;9;16;4;3;5;2;0;1;1;0;0;0;0;340885,752000000330000;5698403,802999999400000;6,711852702000044;51,414492738000035;0
95564;5200923410240540196;5;7;70;40;2020;9;14;4;2;5;2;0;1;1;0;0;0;0;472764,184999999590000;5809934,778000000900000;8,599337469000034;52,438931850000074;0
95569;5200923405236087132;5;7;54;36;2020;9;18;4;3;5;3;0;1;1;0;0;0;0;474463,574000000020000;5747591,619000000900000;8,629025712000043;51,878516223000076;0
95578;5200923316300989288;5;9;74;28;2020;9;17;4;3;5;3;0;1;1;0;0;0;0;451616,078999999910000;5726164,193199999600000;8,300121963000038;51,684355947000029;0
95581;5200923315110085248;5;9;70;40;2020;9;17;4;3;6;4;0;1;0;1;0;0;0;430367,453999999910000;5640693,057000000000000;8,009480334000045;50,913679958000046;0
95584;5200923313233184920;5;9;58;28;2020;9;13;4;3;2;6;0;1;1;0;0;0;0;478863,110799999910000;5672360,543800000100000;8,697456709000051;51,202257261000057;0
95585;5200923313212519413;5;9;58;36;2020;9;18;4;3;1;3;0;1;1;0;0;0;0;465452,039300000300000;5681931,922399999600000;8,504579487000058;51,287667331000080;0
95586;5200923313130289292;5;9;58;44;2020;9;12;4;3;0;7;0;1;0;0;0;0;0;430743,479799999860000;5686963,891300000300000;8,005939084000033;51,329744862000041;0
95589;5200923310210860806;5;9;54;24;2020;9;6;4;3;0;1;2;1;0;0;0;0;0;381810,758799999950000;5683851,384099999400000;7,304885457000069;51,293705490000036;0
95591;5200923307000485539;5;9;62;60;2020;9;13;4;2;5;3;0;1;1;0;0;0;0;414260,927500000220000;5679523,502299999800000;7,771199800000034;51,260609655000053;0
95593;5200923303100889268;5;9;15;0;2020;9;6;4;3;5;3;2;1;1;0;0;0;0;419079,525000000370000;5726571,398000000000000;7,829467760000057;51,684270369000046;0
95598;5200923301301708206;5;9;78;24;2020;9;19;4;3;8;6;1;1;1;0;0;0;0;398636,455199999730000;5716530,655500000300000;7,536755910000068;51,590700302000073;0
95599;5200923301301226200;5;9;78;24;2020;9;12;4;3;5;3;0;1;1;0;0;0;0;397995,719600000420000;5719324,432099999900000;7,526697136000053;51,615696785000068;0
95600;5200923301202070207;5;9;13;0;2020;9;8;4;3;5;2;0;1;1;0;0;0;0;393567,615000000220000;5714588,750000000000000;7,464200405000042;51,572310983000079;0
95601;5200923301202065802;5;9;13;0;2020;9;8;4;3;5;2;0;1;1;0;0;0;0;394700,827800000090000;5709112,838600000400000;7,482185259000062;51,523303595000073;0
95621;5200922702100872460;5;5;15;0;2020;9;17;3;3;0;6;0;1;0;0;0;0;0;408912,672199999910000;5753105,777200000400000;7,675469429000032;51,921227279000050;0
95622;5200922702100773242;5;5;15;0;2020;9;17;3;3;2;6;0;1;0;0;0;0;0;410595,361399999820000;5760590,971500000000000;7,697983387000022;51,988782242000070;0
95627;5200922700100294202;5;5;13;0;2020;9;14;3;3;5;2;0;1;1;0;0;0;0;368458,196000000460000;5707837,812000000800000;7,104592184000069;51,506343120000054;0
95631;5200922609236785724;5;3;58;36;2020;9;16;3;3;5;3;0;1;1;0;0;0;0;308926,927000000140000;5651265,515100000400000;6,277868510000076;50,981232055000078;0
95640;5200924406140031892;5;7;58;32;2020;9;7;5;3;5;3;0;1;1;0;0;0;0;464974,673799999990000;5775415,441299999100000;8,488338616000021;52,128153692000069;0
95645;5200922607400765688;5;3;82;68;2020;9;16;3;3;5;3;0;1;1;0;0;0;0;371367,407300000080000;5629865,628799999100000;7,174364502000060;50,806228511000029;0
95649;5200922607100971690;5;3;82;60;2020;9;10;3;3;0;7;0;1;0;0;0;0;0;373148,983300000430000;5627921,402400000000000;7,200307862000045;50,789145920000067;0
95651;5200922606400586537;5;3;78;24;2020;9;7;3;3;5;3;0;1;1;0;0;0;0;376157,786999999550000;5646764,631699999800000;7,236591613000030;50,959167896000054;0
95655;5200922605136747937;5;3;74;36;2020;9;22;3;3;0;7;2;1;1;0;0;0;0;386543,035000000150000;5673074,438699999800000;7,376143303000049;51,197799590000045;0
95657;5200924405236287132;5;7;54;36;2020;9;17;5;3;5;3;0;1;1;0;0;0;0;475137,442999999970000;5750421,509999999800000;8,638610941000025;51,903990077000060;0
95659;5200922602700381945;5;3;62;28;2020;9;5;3;2;5;2;2;1;0;0;1;0;0;352546,928000000310000;5640887,873999999800000;6,902991790000044;50,900798215000066;0
95664;5200922601610987207;5;3;15;0;2020;9;17;3;3;3;2;0;1;1;0;0;0;0;365180,708499999720000;5645578,442399999100000;7,080816556000059;50,946043261000057;0
95666;5200922601320555208;5;3;15;0;2020;9;8;3;3;3;6;0;1;1;0;0;0;0;350096,436700000430000;5645081,866699999200000;6,866444036000075;50,937856109000052;0
95668;5200922601300190411;5;3;15;0;2020;9;18;3;3;0;1;1;1;0;0;0;0;0;352550,130499999970000;5647208,703199999400000;6,900480669000046;50,957601633000081;0
95670;5200924405140087157;5;7;54;40;2020;9;8;5;3;5;3;0;1;0;0;0;0;1;459899,662100000310000;5764077,227399999300000;8,415537883000070;52,025873994000051;0
95672;5200922600130024202;5;3;82;8;2020;9;11;3;3;0;1;0;1;0;0;0;0;0;379954,463399999770000;5612468,058499999300000;7,301842635000071;50,651685657000030;0
95673;5200922600110981263;5;3;14;0;2020;9;21;3;3;5;2;2;1;1;0;0;0;0;366198,678999999540000;5622331,929999999700000;7,103789272000029;50,737345578000031;0
95674;5200922600110125203;5;3;14;0;2020;9;19;3;2;0;1;0;1;0;0;0;0;0;364370,569400000390000;5618494,573999999100000;7,079307850000021;50,702431854000054;0
95675;5200924405108387154;5;7;54;8;2020;9;5;5;2;5;3;2;1;1;0;0;0;0;457168,884899999950000;5750128,567399999100000;8,377478993000068;51,900264661000051;1
95678;5200922516900030602;5;1;58;26;2020;9;11;3;3;5;3;0;1;1;0;0;0;0;352937,105999999680000;5663609,366299999900000;6,899331780000068;51,105083788000059;0
95680;5200922516500873960;5;1;58;16;2020;9;13;3;2;5;3;0;1;1;0;0;0;0;357565,820299999790000;5671570,910299999600000;6,962254810000047;51,177799773000061;0
95681;5200922516300085684;5;1;58;28;2020;9;17;3;3;0;7;0;1;0;0;0;0;0;350415,549899999980000;5684748,549699999400000;6,854530899000054;51,294386120000070;0
95683;5200924405104490681;5;7;54;4;2020;9;15;5;3;0;1;0;1;0;0;0;0;0;449776,524000000210000;5770834,352000000000000;8,267011399000069;52,085797250000041;0
95685;5200923711322276733;5;5;70;48;2020;9;12;4;3;0;7;0;1;0;0;0;0;0;448268,730100000280000;5728804,928400000600000;8,251314872000023;51,707799468000076;0
95688;5200922513210591369;5;1;62;24;2020;9;7;3;3;4;3;0;1;1;0;0;0;0;338426,590099999680000;5673482,595499999800000;6,687803101000043;51,189888510000060;0
95689;5200922513130886187;5;1;62;22;2020;9;13;3;2;4;6;0;1;0;0;0;0;0;334451,554600000380000;5682948,148000000000000;6,626596572000040;51,273793643000033;0
95691;5200922513120100443;5;1;62;20;2020;9;7;3;3;4;6;0;1;0;0;0;0;0;327853,277999999930000;5674797,446599999400000;6,536008704000039;51,198614389000056;0
95693;5200922508000786059;5;1;19;0;2020;9;10;3;3;3;6;0;1;0;0;0;1;0;351646,368300000210000;5704682,339800000200000;6,863844756000049;51,473826698000039;0
95696;5200922508000385887;5;1;19;0;2020;9;12;3;3;0;1;0;1;0;0;1;0;0;349651,360000000340000;5710718,142999999200000;6,832568159000061;51,527533560000052;0
95704;5200922505100478938;5;1;14;0;2020;9;18;3;2;5;3;0;1;1;0;0;0;0;334378,677500000220000;5690635,242599999500000;6,621983827000065;51,342835505000039;0
95707;5200924404301254717;5;7;66;44;2020;9;8;5;3;5;3;0;1;1;0;0;0;0;493458,207999999630000;5764743,650000000400000;8,904638076000026;52,033276752000063;1
95716;5200922502134687462;5;1;13;0;2020;9;14;3;3;5;7;0;1;0;0;1;0;0;366302,254999999890000;5700985,448000000800000;7,076138713000034;51,444257133000065;0
95717;5200924600140454230;5;3;14;0;2020;9;7;5;3;1;5;0;1;1;0;0;0;0;371597,265200000260000;5622726,342900000500000;7,180117684000038;50,742109437000067;1
95718;5200922501319186060;5;1;12;0;2020;9;16;3;3;1;5;0;1;1;0;0;0;0;343594,383899999780000;5697048,352199999600000;6,751369486000044;51,403067749000058;0
95719;5200924404101976466;5;7;66;20;2020;9;10;5;3;0;7;0;1;1;0;0;0;0;488265,254999999890000;5755361,553999999500000;8,829260040000065;51,948837383000068;0
95720;5200922501317371206;5;1;12;0;2020;9;11;3;3;5;2;0;1;0;0;0;1;0;344627,689100000080000;5699582,693099999800000;6,765102442000057;51,426122823000071;0
95721;5200922501212872027;5;1;12;0;2020;9;7;3;3;0;3;0;1;1;0;0;0;0;340553,760999999940000;5696536,137000000100000;6,707922090000068;51,397619117000033;0
95722;5200922501115285998;5;1;12;0;2020;9;14;3;3;3;7;0;1;0;0;0;0;0;345428,157200000250000;5707120,739000000100000;6,773312172000033;51,494071064000082;0
95724;5200922500300873870;5;1;11;0;2020;9;18;3;2;3;6;0;1;1;0;0;0;0;348610,033300000240000;5673715,933199999900000;6,833319474000064;51,194773471000076;0
95726;5200922500200437204;5;1;11;0;2020;9;18;3;3;5;3;1;1;0;0;0;0;1;344485,995000000110000;5680328,564999999500000;6,771474937000050;51,253082889000041;0
95727;5200922500200033200;5;1;11;0;2020;9;10;3;2;5;3;0;1;1;0;0;0;0;346739,725899999960000;5681561,587899999700000;6,803217138000036;51,264772361000041;0
95729;5200922500100452455;5;1;11;0;2020;9;7;3;3;5;2;0;1;1;0;0;0;0;339488,989299999550000;5678089,923000000400000;6,700931911000055;51,231584395000027;0
95740;5200924400300887177;5;7;11;0;2020;9;18;5;3;4;2;0;1;1;0;0;0;0;471484,588000000450000;5756524,836999999400000;8,585010507000050;51,958689040000081;0
95742;5200922406110657694;5;7;58;12;2020;9;15;3;3;5;3;0;1;1;0;0;0;0;477779,393899999560000;5775869,187799999500000;8,675360306000073;52,132896358000039;0