OBJECTID;UIDENTSTLAE;ULAND;UREGBEZ;UKREIS;UGEMEINDE;UJAHR;UMONAT;USTUNDE;UWOCHENTAG;UKATEGORIE;UART;UTYP1;ULICHTVERH;IstRad;IstPKW;IstFuss;IstKrad;IstGkfz;IstSonstige;LINREFX;LINREFY;XGCSWGS84;YGCSWGS84;STRZUSTAND
95745;5200924400100638704;5;7;11;0;2020;9;9;5;1;5;2;0;1;0;0;0;1;0;467018,225999999790000;5767168,960999999200000;8,518988250000064;52,054139442000064;0
95747;5200922405116086993;5;7;54;16;2020;9;15;3;3;0;6;0;1;0;0;0;0;1;443814,967000000180000;5756857,398000000000000;8,182308961000047;51,959571308000079;0
95748;5200922405108490674;5;7;54;8;2020;9;7;3;3;5;3;0;1;1;0;0;0;0;455910,351499999870000;5751046,060399999800000;8,359070896000048;51,908415252000054;0
95749;5200924400100082063;5;7;11;0;2020;9;6;5;3;5;3;1;1;1;0;0;0;0;463200,158999999990000;5768479,194000000100000;8,463166227000045;52,065678641000034;1
95752;5200924600110178215;5;3;14;0;2020;9;7;5;2;0;1;0;1;0;0;0;0;0;364659,391999999990000;5622407,573000000800000;7,081959934000054;50,737668770000028;1
95754;5200922316200989253;5;9;74;52;2020;9;11;3;3;0;7;0;1;0;0;0;0;0;421977,154000000100000;5716406,461999999400000;7,873640051000052;51,593300043000056;0
95759;5200922310210569513;5;9;54;24;2020;9;11;3;2;5;2;0;1;1;0;0;0;0;381722,522099999710000;5682784,461300000500000;7,303973918000054;51,284097549000080;0
95762;5200922302100985537;5;9;14;0;2020;9;15;3;3;5;2;0;1;1;0;0;0;0;389588,736999999730000;5693268,211999999400000;7,413472967000075;51,379910386000063;0
95764;5200922301503822203;5;9;13;0;2020;9;13;3;3;3;2;0;1;1;0;0;0;0;383817,567599999720000;5708915,207200000100000;7,325444466000022;51,519393322000042;0
95767;5200922301301089749;5;9;78;24;2020;9;11;3;3;5;2;0;1;1;0;0;0;0;397730,809999999590000;5718587,057000000000000;7,523087428000054;51,609020773000054;0
95768;5200922301101251338;5;9;13;0;2020;9;15;3;3;4;7;0;1;0;0;0;0;1;394138,746000000280000;5708227,802999999400000;7,474352200000055;51,515243364000071;0
95775;5200924316100482042;5;9;74;32;2020;9;18;5;3;5;3;0;1;1;0;0;0;0;441506,287999999710000;5705053,798000000400000;8,157417068000029;51,493598343000031;0
95786;5200921709500579157;5;5;66;76;2020;9;17;2;3;5;3;0;1;1;0;0;0;0;391438,716400000270000;5789477,767000000900000;7,409893804000035;52,244983968000042;0
95788;5200921709300381036;5;5;66;84;2020;9;11;2;3;5;3;0;1;1;0;0;0;0;390802,315999999640000;5773864,014000000400000;7,405602347000070;52,104534222000041;0
95799;5200921702100985205;5;5;15;0;2020;9;21;2;3;0;7;2;1;0;0;0;0;1;405671,851499999870000;5755636,220300000200000;7,627664171000049;51,943432506000079;0
95801;5200921702100066481;5;5;15;0;2020;9;12;2;3;5;3;0;1;1;0;0;0;0;404889,136300000360000;5762150,534700000700000;7,614475313000071;52,001852331000066;0
95805;5200921701610087645;5;5;62;12;2020;9;14;2;2;5;3;0;1;1;0;0;0;0;359479,141900000160000;5726332,468000000300000;6,967891896000026;51,670373960000063;0
95808;5200921701120128202;5;5;62;32;2020;9;14;2;3;5;2;0;1;1;0;0;0;0;376074,566300000060000;5714678,776799999200000;7,211870182000041;51,569546462000062;0
95811;5200921700000367100;5;5;13;0;2020;9;16;2;3;3;5;0;1;1;0;0;0;0;364739,867899999950000;5718792,585500000000000;7,046833755000023;51,603909647000080;0
95813;5200921609236085724;5;3;58;36;2020;9;15;2;3;5;3;0;1;1;0;0;0;0;309093,933000000190000;5654250,966000000000000;6,278675798000052;51,008103848000076;0
95818;5200924301302890205;5;9;78;24;2020;9;10;5;3;5;3;0;1;1;0;0;0;0;391742,492999999780000;5717218,384999999800000;7,437063803000058;51,595599290000052;0
95819;5200921608312015202;5;3;34;12;2020;9;11;2;3;5;3;0;1;1;0;0;0;0;308967,778199999590000;5633250,388100000100000;6,287873650000051;50,819424082000069;0
95820;5200921608200267482;5;3;34;2;2020;9;17;2;3;3;2;0;1;1;0;0;0;0;295203,655100000090000;5630277,072200000300000;6,094378952000056;50,788016962000029;0
95823;5200921608100773797;5;3;34;2;2020;9;16;2;3;5;3;0;1;1;0;0;0;0;294609,921000000090000;5627467,017000000900000;6,087535889000037;50,762569244000076;0
95827;5200921606300932494;5;3;78;20;2020;9;20;2;2;4;6;2;1;0;0;0;0;0;367087,271800000220000;5654850,974899999800000;7,104548708000039;51,029823825000051;0
95829;5200921606230974389;5;3;78;16;2020;9;7;2;3;5;3;0;1;1;0;0;0;0;361106,864400000310000;5662598,514399999800000;7,016341659000034;51,098037072000068;0
95833;5200921602800709207;5;3;62;12;2020;9;11;2;3;0;7;0;1;0;0;0;0;0;350730,562500000000000;5633622,723200000800000;6,880143553000039;50,835042990000034;0
95837;5200923706300972172;5;5;58;36;2020;9;16;4;3;5;3;0;1;1;0;0;0;0;387427,884700000290000;5729085,398600000900000;7,370980060000022;51,701412759000050;0
95843;5200924518310182222;5;1;70;20;2020;9;21;5;3;5;2;2;1;1;0;0;0;0;329829,713999999690000;5710169,730000000400000;6,547348667000051;51,516982468000037;0
95845;5200921601300586415;5;3;15;0;2020;9;15;2;3;3;3;0;1;0;0;0;0;1;348697,363499999980000;5645159,333200000200000;6,846514028000058;50,938186861000077;0
95847;5200921600360886617;5;3;82;12;2020;9;9;2;2;5;3;0;1;1;0;0;0;0;354141,364699999800000;5629483,361899999900000;6,930193692000046;50,798712584000043;0
95848;5200921600360871203;5;3;82;12;2020;9;13;2;2;2;6;0;1;0;0;0;0;0;361949,088600000370000;5626117,360700000100000;7,042182379000053;50,770373033000055;0
95849;5200924300400038360;5;9;11;0;2020;9;15;5;3;5;2;0;1;1;0;0;0;0;375437,671099999920000;5701087,952500000600000;7,207486216000064;51,447261322000031;0
95851;5200923705000291759;5;5;54;12;2020;9;14;4;3;2;5;0;1;0;0;0;0;0;347356,012799999680000;5753085,581599999200000;6,780941960000064;51,907576535000032;0
95855;5200929301302877614;5;9;13;0;2020;9;13;3;3;0;6;0;1;1;0;0;0;0;396332,430999999870000;5708253,688999999300000;7,505947779000053;51,515882875000045;1
95862;5200928405116079097;5;7;54;16;2020;9;16;2;3;0;7;0;1;0;0;0;0;0;453381,724000000390000;5756136,687000000800000;8,321625297000026;51,953976303000047;1
95863;5200928405108682022;5;7;54;8;2020;9;13;2;3;5;2;0;1;1;0;0;0;0;456793,928999999540000;5751660,180800000200000;8,371837545000062;51,914005774000032;0
95867;5200928404103086231;5;7;66;12;2020;9;16;2;3;5;3;0;1;0;0;0;0;0;509338,069500000220000;5759672,593100000200000;9,135985831000028;51,987643260000027;0
95868;5200928705000521108;5;5;54;4;2020;9;18;2;3;5;3;1;1;0;0;0;0;0;364350,995199999770000;5772465,815800000000000;7,020167824000055;52,086117399000045;1
95871;5200928317250885064;5;9;78;32;2020;9;7;2;3;0;3;1;1;1;0;0;0;0;394262,525999999610000;5726412,671000000100000;7,470654208000042;51,678719118000060;0
95874;5200928314110590123;5;9;66;24;2020;9;18;2;2;0;1;0;1;0;0;0;0;0;419644,408099999650000;5653270,307600000900000;7,854196796000053;51,025365442000066;0
95883;5200928301201066240;5;9;13;0;2020;9;9;2;3;5;7;0;1;1;0;0;0;0;389645,455400000330000;5709779,083900000900000;7,409136365000052;51,528326754000034;1
95885;5200928702100275203;5;5;15;0;2020;9;7;2;3;5;3;0;1;1;0;0;0;0;404389,881400000300000;5754931,915200000600000;7,609215103000054;51,936883094000052;0
95892;5200927709110870536;5;5;66;40;2020;9;13;1;3;0;6;0;1;1;0;0;0;0;414116,472000000070000;5781805,619000000900000;7,743905490000032;52,180029437000030;0
95896;5200927702100464164;5;5;15;0;2020;9;14;1;2;5;3;0;1;1;0;0;0;0;400962,893400000410000;5762199,742499999700000;7,557284881000044;52,001608115000067;0
95897;5200927701920748505;5;5;62;28;2020;9;14;1;3;5;3;0;1;1;0;0;0;0;378776,927400000390000;5723399,074300000400000;7,247827562000055;51,648506383000040;0
95899;5200927701910975334;5;5;62;8;2020;9;15;1;2;1;5;0;1;1;0;0;0;0;384042,597299999560000;5719923,813600000000000;7,325053464000064;51,618382544000042;0
95903;5200927701700484201;5;5;62;16;2020;9;10;1;3;0;1;0;1;0;0;0;0;0;370015,550499999900000;5731384,152599999700000;7,118287227000053;51,718307933000062;1
95904;5200928701500705208;5;5;62;24;2020;9;9;2;3;5;2;0;1;1;0;0;0;0;369845,964900000020000;5725120,593399999700000;7,118169975000058;51,661980661000030;0
95906;5200927609112580814;5;3;58;12;2020;9;15;1;3;2;6;0;1;1;0;0;0;0;318990,395600000400000;5614381,075799999800000;6,439276851000045;50,653123788000073;0
95908;5200927607300124104;5;3;82;52;2020;9;11;1;3;5;3;0;1;1;0;0;0;0;393560,014200000090000;5633735,985300000800000;7,488083304000043;50,845524534000049;0
95914;5200929301101280687;5;9;13;0;2020;9;16;3;3;5;2;0;1;1;0;0;0;0;393024,114099999890000;5706992,601600000600000;7,458669376000046;51,503930836000052;1
95915;5200927601310484209;5;3;15;0;2020;9;20;1;2;5;3;2;1;0;0;0;0;1;354828,660000000150000;5643229,014000000400000;6,934487425000043;50,922415723000029;0
95919;5200929405108970324;5;7;54;8;2020;9;16;3;2;5;2;0;1;1;0;0;0;0;457303,955000000070000;5753830,713999999700000;8,378982972000074;51,933559391000074;1
95920;5200928701110902205;5;5;62;32;2020;9;15;2;3;5;7;0;1;1;0;0;0;0;375497,411299999800000;5718320,969900000800000;7,202255009000055;51,602152318000037;1
95926;5200927410110087455;5;7;70;24;2020;9;9;1;2;5;3;0;1;1;0;0;0;0;494383,604700000030000;5798382,766300000300000;8,917570564000073;52,335724966000043;1
95945;5200928610221569627;5;3;70;20;2020;9;14;2;3;4;3;0;1;1;0;0;0;0;305739,468000000340000;5658820,105000000400000;6,228469651000069;51,048020676000078;0
95947;5200926711411487228;5;5;70;28;2020;9;17;7;3;0;1;0;1;0;0;0;0;0;440415,306499999950000;5738899,396500000700000;8,135938353000029;51,797772813000051;1
95949;5200926706200120577;5;5;58;40;2020;9;11;7;3;5;7;0;1;1;0;0;0;0;381489,404799999670000;5765139,341000000000000;7,272717003000025;52,024210873000072;1
95953;5200926705000091737;5;5;54;40;2020;9;1;7;3;7;7;2;1;1;0;0;0;0;350758,491000000390000;5737514,290599999900000;6,837083791000055;51,768593868000039;1
95956;5200926702100134481;5;5;15;0;2020;9;19;7;3;5;2;2;1;1;0;0;0;0;406630,883999999610000;5758715,395999999700000;7,640775564000023;51,971271436000052;1
95957;5200929303100075443;5;9;15;0;2020;9;13;3;3;3;2;0;1;1;0;0;0;0;422477,968000000340000;5727187,028000000900000;7,878479843000037;51,690284197000040;0
95958;5200926702100065854;5;5;15;0;2020;9;11;7;3;3;3;0;1;0;0;1;0;0;401157,067499999890000;5756798,871799999800000;7,561668226000052;51,953098858000033;0
95966;5200926608416891200;5;3;34;16;2020;9;21;7;3;5;3;2;1;1;0;0;0;0;295792,191899999980000;5638928,648499999200000;6,097900143000061;50,865926435000063;1
95974;5200926603140086338;5;3;66;40;2020;9;15;7;2;5;3;0;1;1;0;0;0;0;351271,826999999580000;5622271,469000000500000;6,892417769000076;50,733171661000029;1
95978;5200926602800485206;5;3;62;12;2020;9;14;7;3;5;2;0;1;1;0;0;0;0;351895,567999999970000;5633791,298000000400000;6,896608352000044;50,836857213000030;1
95990;5200929300120787205;5;9;11;0;2020;9;18;3;3;0;1;1;1;0;0;1;0;0;377198,200899999590000;5705442,758600000300000;7,231295053000054;51,486784627000077;1
95994;5200926600110775200;5;3;14;0;2020;9;11;7;3;2;2;0;1;1;0;0;0;0;365994,396599999630000;5622894,722999999300000;7,100691242000039;50,742356837000045;1
96013;5200926501318076342;5;1;12;0;2020;9;16;7;3;0;7;1;1;0;0;0;0;0;343833,582999999630000;5698770,482000000800000;6,754047223000043;51,418606910000051;1
96019;5200928501353382159;5;1;12;0;2020;9;18;2;3;5;2;0;1;1;0;0;0;0;343475,588999999690000;5698857,508899999800000;6,748864464000064;51,419290111000066;1
96031;5200926400300687317;5;7;11;0;2020;9;15;7;2;0;3;0;1;1;0;0;0;0;465106,811999999920000;5760111,034399999300000;8,491832637000073;51,990567591000058;0
96033;5200928501124286017;5;1;12;0;2020;9;7;2;3;5;2;0;1;1;0;0;0;0;342351,696100000290000;5704158,771500000700000;6,730353195000021;51,466609271000038;0
96040;5200926316100393206;5;9;74;24;2020;9;0;7;3;1;5;2;1;1;0;0;0;0;440588,527499999850000;5723280,359899999600000;8,141115425000066;51,657370435000075;0
96044;5200928602700685761;5;3;62;28;2020;9;7;2;2;5;3;0;1;0;0;0;1;0;351034,430300000120000;5639054,760600000600000;6,882244886000024;50,883936695000045;0
96047;5200926315110181118;5;9;70;40;2020;9;12;7;3;5;2;0;1;1;0;0;0;0;432592,822999999860000;5636598,614099999900000;8,041887035000059;50,877129407000041;1
96048;5200928602400973750;5;3;62;32;2020;9;14;2;3;1;5;0;1;1;0;0;0;1;336625,860299999830000;5640805,097100000800000;6,676796133000039;50,895769678000079;1
96061;5200926301501546205;5;9;13;0;2020;9;12;7;3;0;6;0;1;1;0;0;0;0;389906,822200000290000;5711084,861400000800000;7,412494346000074;51,540114392000078;0
96062;5200928601700590342;5;3;16;0;2020;9;7;2;3;5;3;0;1;1;0;0;0;0;360662,026999999770000;5659618,318000000000000;7,011141914000064;51,071146288000079;0
96065;5200926300600641646;5;9;11;0;2020;9;13;7;3;0;7;0;1;1;0;0;0;0;378266,962799999860000;5708781,373299999200000;7,245528394000075;51,517021533000047;0
96081;5200925709700648420;5;5;66;28;2020;9;7;6;3;2;6;0;1;1;0;0;0;0;412032,806800000370000;5792369,538499999800000;7,710691082000039;52,274653169000032;1
96082;5200925709700011847;5;5;66;48;2020;9;8;6;3;0;3;0;1;1;0;0;0;0;428458,773699999790000;5796047,549399999900000;7,950611728000069;52,310097794000058;0
96085;5200925709500651486;5;5;66;76;2020;9;7;6;3;0;1;1;1;0;0;0;0;0;393134,433000000190000;5793569,786000000300000;7,433425177000061;52,282091600000058;1
96088;5200925702100739947;5;5;15;0;2020;9;15;6;3;5;2;0;1;1;0;0;0;0;403210,209800000300000;5755254,610600000200000;7,591969856000048;51,939579653000067;0
96089;5200925702100241204;5;5;15;0;2020;9;11;6;3;5;3;0;1;1;0;0;0;0;409072,111999999730000;5752860,084000000700000;7,677852115000064;51,919044881000048;0
96090;5200925702100060767;5;5;15;0;2020;9;7;6;3;5;3;0;1;0;0;1;0;0;407097,149299999700000;5760310,743400000000000;7,647129241000073;51,985689325000067;1
96094;5200928601100386469;5;3;15;0;2020;9;11;2;3;0;1;0;1;0;0;0;0;0;355286,242300000040000;5644185,338400000700000;6,940613867000025;50,931124970000042;1
96098;5200925607500580129;5;3;82;56;2020;9;7;6;1;3;3;0;1;1;0;0;0;0;370982,351200000380000;5624451,293199999300000;7,170802786000024;50,757477507000033;0
96103;5200925606100032563;5;3;78;4;2020;9;8;6;3;5;2;0;1;0;0;0;0;1;369236,859000000170000;5649477,305999999900000;7,137122287000068;50,982019820000062;0
96113;5200925602500174214;5;3;62;24;2020;9;8;6;3;5;3;0;1;1;0;0;0;0;343121,093899999750000;5645426,651300000000000;6,767095345000030;50,939098923000074;0
96114;5200928600110017201;5;3;14;0;2020;9;9;2;3;5;2;0;1;1;0;0;0;0;365796,529699999840000;5622350,756200000600000;7,098086567000053;50,737421996000080;0
96115;5200925602100436200;5;3;62;8;2020;9;23;6;3;0;1;2;1;0;0;0;0;0;338677,612999999900000;5644388,840500000900000;6,704362850000052;50,928547858000059;1
96123;5200925601510918205;5;3;15;0;2020;9;15;6;2;5;3;0;1;1;0;0;0;0;360683,271599999630000;5648997,105900000800000;7,015526013000056;50,975698039000065;0
96124;5200928518100391625;5;1;70;48;2020;9;6;2;3;4;6;2;1;0;0;1;0;0;336180,647900000210000;5724360,701799999900000;6,632178363000037;51,646350615000074;0
96131;5200925601200690451;5;3;15;0;2020;9;1;6;3;7;1;2;1;0;0;0;0;0;357483,939000000250000;5642070,477000000000000;6,972694110000020;50,912665949000029;1
96132;5200925601110548200;5;3;15;0;2020;9;7;6;3;5;2;0;1;1;0;0;0;0;353064,139600000340000;5644913,027899999200000;6,908720624000068;50,937102649000053;0
96133;5200925601100990326;5;3;15;0;2020;9;15;6;3;6;4;0;1;0;1;0;0;0;356507,604100000110000;5646348,150800000900000;6,957130998000025;50,950867027000072;0
96139;5200925516920752205;5;1;58;26;2020;9;16;6;3;5;3;0;1;0;0;0;0;1;353064,939799999820000;5664159,211899999500000;6,900932570000066;51,110057643000061;0
96147;5200925506100591416;5;1;16;0;2020;9;14;6;3;0;1;0;1;0;0;0;0;0;319309,853000000120000;5667829,593000000300000;6,417354507000027;51,133383881000043;0
96148;5200928500200768120;5;1;11;0;2020;9;15;2;3;0;1;0;1;0;0;0;0;0;344811,066599999550000;5681479,728000000100000;6,775630099000068;51,263515013000074;0
96151;5200925503100081650;5;1;24;0;2020;9;12;6;3;5;6;0;1;1;0;0;0;0;369574,913999999870000;5679552,337999999500000;7,131058636000034;51,252397602000030;0
96154;5200928513320177571;5;1;62;4;2020;9;16;2;3;5;3;1;1;1;0;0;0;0;344270,918999999760000;5664764,131799999600000;6,775141460000043;51,113171369000042;1
96160;5200925502136480959;5;1;13;0;2020;9;6;6;3;4;2;1;1;1;0;0;0;0;364868,768600000070000;5703541,157600000500000;7,054547668000055;51,466884099000026;1
96161;5200928711141787219;5;5;70;44;2020;9;9;2;3;5;3;0;1;1;0;0;0;0;416575,980000000450000;5759445,184000000400000;7,785337012000070;51,979413291000071;1
96162;5200925502113480921;5;1;13;0;2020;9;23;6;2;5;3;2;1;1;0;0;0;0;360607,105100000280000;5702299,999900000200000;6,993722622000064;51,454697081000063;1
96163;5200925501315021208;5;1;12;0;2020;9;16;6;3;5;2;0;1;1;0;0;0;0;346556,461299999620000;5700318,129499999800000;6,792505348000020;51,433256313000072;0
96171;5200928513120435015;5;1;62;20;2020;9;15;2;3;5;3;0;1;1;0;0;0;0;329395,777999999930000;5673437,077999999700000;6,558711686000038;51,186855440000045;0
96172;5200925406110187172;5;7;58;12;2020;9;8;6;3;0;1;0;1;0;0;0;0;0;476376,029099999930000;5775665,855000000400000;8,654871876000073;52,131010057000026;1
96177;5200925404101179366;5;7;66;20;2020;9;18;6;3;5;3;0;1;1;0;0;0;0;492271,633999999610000;5755806,888000000300000;8,887542489000055;51,952911487000051;0
96184;5200929404302921687;5;7;66;48;2020;9;16;3;3;3;2;0;1;0;0;0;0;1;477299,505599999800000;5758694,820100000100000;8,669490757000062;51,978466871000080;0
96185;5200928508000776277;5;1;19;0;2020;9;11;2;3;1;5;0;1;1;0;0;0;0;351613,660099999980000;5709259,637800000600000;6,861449595000067;51,514947309000036;1
96191;5200925303100079237;5;9;15;0;2020;9;7;6;3;5;3;0;1;1;0;0;0;0;420854,567800000310000;5727107,746400000500000;7,855016912000053;51,689344957000060;1
96196;5200925300700939113;5;9;16;0;2020;9;8;6;3;0;6;0;1;1;0;0;0;0;376817,412899999880000;5709704,472600000000000;7,224324843000034;51,525003538000078;0
96207;5200924706100336378;5;5;58;16;2020;9;18;5;2;0;1;0;1;0;0;0;0;0;381769,785799999720000;5744190,619500000000000;7,283999276000031;51,836004270000046;0
96211;5200924702100272721;5;5;15;0;2020;9;16;5;3;4;2;0;1;1;0;0;0;0;402897,277999999930000;5755015,423000000400000;7,587486567000042;51,937375236000037;0
96213;5200924702100160205;5;5;15;0;2020;9;9;5;3;0;1;0;1;0;0;0;0;0;404138,031999999660000;5754021,997999999700000;7,605806303000065;51,928661068000054;0
96214;5200924701400976205;5;5;12;0;2020;9;13;5;3;3;2;0;1;1;0;0;0;0;356963,989000000060000;5712697,478000000100000;6,937107712000056;51,547219182000049;0
96222;5200924608200692205;5;3;34;2;2020;9;18;5;3;3;5;0;1;1;0;0;0;0;295483,687599999830000;5628766,575999999400000;6,099186741000040;50,774549583000066;0
96223;5200924608100684202;5;3;34;2;2020;9;18;5;3;6;4;0;1;0;1;0;0;0;292970,669800000270000;5631739,738900000200000;6,061917736000055;50,800360175000037;0
96229;5200924602800118200;5;3;62;12;2020;9;8;5;3;5;3;0;1;1;0;0;0;0;352596,334999999960000;5631347,536000000300000;6,907535936000045;50,815074612000046;0
96231;5200924602700255209;5;3;62;28;2020;9;18;5;3;0;7;0;1;0;0;0;0;0;350546,968299999830000;5639276,374299999300000;6,875229386000058;50,885802337000030;0
96235;5200928706200919987;5;5;58;12;2020;9;10;2;3;5;3;0;1;1;0;0;0;0;374104,137400000360000;5755419,951500000400000;7,168701249000037;51,935241906000044;1
96238;5200928500200650578;5;1;11;0;2020;9;14;2;3;5;2;0;1;1;0;0;0;0;347221,541000000200000;5677964,301999999200000;6,811653298000067;51,232578124000042;1
96247;5200924601200586637;5;3;15;0;2020;9;15;5;3;5;2;0;1;0;0;1;0;0;354299,935600000430000;5644201,912900000800000;6,926581145000057;50,931025622000050;0
96253;5200929601000886472;5;3;15;0;2020;9;18;3;2;7;7;0;1;0;0;0;0;0;355230,977300000380000;5645032,973500000300000;6,939491220000036;50,938728613000080;0
96254;5200929605108778201;5;3;74;8;2020;9;17;3;3;5;3;0;1;1;0;0;0;0;389709,508600000290000;5649585,564999999500000;7,428618640000025;50,987279186000080;0
96255;5201001300110325206;5;9;11;0;2020;10;17;5;3;5;2;0;1;1;0;0;0;0;375988,496000000280000;5705749,978399999400000;7,213772907000021;51,489281738000045;1
96258;5201003404101070373;5;7;66;20;2020;10;4;7;2;8;1;2;1;0;0;0;0;0;492439,826999999580000;5759074,819000000100000;8,889917942000068;51,982295740000040;0
96263;5200929600140678249;5;3;14;0;2020;9;13;3;3;5;2;0;1;1;0;0;0;0;368066,171699999830000;5623767,759299999100000;7,129725716000053;50,750678215000050;1
96264;5201001705000661201;5;5;54;20;2020;10;17;5;3;3;2;0;1;1;0;0;0;0;365706,086699999870000;5782439,362900000100000;7,035995051000043;52,176064932000031;0
96266;5200929600110322203;5;3;14;0;2020;9;14;3;3;5;2;0;1;1;0;0;0;0;365093,168100000360000;5622316,887000000100000;7,088136925000072;50,736954621000052;1
96267;5201002518110176426;5;1;70;12;2020;10;16;6;2;0;3;0;1;1;0;0;0;0;332562,055599999610000;5732175,024800000700000;6,576178197000047;51,715484123000067;0
96270;5201003601600465573;5;3;15;0;2020;10;18;7;3;0;1;0;1;0;0;0;0;0;363301,659099999820000;5639599,255200000500000;7,056325060000063;50,891863165000075;1
96272;5201002503100569203;5;1;24;0;2020;10;16;6;3;3;2;0;1;1;0;0;0;0;369779,797700000000000;5680999,376800000700000;7,133466100000021;51,265449435000050;0
96277;5200930518400775284;5;1;70;8;2020;9;11;4;3;5;3;0;1;1;0;0;0;0;343233,446999999690000;5713931,592000000200000;6,738691956000025;51,554660214000080;0
96281;5200930600140501206;5;3;14;0;2020;9;12;4;3;0;1;0;1;0;0;0;0;0;366932,118300000210000;5622472,222999999300000;7,114126774000056;50,738775052000051;0
96285;5200929518301565222;5;1;70;4;2020;9;18;3;3;5;6;1;1;1;0;0;0;0;323600,311800000260000;5722904,726700000500000;6,451264626000068;51,629466947000026;1
96291;5200929518110591625;5;1;70;12;2020;9;18;3;3;5;3;1;1;1;0;0;0;0;335351,161000000310000;5738259,194000000100000;6,613635613000042;51,770967174000077;1
96296;5201002301101579201;5;9;13;0;2020;10;12;6;3;3;7;0;1;1;0;0;0;0;394023,386699999680000;5709731,157500000700000;7,472238109000045;51,528734630000031;0
96298;5201002606110032563;5;3;78;4;2020;10;16;6;3;5;3;0;1;1;0;0;0;0;369329,776499999690000;5648855,889699999200000;7,138668652000035;50,976455762000057;0
96308;5201002405228285586;5;7;54;28;2020;10;7;6;3;7;2;0;1;0;0;0;0;1;452464,786999999550000;5742445,103000000100000;8,310170762000041;51,830804906000026;0
96309;5200930411236878146;5;7;74;36;2020;9;17;4;3;8;1;0;1;0;0;0;0;0;473020,332999999630000;5724678,366499999500000;8,609840554000073;51,672433050000052;0
96313;5200930300410041206;5;9;16;0;2020;9;16;4;3;0;5;0;1;0;0;0;0;1;377003,098600000140000;5709199,291200000800000;7,227176480000026;51,520503751000035;0
96316;5201002411132256302;5;7;74;32;2020;10;7;6;3;5;3;0;1;1;0;0;0;0;480935,558699999940000;5730863,416600000100000;8,723964636000062;51,728369196000074;1
96324;5200930404101276155;5;7;66;20;2020;9;16;4;3;5;3;0;1;1;0;0;0;0;493351,058000000190000;5751928,439999999500000;8,903324421000036;51,918054141000027;0
96331;5201002316300265398;5;9;74;4;2020;10;12;6;3;5;3;0;1;0;0;0;1;0;452273,705500000160000;5713039,659299999500000;8,311422479000044;51,566411084000038;0
96336;5201001709000672363;5;5;66;4;2020;10;9;5;3;0;7;0;1;0;1;0;0;0;394328,989900000390000;5768438,077899999900000;7,458755800000063;52,056453178000027;0
96342;5200930506100223202;5;1;16;0;2020;9;16;4;3;5;3;0;1;1;0;0;0;0;322537,840400000100000;5671359,255799999500000;6,461704014000077;51,166101725000033;1
96356;5201001705000510850;5;5;54;20;2020;10;6;5;3;5;2;2;1;1;0;0;0;0;364567,763799999840000;5786238,671399999400000;7,017839843000047;52,209924563000072;0
96357;5200930501318682159;5;1;12;0;2020;9;13;4;3;4;6;0;1;0;0;0;0;0;343923,795300000350000;5699503,942299999300000;6,755020556000034;51,425221851000060;0
96358;5200929514218086191;5;1;66;36;2020;9;18;3;3;0;3;0;1;1;0;0;0;0;322149,577999999750000;5684605,863800000400000;6,449583851000057;51,284978848000037;0
96359;5201002516130629206;5;1;58;32;2020;10;6;6;3;2;6;2;1;1;0;0;0;0;366865,731499999760000;5686124,326999999600000;7,089810863000025;51,310834457000055;0
96360;5201001601100054016;5;3;15;0;2020;10;13;5;3;5;3;0;1;1;0;0;0;0;356178,025999999610000;5644621,334000000700000;6,953123886000071;50,935266254000055;0
96366;5201002600110958202;5;3;14;0;2020;10;7;6;3;2;6;0;1;1;0;0;0;0;362156,667899999770000;5622723,075600000100000;7,046395241000028;50,739915773000064;0
96367;5201001601400086833;5;3;15;0;2020;10;17;5;3;5;3;0;1;1;0;0;0;0;350300,574900000360000;5659607,073200000500000;6,863357378000046;51,068436338000026;1
96372;5200930709300387329;5;5;66;84;2020;9;15;4;3;4;3;0;1;1;0;0;0;0;389767,205000000070000;5775561,645999999700000;7,389945470000043;52,119585932000064;0
96386;5200929513320082348;5;1;62;4;2020;9;7;3;3;5;3;2;1;1;0;0;0;0;346205,883999999610000;5667246,983500000100000;6,801704633000043;51,136004023000055;1
96387;5201002500300503203;5;1;11;0;2020;10;16;6;3;1;5;0;1;1;0;0;0;0;349956,471800000410000;5670081,917500000400000;6,854092237000032;51,162473672000033;0
96392;5200930514119074257;5;1;66;16;2020;9;17;4;3;0;6;0;1;0;0;0;0;1;308543,326999999580000;5684168,821000000500000;6,254933017000042;51,276643369000055;0
96393;5200930702100072420;5;5;15;0;2020;9;18;4;3;0;7;1;1;1;0;0;0;0;404299,593299999830000;5748324,881699999800000;7,609737278000068;51,877480595000065;0
96401;5200929513130478839;5;1;62;22;2020;9;9;3;3;6;4;0;1;0;1;0;0;0;338786,041799999770000;5680260,980299999900000;6,689894672000037;51,250892806000081;1
96403;5201001514121381679;5;1;66;4;2020;10;23;5;3;9;1;2;1;0;0;0;0;0;303626,082100000230000;5681554,114299999500000;6,185956231000034;51,251486817000057;1
96404;5200930300120028207;5;9;11;0;2020;9;16;4;3;5;2;0;1;0;0;0;0;1;375912,562699999660000;5707120,823699999600000;7,212197708000076;51,501585353000053;0
96408;5200930608312371201;5;3;34;12;2020;9;7;4;3;2;2;0;1;1;0;0;0;0;306813,970900000070000;5633566,570499999400000;6,257166278000057;50,821549763000064;0