OBJECTID;UIDENTSTLAE;ULAND;UREGBEZ;UKREIS;UGEMEINDE;UJAHR;UMONAT;USTUNDE;UWOCHENTAG;UKATEGORIE;UART;UTYP1;ULICHTVERH;IstRad;IstPKW;IstFuss;IstKrad;IstGkfz;IstSonstige;LINREFX;LINREFY;XGCSWGS84;YGCSWGS84;STRZUSTAND
96436;5201002601300087659;5;3;15;0;2020;10;14;6;2;5;3;0;1;1;0;0;0;0;349433,436999999920000;5642897,611300000900000;6,857916778000060;50,918054968000035;0
96437;5201001601700056087;5;3;16;0;2020;10;15;5;3;6;4;0;1;0;1;0;0;0;361874,040400000290000;5658494,519600000200000;7,028859892000071;51,061339605000057;0
96441;5200930711422778050;5;5;70;20;2020;9;6;4;3;5;2;1;1;1;0;0;0;0;432983,922600000170000;5742935,440600000300000;8,027407797000024;51,833215453000037;0
96442;5201001506100069395;5;1;16;0;2020;10;12;5;3;5;2;0;1;1;0;0;0;0;322825,962600000200000;5676489,724999999600000;6,463290146000077;51,212280067000052;0
96443;5200929700000986650;5;5;13;0;2020;9;13;3;3;5;2;0;1;1;0;0;0;0;366928,135999999940000;5714890,596999999100000;7,079892428000051;51,569365620000042;1
96446;5201002303100564130;5;9;15;0;2020;10;12;6;3;5;3;0;1;1;0;0;0;0;419440,969999999740000;5725738,123999999800000;7,834887260000073;51,676831552000067;0
96447;5200930601320984206;5;3;15;0;2020;9;7;4;3;1;6;0;1;0;0;0;0;0;348154,381799999620000;5647010,528000000900000;6,838019818000021;50,954679305000070;1
96458;5200930502104078708;5;1;13;0;2020;9;16;4;3;5;3;0;1;1;0;0;0;0;360380,385800000280000;5702826,989000000100000;6,990253575000054;51,459376876000078;0
96466;5200930705000279154;5;5;54;12;2020;9;18;4;3;5;2;0;1;1;0;0;0;0;352246,531999999660000;5745874,637900000400000;6,855069329000060;51,844105934000027;1
96474;5200930500200500370;5;1;11;0;2020;9;18;4;3;5;3;0;1;1;0;0;0;0;344420,106999999840000;5678962,892000000900000;6,771125046000066;51,240793926000038;1
96478;5201001700100671515;5;5;13;0;2020;10;11;5;3;1;5;0;1;1;0;0;0;0;367631,157800000160000;5707731,550000000700000;7,092722216000027;51,505195058000027;0
96479;5200930501212767279;5;1;12;0;2020;9;17;4;3;5;2;0;1;1;0;0;0;0;339836,344399999830000;5696950,109300000600000;6,697431141000038;51,401136424000072;1
96480;5200929503400591262;5;1;22;0;2020;9;15;3;3;5;3;0;1;1;0;0;0;0;360757,205799999650000;5666902,918600000400000;7,009689158000072;51,136635485000056;0
96482;5201001317110308077;5;9;78;36;2020;10;14;5;3;4;2;0;1;1;0;0;0;0;408273,660600000060000;5710101,532500000700000;7,677510534000021;51,534558979000053;0
96483;5201001600330887429;5;3;82;48;2020;10;18;5;3;0;2;0;1;1;0;0;0;0;354820,376699999910000;5610292,531700000200000;6,947371703000044;50,626412263000077;1
96484;5200930303100445447;5;9;15;0;2020;9;13;4;3;5;3;0;1;1;0;0;0;0;417824,445199999960000;5725839,533600000700000;7,811489214000062;51,677508985000031;0
96499;5201001301501396202;5;9;13;0;2020;10;16;5;3;1;6;0;1;1;0;0;0;0;387711,784500000070000;5707775,210899999400000;7,381911087000049;51,509934505000047;1
96509;5200930300600373198;5;9;16;0;2020;9;15;4;3;5;2;0;1;1;0;0;0;0;376161,663300000130000;5709447,768300000600000;7,214967379000029;51,522553037000080;0
96512;5201002500200494209;5;1;11;0;2020;10;14;6;3;6;4;0;1;0;1;0;0;0;345904,265700000340000;5679541,292799999900000;6,792121518000045;51,246393921000049;0
96519;5201001606100174414;5;3;78;4;2020;10;8;5;3;5;3;1;1;1;0;0;0;0;367946,932900000360000;5649000,282600000500000;7,118929590000050;50,977438072000041;0
96521;5200929503200557935;5;1;24;0;2020;9;18;3;2;0;7;1;1;1;0;0;0;0;374930,708800000140000;5681114,761700000600000;7,207217642000046;51,267640041000050;1
96530;5201001405108369382;5;7;54;8;2020;10;20;5;3;5;2;2;1;1;0;0;0;0;461486,638000000270000;5753212,323000000800000;8,439886306000062;51,928304853000043;1
96531;5201002705000591822;5;5;54;56;2020;10;6;6;3;4;6;2;1;0;0;0;0;0;357817,804999999700000;5762191,612999999900000;6,929152173000034;51,992164111000079;1
96535;5201002600140673863;5;3;14;0;2020;10;7;6;3;6;4;0;1;0;1;0;0;0;367316,938500000160000;5622656,163000000600000;7,119511177000049;50,740516366000065;0
96536;5201001601510010201;5;3;15;0;2020;10;18;5;2;5;3;1;1;1;0;0;0;0;359226,897400000130000;5652987,129200000300000;6,993247986000029;51,011202190000063;1
96538;5201003603104481234;5;3;66;4;2020;10;16;7;3;0;1;0;1;0;0;0;0;0;341237,684000000360000;5602607,292999999600000;6,758765177000043;50,553810848000069;1
96539;5200930506100485890;5;1;16;0;2020;9;14;4;2;4;6;0;1;0;0;0;0;0;320730,606999999840000;5675071,381899999500000;6,434030267000026;51,198885012000062;0
96542;5200930315110660821;5;9;70;40;2020;9;16;4;3;6;7;0;1;0;1;0;0;0;427365,924800000150000;5633006,787300000000000;7,968318259000057;50,844200987000079;0
96544;5200929601310500204;5;3;15;0;2020;9;11;3;3;0;7;0;1;0;0;0;0;0;353925,122499999590000;5646746,820299999800000;6,920230499000070;50,953801046000081;1
96558;5201001601100290289;5;3;15;0;2020;10;16;5;3;3;6;0;1;1;0;0;0;0;354741,600999999790000;5644805,462999999500000;6,932621428000061;50,936560968000038;1
96560;5201003601300790443;5;3;15;0;2020;10;2;7;3;1;7;2;1;1;0;0;0;0;353937,469700000250000;5646739,290100000800000;6,920409193000069;50,953736504000062;0
96570;5200930709700738412;5;5;66;28;2020;9;16;4;3;9;1;0;1;0;0;0;0;0;412704,073200000450000;5792802,861700000200000;7,720414784000070;52,278655001000061;0
96579;5200929502229616370;5;1;13;0;2020;9;16;3;3;5;7;0;1;1;0;0;0;0;360903,298100000250000;5694860,890699999400000;7,000902664000023;51,387919393000061;1
96582;5201001518200291597;5;1;70;24;2020;10;15;5;3;1;3;0;1;1;0;0;0;0;336082,625500000080000;5701547,398299999500000;6,641388701000039;51,441367317000072;1
96587;5200930701610551206;5;5;62;12;2020;9;11;4;2;0;1;0;1;0;0;0;0;0;365302,409599999900000;5734536,120899999500000;7,048879925000051;51,745519929000068;1
96590;5201002300500472046;5;9;11;0;2020;10;13;6;3;0;7;0;1;0;0;0;0;0;375334,279699999840000;5703017,457200000100000;7,205319038000027;51,464579767000032;0
96594;5200930406220031781;5;7;58;24;2020;9;15;4;3;5;3;0;1;1;0;0;0;0;483382,043499999680000;5783588,147299999400000;8,756835228000057;52,202491499000075;0
96596;5200930518210078967;5;1;70;28;2020;9;21;4;3;0;3;2;1;1;0;0;0;0;331322,417999999600000;5702322,141000000800000;6,572589892000053;51,446929998000030;1
96598;5201001608200732204;5;3;34;2;2020;10;15;5;3;3;5;0;1;1;0;0;0;0;295228,397400000130000;5628509,818600000800000;6,095713651000040;50,772153512000045;1
96600;5200929501318181476;5;1;12;0;2020;9;18;3;3;2;6;0;1;0;0;0;0;0;343044,922299999740000;5698653,271700000400000;6,742766202000041;51,417335994000041;1
96603;5200930300220830209;5;9;11;0;2020;9;7;4;3;5;2;0;1;1;0;0;0;0;376095,866700000130000;5700594,130699999600000;7,217125925000062;51,442967516000067;1
96619;5201001506100762199;5;1;16;0;2020;10;7;5;3;5;3;0;1;1;0;0;0;0;322764,537999999710000;5671717,094000000500000;6,464766785000052;51,169386620000068;1
96624;5201001404301076257;5;7;66;44;2020;10;7;5;3;5;2;0;1;1;0;0;0;0;492438,709999999960000;5764554,641000000800000;8,889780713000050;52,031564427000035;0
96628;5200929711213287237;5;5;70;4;2020;9;18;3;3;5;3;1;1;1;0;0;0;0;423878,268000000160000;5734731,403999999200000;7,897084829000050;51,758297631000062;1
96629;5201003411220448659;5;7;74;20;2020;10;15;7;2;3;2;0;1;1;0;0;0;0;467840,238499999980000;5738988,675100000600000;8,533609782000042;51,800825290000034;0
96630;5201002405112474526;5;7;54;12;2020;10;16;6;3;5;3;0;1;1;0;0;0;0;452485,814299999740000;5766733,135399999100000;8,307119924000062;52,049165721000065;0
96632;5201001406230586236;5;7;58;20;2020;10;12;5;3;1;3;0;1;1;0;0;0;0;476319,204800000410000;5784220,035499999300000;8,653444718000060;52,207914278000032;0
96633;5201002705000988517;5;5;54;20;2020;10;6;6;3;5;3;1;1;1;0;0;0;0;366229,750099999830000;5783892,148900000400000;7,043075493000060;52,189246046000051;0
96634;5201001709500535185;5;5;66;76;2020;10;17;5;2;5;3;0;1;1;0;0;0;0;393096,000000000000000;5793846,913000000600000;7,432774116000076;52,284574711000062;1
96638;5200930313220989324;5;9;58;24;2020;9;8;4;3;5;2;0;1;1;0;0;0;0;489771,997000000440000;5701181,928999999500000;8,852772763000075;51,461717445000033;0
96646;5200930601400986348;5;3;15;0;2020;9;13;4;3;9;1;0;1;0;0;0;0;0;356537,529799999670000;5647087,003499999600000;6,957265569000072;50,957514436000054;0
96647;5201002701200005200;5;5;62;20;2020;10;10;6;3;5;3;0;1;1;0;0;0;0;370279,687699999660000;5718830,445499999400000;7,126768137000056;51,605553233000080;0
96654;5201001706200986167;5;5;58;16;2020;10;19;5;3;5;7;1;1;1;0;0;0;0;382762,475999999790000;5742322,701999999600000;7,299032990000058;51,819426082000064;1
96656;5200929500200550578;5;1;11;0;2020;9;15;3;3;5;2;0;1;1;0;0;0;0;347677,160099999980000;5678162,517599999900000;6,818090071000029;51,234481008000046;1
96657;5201002518320178925;5;1;70;52;2020;10;13;6;2;3;6;0;1;0;0;0;0;0;322968,707200000060000;5728686,411100000100000;6,439221529000065;51,681202639000048;0
96659;5200930307300574202;5;9;62;40;2020;9;5;4;2;5;3;2;1;1;0;0;0;0;416210,959900000130000;5697553,540799999600000;7,794896944000072;51,422989454000060;0
96660;5201003602700571784;5;3;62;28;2020;10;17;7;2;0;1;0;1;0;0;0;0;0;346798,857400000100000;5639121,418299999100000;6,822048165000069;50,883428140000035;1
96661;5200929500100400325;5;1;11;0;2020;9;8;3;3;5;3;0;1;1;0;0;0;0;341069,753999999720000;5680049,200999999400000;6,722685093000052;51,249630957000079;1
96664;5201001503200421205;5;1;24;0;2020;10;14;5;1;3;6;0;1;0;0;0;1;0;376425,752999999560000;5681959,483999999200000;7,228344987000071;51,275558343000057;0
96665;5200929609108397207;5;3;58;32;2020;9;7;3;3;5;3;1;1;0;0;0;0;1;314202,264999999660000;5632650,208100000400000;6,362407457000074;50,815735499000027;1
96672;5200929500100266194;5;1;11;0;2020;9;15;3;2;3;6;0;1;0;0;0;0;0;345719,168899999930000;5675769,174200000200000;6,791095619000032;51,212449696000078;1
96675;5200930301202055203;5;9;13;0;2020;9;16;4;3;4;6;0;1;0;0;0;0;1;393497,599999999630000;5715415,205000000100000;7,462939889000040;51,579726246000064;0
96679;5200930701110592209;5;5;62;32;2020;9;16;4;3;5;3;0;1;1;0;0;0;0;371496,599499999550000;5721851,506699999800000;7,143223002000070;51,632981983000036;0
96681;5201001317140178205;5;9;78;28;2020;10;14;5;3;3;2;0;1;1;0;0;0;0;400965,676699999720000;5700143,500600000800000;7,574973308000040;51,443811928000059;0
96685;5200929410240987039;5;7;70;40;2020;9;11;3;3;0;1;0;1;0;0;0;0;0;474377,186900000090000;5809252,914799999400000;8,623117855000032;52,432879838000076;0
96689;5201003301302389211;5;9;13;0;2020;10;12;7;2;0;1;0;1;0;0;0;0;0;397037,125699999740000;5708744,473600000100000;7,515956735000032;51,520423266000080;0
96692;5201002608200967482;5;3;34;2;2020;10;11;6;3;5;2;0;1;1;0;0;0;0;297053,739599999970000;5628007,060300000000000;6,121844880000026;50,768279402000076;0
96704;5201002709300502595;5;5;66;56;2020;10;21;6;3;5;2;2;1;1;0;0;0;0;417048,414900000210000;5796542,670700000600000;7,783157225000025;52,312942942000063;0
96706;5200930506100982319;5;1;16;0;2020;9;16;4;3;0;1;0;1;0;0;0;0;0;321502,486899999900000;5671266,406999999700000;6,446956822000061;51,164945517000035;1
96711;5200930513210478763;5;1;62;24;2020;9;12;4;3;0;1;0;1;0;0;0;0;0;342197,779000000100000;5668250,561799999300000;6,744021059000033;51,143931013000042;0
96713;5201001606100280066;5;3;78;20;2020;10;10;5;3;5;3;0;1;1;0;0;0;0;373225,244300000370000;5653785,952700000300000;7,192406226000060;51,021638081000049;0
96714;5200930405108806698;5;7;54;8;2020;9;15;4;3;5;3;0;1;0;0;0;0;0;457373,658999999990000;5749557,616000000400000;8,380525657000021;51,895147176000080;0
96716;5200929601100373829;5;3;15;0;2020;9;14;3;2;3;6;0;1;1;0;0;0;0;355344,419900000100000;5643976,537399999800000;6,941524067000046;50,929263110000079;1
96722;5201002400200203952;5;7;11;0;2020;10;18;6;3;5;3;1;1;1;0;0;0;0;470852,645600000400000;5761197,006899999500000;8,575417077000054;52,000662549000026;0
96729;5201002601200864478;5;3;15;0;2020;10;11;6;2;0;1;0;1;0;0;0;0;0;355573,254599999640000;5639799,858599999900000;6,946431174000054;50,891785255000059;1
96733;5200930711312565825;5;5;70;8;2020;9;11;4;3;5;2;0;1;1;0;0;0;0;435741,586000000130000;5734655,995999999300000;8,068957687000022;51,759106661000033;0
96743;5201005410110287119;5;7;70;24;2020;10;20;2;3;5;3;2;1;1;0;0;0;0;493297,709699999540000;5792556,101099999600000;8,901749411000026;52,283328310000059;1
96744;5201008602800942202;5;3;62;12;2020;10;14;5;3;5;3;0;1;1;0;0;0;0;352686,120000000110000;5633599,554999999700000;6,907904896000048;50,835335839000038;0
96746;5201005711312687401;5;5;70;8;2020;10;11;2;2;0;1;0;1;0;0;0;0;0;432808,028699999680000;5740255,777599999700000;8,025375464000035;51,809104336000075;0
96750;5201006610222275603;5;3;70;36;2020;10;12;3;3;9;1;0;1;0;0;0;0;0;300053,932199999690000;5663194,468800000800000;6,145042055000033;51,085357285000043;1
96755;5201006514214045555;5;1;66;8;2020;10;15;3;3;5;2;0;1;1;0;0;0;0;316577,538999999870000;5691157,813999999300000;6,366399007000041;51,342065053000056;0
96757;5201008706200649916;5;5;58;16;2020;10;9;5;3;5;3;0;1;1;0;0;0;0;380664,842199999840000;5742757,555600000500000;7,268464010000059;51,822890167000025;1
96764;5201005406120687089;5;7;58;16;2020;10;20;2;3;5;3;2;1;1;0;0;0;0;477162,603000000120000;5779011,297700000900000;8,666138041000068;52,161120601000050;1
96768;5201005705000568885;5;5;54;16;2020;10;15;2;3;6;4;0;1;0;1;0;0;0;362136,797399999570000;5757772,331900000600000;6,993789725000056;51,953543612000033;1
96778;5201008702100772452;5;5;15;0;2020;10;15;5;3;1;7;0;1;0;0;0;0;0;404683,600100000390000;5759449,547299999700000;7,612232911000035;51,977539707000062;1
96780;5201006301101691206;5;9;13;0;2020;10;16;3;3;5;2;0;1;1;0;0;0;0;395109,258000000380000;5706232,007999999400000;7,488927367000031;51,497485025000060;1
96791;5201007610122080765;5;3;70;28;2020;10;8;4;3;5;7;0;1;1;0;0;0;0;298746,443599999880000;5643422,617499999700000;6,137353545000053;50,907324602000074;1
96795;5201008608200710207;5;3;34;2;2020;10;17;5;3;2;6;0;1;1;0;0;0;0;295383,973500000310000;5628773,894099999200000;6,097770284000035;50,774580147000052;1
96801;5201006500200192207;5;1;11;0;2020;10;15;3;3;5;3;0;1;1;0;0;0;0;345948,513000000270000;5682649,040999999300000;6,791416591000029;51,274330281000061;0
96810;5201009500200467523;5;1;11;0;2020;10;16;6;3;6;7;0;1;0;1;0;0;0;343669,541100000030000;5679720,394400000600000;6,760050306000039;51,247395097000037;0
96812;5201008317110700208;5;9;78;36;2020;10;18;5;3;1;3;1;1;1;0;0;0;0;406319,545800000430000;5710545,323599999800000;7,649226788000021;51,538227390000031;1
96815;5201009301101632202;5;9;13;0;2020;10;9;6;3;3;2;0;1;1;0;0;0;0;393153,414200000460000;5707342,624700000500000;7,460425588000021;51,507101469000077;0
96828;5201005518400078912;5;1;70;8;2020;10;7;2;3;0;7;0;1;1;0;0;0;0;344045,441999999810000;5715611,482999999100000;6,749649739000063;51,569978561000028;0
96829;5201009405236090652;5;7;54;36;2020;10;12;6;3;0;1;0;1;0;0;0;0;0;473470,402999999930000;5750433,131999999300000;8,614379403000044;51,904017675000034;0
96833;5201006701800003205;5;5;62;4;2020;10;10;3;3;5;7;0;1;1;0;0;0;0;383417,590599999760000;5718607,617799999200000;7,316467533000036;51,606423902000074;1
96839;5201005500200070604;5;1;11;0;2020;10;20;2;3;5;2;2;1;1;0;0;0;0;346849,432300000450000;5676446,453700000400000;6,806976093000060;51,218839671000069;1
96847;5201007301103975388;5;9;13;0;2020;10;7;4;3;2;6;0;1;1;0;0;0;0;394343,312099999750000;5702165,794399999100000;7,479113575000042;51,460792864000041;1
96848;5201005711211053661;5;5;70;4;2020;10;12;2;3;3;2;0;1;1;0;0;0;0;423799,355000000450000;5736183,357999999100000;7,895623221000051;51,771339455000032;0
96852;5201006608200854191;5;3;34;2;2020;10;12;3;3;0;1;0;1;0;0;0;0;0;295675,310300000010000;5630935,987199999400000;6,100695210000026;50,794101275000060;0
96853;5201005515111085999;5;1;54;44;2020;10;19;2;3;5;3;1;1;1;0;0;0;0;324461,919200000350000;5738608,497099999300000;6,455796729000042;51,770796685000050;1
96856;5201005307000047911;5;9;62;24;2020;10;10;2;3;1;7;0;1;1;0;0;0;0;406502,423899999820000;5692079,378699999300000;7,656744562000029;51,372261530000060;0
96857;5201006508000472209;5;1;19;0;2020;10;17;3;3;5;3;0;1;1;0;0;0;0;348584,436099999580000;5710045,061100000500000;6,817488581000021;51,521200749000059;1
96858;5201005302120689975;5;9;14;0;2020;10;16;2;3;5;3;0;1;1;0;0;0;0;390573,986499999650000;5688359,024599999200000;7,429134874000056;51,335974643000043;0
96860;5201007601200186596;5;3;15;0;2020;10;15;4;3;0;3;0;1;1;0;0;0;0;353864,121500000360000;5644333,467399999500000;6,920330808000074;50,932097608000049;0
96870;5201008601420664203;5;3;15;0;2020;10;6;5;3;3;2;2;1;1;0;0;0;0;356312,476400000040000;5647848,878599999500000;6,953762416000075;50,964305199000080;1
96874;5201008411224068212;5;7;74;24;2020;10;9;5;3;5;3;0;1;1;0;0;0;0;475898,385800000280000;5741857,039200000500000;8,650269063000053;51,827020385000026;1
96881;5201008702100550183;5;5;15;0;2020;10;16;5;3;5;2;0;1;1;0;0;0;0;405073,671000000090000;5757449,222999999300000;7,618463466000037;51,959626788000037;1
96882;5201007600330922873;5;3;82;64;2020;10;18;4;3;2;6;0;1;1;0;0;0;0;350566,474000000390000;5613813,128799999100000;6,885850983000069;50,656976922000069;0
96891;5201008518200760514;5;1;70;24;2020;10;20;5;2;6;4;2;1;0;1;0;0;0;335477,193699999710000;5704588,323000000800000;6,631270779000033;51,468511807000027;1
96900;5201006411232874562;5;7;74;32;2020;10;16;3;3;5;3;0;1;1;0;0;0;0;478748,809299999850000;5731172,683499999300000;8,692284126000061;51,731071258000043;0
96901;5201004608416042748;5;3;34;16;2020;10;19;1;3;5;3;0;1;1;0;0;0;0;294235,122000000440000;5637264,972600000000000;6,076737598000022;50,850432972000078;0
96907;5201006702100588934;5;5;15;0;2020;10;9;3;3;5;2;0;1;1;0;0;0;0;402295,907999999820000;5754690,562000000800000;7,578833857000063;51,934350027000050;0
96910;5201004608200961202;5;3;34;2;2020;10;15;1;3;0;1;0;1;0;0;0;0;0;298077,099200000060000;5628168,715199999500000;6,136249910000061;50,770088365000049;0
96914;5201009300300771409;5;9;11;0;2020;10;11;6;3;0;2;0;1;1;0;0;0;0;377103,035899999550000;5701489,569299999600000;7,231299785000033;51,451234727000042;0
96920;5201006601400781750;5;3;15;0;2020;10;20;3;3;6;6;2;1;0;1;0;0;0;351393,588800000030000;5651104,974400000600000;6,882432336000022;50,992317983000078;1
96928;5201008607100269545;5;3;82;40;2020;10;17;5;2;5;3;1;1;0;0;0;0;1;381736,873399999920000;5636425,336300000500000;7,319347016000052;50,867402655000035;1
96938;5201008303100575041;5;9;15;0;2020;10;16;5;3;0;2;0;1;1;0;0;0;0;416717,439000000250000;5724954,756999999300000;7,795693280000023;51,669392248000065;0
96939;5201006518200248995;5;1;70;24;2020;10;8;3;3;2;1;0;1;1;0;0;0;0;335284,987499999810000;5703193,576700000100000;6,629155749000063;51,455925385000057;1
96941;5201008711411079196;5;5;70;28;2020;10;11;5;3;5;5;0;1;1;0;0;0;0;441558,406200000080000;5742562,527699999500000;8,151894910000067;51,830825939000079;1
96948;5201007301101047206;5;9;13;0;2020;10;19;4;3;5;3;2;1;1;0;0;0;0;395105,703300000170000;5706224,050400000100000;7,488878542000066;51,497412837000070;1
96951;5201008500200450578;5;1;11;0;2020;10;8;5;3;0;1;0;1;0;0;0;0;0;350369,410199999810000;5678386,059399999700000;6,856531943000050;51,237202039000067;1
96954;5201008603228877527;5;3;66;28;2020;10;20;5;2;9;1;2;1;0;0;0;0;0;333196,783800000320000;5609227,228599999100000;6,642382479000048;50,611055532000080;1
96962;5201005518120144103;5;1;70;44;2020;10;18;2;2;0;3;0;1;1;0;0;0;0;340744,674100000410000;5716973,722400000300000;6,701444460000062;51,581294861000060;1
96977;5201008410270124205;5;7;70;16;2020;10;21;5;3;8;1;2;1;0;0;0;0;0;477007,867999999780000;5789300,470000000700000;8,663177231000077;52,253618830000050;1
96979;5201005505200776405;5;1;14;0;2020;10;17;2;3;5;3;0;1;1;0;0;0;0;330106,192599999720000;5690099,877699999100000;6,560953200000029;51,336765069000080;0
96983;5201006608100251200;5;3;34;2;2020;10;10;3;3;5;2;0;1;1;0;0;0;0;294374,518400000410000;5628139,957800000900000;6,083826458000033;50,768529707000027;0
96986;5201007513110746673;5;1;62;16;2020;10;15;4;3;0;3;0;1;1;0;0;0;0;333032,565000000410000;5676639,153000000900000;6,609214215000066;51,216697895000038;0
96988;5201006506100582271;5;1;16;0;2020;10;7;3;3;5;2;0;1;1;0;0;0;0;321128,612999999900000;5670467,104000000300000;6,442012425000030;51,157648379000079;1
96989;5201004600380686282;5;3;14;0;2020;10;13;1;3;8;1;0;1;0;0;0;0;0;367930,374599999750000;5619039,767000000900000;7,129495342000041;50,708151582000028;0
97006;5201006410110776061;5;7;70;24;2020;10;16;3;3;5;3;0;1;1;0;0;0;0;494290,045099999760000;5794552,486999999700000;8,916262453000059;52,301288025000076;0
97007;5201004600110534044;5;3;14;0;2020;10;13;1;3;3;6;0;1;0;0;0;0;0;364583,601200000380000;5618729,812799999500000;7,082236588000058;50,704595812000036;0
97008;5201008610111671791;5;3;70;16;2020;10;14;5;3;5;3;0;1;1;0;0;0;0;299362,968999999580000;5659609,530999999500000;6,137177816000076;51,052919204000034;0
97009;5201007505100918054;5;1;14;0;2020;10;12;4;3;5;2;0;1;1;0;0;0;0;330480,522300000300000;5687633,179800000000000;6,567495316000077;51,314716273000045;0
97012;5201004518120544103;5;1;70;44;2020;10;14;1;2;0;1;0;1;0;0;0;0;0;336974,120699999850000;5721970,986400000800000;6,644749537000052;51,625112213000079;0
97013;5201008503400778633;5;1;22;0;2020;10;8;5;3;4;2;0;1;1;0;0;0;0;359696,968200000000000;5669080,676500000100000;6,993695593000041;51,155947665000042;1
97014;5201006701800189559;5;5;62;4;2020;10;10;3;3;5;3;0;1;1;0;0;0;0;384728,109100000000000;5716818,845599999700000;7,335971521000033;51,590616621000038;0
97017;5201007503200140209;5;1;24;0;2020;10;15;4;3;5;2;0;1;1;0;0;0;0;375546,416000000200000;5681887,538599999600000;7,215769729000044;51,274720325000033;1
97021;5201006705000568885;5;5;54;56;2020;10;15;3;3;5;3;0;1;1;0;0;0;0;356809,023500000130000;5761959,078800000300000;6,914567111000054;51,989815635000070;1
97024;5201004515212017924;5;1;54;32;2020;10;20;1;2;0;1;2;1;0;0;0;0;0;309721,849899999800000;5718732,973300000700000;6,253242778000072;51,587478162000082;0
97026;5201006601400186419;5;3;15;0;2020;10;17;3;3;0;2;0;1;1;0;0;0;0;355951,845200000330000;5649832,678500000400000;6,947844360000033;50,982043097000030;1
97034;5201008606100055945;5;3;78;4;2020;10;7;5;3;5;3;0;1;1;0;0;0;0;372638,221900000240000;5647571,800400000100000;7,186219915000038;50,965655572000060;1
97035;5201008301101389267;5;9;13;0;2020;10;7;5;3;0;3;0;1;1;0;0;0;0;393735,432000000030000;5707514,914000000800000;7,468756850000034;51,508759842000075;1
97039;5201008502214282208;5;1;13;0;2020;10;19;5;3;3;5;2;1;1;0;0;0;0;362518,251600000080000;5698033,824100000800000;7,022868308000057;51,416826561000050;1
97040;5201008301101201202;5;9;13;0;2020;10;9;5;3;5;3;0;1;1;0;0;0;0;394403,553000000310000;5708122,596999999100000;7,478198605000046;51,514347279000049;1
97042;5201005600110290203;5;3;14;0;2020;10;12;2;3;5;2;0;1;0;0;0;0;1;366336,095999999900000;5622363,663200000300000;7,105724078000037;50,737662439000076;1
97044;5201004513130887463;5;1;62;22;2020;10;14;1;3;2;2;0;1;1;0;0;0;0;337455,783499999900000;5684021,491800000900000;6,669140192000043;51,284302086000082;0
97047;5201004506100378898;5;1;16;0;2020;10;12;1;3;6;6;0;1;1;1;0;0;0;322906,682900000360000;5673067,742499999700000;6,466132550000054;51,181564103000028;0
97049;5201005601610700207;5;3;15;0;2020;10;17;2;3;5;2;0;1;1;0;0;0;0;365179,401999999770000;5645578,035000000100000;7,080798120000054;50,946039294000059;1
97067;5201006608328469644;5;3;34;28;2020;10;6;3;2;4;6;2;1;0;0;0;0;0;308604,365600000140000;5608939,380500000000000;6,295324671000060;50,600921379000056;1
97070;5201007501212373927;5;1;12;0;2020;10;14;4;3;3;2;0;1;1;0;0;0;0;341685,313799999650000;5698162,753499999600000;6,723448673000064;51,412550780000061;0
97073;5201004501320773905;5;1;12;0;2020;10;16;1;3;1;5;0;1;1;0;0;0;0;337452,375300000420000;5691737,513100000100000;6,665573335000033;51,353626079000037;0
97075;5201007501135609203;5;1;12;0;2020;10;7;4;3;5;3;1;1;1;0;0;0;0;345295,453800000250000;5711854,265200000300000;6,769324618000042;51,536564981000026;1
97079;5201008301101101200;5;9;13;0;2020;10;7;5;3;5;3;0;1;1;0;0;0;0;393130,431800000370000;5707275,451199999100000;7,460114916000066;51,506493336000062;1
97084;5201008601600178531;5;3;15;0;2020;10;22;5;3;4;2;2;1;1;0;0;0;0;360801,503999999720000;5645044,674000000600000;7,018720791000021;50,940205414000047;1
97087;5201004411108590782;5;7;74;8;2020;10;0;1;3;5;3;2;1;1;0;0;0;0;487742,199599999930000;5736372,392200000600000;8,822323548000043;51,778092176000030;1
97102;5201005606210881741;5;3;78;32;2020;10;16;2;2;0;7;0;1;0;0;0;0;0;375840,215400000100000;5667774,058100000000000;7,224864974000070;51,147934694000071;1
97107;5201005502321771971;5;1;13;0;2020;10;19;2;3;0;3;2;1;1;0;0;0;0;355878,036100000140000;5702785,880000000800000;6,925506474000031;51,457879109000032;1
97110;5201005701910449495;5;5;62;8;2020;10;16;2;3;5;3;0;1;1;0;0;0;0;383622,126400000420000;5723392,107000000800000;7,317829760000052;51,649467553000079;1
97112;5201008406120684700;5;7;58;16;2020;10;14;5;3;7;3;0;1;1;0;0;0;0;474952,176300000400000;5778943,676899999400000;8,633829286000037;52,160416776000034;1
97113;5201006602500586954;5;3;62;24;2020;10;3;3;3;0;1;2;1;0;0;0;0;0;347161,316800000150000;5642367,449100000800000;6,825838528000077;50,912693556000079;1
97115;5201009307000780470;5;9;62;36;2020;10;13;6;3;0;3;0;1;1;0;0;0;0;404709,875000000000000;5661665,243000000700000;7,639090783000029;51,098553141000082;1