OBJECTID;UIDENTSTLAE;ULAND;UREGBEZ;UKREIS;UGEMEINDE;UJAHR;UMONAT;USTUNDE;UWOCHENTAG;UKATEGORIE;UART;UTYP1;ULICHTVERH;IstRad;IstPKW;IstFuss;IstKrad;IstGkfz;IstSonstige;LINREFX;LINREFY;XGCSWGS84;YGCSWGS84;STRZUSTAND
97121;5201006300110146206;5;9;11;0;2020;10;8;3;3;0;1;0;1;0;0;0;0;0;375546,310800000090000;5703435,472600000000000;7,208222640000031;51,468383296000070;1
97130;5201006601220891207;5;3;15;0;2020;10;8;3;3;0;5;0;1;1;1;0;0;0;359254,865000000220000;5637405,752000000300000;6,999666381000054;50,871177809000073;1
97147;5201004301204566240;5;9;13;0;2020;10;14;1;3;0;1;0;1;0;0;0;0;0;382463,654299999590000;5707326,138299999800000;7,306469222000033;51,504831015000036;0
97149;5201006701601589564;5;5;62;12;2020;10;14;3;3;0;1;0;1;0;0;0;0;0;359305,076600000260000;5725566,768999999400000;6,965684717000045;51,663449982000031;1
97157;5201007410110690736;5;7;70;24;2020;10;16;4;3;2;2;0;1;1;0;0;0;0;491884,178299999800000;5794106,589900000000000;8,880990787000030;52,297248913000033;1
97160;5201004300410778206;5;9;16;0;2020;10;14;1;3;5;3;0;1;1;0;0;0;0;377356,531700000170000;5713639,642400000200000;7,230720824000059;51,560487720000026;0
97162;5201007301101889248;5;9;13;0;2020;10;15;4;3;3;3;0;1;1;0;0;0;0;394192,121000000280000;5707087,116000000400000;7,475463462000050;51,505000270000039;1
97167;5201005515111078966;5;1;54;8;2020;10;14;2;3;5;3;0;1;1;0;0;0;0;309428,968799999920000;5747482,836300000500000;6,233296821000067;51,845580654000059;1
97168;5201009316200271349;5;9;74;48;2020;10;11;6;3;6;7;0;1;0;1;0;0;0;427828,956000000240000;5719137,960000000900000;7,957540394000034;51,618636544000026;0
97173;5201007405108278138;5;7;54;8;2020;10;13;4;3;3;2;0;1;1;0;0;0;0;457197,582899999800000;5750153,895400000700000;8,377892927000062;51,900494580000043;0
97174;5201006700200375467;5;5;13;0;2020;10;7;3;3;0;1;2;1;0;0;0;0;0;361900,492100000380000;5719357,292500000400000;7,005637021000041;51,608295058000067;1
97176;5201009405116506330;5;7;54;16;2020;10;10;6;3;0;3;0;1;1;0;0;0;0;445378,741999999620000;5757327,892000000900000;8,204990192000025;51,963956947000042;1
97177;5201007405108081099;5;7;54;8;2020;10;16;4;3;5;2;0;1;1;0;0;0;0;457686,684200000020000;5751087,461799999700000;8,384886633000065;51,908925249000049;1
97181;5201003711313476733;5;5;70;8;2020;10;2;7;2;0;1;2;1;0;0;0;0;0;434746,945799999870000;5736101,748700000300000;8,054276839000067;51,771989095000038;0
97182;5201008709700365887;5;5;66;28;2020;10;14;5;3;5;2;0;1;1;0;0;0;0;411538,086000000130000;5792414,936000000700000;7,703430206000064;52,274981832000037;1
97192;5201005506100481204;5;1;16;0;2020;10;12;2;2;5;6;0;1;0;0;0;0;0;320982,196299999950000;5671368,910100000000000;6,439472061000060;51,165703755000038;1
97204;5201006301204409689;5;9;13;0;2020;10;10;3;3;3;2;0;1;1;0;0;0;0;385453,622800000010000;5708722,737700000400000;7,349077140000077;51,517997570000034;0
97209;5201003705000981049;5;5;54;20;2020;10;1;7;3;0;1;2;1;0;0;0;0;0;366710,446299999950000;5783377,719599999500000;7,050305439000056;52,184740047000048;0
97223;5201006702100292910;5;5;15;0;2020;10;14;3;3;5;3;0;1;1;0;0;0;0;403181,662299999970000;5759054,700400000400000;7,590483813000049;51,973731049000037;0
97226;5201003702100560871;5;5;15;0;2020;10;17;7;3;3;2;0;1;1;0;0;0;0;405501,914300000300000;5756468,903300000400000;7,624963697000055;51,950888195000061;1
97232;5201005606100067777;5;3;78;4;2020;10;15;2;3;0;3;0;1;1;0;0;0;0;368723,773599999960000;5646121,697899999100000;7,131027960000040;50,951743659000044;1
97233;5201009500200608206;5;1;11;0;2020;10;17;6;2;5;2;0;1;1;0;0;0;0;345868,407999999820000;5680326,632999999400000;6,791269969000041;51,253440850000061;0
97234;5201003700200757848;5;5;13;0;2020;10;22;7;3;0;1;2;1;0;0;0;0;0;367099,103000000120000;5714490,043999999800000;7,082509322000021;51,565806340000051;1
97236;5201006601400581750;5;3;15;0;2020;10;16;3;3;5;2;0;1;1;0;0;0;0;356575,077999999750000;5653978,301000000900000;6,955079342000033;51,019454446000054;1
97238;5201009301303675445;5;9;13;0;2020;10;11;6;2;3;2;0;1;1;0;0;0;0;399704,275799999940000;5705434,169700000400000;7,555327525000052;51,491147348000027;0
97243;5201003609236533045;5;3;58;36;2020;10;0;7;2;3;6;2;1;1;0;0;0;0;308712,591199999680000;5652890,005699999600000;6,273963453000022;50,995752614000025;1
97245;5201008300800341640;5;9;54;36;2020;10;8;5;3;2;2;0;1;0;0;0;1;0;383588,082399999720000;5701411,316700000300000;7,324612499000068;51,451901880000037;1
97246;5201007303100569247;5;9;15;0;2020;10;5;4;2;5;3;2;1;1;0;0;0;0;418288,676400000230000;5728441,226600000600000;7,817592615000024;51,700964691000081;1
97250;5201008300310959200;5;9;11;0;2020;10;20;5;3;1;7;2;1;1;0;0;0;0;378578,956899999640000;5701998,294399999100000;7,252355533000070;51,456125379000071;1
97252;5201005601100486543;5;3;15;0;2020;10;14;2;3;0;1;0;1;0;0;0;0;0;355275,157599999570000;5644300,043199999300000;6,940410687000053;50,932153017000076;1
97255;5201008303100066283;5;9;15;0;2020;10;16;5;3;0;2;0;1;1;0;0;0;0;418774,627000000330000;5725258,019999999600000;7,825363886000048;51,672419653000077;1
97260;5201006302242690007;5;9;14;0;2020;10;5;3;3;2;6;2;1;1;0;0;0;0;388703,474899999800000;5688920,123099999500000;7,402118484000027;51,340654967000035;1
97270;5201012302100385544;5;9;14;0;2020;10;17;2;3;5;3;0;1;1;0;0;0;0;393297,655000000260000;5694555,115000000200000;7,466359774000068;51,392187258000035;0
97271;5201010602700786775;5;3;62;28;2020;10;14;7;3;5;2;0;1;1;0;0;0;0;351513,585199999620000;5638502,570000000300000;6,889276107000057;50,879097735000073;0
97272;5201011601000187296;5;3;15;0;2020;10;4;1;2;0;7;2;1;0;0;0;0;0;356648,576299999840000;5646356,309100000200000;6,959133414000064;50,950975423000045;0
97278;5201011307000171477;5;9;62;12;2020;10;2;1;3;0;1;2;1;0;0;0;0;0;395574,634399999860000;5672311,492300000000000;7,505581113000062;51,192663578000065;1
97290;5201010601500369944;5;3;15;0;2020;10;20;7;2;0;1;2;1;0;0;0;0;0;365923,263000000270000;5649593,774700000900000;7,089900887000056;50,982304472000067;1
97291;5201011608100915206;5;3;34;2;2020;10;12;1;2;0;1;0;1;0;0;0;0;0;295122,969999999740000;5629236,146999999900000;6,093815846000041;50,778639644000066;0
97298;5201010601300464369;5;3;15;0;2020;10;10;7;2;3;6;0;1;0;0;0;0;0;352478,901999999770000;5644928,667099999300000;6,900390808000054;50,937093778000076;0
97302;5201011602800198208;5;3;62;12;2020;10;2;1;3;0;7;2;1;0;0;0;0;0;349984,325899999590000;5634189,720300000200000;6,869321538000065;50,839945386000068;1
97303;5201010600320786529;5;3;82;72;2020;10;18;7;3;2;6;1;1;1;0;0;0;0;366636,233199999670000;5609147,199599999900000;7,114741813000023;50,618940368000040;0
97309;5201010518100391625;5;1;70;48;2020;10;13;7;3;4;2;0;1;1;0;0;0;0;335685,427000000140000;5728041,525000000400000;6,623296711000023;51,679273693000027;0
97310;5201010516500785201;5;1;58;16;2020;10;10;7;3;5;2;0;1;1;0;0;0;0;356592,908599999730000;5671015,600500000600000;6,948566856000070;51,172566314000051;0
97311;5201012316300482131;5;9;74;28;2020;10;16;2;3;5;3;0;1;1;0;0;0;0;453329,038399999960000;5728681,210300000400000;8,324561390000042;51,707130946000063;0
97314;5201011602300186745;5;3;62;36;2020;10;11;1;2;5;3;0;1;1;0;0;0;0;344347,627100000160000;5655417,788100000500000;6,780259593000039;51,029209485000081;1
97323;5201012307200370205;5;9;62;56;2020;10;13;2;3;0;1;0;1;0;0;0;0;0;401057,708200000230000;5679369,138100000100000;7,582073860000037;51,257083298000055;1
97354;5201012500300284961;5;1;11;0;2020;10;16;2;3;1;7;0;1;0;0;0;0;0;345925,822599999610000;5675471,577600000400000;6,794179837000058;51,209831432000044;0
97361;5201010406210369913;5;7;58;4;2020;10;10;7;3;4;2;0;1;1;0;0;0;0;470281,984000000170000;5782959,926999999200000;8,565206399000033;52,196292904000074;0
97369;5201010404103687444;5;7;66;16;2020;10;15;7;3;2;6;0;1;1;0;0;0;0;506802,612800000240000;5755226,692900000100000;9,098975168000038;51,947707036000054;0
97377;5201011601220890461;5;3;15;0;2020;10;13;1;3;3;6;0;1;0;0;0;0;0;358137,142799999560000;5640899,148600000900000;6,982435096000074;50,902300070000081;0
97390;5201010705000765800;5;5;54;16;2020;10;22;7;1;5;3;2;1;1;0;0;0;0;361929,125000000000000;5758692,402000000700000;6,990399896000042;51,961759377000078;1
97392;5201012501322478425;5;1;12;0;2020;10;16;2;3;5;3;0;1;1;0;0;0;0;346862,981999999840000;5696048,263000000300000;6,798755756000048;51,394973579000066;0
97396;5201010301205584915;5;9;13;0;2020;10;1;7;3;0;1;2;1;1;0;0;0;0;386953,394600000230000;5711048,535700000800000;7,369936909000046;51,539204086000041;0
97408;5201009711312280621;5;5;70;8;2020;10;7;6;3;4;6;1;1;0;0;0;0;0;436381,063199999740000;5734917,852000000000000;8,078173852000020;51,761533804000067;0
97410;5201012600140678249;5;3;14;0;2020;10;21;2;3;5;2;2;1;1;0;0;0;0;370994,873999999840000;5619190,083000000600000;7,172821553000063;50,710190794000027;0
97411;5201009711231202636;5;5;70;40;2020;10;13;6;3;5;2;0;1;1;0;0;0;0;419844,949000000020000;5744723,562500000000000;7,836348834000035;51,847558473000049;0
97419;5201009705000615757;5;5;54;40;2020;10;11;6;3;4;1;0;1;1;0;0;0;0;351438,025399999690000;5734387,582900000700000;6,848260724000056;51,740681169000027;0
97427;5201009702100770512;5;5;15;0;2020;10;13;6;2;9;1;0;1;0;0;0;0;0;410527,252600000240000;5751947,432900000400000;7,699241930000028;51,911076994000041;0
97429;5201009702100079608;5;5;15;0;2020;10;11;6;2;0;3;0;1;1;0;0;0;0;411045,452999999750000;5751987,757099999100000;7,706763054000021;51,911522463000040;0
97442;5201009701110011201;5;5;62;32;2020;10;16;6;3;3;2;0;1;1;0;0;0;0;375164,941700000320000;5719095,932099999900000;7,197180997000032;51,609043392000046;0
97444;5201009609108877599;5;3;58;8;2020;10;23;6;3;0;1;2;1;0;0;0;0;0;322026,122299999930000;5630815,578700000400000;6,474246963000041;50,801710061000051;1
97452;5201011500200585400;5;1;11;0;2020;10;13;1;3;5;3;0;1;1;0;0;0;0;342152,903099999760000;5684851,754400000000000;6,736071959000071;51,293082998000045;0
97461;5201011607300186276;5;3;82;16;2020;10;10;1;2;0;7;0;1;0;0;0;0;0;387703,127999999560000;5624626,911000000300000;7,407709463000060;50,762532888000067;1
97462;5201009606230575208;5;3;78;16;2020;10;16;6;3;3;6;0;1;0;0;0;0;1;361358,849899999800000;5664835,279200000700000;7,019078754000020;51,118199762000074;1
97465;5201009603116275849;5;3;66;16;2020;10;16;6;3;5;3;0;1;1;0;0;0;0;342225,565700000150000;5614030,851099999600000;6,767846012000064;50,656733780000081;1
97476;5201012516500286958;5;1;58;16;2020;10;15;2;3;3;2;0;1;1;0;0;0;0;356664,991600000300000;5670537,285700000800000;6,949787975000049;51,168286022000075;0
97477;5201009601510700206;5;3;15;0;2020;10;22;6;3;3;5;2;1;1;0;0;0;0;357479,173499999570000;5644893,591700000700000;6,971522881000055;50,938036041000032;1
97478;5201009601420629207;5;3;15;0;2020;10;18;6;3;2;6;1;1;1;0;0;0;0;356263,480000000450000;5648315,306399999200000;6,952880839000045;50,968484674000081;1
97482;5201011601400587598;5;3;15;0;2020;10;0;1;3;0;1;2;1;0;0;0;0;1;356957,324099999850000;5647266,831499999400000;6,963168213000074;50,959234886000047;1
97487;5201009600130990873;5;3;82;8;2020;10;7;6;3;0;5;1;1;1;0;0;0;0;374337,454400000160000;5612221,015499999700000;7,222508414000060;50,648280418000070;1
97488;5201009600110100205;5;3;14;0;2020;10;16;6;3;0;1;0;1;0;0;0;0;0;365365,891699999570000;5622993,305800000200000;7,091752454000073;50,743097501000079;1
97491;5201011508000376339;5;1;19;0;2020;10;15;1;2;5;3;0;1;1;0;0;0;0;349698,486800000070000;5703890,415699999800000;6,836155222000059;51,466196887000081;0
97493;5201011600350775848;5;3;82;72;2020;10;19;1;2;5;3;2;1;1;0;0;0;0;365626,144100000150000;5612031,956900000600000;7,099425786000040;50,644637056000079;1
97495;5201010706300072172;5;5;58;24;2020;10;12;7;3;3;3;0;1;1;0;0;0;0;393634,717699999920000;5736242,818499999100000;7,458575053000061;51,766955255000028;0
97502;5201011500100844208;5;1;11;0;2020;10;20;1;2;5;2;2;1;1;0;0;0;0;346044,673399999740000;5675606,793299999100000;6,795821997000076;51,211078464000082;1
97504;5201009513130181642;5;1;62;22;2020;10;7;6;3;5;2;0;1;1;0;0;0;0;339286,421299999580000;5679509,637099999900000;6,697395924000034;51,244283328000051;0
97505;5201012400200074632;5;7;11;0;2020;10;10;2;3;4;2;0;1;1;0;0;0;0;473868,001000000160000;5759977,425000000700000;8,619432948000053;51,989847697000073;0
97506;5201009506100985961;5;1;16;0;2020;10;14;6;3;3;2;0;1;1;0;0;0;0;321125,816999999810000;5670464,858799999600000;6,441973598000061;51,157627336000076;0
97508;5201010702100865812;5;5;15;0;2020;10;13;7;3;3;6;0;1;0;0;0;0;0;406210,728500000200000;5757453,491499999500000;7,635005674000070;51,959858119000046;0
97511;5201009505200117751;5;1;14;0;2020;10;19;6;3;5;2;2;1;1;0;0;0;0;335771,901999999770000;5694147,195000000300000;6,640348182000025;51,374792217000049;1
97522;5201011601620123206;5;3;15;0;2020;10;12;1;2;9;1;0;1;1;0;0;0;0;366943,443400000220000;5638977,540599999900000;7,108302398000035;50,887125779000030;0
97526;5201013513210491369;5;1;62;24;2020;10;9;3;1;5;3;0;1;1;0;0;0;0;334753,728000000120000;5671668,575500000300000;6,636124211000038;51,172540273000038;0
97527;5201015601300580845;5;3;15;0;2020;10;18;5;3;3;2;2;1;1;0;0;0;0;354191,284900000320000;5644824,595300000200000;6,924786925000035;50,936594026000080;0
97530;5201015400200553281;5;7;11;0;2020;10;17;5;2;5;3;0;1;1;0;0;0;0;472718,509999999780000;5765612,918999999800000;8,602243982000061;52,040459562000080;0
97534;5201013500300444203;5;1;11;0;2020;10;16;3;2;5;3;0;1;1;0;0;0;0;348887,793300000020000;5674283,248299999200000;6,837052914000026;51,199944760000051;0
97537;5201015513340876596;5;1;62;28;2020;10;13;5;3;5;3;0;1;1;0;0;0;0;340009,253499999640000;5658524,899399999500000;6,717069924000043;51,055936672000030;0
97538;5201013702100560767;5;5;15;0;2020;10;10;3;3;5;2;0;1;1;0;0;0;0;405019,896999999880000;5757700,723999999500000;7,617611551000039;51,961878196000043;0
97543;5201016500300162204;5;1;11;0;2020;10;8;6;3;0;1;0;1;0;0;0;0;0;345443,905899999660000;5676016,694100000000000;6,787051051000049;51,214599345000067;0
97549;5201013411232850102;5;7;74;32;2020;10;15;3;3;8;1;0;1;0;0;0;0;0;478759,595999999900000;5731404,769099999200000;8,692426151000063;51,733158405000040;0
97550;5201015505200586035;5;1;14;0;2020;10;7;5;3;0;5;1;1;1;0;0;0;0;334156,549800000150000;5691084,260199999400000;6,618588256000066;51,346804806000080;1
97555;5201013411232397194;5;7;74;32;2020;10;16;3;3;5;3;0;1;1;0;0;0;0;479638,489799999630000;5737371,750099999800000;8,704803227000070;51,786841390000063;0
97556;5201013513210291336;5;1;62;24;2020;10;19;3;3;0;5;2;1;0;0;0;0;1;340531,133700000120000;5672886,929500000600000;6,718158847000041;51,185127482000041;0
97562;5201013410110087119;5;7;70;24;2020;10;14;3;3;3;2;0;1;1;0;0;0;0;491882,366000000390000;5794106,695000000300000;8,880964209000069;52,297249832000034;0
97566;5201015300500077742;5;9;11;0;2020;10;13;5;3;0;4;0;1;0;1;0;0;0;375581,463999999690000;5703480,452999999700000;7,208712645000048;51,468795282000031;1
97568;5201013406130876367;5;7;58;8;2020;10;12;3;2;3;2;0;1;0;0;0;0;1;469559,786799999890000;5776502,103199999800000;8,555219810000040;52,138194885000075;0
97573;5201015711312984994;5;5;70;8;2020;10;11;5;3;5;3;0;1;1;0;0;0;0;432768,262000000100000;5734596,714800000200000;8,025895132000073;51,758224643000062;0
97576;5201016300310709207;5;9;11;0;2020;10;11;6;2;5;3;0;1;1;0;0;0;0;380251,438699999820000;5704249,193800000500000;7,275653628000043;51,476712047000035;1
97584;5201015400100787117;5;7;11;0;2020;10;12;5;3;5;7;0;1;1;0;0;0;0;468948,057400000280000;5765630,917400000600000;8,547272013000054;52,040423009000051;0
97585;5201013400200253281;5;7;11;0;2020;10;7;3;3;3;2;0;1;1;0;0;0;0;469330,667700000110000;5763109,700699999900000;8,553076202000057;52,017776956000034;0
97587;5201014601700234204;5;3;16;0;2020;10;17;4;3;3;2;0;1;1;0;0;0;0;359831,257899999620000;5659602,138800000800000;6,999297816000023;51,070798595000042;0
97590;5201013316200018951;5;9;74;56;2020;10;16;3;3;5;6;0;1;1;0;0;0;0;420881,819099999960000;5704466,963999999700000;7,860514788000046;51,485812579000026;0
97595;5201015515111578966;5;1;54;8;2020;10;15;5;3;5;3;0;1;1;0;0;0;0;313784,806900000200000;5747923,768400000400000;6,296220389000041;51,851010338000037;0
97599;5201015608100585843;5;3;34;2;2020;10;19;5;3;6;7;2;1;0;1;0;0;0;291235,348000000230000;5628400,250099999800000;6,039222126000027;50,769746407000071;0
97604;5201015505100072114;5;1;14;0;2020;10;16;5;3;3;2;1;1;1;0;0;0;0;333173,344600000420000;5688536,738199999600000;6,605676413000026;51,323629831000062;0
97609;5201013702100076642;5;5;15;0;2020;10;10;3;3;3;6;0;1;0;0;0;0;0;407027,145399999800000;5751295,934299999800000;7,648548054000059;51,904647688000068;0
97623;5201013506100681893;5;1;16;0;2020;10;19;3;3;0;1;2;1;0;0;0;0;0;320070,185100000350000;5669913,683000000200000;6,427169142000025;51,152345070000081;0
97626;5201013506100182184;5;1;16;0;2020;10;16;3;2;5;3;0;1;0;0;1;0;0;319221,554700000210000;5672673,709499999900000;6,413660594000021;51,176871197000025;0
97630;5201013601610124208;5;3;15;0;2020;10;9;3;3;0;3;0;1;1;0;0;0;0;360107,988800000400000;5644895,789100000600000;7,008913181000025;50,938699524000072;0
97638;5201013601300586626;5;3;15;0;2020;10;14;3;2;0;1;0;1;0;0;0;0;0;353673,655899999660000;5648676,556299999400000;6,915876665000042;50,971079032000034;0
97640;5201015317220277814;5;9;78;4;2020;10;15;5;2;5;3;0;1;1;0;0;0;0;403018,324699999760000;5719585,412799999100000;7,599145142000054;51,618930489000036;1
97641;5201015601400066078;5;3;15;0;2020;10;11;5;3;5;2;0;1;1;0;0;0;0;350834,248499999750000;5652378,346999999100000;6,873944781000034;51,003616210000075;0
97646;5201013301101377201;5;9;13;0;2020;10;15;3;3;5;2;0;1;1;0;0;0;0;393969,626000000160000;5707304,414699999600000;7,472193526000069;51,506911761000026;0
97648;5201014602500085536;5;3;62;24;2020;10;16;4;3;3;7;0;1;1;0;0;0;0;346462,679600000380000;5644970,103800000600000;6,814812125000060;50,935895784000081;0
97651;5201013300110021203;5;9;11;0;2020;10;14;3;3;5;3;0;1;1;0;0;0;0;376081,631599999960000;5704435,834300000200000;7,215574866000054;51,477491434000058;0
97655;5201016410110287060;5;7;70;24;2020;10;12;6;2;5;2;0;1;1;0;0;0;0;490679,633000000380000;5793358,811000000700000;8,863348254000073;52,290506903000050;0
97658;5201014516300680950;5;1;58;28;2020;10;17;4;3;3;6;0;1;0;0;0;0;0;348847,932699999770000;5687715,394899999700000;6,830806908000056;51,320630977000064;0
97661;5201014601210293201;5;3;15;0;2020;10;20;4;3;4;6;2;1;0;0;0;0;0;354390,063000000080000;5643937,412599999500000;6,927968480000061;50,928671390000034;0
97667;5201013600110190877;5;3;14;0;2020;10;23;3;2;0;1;2;1;0;0;0;0;0;366787,832600000310000;5620831,846599999800000;7,112675835000061;50,723998218000077;0
97672;5201013503100177938;5;1;24;0;2020;10;14;3;3;7;1;0;1;0;0;0;0;0;365642,848799999800000;5679749,360600000200000;7,074673305000033;51,253255373000059;0
97678;5201012709500079157;5;5;66;76;2020;10;7;2;3;3;2;2;1;1;0;0;0;0;392163,571000000460000;5794496,471999999100000;7,418902361000050;52,290230198000074;1
97680;5201013607400865688;5;3;82;68;2020;10;16;3;3;5;3;0;1;1;0;0;0;0;368165,741100000220000;5631901,117599999500000;7,128218624000056;50,823803737000048;0
97689;5201013516500222205;5;1;58;16;2020;10;18;3;3;3;6;0;1;1;0;0;0;0;355934,424899999980000;5669091,507200000800000;6,939924448000056;51,155110087000025;0
97693;5201014705000776687;5;5;54;56;2020;10;21;4;3;5;3;2;1;1;0;0;0;0;356822,167000000370000;5761984,460000000900000;6,914747798000064;51,990047074000074;0
97695;5201012706200179210;5;5;58;8;2020;10;18;2;3;5;3;0;1;1;0;0;0;0;379425,639000000430000;5762063,576400000600000;7,243735696000044;51,996125150000069;0
97697;5201015601220690461;5;3;15;0;2020;10;8;5;3;5;3;0;1;1;0;0;0;0;356887,928999999540000;5641084,550200000400000;6,964608106000071;50,903657987000031;0
97700;5201015400200190661;5;7;11;0;2020;10;16;5;3;5;3;0;1;0;0;1;0;0;472074,281999999660000;5764553,029999999300000;8,592938137000033;52,030898365000041;0
97704;5201012702100072433;5;5;15;0;2020;10;12;2;3;5;3;0;1;1;0;0;0;0;405648,829900000240000;5755620,499600000700000;7,627333659000044;51,943287297000040;0
97708;5201013702100288557;5;5;15;0;2020;10;17;3;3;5;3;1;1;1;0;0;0;0;403877,371000000280000;5759409,053999999500000;7,600509663000025;51,977036858000076;0
97710;5201016406220731781;5;7;58;24;2020;10;8;6;3;5;3;1;1;1;0;0;0;0;481884,422500000340000;5784951,226199999500000;8,734848363000026;52,214699129000053;0
97712;5201012701800573205;5;5;62;4;2020;10;14;2;2;5;2;0;1;1;0;0;0;0;382522,136500000020000;5716056,008500000500000;7,304396980000036;51,583304852000026;0
97726;5201014506100271202;5;1;16;0;2020;10;21;4;3;0;1;2;1;0;0;0;0;0;322657,320500000380000;5669601,684499999500000;6,464277399000025;51,150349744000039;1
97730;5201014515111578966;5;1;54;8;2020;10;14;4;3;5;3;0;1;1;0;0;0;0;314344,157100000420000;5745185,960999999200000;6,305801322000036;51,826607687000035;0
97743;5201013502135687406;5;1;13;0;2020;10;18;3;3;0;1;1;1;0;0;0;0;0;367001,726700000460000;5703642,353299999600000;7,085198697000067;51,468298821000076;1
97744;5201014301202189198;5;9;13;0;2020;10;6;4;3;0;7;2;1;0;0;0;0;1;394815,092299999670000;5709132,996200000900000;7,483825663000062;51,523506076000047;0
97747;5201016300210731208;5;9;11;0;2020;10;13;6;2;0;1;0;1;0;0;0;0;0;371560,251799999740000;5703128,123700000300000;7,150978100000032;51,464730437000071;0
97751;5201013501127560209;5;1;12;0;2020;10;10;3;3;0;1;0;1;0;0;0;0;0;346722,632199999880000;5702704,293099999400000;6,793860712000026;51,454741316000081;0
97753;5201013706000084916;5;5;58;12;2020;10;13;3;3;5;3;0;1;1;0;0;0;0;380355,834900000130000;5754551,432800000500000;7,259894821000046;51,928815764000035;0
97762;5201014602800502203;5;3;62;12;2020;10;6;4;3;5;3;2;1;1;0;0;0;0;352173,793800000100000;5634522,299399999900000;6,900261974000046;50,843497641000056;0
97766;5201015515110085966;5;1;54;4;2020;10;19;5;3;3;2;2;1;0;0;0;0;1;305853,043999999760000;5738249,423000000400000;6,186619074000021;51,761429179000061;0
97767;5201013702100768301;5;5;15;0;2020;10;16;3;3;5;3;0;1;1;0;0;0;0;406293,581899999640000;5756641,329199999600000;7,636432652000053;51,952571986000066;0
97771;5201014516360332208;5;1;58;28;2020;10;10;4;3;5;3;0;1;1;0;0;0;0;354108,409599999900000;5688457,574500000100000;6,905941426000027;51,328673612000046;0
97773;5201014307000385231;5;9;62;24;2020;10;11;4;2;0;7;0;1;0;0;0;0;0;407402,746899999680000;5694201,730299999900000;7,669122186000038;51,391487918000053;0
97775;5201015503400481001;5;1;22;0;2020;10;13;5;3;0;1;0;1;0;0;0;0;0;367064,896399999970000;5669574,753300000000000;7,098809005000021;51,162147293000032;0
97786;5201012601300364179;5;3;15;0;2020;10;12;2;3;0;1;0;1;0;0;0;0;0;352746,157999999820000;5650647,611999999700000;6,901877281000054;50,988555550000058;1
97794;5201014503200133208;5;1;24;0;2020;10;14;4;3;5;3;0;1;1;0;0;0;0;376055,828400000000000;5681956,979299999800000;7,223045066000054;51,275455480000062;0
97813;5201020515211045302;5;1;54;16;2020;10;10;3;3;5;3;0;1;0;0;0;0;1;301532,286000000310000;5730135,243000000700000;6,128714400000035;51,687048976000028;0
97820;5201019601300073653;5;3;15;0;2020;10;18;2;3;0;1;2;1;0;0;0;0;0;349093,582200000060000;5645139,272700000600000;6,852157463000026;50,938110414000050;0
97821;5201020701500205200;5;5;62;24;2020;10;0;3;3;0;7;2;1;0;0;0;0;0;365270,208700000310000;5721225,595000000700000;7,053551815000049;51,625900675000082;1
97831;5201019600110414201;5;3;14;0;2020;10;9;2;3;5;3;0;1;1;0;0;0;0;361979,565799999980000;5622819,741200000000000;7,043850587000065;50,740742504000082;0
97837;5201020502241751954;5;1;13;0;2020;10;8;3;3;3;2;0;1;1;0;0;0;0;359238,769700000060000;5699072,549399999900000;6,975324636000039;51,425356030000046;0
97843;5201017405140357258;5;7;54;40;2020;10;0;7;3;8;1;2;1;0;0;0;0;0;462036,131000000050000;5762965,207000000400000;8,446798634000061;52,016026712000041;0
97844;5201019513320686830;5;1;62;4;2020;10;15;2;3;5;3;0;1;0;0;1;0;0;347644,621700000020000;5658345,827800000100000;6,826009368000030;51,056404079000060;0
97849;5201019506000381893;5;1;16;0;2020;10;10;2;3;1;5;0;1;1;0;0;0;0;322325,822300000120000;5671806,708000000600000;6,458453585000029;51,170055550000029;0
97859;5201019502212351954;5;1;13;0;2020;10;7;2;2;0;1;1;1;0;0;0;0;0;364146,042000000370000;5699093,451099999200000;7,045856717000049;51,426741433000075;0
97860;5201020601110606200;5;3;15;0;2020;10;19;3;3;0;1;2;1;0;0;0;0;0;355448,143299999650000;5644714,030099999200000;6,942706558000054;50,935916814000052;1
97872;5201019500200064292;5;1;11;0;2020;10;16;2;3;0;3;0;1;1;0;0;0;0;345085,786000000310000;5680724,443000000000000;6,779891651000071;51,256803243000036;0
97877;5201017313121141385;5;9;58;32;2020;10;17;7;2;5;3;0;1;1;0;0;0;0;442235,131400000300000;5690432,306099999700000;8,170299057000023;51,362213026000063;0
97885;5201017300800077807;5;9;54;36;2020;10;15;7;3;0;1;0;1;0;0;0;0;0;383036,806099999700000;5699562,886600000800000;7,317293111000026;51,435174703000030;0
97886;5201019406240282084;5;7;58;28;2020;10;14;2;3;5;3;0;1;1;0;0;0;0;467587,790000000040000;5788476,832100000200000;8,525261428000022;52,245739781000054;0
97888;5201019406110587089;5;7;58;12;2020;10;15;2;2;5;3;0;1;1;0;0;0;0;476599,575899999590000;5775680,850199999300000;8,658136628000023;52,131154385000059;0
97889;5201019405236687132;5;7;54;36;2020;10;6;2;3;5;5;2;1;1;0;0;0;0;475817,019799999890000;5750780,046000000100000;8,648463544000038;51,907243565000044;1
97895;5201019405228072258;5;7;54;28;2020;10;5;2;3;3;7;2;1;1;0;0;0;0;454956,052000000140000;5745649,664400000100000;8,345903834000069;51,859822331000032;1