OBJECTID;UIDENTSTLAE;ULAND;UREGBEZ;UKREIS;UGEMEINDE;UJAHR;UMONAT;USTUNDE;UWOCHENTAG;UKATEGORIE;UART;UTYP1;ULICHTVERH;IstRad;IstPKW;IstFuss;IstKrad;IstGkfz;IstSonstige;LINREFX;LINREFY;XGCSWGS84;YGCSWGS84;STRZUSTAND
97904;5201019316100808202;5;9;74;8;2020;10;14;2;3;7;1;0;1;0;0;0;0;0;443254,886500000020000;5714932,150599999400000;8,181009680000045;51,582590382000035;0
97907;5201019315150643699;5;9;70;44;2020;10;15;2;3;5;3;0;1;1;0;0;0;0;439790,076500000430000;5632657,412399999800000;8,144823010000039;50,842486051000037;0
97922;5201019307400909201;5;9;62;4;2020;10;15;2;3;3;6;0;1;1;0;0;0;0;408124,550099999640000;5678719,286399999600000;7,683484730000032;51,252423982000039;0
97924;5201020601300573653;5;3;15;0;2020;10;14;3;3;1;6;0;1;1;0;0;0;0;353811,127500000410000;5646212,100400000800000;6,918823323000026;50,948966808000080;1
97925;5201019307000949767;5;9;62;32;2020;10;17;2;3;0;6;0;1;0;0;0;0;1;401822,612399999980000;5673617,630400000100000;7,594608154000071;51,205512748000046;0
97926;5201019711221587303;5;5;70;4;2020;10;6;2;1;6;6;2;1;0;1;0;0;0;418864,819400000390000;5733970,741800000900000;7,824639324000032;51,750755800000036;1
97928;5201020405220185586;5;7;54;20;2020;10;13;3;3;5;3;0;1;1;0;0;0;0;447473,662999999710000;5748054,858999999200000;8,236893664000036;51,880791697000063;1
97929;5201019303200579090;5;9;15;0;2020;10;7;2;2;0;1;2;1;0;0;0;0;0;415473,192900000140000;5726403,824500000100000;7,777354491000040;51,682232679000037;1
97931;5201019610113377581;5;3;70;24;2020;10;8;2;3;0;3;0;1;1;0;0;0;0;285236,197999999860000;5657424,804999999700000;5,937200934000032;51,028193714000054;1
97933;5201020705000968371;5;5;54;32;2020;10;9;3;3;5;3;0;1;1;0;0;0;0;324334,072499999780000;5745431,673699999200000;6,450488907000022;51,832044863000078;0
97940;5201019301301271278;5;9;78;24;2020;10;8;2;3;5;2;0;1;1;0;0;0;0;397072,305499999780000;5718665,334899999200000;7,513558138000064;51,609604379000075;1
97945;5201019301101589204;5;9;13;0;2020;10;11;2;3;0;3;0;1;1;0;0;0;0;393833,145200000140000;5708714,981599999600000;7,469802876000074;51,519565014000079;0
97946;5201016705000191816;5;5;54;20;2020;10;19;6;3;0;1;2;1;0;0;0;0;0;365349,323599999770000;5786796,322799999300000;7,029049422000071;52,215126747000056;0
97952;5201019300120017209;5;9;11;0;2020;10;8;2;3;0;1;0;1;0;0;0;0;0;375257,588200000110000;5705890,852199999600000;7,203200883000022;51,490387045000034;1
97958;5201018711231770571;5;5;70;40;2020;10;11;1;3;8;1;0;1;0;0;0;0;0;420097,681699999610000;5744116,957699999200000;7,840157237000028;51,842141720000029;0
97959;5201016702100069101;5;5;15;0;2020;10;17;6;3;3;7;0;1;0;0;0;0;1;407667,221300000320000;5758381,080800000600000;7,655947489000027;51,968439569000054;0
97962;5201016701920639200;5;5;62;28;2020;10;19;6;3;5;3;2;1;1;0;0;0;0;379252,626000000160000;5722522,981000000600000;7,255002298000022;51,640735004000078;0
97975;5201018705000774671;5;5;54;48;2020;10;2;1;3;0;7;2;1;0;1;0;0;0;339117,734000000170000;5745627,960000000900000;6,664757776000045;51,838261726000042;0
97979;5201018701910308065;5;5;62;8;2020;10;17;1;3;1;5;1;1;1;0;0;0;1;384859,298600000330000;5722640,413100000500000;7,335951569000031;51,642966278000074;0
98002;5201018516800572000;5;1;58;20;2020;10;15;1;3;5;3;0;1;1;0;0;0;0;357713,858199999670000;5664823,187100000700000;6,967038120000041;51,117197550000071;0
98003;5201020711413078050;5;5;70;28;2020;10;16;3;3;5;3;0;1;1;0;0;0;0;441110,308400000450000;5743432,502499999500000;8,145244812000044;51,838600132000067;1
98006;5201020515110010205;5;1;54;36;2020;10;11;3;3;0;3;0;1;0;0;0;0;0;302640,468999999580000;5739757,411000000300000;6,139271149000024;51,773848301000044;0
98020;5201020705000220970;5;5;54;12;2020;10;9;3;3;5;3;0;1;1;0;0;0;0;352230,340499999930000;5745920,944199999800000;6,854814670000053;51,844517706000033;0
98026;5201020300100375420;5;9;11;0;2020;10;12;3;3;5;7;0;1;1;0;0;0;0;374401,610700000080000;5701881,498299999200000;7,192303021000043;51,454164339000044;0
98038;5201018301301763205;5;9;78;24;2020;10;19;1;3;5;3;2;1;1;0;0;0;0;396901,874800000340000;5720230,679600000400000;7,510637174000067;51,623643309000045;1
98041;5201018301202630203;5;9;13;0;2020;10;2;1;3;8;1;2;1;0;0;0;0;0;393308,195199999960000;5711777,079399999200000;7,461311759000068;51,546989560000043;1
98042;5201016601620768200;5;3;15;0;2020;10;18;6;3;5;3;1;1;1;0;0;0;0;365148,076000000350000;5637064,112999999900000;7,083498165000037;50,869512248000035;0
98048;5201020500200992203;5;1;11;0;2020;10;9;3;3;5;3;0;1;1;0;0;0;0;344925,979000000280000;5678239,331000000200000;6,778679708000027;51,234430194000026;0
98060;5201017705000791811;5;5;54;60;2020;10;14;7;3;1;6;0;1;0;0;0;0;0;353726,276800000110000;5757584,332399999700000;6,871566958000074;51,949706229000071;0
98061;5201020406220531775;5;7;58;24;2020;10;16;3;2;1;5;0;1;1;0;0;0;0;478389,976300000210000;5782190,313200000700000;8,683878278000066;52,189751123000065;1
98062;5201017705000315730;5;5;54;12;2020;10;5;7;3;9;1;2;1;0;0;0;0;0;352572,301599999890000;5748998,526000000500000;6,858462221000025;51,872259847000066;0
98063;5201016601410570205;5;3;15;0;2020;10;13;6;3;5;2;0;1;1;0;0;0;0;352637,191399999890000;5651331,379599999600000;6,900048411000057;50,994672320000063;0
98065;5201017705000087336;5;5;54;20;2020;10;16;7;3;0;7;0;1;0;0;0;0;1;366844,249300000260000;5783558,313699999800000;7,052190490000044;52,186395087000051;0
98066;5201020709100572339;5;5;66;4;2020;10;11;3;2;3;7;0;1;1;1;0;0;0;394775,183799999770000;5767180,285700000800000;7,465648488000056;52,045233491000033;0
98073;5201017702100072399;5;5;15;0;2020;10;11;7;3;5;3;0;1;1;0;0;0;0;406198,584599999710000;5751296,093100000200000;7,636507731000052;51,904510225000081;0
98075;5201016601300190443;5;3;15;0;2020;10;12;6;3;6;4;0;1;0;1;0;0;0;354010,997100000270000;5646069,478700000800000;6,921723885000063;50,947735770000065;0
98077;5201016601110727207;5;3;15;0;2020;10;16;6;3;1;5;0;1;1;0;0;0;0;356815,984600000080000;5643078,116699999200000;6,962803286000053;50,921556228000043;0
98079;5201017700000071568;5;5;13;0;2020;10;8;7;3;0;7;0;1;0;0;0;0;0;368154,264200000090000;5713238,349500000500000;7,098193512000023;51,554805454000075;0
98089;5201016516710659209;5;1;58;8;2020;10;13;6;3;0;2;0;1;1;0;0;0;0;358666,745500000190000;5673420,535700000800000;6,977266992000068;51,194694821000041;0
98095;5201017602400180807;5;3;62;32;2020;10;11;7;2;5;3;0;1;1;0;0;0;0;338222,879200000320000;5638249,782900000000000;6,700617395000052;50,873258644000032;0
98099;5201016514115291589;5;1;66;24;2020;10;14;6;3;5;2;0;1;1;0;0;0;0;308077,758000000380000;5679771,150699999200000;6,250624796000068;51,236988056000030;0
98101;5201017601700287485;5;3;16;0;2020;10;20;7;2;4;6;2;1;0;0;1;0;0;360722,423600000330000;5657853,697899999100000;7,012682821000055;51,055302331000064;0
98102;5201016513330129204;5;1;62;12;2020;10;16;6;3;5;3;0;1;1;0;0;0;0;321677,629999999890000;5664062,055999999900000;6,453024272000050;51,100280642000030;0
98106;5201017600120386339;5;3;82;24;2020;10;13;7;2;5;2;0;1;1;0;0;0;0;372678,571999999690000;5615735,815999999600000;7,197846635000076;50,679513272000065;0
98109;5201017518100173955;5;1;70;48;2020;10;13;7;3;5;2;0;1;1;0;0;0;0;334648,022900000210000;5727381,130899999300000;6,608618040000067;51,673036531000037;0
98135;5201022514210586825;5;1;66;12;2020;10;15;5;3;0;1;0;1;0;0;0;0;0;320123,940200000070000;5695415,281800000000000;6,415109220000034;51,381442170000071;1
98148;5201022505100685965;5;1;14;0;2020;10;13;5;3;8;1;0;1;0;0;0;0;0;334481,821899999860000;5690691,941400000800000;6,623437062000050;51,343374942000025;1
98162;5201023513330814211;5;1;62;12;2020;10;16;6;3;0;7;0;1;0;1;0;0;0;322168,388600000180000;5664761,081700000900000;6,459681998000065;51,106712748000064;0
98182;5201024515110054815;5;1;54;36;2020;10;18;7;2;5;3;2;1;1;0;0;0;0;301602,871299999770000;5743818,127000000300000;6,121929515000034;51,809946535000051;1
98183;5201021705000038824;5;5;54;12;2020;10;19;4;3;0;1;2;1;0;0;0;0;0;354730,806200000460000;5746428,584899999200000;6,890874115000031;51,849735059000068;0
98187;5201024518200975567;5;1;70;24;2020;10;7;7;2;5;3;2;1;1;0;0;0;0;333170,679299999960000;5696700,273000000000000;6,601809043000060;51,396970836000037;1
98192;5201021702100039947;5;5;15;0;2020;10;9;4;3;5;2;0;1;0;0;0;0;1;409847,487999999900000;5751858,771999999900000;7,689385473000073;51,910170432000029;1
98196;5201023513130685054;5;1;62;22;2020;10;0;6;3;0;1;2;1;0;0;0;0;0;338223,940000000410000;5684460,387199999800000;6,679946941000026;51,288464094000062;1
98198;5201024505100572114;5;1;14;0;2020;10;11;7;2;0;7;0;1;0;0;0;0;0;332809,796799999660000;5689579,743000000700000;6,599974241000041;51,332893555000055;1
98205;5201022315110380508;5;9;70;40;2020;10;13;5;3;5;3;0;1;1;0;0;0;0;430730,798999999650000;5636678,294999999900000;8,015409597000030;50,877625630000068;0
98209;5201023405232082020;5;7;54;32;2020;10;8;6;3;5;2;1;1;1;0;0;0;0;460585,196999999690000;5740190,936499999800000;8,428263456000025;51,811170246000074;1
98210;5201021701300286669;5;5;62;14;2020;10;8;4;3;0;1;2;1;0;0;0;0;0;360711,568400000220000;5716282,920700000600000;6,989698946000033;51,580375783000079;1
98211;5201022400200386996;5;7;11;0;2020;10;20;5;3;5;3;2;1;1;0;0;0;0;473772,838999999690000;5760037,003000000500000;8,618042555000045;51,990378863000046;1
98217;5201022503400472485;5;1;22;0;2020;10;8;5;2;5;3;0;1;1;0;0;0;0;362271,343000000340000;5672285,585999999200000;7,029257364000046;51,185375355000076;0
98220;5201022303100073343;5;9;15;0;2020;10;12;5;3;0;6;0;1;1;0;0;0;0;418478,635999999940000;5725932,682800000500000;7,820926905000022;51,678441692000035;0
98222;5201023315110190152;5;9;70;40;2020;10;7;6;3;5;3;1;1;1;0;0;0;0;427481,190700000150000;5633081,608400000300000;7,969940378000047;50,844888185000059;1
98229;5201021608100365653;5;3;34;2;2020;10;9;4;3;0;7;0;1;0;0;0;0;0;294069,748499999750000;5629657,406999999700000;6,078660635000063;50,782050063000042;1
98231;5201023705000487381;5;5;54;20;2020;10;19;6;3;0;3;2;1;1;0;0;0;0;365932,929800000040000;5782657,311899999200000;7,039224309000076;52,178078459000062;0
98236;5201024601200490257;5;3;15;0;2020;10;10;7;2;0;1;0;1;0;0;0;0;0;353764,726099999620000;5644285,684499999500000;6,918936473000031;50,931643007000048;1
98238;5201022601100773829;5;3;15;0;2020;10;16;5;3;3;2;0;1;0;0;1;0;0;355531,780399999580000;5643780,213999999700000;6,944266205000076;50,927545743000053;0
98242;5201023701200388200;5;5;62;20;2020;10;15;6;3;1;3;0;1;1;0;0;0;0;370746,564000000250000;5718393,916999999400000;7,133667119000052;51,601737598000057;1
98244;5201023508000371911;5;1;19;0;2020;10;5;6;3;0;1;2;1;0;0;0;0;0;353175,947499999780000;5709696,106899999100000;6,883766919000038;51,519277404000036;1
98251;5201023600140189200;5;3;14;0;2020;10;14;6;3;5;3;0;1;1;0;0;0;0;370027,956299999730000;5623893,178600000200000;7,157475954000063;50,752248086000066;1
98264;5201023518100644694;5;1;70;48;2020;10;22;6;3;5;3;2;1;1;0;0;0;0;336809,269000000320000;5725826,265000000600000;6,640572160000033;51,659699810000063;0
98267;5201021602700681945;5;3;62;28;2020;10;10;4;3;0;1;0;1;0;0;0;0;0;347723,088399999770000;5639928,873400000900000;6,834840768000049;50,890928457000030;1
98272;5201022601400676489;5;3;15;0;2020;10;17;5;3;5;2;0;1;1;0;0;0;0;350181,752100000160000;5659689,163100000500000;6,861628692000068;51,069143007000037;0
98274;5201024303100023107;5;9;15;0;2020;10;20;7;3;8;1;2;1;1;0;0;0;0;417130,515700000340000;5729178,124299999300000;7,800662165000063;51,707419155000082;0
98276;5201021602500986954;5;3;62;24;2020;10;13;4;3;1;6;0;1;1;0;0;0;0;345847,386099999770000;5640604,575600000100000;6,807906556000035;50,896502850000047;1
98289;5201023301101575435;5;9;13;0;2020;10;14;6;3;0;3;0;1;1;0;0;0;0;394985,201999999580000;5706313,591099999800000;7,487116583000045;51,498195309000039;1
98303;5201021601620236208;5;3;15;0;2020;10;17;4;3;9;1;0;1;0;0;0;0;0;366649,332999999630000;5638844,952999999700000;7,104171787000041;50,885866298000053;0
98305;5201023300120134209;5;9;11;0;2020;10;9;6;2;5;3;0;1;1;0;0;0;0;377993,912200000140000;5705928,896199999400000;7,242581787000063;51,491326028000060;1
98311;5201024601620696205;5;3;15;0;2020;10;17;7;3;5;3;0;1;1;0;0;0;0;366804,742700000290000;5641941,414799999400000;7,105250423000030;50,913732332000052;0
98313;5201024317220084899;5;9;78;4;2020;10;15;7;3;5;3;0;1;1;0;0;0;0;408289,492399999870000;5720494,417300000800000;7,675024127000029;51,627985281000065;0
98314;5201021600310669533;5;3;14;0;2020;10;16;4;3;2;6;0;1;1;0;0;0;0;361669,607800000350000;5619892,580299999600000;7,040558408000038;50,714360436000050;0
98321;5201024515211065318;5;1;54;16;2020;10;11;7;3;5;3;0;1;1;0;0;0;0;302693,803000000310000;5728320,319000000100000;6,146521260000043;51,671159722000027;1
98330;5201022600380062203;5;3;14;0;2020;10;16;5;3;5;3;0;1;1;0;0;0;0;368038,698300000280000;5614243,312200000500000;7,132741178000060;50,665064680000057;0
98336;5201023505100279042;5;1;14;0;2020;10;18;6;2;0;1;1;1;0;0;0;0;0;338129,358099999840000;5688564,853299999600000;6,676729427000055;51,325314342000070;1
98338;5201024506100172044;5;1;16;0;2020;10;10;7;3;5;3;0;1;1;0;0;0;0;318975,606700000350000;5675642,696900000800000;6,408649383000068;51,203463826000075;0
98350;5201023515210973999;5;1;54;48;2020;10;14;6;2;8;1;0;1;0;0;0;0;0;324104,279199999760000;5705257,972500000100000;6,467361572000073;51,471106953000060;1
98353;5201021502402972133;5;1;17;0;2020;10;11;4;3;0;7;0;1;0;0;0;0;0;353223,230999999680000;5700597,754300000100000;6,888228419000029;51,437535197000045;1
98355;5201021502323080372;5;1;13;0;2020;10;12;4;3;5;3;0;1;1;0;0;0;0;359699,849000000390000;5705431,471999999100000;6,979430142000069;51,482612966000033;1
98371;5201021502135866003;5;1;13;0;2020;10;15;4;2;4;2;0;1;1;0;0;0;0;365793,917200000030000;5703597,891200000400000;7,067837101000066;51,467614100000048;1
98372;5201022503100071923;5;1;24;0;2020;10;16;5;2;6;4;0;1;0;1;0;0;0;373087,565399999730000;5681126,200600000100000;7,180807573000038;51,267335397000068;0
98374;5201022706300476677;5;5;58;4;2020;10;11;5;2;0;1;0;1;0;0;0;0;0;407662,703700000420000;5733445,297299999700000;7,662544753000077;51,744298165000032;1
98379;5201021501318663354;5;1;12;0;2020;10;15;4;3;0;2;0;1;1;0;0;0;0;343678,633000000380000;5698806,152000000700000;6,751804876000051;51,418884698000056;0
98384;5201022411232078140;5;7;74;32;2020;10;15;5;3;3;1;0;1;1;0;0;0;0;477906,871299999770000;5732032,070800000800000;8,680038558000035;51,738765651000051;0
98386;5201022705000776646;5;5;54;8;2020;10;11;5;3;0;3;0;1;1;0;0;0;0;336766,415000000040000;5749217,432000000000000;6,628964103000044;51,869825435000052;0
98395;5201022600110179209;5;3;14;0;2020;10;17;5;3;5;5;0;1;1;0;0;0;0;365935,439399999570000;5622571,001399999500000;7,099973896000051;50,739433633000033;0
98405;5201022506000881635;5;1;16;0;2020;10;18;5;3;4;2;2;1;1;0;0;0;0;321612,367600000460000;5667639,586799999700000;6,450323796000021;51,132398786000067;1
98407;5201022702100865796;5;5;15;0;2020;10;7;5;3;5;3;2;1;1;0;0;0;0;409071,341900000350000;5752861,267899999400000;7,677840608000054;51,919055397000079;0
98408;5201021500100473203;5;1;11;0;2020;10;19;4;3;0;1;2;1;0;0;0;0;0;346350,288999999870000;5675932,973700000000000;6,800054309000075;51,214091674000031;1
98409;5201024515000065207;5;1;54;36;2020;10;14;7;3;0;2;0;1;0;0;0;0;1;307063,831000000240000;5743578,203999999900000;6,201179681000042;51,809703026000079;1
98413;5201022515111544791;5;1;54;36;2020;10;15;5;3;5;3;0;1;0;0;0;0;0;303591,716000000010000;5742124,770999999700000;6,151701464000041;51,795442138000055;1
98415;5201022702100268200;5;5;15;0;2020;10;11;5;3;5;3;0;1;1;0;0;0;0;405515,797100000080000;5751864,493000000700000;7,626429971000050;51,909503916000062;0
98421;5201024501313381935;5;1;12;0;2020;10;10;7;3;5;3;0;1;0;0;0;0;1;343427,368400000040000;5701553,897900000200000;6,746979634000070;51,443503524000050;0
98427;5201023601610475200;5;3;15;0;2020;10;16;6;3;5;2;0;1;1;0;0;0;0;360261,834999999960000;5644964,973999999500000;7,011074931000053;50,939358603000073;1
98433;5201024605104063204;5;3;74;4;2020;10;13;7;3;0;5;0;1;1;0;0;0;0;406757,380800000390000;5653198,912699999300000;7,670506268000054;51,022777664000046;0
98439;5201022608416320206;5;3;34;16;2020;10;19;5;3;5;2;2;1;1;0;0;0;0;294155,735000000340000;5635707,097999999300000;6,076486565000039;50,836413425000046;1
98441;5201023601100386613;5;3;15;0;2020;10;8;6;3;0;1;0;1;0;0;0;0;0;354890,381500000130000;5645499,094699999300000;6,934461191000025;50,942831916000046;1
98446;5201024316500019289;5;9;74;20;2020;10;15;7;3;2;6;0;1;0;0;0;0;0;467466,169599999670000;5722114,682399999400000;8,529761785000062;51,649088279000068;0
98452;5201023702100092910;5;5;15;0;2020;10;21;6;3;0;7;2;1;0;0;0;0;0;405185,536000000310000;5759111,482999999100000;7,619631993000041;51,974586930000044;1
98453;5201022608100173739;5;3;34;2;2020;10;13;5;2;8;1;0;1;0;0;0;0;0;295242,040000000040000;5626296,906400000700000;6,097137863000057;50,752283473000034;1
98457;5201023515110592788;5;1;54;24;2020;10;14;6;3;3;2;0;1;1;0;0;0;0;312898,549599999560000;5735021,367499999700000;6,290326374000074;51,734835141000076;0
98462;5201022518200478891;5;1;70;24;2020;10;8;5;3;5;3;1;1;1;0;0;0;0;337355,553799999880000;5701073,045700000600000;6,659906322000040;51,437472500000069;0
98464;5201021316300074557;5;9;74;28;2020;10;16;4;2;0;2;0;1;1;0;0;0;0;454574,403900000270000;5726432,253799999100000;8,342876391000061;51,687013175000061;0
98465;5201022404101321710;5;7;66;64;2020;10;17;5;3;0;3;0;1;0;0;0;0;0;489277,207200000060000;5743213,768799999700000;8,844361629000048;51,839636011000039;0
98470;5201028702100555355;5;5;15;0;2020;10;18;4;3;5;2;2;1;1;0;0;0;0;403933,676300000400000;5758088,594100000300000;7,601698707000026;51,965177876000041;1
98471;5201026303100045447;5;9;15;0;2020;10;18;2;3;5;3;2;1;1;0;0;0;0;415596,385999999940000;5725173,679999999700000;7,779433342000061;51,671192933000043;0
98479;5201029303100077976;5;9;15;0;2020;10;8;5;3;0;1;0;1;0;0;0;0;0;417678,827700000260000;5726302,336500000200000;7,809274501000061;51,681648031000066;0
98482;5201027515210282341;5;1;54;12;2020;10;15;3;3;5;2;0;1;0;0;0;0;1;313897,273400000300000;5711062,080199999700000;6,317503576000036;51,519974312000045;0
98489;5201028501212578682;5;1;12;0;2020;10;13;4;3;0;3;0;1;1;0;0;0;0;340151,533999999990000;5698521,446000000500000;6,701250329000061;51,415343203000077;0
98492;5201027608100860200;5;3;34;2;2020;10;17;3;3;4;2;2;1;1;0;0;0;0;295242,880099999720000;5627878,405799999800000;6,096270157000049;50,766487718000064;0
98501;5201029400100487043;5;7;11;0;2020;10;18;5;3;0;1;2;1;0;0;0;0;0;469292,893799999730000;5765077,937100000700000;8,552349119000041;52,035470578000059;1
98507;5201027501114086716;5;1;12;0;2020;10;17;3;3;5;3;1;1;0;0;0;0;0;348456,710199999620000;5707607,558499999300000;6,816696583000066;51,499265109000078;0
98508;5201028513310086721;5;1;62;8;2020;10;16;4;3;0;7;0;1;1;0;0;0;0;330766,637900000440000;5663398,720699999500000;6,583026318000066;51,097075760000052;0
98509;5201025702100844971;5;5;15;0;2020;10;19;1;3;5;2;2;1;1;0;0;0;0;405020,444500000220000;5758079,669999999900000;7,617514714000038;51,965284406000080;1
98513;5201027502403378021;5;1;17;0;2020;10;14;3;2;1;5;0;1;1;0;0;0;0;351453,756599999960000;5701876,610600000200000;6,862252096000020;51,448565226000028;0
98514;5201028518400485941;5;1;70;8;2020;10;15;4;3;5;3;0;1;0;0;0;0;0;342256,686999999920000;5714249,585000000900000;6,724471787000027;51,557244982000043;0
98515;5201025702100097729;5;5;15;0;2020;10;10;1;2;5;3;0;1;1;0;0;0;0;407385,582000000400000;5761125,160000000100000;7,651108236000027;51,993057857000053;1
98525;5201026411232252521;5;7;74;32;2020;10;8;2;3;5;2;0;1;1;0;0;0;0;480269,804899999870000;5732848,187999999200000;8,714212719000045;51,746191737000061;1
98526;5201027500200735200;5;1;11;0;2020;10;9;3;1;4;2;0;1;0;0;0;1;0;345095,903099999760000;5680404,761700000600000;6,780174922000072;51,253933544000063;0
98532;5201027705000220733;5;5;54;40;2020;10;15;3;2;5;3;0;1;1;0;0;0;0;350179,673899999820000;5737348,836100000900000;6,828772994000076;51,766952696000033;0
98534;5201027302100975707;5;9;14;0;2020;10;13;3;3;5;3;0;1;0;0;0;1;0;397618,050800000320000;5689628,591399999300000;7,529853844000058;51,348698982000030;1
98535;5201028316300678066;5;9;74;28;2020;10;15;4;3;5;3;0;1;1;0;0;0;0;454335,802299999630000;5725520,515699999400000;8,339544323000041;51,678796520000049;0
98541;5201028701300688209;5;5;62;14;2020;10;16;4;3;5;3;0;1;1;0;0;0;0;357631,043200000190000;5713770,292700000100000;6,946287201000075;51,557028038000055;1
98542;5201025610112285856;5;3;70;8;2020;10;20;1;3;8;6;2;1;1;0;0;0;0;289939,644799999890000;5654386,982899999200000;6,005937599000049;51,002651306000075;0
98543;5201026406110631773;5;7;58;12;2020;10;11;2;2;9;1;0;1;0;0;0;0;0;480454,910600000060000;5774803,824300000400000;8,714509860000021;52,123419167000065;1
98549;5201027701110371209;5;5;62;32;2020;10;18;3;3;5;3;2;1;1;0;0;0;0;376099,967100000010000;5716452,508500000500000;7,211610764000056;51,585492972000054;0
98553;5201027514113481679;5;1;66;32;2020;10;9;3;3;5;2;0;1;1;0;0;0;0;316219,815999999640000;5686037,676999999200000;6,363907862000076;51,295958035000069;1
98558;5201026607200279301;5;3;82;56;2020;10;8;2;3;5;2;0;1;1;0;0;0;0;374546,209400000050000;5623426,313999999300000;7,221653643000025;50,749045808000062;1
98559;5201027516300276647;5;1;58;28;2020;10;20;3;3;5;2;2;1;1;0;0;0;0;349600,912299999970000;5685485,109500000300000;6,842545175000055;51,300790011000061;0
98560;5201028608332673726;5;3;34;32;2020;10;7;4;3;0;6;1;1;1;0;0;0;0;306476,813400000330000;5625750,848700000000000;6,256500146000064;50,751232493000032;1
98564;5201029405228576383;5;7;54;28;2020;10;9;5;3;5;2;0;1;0;0;0;1;0;451554,150000000370000;5742517,091000000000000;8,296946618000050;51,831373875000054;0
98565;5201026709700269049;5;5;66;28;2020;10;11;2;3;5;3;0;1;0;0;0;0;1;410817,001000000160000;5788367,857000000800000;7,693933475000051;52,238489275000063;0
98566;5201027607100765688;5;3;82;60;2020;10;11;3;3;0;3;0;1;1;0;0;0;0;373014,945899999700000;5629846,113500000900000;7,197741736000069;50,806416573000035;0
98574;5201028406230187048;5;7;58;20;2020;10;13;4;3;5;3;0;1;1;0;0;0;0;476557,095999999900000;5781474,409000000000000;8,657116043000031;52,183239902000082;1
98592;5201027601000871654;5;3;15;0;2020;10;17;3;3;8;2;2;1;1;0;0;0;0;357521,515200000260000;5644037,703900000100000;6,972459735000030;50,930354671000032;0
98596;5201026702100945931;5;5;15;0;2020;10;14;2;3;5;3;0;1;1;0;0;0;0;404929,993700000460000;5762790,784399999300000;7,614892649000069;52,007614100000069;0
98606;5201026515110022284;5;1;54;36;2020;10;14;2;3;0;5;0;1;0;0;0;0;1;301652,423299999910000;5740309,079500000900000;6,124653721000072;51,778453093000053;0
98608;5201027711151881965;5;5;70;32;2020;10;6;3;2;0;2;2;1;0;0;0;1;0;420653,889600000340000;5767673,541899999600000;7,842791368000064;52,053976155000043;1
98611;5201027518200644876;5;1;70;24;2020;10;17;3;3;8;1;0;1;1;0;0;0;0;336693,712000000290000;5699928,150200000000000;6,650920333000045;51,426996066000072;0
98614;5201026404302221336;5;7;66;8;2020;10;7;2;3;5;2;0;1;0;0;0;1;0;478224,480600000360000;5768256,063200000700000;8,682349420000037;52,064466998000057;0
98619;5201026711214181052;5;5;70;4;2020;10;6;2;2;1;5;2;1;0;0;0;1;0;422792,933799999770000;5733388,405999999500000;7,881661062000035;51,746076004000031;1
98623;5201029500100466209;5;1;11;0;2020;10;15;5;3;6;4;0;1;0;1;0;0;0;346881,865299999710000;5675333,976199999500000;6,807915083000069;51,208852113000034;1
98635;5201028500200987319;5;1;11;0;2020;10;10;4;3;4;6;0;1;0;0;0;0;0;345088,351400000040000;5680630,001399999500000;6,779969277000021;51,255955350000079;0
98636;5201026514110300597;5;1;66;32;2020;10;17;2;2;5;3;2;1;1;0;0;0;0;319396,609000000170000;5678260,548000000400000;6,413351185000067;51,227113228000064;1
98638;5201026706300676677;5;5;58;28;2020;10;12;2;3;7;7;0;1;1;0;0;0;0;399388,469800000080000;5729592,352700000600000;7,543850371000076;51,708241451000049;0
98641;5201025405244054205;5;7;54;44;2020;10;16;1;2;5;3;0;1;1;0;0;0;0;467614,560200000180000;5747405,691700000300000;8,529548997000063;51,876488849000054;1
98642;5201027608200863207;5;3;34;2;2020;10;15;3;3;5;2;0;1;1;0;0;0;0;295735,106399999930000;5628748,140699999400000;6,102758177000055;50,774472593000041;0
98644;5201025404301787176;5;7;66;44;2020;10;13;1;2;5;2;0;1;1;0;0;0;0;494000,630800000390000;5763959,895800000100000;8,912558892000050;52,026236228000073;1
98645;5201026601110385202;5;3;15;0;2020;10;12;2;2;6;4;0;1;0;1;0;0;0;355188,264999999660000;5644779,295499999100000;6,938984533000053;50,936438141000053;0
98646;5201027513330414211;5;1;62;12;2020;10;12;3;3;6;4;0;1;0;1;0;0;0;325529,574500000100000;5663876,628900000800000;6,508074801000021;51,099799814000050;0
98652;5201029400200887205;5;7;11;0;2020;10;14;5;3;2;6;0;1;0;0;0;0;0;467583,137000000100000;5763561,509999999800000;8,527568720000033;52,021739652000065;0
98658;5201027501317661200;5;1;12;0;2020;10;11;3;2;5;3;0;1;1;0;0;0;0;344665,017400000240000;5699425,030500000300000;6,765708057000040;51,424716457000045;1
98660;5201025307000999982;5;9;62;28;2020;10;10;1;3;5;3;0;1;1;0;0;0;0;402895,031700000170000;5664719,274900000500000;7,612357573000054;51,125703430000044;1
98661;5201029502106178736;5;1;13;0;2020;10;20;5;3;5;2;2;1;1;0;0;0;0;363392,587799999860000;5701654,855299999900000;7,034037472000023;51,449578446000032;1
98666;5201025302100962527;5;9;14;0;2020;10;12;1;3;0;3;0;1;1;0;0;0;0;391817,913999999870000;5694030,882899999600000;7,445259453000062;51,387194948000058;1