OBJECTID;UIDENTSTLAE;ULAND;UREGBEZ;UKREIS;UGEMEINDE;UJAHR;UMONAT;USTUNDE;UWOCHENTAG;UKATEGORIE;UART;UTYP1;ULICHTVERH;IstRad;IstPKW;IstFuss;IstKrad;IstGkfz;IstSonstige;LINREFX;LINREFY;XGCSWGS84;YGCSWGS84;STRZUSTAND
98671;5201026701930748785;5;5;62;36;2020;10;11;2;2;5;2;0;1;1;0;0;0;0;389280,864099999890000;5720234,742200000200000;7,400586838000038;51,622232013000030;0
98672;5201027601400776506;5;3;15;0;2020;10;11;3;3;0;1;0;1;0;0;0;0;0;356634,178000000310000;5647156,754400000000000;6,958613313000058;50,958165330000043;0
98675;5201026400100776182;5;7;11;0;2020;10;0;2;2;0;1;2;1;0;0;0;0;0;472056,915900000370000;5767028,784600000800000;8,592482627000038;52,053156174000037;1
98676;5201027500200756201;5;1;11;0;2020;10;10;3;3;1;3;0;1;1;0;0;0;0;344623,562400000170000;5688101,938600000000000;6,770062822000057;51,322966083000040;0
98685;5201026607500274876;5;3;82;56;2020;10;7;2;3;5;3;0;1;1;0;0;0;0;373984,788300000130000;5625956,793700000300000;7,212833044000035;50,771669410000072;1
98694;5201026317250784978;5;9;78;32;2020;10;13;2;3;2;6;0;1;0;0;0;0;0;394046,015100000430000;5728167,061799999300000;7,466991253000060;51,694447165000042;0
98695;5201027406110082094;5;7;58;16;2020;10;18;3;3;5;3;2;1;1;0;0;0;0;477406,308799999770000;5778743,444599999100000;8,669718559000046;52,158722480000051;0
98700;5201027702100142799;5;5;15;0;2020;10;11;3;3;5;3;0;1;1;0;0;0;0;408586,706399999560000;5753612,234200000800000;7,670596333000049;51,925726223000026;0
98703;5201026601700087648;5;3;16;0;2020;10;15;2;3;6;3;0;1;0;1;0;0;0;359329,868700000460000;5656745,699799999600000;6,993256309000060;51,045005432000039;0
98707;5201027316300075008;5;9;74;28;2020;10;16;3;3;4;6;0;1;0;0;0;0;0;457043,431300000290000;5724812,037599999500000;8,378790212000070;51,672640284000067;0
98709;5201026501323985868;5;1;12;0;2020;10;16;2;3;0;1;0;1;0;0;0;0;0;344055,812199999580000;5694572,345799999300000;6,759085561000063;51,380947859000059;1
98725;5201029400100203946;5;7;11;0;2020;10;13;5;3;5;3;0;1;1;0;0;0;0;469281,400000000370000;5765285,778999999200000;8,552162896000027;52,037338570000031;0
98726;5201026702100965812;5;5;15;0;2020;10;18;2;3;0;3;2;1;1;0;0;0;0;411439,281000000420000;5752600,168700000300000;7,712329554000064;51,917090079000047;0
98727;5201027602300043202;5;3;62;36;2020;10;7;3;3;0;7;0;1;0;0;0;0;0;346202,983500000090000;5653434,552400000400000;6,807538821000037;51,011887797000043;1
98735;5201027502322616543;5;1;13;0;2020;10;11;3;3;1;5;0;1;0;0;0;0;1;359937,621000000280000;5704780,416999999400000;6,983110365000073;51,476821398000027;0
98740;5201028317230732202;5;9;78;8;2020;10;16;4;2;0;1;0;1;0;0;0;0;0;415296,010300000200000;5715423,018899999600000;7,777449222000030;51,583494360000032;0
98745;5201027601300984966;5;3;15;0;2020;10;8;3;2;0;7;0;1;0;1;0;0;0;354908,474299999890000;5645483,564099999100000;6,934724737000067;50,942696899000055;0
98749;5201027411216557339;5;7;74;16;2020;10;11;3;2;5;3;0;1;1;0;0;0;0;469190,666299999690000;5711824,477700000600000;8,555590642000027;51,556663137000044;0
98753;5201028513130478839;5;1;62;22;2020;10;19;4;3;0;1;2;1;0;0;0;0;0;340006,553100000140000;5685514,486400000800000;6,705017154000075;51,298438544000078;1
98756;5201028316100765884;5;9;74;24;2020;10;16;4;1;5;3;0;1;0;0;0;1;0;440838,933600000110000;5723977,035900000500000;8,144617066000023;51,663660300000060;0
98762;5201028701110703208;5;5;62;32;2020;10;17;4;3;4;6;1;1;0;0;0;0;0;373985,194000000130000;5719166,349999999600000;7,180127442000071;51,609413438000047;0
98766;5201028501311948207;5;1;12;0;2020;10;19;4;3;6;4;2;1;0;1;0;0;0;344218,255099999720000;5700670,854599999300000;6,758739357000025;51,435787511000058;1
98772;5201026601510061208;5;3;15;0;2020;10;7;2;3;5;2;0;1;1;0;0;0;0;363012,808899999600000;5648406,574999999300000;7,048910436000028;50,970949605000044;1
98774;5201027301101138203;5;9;13;0;2020;10;11;3;3;5;3;0;1;1;0;0;0;0;393629,158800000320000;5706704,593599999300000;7,467470477000063;51,501456281000060;0
98781;5201027516210148205;5;1;58;12;2020;10;15;3;2;0;1;0;1;0;0;0;0;0;360358,756799999620000;5688443,457599999400000;6,995601214000033;51,330115845000080;0
98786;5201029405108506345;5;7;54;8;2020;10;15;5;3;4;6;0;1;0;0;0;0;0;457567,502799999900000;5750771,532900000000000;8,383193098000049;51,906075798000074;0
98793;5201024702100510903;5;5;15;0;2020;10;23;7;2;0;1;2;1;0;0;0;0;0;405517,006799999620000;5756532,892799999600000;7,625165647000074;51,951465925000036;0
98798;5201027316100959208;5;9;74;40;2020;10;11;3;3;3;2;0;1;1;0;0;0;0;436911,794999999930000;5713017,785000000100000;8,089816817000042;51,564704894000045;0
98799;5201028500100084946;5;1;11;0;2020;10;17;4;3;0;4;1;1;0;1;0;0;0;344418,983500000090000;5677972,734699999900000;6,771539028000063;51,231896734000031;0
98801;5201026705000381625;5;5;54;48;2020;10;15;2;3;9;2;0;1;0;0;0;0;0;340439,513000000270000;5745404,460999999200000;6,684029776000045;51,836633031000076;0
98804;5201024701700591202;5;5;62;16;2020;10;13;7;3;0;7;0;1;0;0;0;0;0;369848,177099999970000;5731369,691199999300000;7,115871069000036;51,718139160000078;1
98814;5201027314110278248;5;9;66;24;2020;10;16;3;3;0;6;0;1;0;1;0;0;0;418916,184600000270000;5653382,882400000500000;7,843790012000056;51,026275296000051;0
98817;5201026702100397729;5;5;15;0;2020;10;16;2;3;4;6;1;1;0;0;0;0;1;406198,854399999600000;5761403,956800000700000;7,633753019000039;51,995364622000068;1
98820;5201024609128419495;5;3;58;28;2020;10;15;7;3;3;6;0;1;1;0;0;0;0;318334,980999999680000;5621200,223600000100000;6,426663974000064;50,714182477000065;0
98822;5201027500200870201;5;1;11;0;2020;10;16;3;3;5;3;0;1;1;0;0;0;0;343399,814500000330000;5689866,071200000100000;6,751738808000027;51,338481353000077;0
98834;5201024607200090855;5;3;82;20;2020;10;10;7;3;2;6;0;1;1;0;0;0;0;378907,676599999890000;5626303,082599999400000;7,282502016000024;50,775830779000046;1
98835;5201027404101670345;5;7;66;20;2020;10;11;3;3;5;2;0;1;1;0;0;0;0;484818,890399999920000;5753722,834799999400000;8,779188314000066;51,934020298000064;0
98836;5201031410220040196;5;7;70;8;2020;10;17;7;2;8;1;2;1;0;0;0;0;0;472437,577999999750000;5803789,837200000900000;8,595039206000024;52,383671824000032;1
98840;5201031516200885440;5;1;58;12;2020;10;14;7;3;5;3;0;1;1;0;0;0;0;356912,716000000010000;5689439,280999999500000;6,945770706000076;51,338207902000079;0
98841;5201031410110640164;5;7;70;24;2020;10;13;7;3;5;3;0;1;1;0;0;0;0;491567,441800000150000;5793726,481499999800000;8,876355738000029;52,293826784000032;0
98842;5201101709300174736;5;5;66;84;2020;11;14;1;2;5;3;0;1;0;0;0;0;0;386302,648699999790000;5778353,844799999100000;7,338431531000026;52,143977721000056;1
98851;5201031405236787107;5;7;54;36;2020;10;19;7;3;0;1;2;1;0;0;0;0;0;473175,044599999670000;5750905,388900000600000;8,610049564000065;51,908249543000068;0
98857;5201031602250634202;5;3;62;16;2020;10;12;7;2;4;3;0;1;1;0;0;0;0;333825,427000000140000;5642755,573999999100000;6,636121680000031;50,912495747000037;0
98858;5201031400200490664;5;7;11;0;2020;10;22;7;3;0;1;2;1;0;0;0;0;0;468120,217799999750000;5762601,091800000500000;8,535485095000070;52,013136006000082;1
98867;5201031316200537302;5;9;74;48;2020;10;12;7;3;5;3;0;1;1;0;0;0;0;427956,375099999830000;5719541,788300000100000;7,959297496000033;51,622283309000068;0
98869;5201102303100810724;5;9;15;0;2020;11;6;2;3;0;2;2;1;0;0;0;0;1;412928,730999999680000;5724145,708000000600000;7,741122254000061;51,661545044000036;1
98874;5201029702100768200;5;5;15;0;2020;10;16;5;2;0;1;0;1;0;0;0;0;0;403859,326000000350000;5754777,892000000900000;7,601542949000077;51,935407265000038;0
98879;5201029702100265912;5;5;15;0;2020;10;18;5;3;5;3;2;1;1;0;0;0;0;403926,357900000180000;5759360,175799999400000;7,601236339000025;51,976605997000036;1
98881;5201031313240613651;5;9;58;40;2020;10;16;7;3;4;2;0;1;1;0;0;0;0;452886,441999999810000;5666267,501100000000000;8,326457794000021;51,145919076000041;0
98886;5201029701500996208;5;5;62;24;2020;10;18;5;3;0;1;2;1;0;0;0;0;0;367625,935899999920000;5723691,261900000300000;7,086631988000022;51,648617490000049;1
98887;5201102301501691202;5;9;13;0;2020;11;18;2;3;5;2;2;1;1;0;0;0;0;390073,243400000040000;5706889,330399999400000;7,416202047000070;51,502436332000059;1
98896;5201101310110086850;5;9;54;16;2020;11;11;1;3;5;3;0;1;0;0;0;0;0;374527,521200000310000;5693225,646199999400000;7,197177808000049;51,376398691000077;0
98907;5201102700200347205;5;5;13;0;2020;11;9;2;3;5;3;0;1;1;0;0;0;0;364479,763899999670000;5713341,675400000100000;7,045183679000047;51,554863265000051;0
98912;5201031302000580535;5;9;14;0;2020;10;11;7;2;9;1;0;1;0;0;0;0;0;395126,497000000440000;5693856,711100000900000;7,492842294000070;51,386250441000072;0
98918;5201031300813001841;5;9;54;36;2020;10;11;7;3;5;2;0;1;1;0;0;0;0;385321,644199999980000;5700039,261600000800000;7,349995149000051;51,439923518000057;1
98920;5201102602500485536;5;3;62;24;2020;11;15;2;3;4;3;0;1;0;0;0;0;0;345912,197200000290000;5642401,060599999500000;6,808069196000076;50,912663475000045;0
98923;5201031300613078308;5;9;16;0;2020;10;8;7;3;5;3;0;1;1;0;0;0;0;374141,423499999570000;5710827,617399999900000;7,185369711000021;51,534507395000048;1
98929;5201029608404980756;5;3;34;4;2020;10;9;5;3;5;2;0;1;0;0;0;0;1;303139,063799999650000;5637816,017300000400000;6,202773278000052;50,858480901000064;0
98932;5201029608100981689;5;3;34;2;2020;10;12;5;3;0;3;0;1;1;0;0;0;0;295155,117999999780000;5627915,327999999700000;6,095006727000055;50,766788352000049;1
98945;5201029607400986629;5;3;82;68;2020;10;10;5;3;2;6;0;1;1;0;0;0;0;366767,675499999900000;5630863,517999999200000;7,108757249000064;50,814157892000026;0
98956;5201030709110676669;5;5;66;12;2020;10;5;6;2;5;3;2;1;1;0;0;0;0;403307,431099999700000;5772189,718499999500000;7,588601055000027;52,091812918000073;1
98958;5201029607100581238;5;3;82;60;2020;10;15;5;3;5;2;0;1;1;0;0;0;0;373676,145600000400000;5628171,727199999600000;7,207696970000029;50,791511063000030;1
98962;5201029606100981470;5;3;78;12;2020;10;16;5;2;5;3;2;1;1;0;0;0;0;374142,042799999940000;5652443,163899999100000;7,205937251000023;51,009770441000057;1
98966;5201030705000374468;5;5;54;8;2020;10;10;6;2;5;3;0;1;1;0;0;0;0;333493,122499999590000;5745506,740299999700000;6,583250678000070;51,835524313000064;0
98967;5201030705000179154;5;5;54;64;2020;10;6;6;3;5;3;1;1;1;0;0;0;0;361574,764200000090000;5751219,926200000600000;6,988251179000031;51,894527236000044;1
98968;5201102515211276755;5;1;54;16;2020;11;16;2;3;5;3;0;1;1;0;0;0;0;302748,651999999770000;5729031,028000000900000;6,146912117000056;51,677561362000063;1
98971;5201029605108540736;5;3;74;8;2020;10;16;5;3;0;7;0;1;1;0;0;0;0;386960,190799999980000;5649611,290300000500000;7,389455647000034;50,986977083000056;1
98981;5201030701610064202;5;5;62;12;2020;10;7;6;3;5;3;1;1;1;0;0;0;0;361127,468000000340000;5726448,574999999300000;6,991666732000056;51,671827140000062;1
98984;5201102608416869628;5;3;34;16;2020;11;7;2;3;0;2;1;1;1;0;0;0;0;294480,827100000340000;5637968,302500000200000;6,079828692000035;50,856836940000051;0
98989;5201102513210071974;5;1;62;24;2020;11;17;2;2;5;2;2;1;1;0;0;0;0;338148,640200000260000;5674915,461500000200000;6,683183045000021;51,202683941000032;1
98992;5201029603228355209;5;3;66;28;2020;10;5;5;3;0;1;2;1;0;0;0;0;0;333326,685200000180000;5606991,380500000000000;6,645220165000069;50,591002416000038;1
98994;5201101301103487034;5;9;13;0;2020;11;15;1;3;5;2;0;1;1;0;0;0;0;391604,758999999610000;5704560,884999999800000;7,438974001000076;51,481803148000040;1
98997;5201031601700486552;5;3;16;0;2020;10;17;7;3;4;2;1;1;1;0;0;0;0;363576,283699999560000;5655657,668099999400000;7,054205768000031;51,036251175000075;0
98999;5201102601600384991;5;3;15;0;2020;11;13;2;3;3;2;0;1;1;0;0;0;0;362102,125400000250000;5644279,321200000100000;7,037511142000028;50,933639466000045;0
99004;5201031606700880863;5;3;78;8;2020;10;12;7;3;0;1;0;1;0;0;0;0;0;368963,110500000420000;5660876,592000000200000;7,129102540000076;51,084410497000079;1
99008;5201030606100686365;5;3;78;4;2020;10;19;6;2;5;3;1;1;1;0;0;0;0;367569,724000000390000;5646921,168199999300000;7,114316426000073;50,958665045000032;1
99016;5201102313110786417;5;9;58;4;2020;11;7;2;3;2;6;2;1;1;0;0;0;0;427800,337299999780000;5697551,592599999200000;7,961550770000031;51,424566898000080;1
99023;5201029601400790361;5;3;15;0;2020;10;15;5;3;0;1;0;1;0;0;0;0;0;356507,733400000260000;5651916,733500000100000;6,954935057000057;51,000910855000029;1
99030;5201030601500186356;5;3;15;0;2020;10;15;6;3;0;2;0;1;1;0;0;0;0;364586,493599999700000;5649245,937200000500000;7,070997932000068;50,978865453000026;0
99033;5201102303200106667;5;9;15;0;2020;11;16;2;3;3;2;0;1;1;0;0;0;0;415522,514299999920000;5727177,267599999900000;7,777880513000071;51,689192887000047;0
99035;5201030601300590341;5;3;15;0;2020;10;20;6;3;1;2;2;1;0;0;0;0;1;353755,516300000250000;5646258,595699999500000;6,918013514000052;50,949370538000039;0
99047;5201102700200366208;5;5;13;0;2020;11;11;2;3;0;7;0;1;0;0;0;0;0;365045,704800000410000;5716369,885500000800000;7,052179057000046;51,582211715000028;0
99058;5201102405228674499;5;7;54;28;2020;11;6;2;3;7;7;2;1;0;0;0;0;0;451512,838700000200000;5745108,342399999500000;8,295983833000037;51,854666990000055;1
99068;5201030506100382319;5;1;16;0;2020;10;6;6;2;5;2;2;1;1;0;0;0;0;320881,247999999670000;5677780,733999999200000;6,434831384000063;51,223270794000030;1
99074;5201030505100476201;5;1;14;0;2020;10;12;6;2;3;2;0;1;0;0;0;1;0;336962,171000000090000;5690470,815999999600000;6,659119809000060;51,342105067000034;1
99075;5201030505100376012;5;1;14;0;2020;10;18;6;3;5;7;2;1;1;0;0;0;0;331838,679100000300000;5688165,186400000000000;6,586714524000058;51,319898822000027;0
99076;5201102515110085927;5;1;54;36;2020;11;17;2;3;5;3;1;1;1;0;0;0;0;295821,687300000340000;5740252,769200000900000;6,040281453000034;51,775851120000027;1
99080;5201102404101474621;5;7;66;20;2020;11;13;2;3;3;2;0;1;1;0;0;0;0;491469,580299999560000;5753639,012199999800000;8,875925409000047;51,933408338000049;0
99090;5201029516710511207;5;1;58;8;2020;10;12;5;3;2;2;0;1;0;0;0;0;1;359633,838800000030000;5672357,234500000300000;6,991514265000035;51,185377658000050;0
99091;5201102502322987085;5;1;13;0;2020;11;15;2;3;5;7;0;1;0;0;0;0;1;359111,298000000420000;5704580,248999999800000;6,971299187000057;51,474817478000034;0
99104;5201030501136572139;5;1;12;0;2020;10;9;6;3;5;2;0;1;1;0;0;0;0;345113,049999999810000;5710451,035000000100000;6,767313802000047;51,523907158000043;1
99108;5201030501122579056;5;1;12;0;2020;10;10;6;3;3;6;0;1;1;0;0;0;0;342592,725999999790000;5705573,362999999900000;6,733190219000051;51,479386080000040;1
99110;5201102501136976372;5;1;12;0;2020;11;13;2;3;3;2;0;1;1;0;0;0;0;343292,405000000260000;5709837,642999999200000;6,741363902000046;51,517893797000056;0
99111;5201101518300065222;5;1;70;20;2020;11;2;1;2;0;2;2;1;0;0;0;0;0;329349,262000000100000;5709765,410000000100000;6,540626529000065;51,513205373000062;1
99114;5201029515110956537;5;1;54;36;2020;10;17;5;3;5;2;0;1;0;0;0;0;1;304464,076700000090000;5743082,560200000200000;6,163795567000022;51,804348919000063;1
99116;5201031706200914206;5;5;58;12;2020;10;13;7;3;5;3;0;1;1;0;0;0;0;377453,370699999850000;5752225,341399999300000;7,218530964000024;51,907280402000026;1
99118;5201102600120837204;5;3;82;24;2020;11;10;2;2;5;2;0;1;1;0;0;0;0;374251,783099999650000;5621239,239800000600000;7,218228549000060;50,729323479000072;0
99120;5201030500300074082;5;1;11;0;2020;10;6;6;3;5;3;2;1;1;0;0;0;0;348935,677799999710000;5674026,088400000700000;6,837846007000053;51,197646640000073;1
99131;5201031701500394201;5;5;62;24;2020;10;14;7;3;5;3;0;1;1;0;0;0;0;370401,600899999960000;5726702,059399999700000;7,125612330000024;51,676321155000039;0
99141;5201031500300829200;5;1;11;0;2020;10;14;7;3;5;2;0;1;1;0;0;0;0;344612,240000000220000;5674512,555999999900000;6,775804201000028;51,200858368000070;0
99145;5201101400300372221;5;7;11;0;2020;11;9;1;2;5;3;0;1;1;0;0;0;0;466325,178100000140000;5754551,231799999300000;8,510120884000060;51,940656387000047;0
99152;5201030317110818804;5;9;78;36;2020;10;8;6;3;5;3;0;1;1;0;0;0;0;409287,247000000440000;5710790,343599999300000;7,691942559000040;51,540914713000063;1
99156;5201030315110580794;5;9;70;40;2020;10;12;6;3;3;2;0;1;1;0;0;0;0;431717,717299999670000;5637324,973899999600000;8,029314648000025;50,883557644000064;1
99157;5201029513130685054;5;1;62;22;2020;10;8;5;3;5;3;0;1;1;0;0;0;0;338268,649400000460000;5681005,909499999100000;6,682150546000059;51,257439316000045;0
99158;5201102400100574552;5;7;11;0;2020;11;19;2;3;4;3;2;1;1;0;0;0;0;463191,206100000070000;5765679,682600000900000;8,463337272000047;52,040509089000068;0
99160;5201031500200858204;5;1;11;0;2020;10;18;7;3;5;3;2;1;1;0;0;0;0;347072,852199999620000;5677749,924499999700000;6,809616699000060;51,230611995000061;0
99163;5201102601620281728;5;3;15;0;2020;11;10;2;3;3;5;0;1;1;0;0;0;0;359891,362300000150000;5644870,139699999200000;7,005841788000055;50,938416414000073;0
99165;5201030307000619504;5;9;62;48;2020;10;11;6;3;5;3;0;1;1;0;0;0;0;416882,387000000100000;5682162,085000000900000;7,808147704000021;51,284719135000046;1
99167;5201102502136777651;5;1;13;0;2020;11;16;2;3;0;3;1;1;1;0;0;0;0;364375,249699999580000;5702691,250800000500000;7,047773054000061;51,459128301000078;1
99169;5201030302120079581;5;9;14;0;2020;10;12;6;3;5;3;0;1;1;0;0;0;0;390429,613300000320000;5689201,649299999700000;7,426803852000035;51,343520839000064;1
99172;5201029506100075207;5;1;16;0;2020;10;16;5;3;0;3;0;1;1;0;0;0;0;323661,834099999630000;5669647,046399999400000;6,478603205000070;51,151067609000052;1
99178;5201030301201728207;5;9;13;0;2020;10;17;6;3;5;2;2;1;1;0;0;0;0;393974,537999999710000;5709565,748999999800000;7,471583967000072;51,527238688000068;0
99185;5201030300310973203;5;9;11;0;2020;10;18;6;3;5;2;2;1;1;0;0;0;0;381753,870299999600000;5703098,456299999700000;7,297662973000058;51,466685497000071;1
99188;5201102501115608615;5;1;12;0;2020;11;13;2;3;0;7;0;1;1;0;0;0;0;346457,169900000100000;5706382,641799999400000;6,788444770000069;51,487719619000075;0
99197;5201031711000553624;5;5;70;36;2020;10;15;7;3;0;2;0;1;1;0;0;0;0;434191,351900000130000;5760181,643799999700000;8,041633511000043;51,988399650000076;1
99203;5201102411132581990;5;7;74;32;2020;11;19;2;2;5;2;2;1;1;0;0;0;0;484658,819000000130000;5728351,381400000300000;8,777984120000042;51,705896926000037;1
99208;5201031701400404204;5;5;12;0;2020;10;12;7;3;5;3;0;1;1;0;0;0;0;357133,112999999900000;5722020,482000000800000;6,935750315000064;51,631036304000077;0
99209;5201102701200485372;5;5;62;20;2020;11;5;2;3;3;2;2;1;1;0;0;0;0;373561,076999999580000;5713313,762000000100000;7,176113438000073;51,556720945000052;1
99214;5201029709300187315;5;5;66;84;2020;10;13;5;3;0;7;0;1;1;0;0;0;0;385548,267400000240000;5777975,930199999400000;7,327539362000039;52,140425648000075;0
99224;5201031516710791209;5;1;58;8;2020;10;16;7;3;0;1;0;1;0;0;0;0;0;358535,342199999840000;5673986,085500000000000;6,975164773000074;51,199744661000068;1
99225;5201031609108324256;5;3;58;8;2020;10;13;7;3;5;3;0;1;1;0;0;0;0;321545,983900000340000;5629455,095899999100000;6,468100959000026;50,789339791000032;0
99228;5201031516310776202;5;1;58;28;2020;10;11;7;3;0;1;0;1;0;0;0;0;0;348817,550300000240000;5687904,613700000600000;6,830290970000021;51,322323139000048;0
99229;5201029706100564168;5;5;58;16;2020;10;15;5;3;0;7;0;1;0;0;0;0;0;381563,553999999540000;5743828,468000000300000;7,281131424000023;51,832705860000033;0
99241;5201103600380809209;5;3;14;0;2020;11;7;3;3;5;2;0;1;1;0;0;0;0;369205,423999999650000;5616107,244999999200000;7,148582051000062;50,682081547000053;0
99243;5201105701400836206;5;5;12;0;2020;11;12;5;3;5;3;0;1;1;0;0;0;0;356581,526700000280000;5711541,242200000200000;6,932066796000072;51,536732405000066;0
99247;5201107400100372265;5;7;11;0;2020;11;12;7;3;3;2;0;1;1;0;0;0;0;470495,922000000250000;5765503,973999999500000;8,569849662000024;52,039366245000053;0
99248;5201105516800386394;5;1;58;20;2020;11;11;5;3;0;3;0;1;1;0;0;0;0;357714,037399999800000;5664823,269999999600000;6,967040646000044;51,117198340000073;0
99249;5201105301301775201;5;9;78;24;2020;11;16;5;3;5;3;0;1;1;0;0;0;0;399035,241700000130000;5716403,688200000700000;7,542547153000044;51,589630642000031;0
99250;5201106502403985687;5;1;17;0;2020;11;13;6;3;5;3;0;1;1;0;0;0;0;351665,474999999630000;5701881,115000000200000;6,865294799000026;51,448661197000035;0
99259;5201106701700185012;5;5;62;16;2020;11;14;6;3;5;3;0;1;1;0;0;0;0;376129,230600000360000;5735287,654500000200000;7,205354175000025;51,754772131000038;0
99266;5201106500200187319;5;1;11;0;2020;11;14;6;3;5;2;0;1;0;0;0;1;0;346847,782300000080000;5676443,578600000600000;6,806953712000052;51,218813394000051;0
99268;5201107313121541379;5;9;58;32;2020;11;14;7;3;0;7;0;1;0;0;0;0;0;442102,655000000260000;5687980,448000000800000;8,168795450000062;51,340154856000026;0
99272;5201104601200890257;5;3;15;0;2020;11;13;4;2;0;3;0;1;0;0;0;0;1;353008,258999999610000;5644610,521999999900000;6,908047887000066;50,934369908000065;0
99275;5201104500100069712;5;1;11;0;2020;11;8;4;3;5;6;0;1;0;0;0;0;0;346690,001400000420000;5676254,978399999400000;6,804776800000070;51,217076371000076;0
99281;5201106601300990215;5;3;15;0;2020;11;13;6;3;0;7;0;1;0;0;0;0;0;354070,735999999570000;5646929,110999999600000;6,922229163000054;50,955476117000046;0
99282;5201103701930056202;5;5;62;36;2020;11;13;3;3;5;2;0;1;1;0;0;0;0;388038,874400000090000;5720162,756899999500000;7,382676115000038;51,621339293000062;0
99283;5201104702100770553;5;5;15;0;2020;11;10;4;3;5;2;0;1;1;0;0;0;0;405629,323900000190000;5758065,498199999300000;7,626378457000044;51,965260721000050;0
99284;5201106405244506702;5;7;54;44;2020;11;22;6;2;5;3;2;1;1;0;0;0;0;469498,331000000240000;5745717,486300000900000;8,557062038000026;51,861416600000041;0
99287;5201103600350945209;5;3;82;32;2020;11;13;3;3;0;1;0;1;0;0;0;0;0;359944,866399999710000;5610324,888000000300000;7,019765341000039;50,627956581000035;0
99297;5201107500100421206;5;1;11;0;2020;11;12;7;3;5;3;0;1;0;0;0;0;0;346066,206100000070000;5675598,976199999500000;6,796133391000069;51,211014028000079;0
99311;5201105601100386373;5;3;15;0;2020;11;16;5;3;3;5;1;1;1;0;0;0;0;355978,000000000000000;5646063,382300000600000;6,949708933000068;50,948175778000063;0
99313;5201106503300081930;5;1;20;0;2020;11;7;6;3;5;2;1;1;1;0;0;0;0;375067,135099999610000;5671077,042600000300000;7,212670613000057;51,177453271000047;0
99314;5201103500100562175;5;1;11;0;2020;11;15;3;3;5;3;0;1;1;0;0;0;0;346811,479700000030000;5676386,953700000400000;6,806458482000039;51,218294848000028;0
99315;5201107410130639375;5;7;70;28;2020;11;13;7;3;7;7;0;1;0;0;0;0;1;504363,703800000250000;5814976,114199999700000;9,064260666000052;52,484915937000039;0
99327;5201106706100349804;5;5;58;16;2020;11;14;6;3;5;3;0;1;1;0;0;0;0;380909,344800000080000;5745000,164699999600000;7,271238193000045;51,843096930000058;0
99329;5201104301404284203;5;9;13;0;2020;11;12;4;3;3;2;0;1;1;0;0;0;0;395612,458599999550000;5705804,078299999200000;7,496300457000075;51,493731671000035;0
99330;5201107316300078066;5;9;74;28;2020;11;16;7;3;4;2;0;1;0;0;0;0;0;457780,503999999720000;5721367,471999999100000;8,389864649000060;51,641726165000080;0
99335;5201104601510310204;5;3;15;0;2020;11;14;4;2;4;1;0;1;1;0;0;0;0;360458,838100000280000;5647586,524199999900000;7,012872356000059;50,962966615000028;0
99339;5201103410120039382;5;7;70;32;2020;11;15;3;3;5;3;0;1;0;0;0;0;1;501548,394299999810000;5787868,493200000400000;9,022676818000036;52,241222798000081;0
99341;5201105607200025459;5;3;82;20;2020;11;11;5;3;5;3;0;1;1;0;0;0;0;378107,848399999550000;5625943,264200000100000;7,271282506000034;50,772428907000062;0
99342;5201104602500025963;5;3;62;24;2020;11;10;4;3;5;2;0;1;1;0;0;0;0;346986,704499999990000;5643642,709400000100000;6,822821609000073;50,924106947000041;0
99344;5201106307000999979;5;9;62;36;2020;11;14;6;3;5;3;0;1;1;0;0;0;0;405523,479700000030000;5661873,451700000100000;7,650652517000026;51,100559555000075;0
99346;5201103406210590740;5;7;58;4;2020;11;10;3;2;5;3;0;1;1;0;0;0;0;471793,538099999540000;5782670,794099999600000;8,587344837000046;52,193772886000033;0
99347;5201107516360778203;5;1;58;28;2020;11;11;7;2;3;6;0;1;0;0;0;0;1;353641,158400000070000;5689475,829600000800000;6,898821176000070;51,337703531000045;0
99351;5201106602250269625;5;3;62;16;2020;11;15;6;2;0;7;0;1;0;0;0;0;0;328178,740899999630000;5648181,723099999100000;6,553314645000057;50,959593254000026;0
99357;5201104600140047202;5;3;14;0;2020;11;13;4;3;5;3;0;1;1;0;0;0;0;369726,879999999890000;5620537,077999999700000;7,154396494000025;50,722015173000045;0
99358;5201103405236106409;5;7;54;36;2020;11;7;3;3;4;6;1;1;0;0;0;0;0;474862,928000000310000;5750195,574999999300000;8,634637303000034;51,901946393000060;0
99363;5201105606100286389;5;3;78;20;2020;11;11;5;3;5;2;0;1;1;0;0;0;0;368412,513399999590000;5653394,788300000100000;7,123965395000028;51,017041079000080;0
99364;5201106606100569887;5;3;78;4;2020;11;14;6;3;0;5;0;1;1;0;0;0;0;365320,627700000070000;5653229,544399999100000;7,079972109000039;51,014840122000066;0
99365;5201105400200287623;5;7;11;0;2020;11;12;5;3;2;2;0;1;1;0;0;0;0;470068,718799999920000;5761488,590299999300000;8,563972674000070;52,003242375000070;0
99369;5201106701110072201;5;5;62;32;2020;11;11;6;3;5;2;0;1;1;0;0;0;0;375262,622000000440000;5720961,606000000600000;7,197926759000040;51,625832033000052;0