OBJECTID;UIDENTSTLAE;ULAND;UREGBEZ;UKREIS;UGEMEINDE;UJAHR;UMONAT;USTUNDE;UWOCHENTAG;UKATEGORIE;UART;UTYP1;ULICHTVERH;IstRad;IstPKW;IstFuss;IstKrad;IstGkfz;IstSonstige;LINREFX;LINREFY;XGCSWGS84;YGCSWGS84;STRZUSTAND
99370;5201105406220578202;5;7;58;24;2020;11;15;5;3;5;2;0;1;1;0;0;0;0;483497,936999999920000;5783049,909000000000000;8,758557265000036;52,197655911000027;0
99383;5201105602100985756;5;3;62;8;2020;11;15;5;3;5;3;0;1;1;0;0;0;0;333187,026999999770000;5647065,259999999800000;6,625076313000022;50,951033616000075;0
99389;5201104514118185747;5;1;66;16;2020;11;11;4;3;0;3;0;1;1;0;0;0;0;309857,081000000240000;5687453,858999999200000;6,271997219000070;51,306588991000069;0
99404;5201106516110625209;5;1;58;32;2020;11;6;6;3;5;3;2;1;1;0;0;0;0;362390,491000000390000;5690648,389299999900000;7,023893631000021;51,350426010000035;0
99411;5201103516400885462;5;1;58;24;2020;11;18;3;2;5;3;2;1;1;0;0;0;0;360458,844499999660000;5683878,988500000900000;6,998822624000070;51,289121689000069;0
99412;5201107600330822873;5;3;82;48;2020;11;13;7;3;0;1;0;1;0;0;0;0;0;353342,210199999620000;5610215,176400000200000;6,926517682000053;50,625347124000029;0
99423;5201105502111570125;5;1;13;0;2020;11;13;5;2;0;2;0;1;1;0;0;0;0;363436,223399999550000;5701097,301000000900000;7,034880216000033;51,444578501000080;0
99425;5201103606400386537;5;3;78;28;2020;11;13;3;2;0;3;0;1;1;0;0;0;0;372162,238300000320000;5640181,093900000700000;7,182037347000062;50,899121973000035;0
99426;5201107400100376388;5;7;11;0;2020;11;11;7;3;3;6;0;1;1;0;0;0;0;462730,214999999850000;5766574,060000000500000;8,456518940000024;52,048519176000070;0
99430;5201103317110289242;5;9;78;36;2020;11;7;3;3;5;3;1;1;1;0;0;0;0;408613,577300000000000;5711257,297399999600000;7,682109881000031;51,545003611000027;1
99432;5201103315110590116;5;9;70;40;2020;11;9;3;2;3;6;0;1;1;0;0;0;0;433768,680999999870000;5634850,966499999200000;8,058914509000033;50,861551431000066;0
99437;5201105700000065506;5;5;13;0;2020;11;16;5;3;5;2;0;1;1;0;0;0;0;364671,229799999860000;5716649,098099999100000;7,046669944000030;51,584631029000036;0
99439;5201105411216052318;5;7;74;16;2020;11;12;5;3;5;3;0;1;1;0;0;0;0;466283,575899999590000;5715001,096999999100000;8,513353987000073;51,585058769000057;0
99442;5201103606000874303;5;3;78;4;2020;11;14;3;3;3;2;0;1;1;0;0;0;0;368064,632100000050000;5650203,319900000500000;7,120168474000025;50,988277570000037;0
99447;5201104518320076408;5;1;70;52;2020;11;16;4;3;4;3;1;1;1;0;0;0;0;325476,029099999930000;5723713,250900000300000;6,477934740000023;51,637314652000043;0
99450;5201104601210435203;5;3;15;0;2020;11;18;4;2;2;6;2;1;0;0;0;0;0;354231,060399999840000;5642360,614199999700000;6,926337691000072;50,914460979000069;0
99457;5201106609108677538;5;3;58;8;2020;11;13;6;3;0;6;0;1;1;0;0;0;0;321501,871799999850000;5629520,580399999400000;6,467443943000035;50,789914526000075;0
99459;5201106601400525755;5;3;15;0;2020;11;14;6;3;3;2;0;1;1;0;0;0;0;356522,502799999900000;5646649,814600000200000;6,957224077000035;50,953581745000065;0
99460;5201103705000520896;5;5;54;20;2020;11;10;3;2;5;3;0;1;0;0;0;1;0;367023,461000000130000;5786216,405999999500000;7,053767025000070;52,210322520000034;0
99464;5201104702100839947;5;5;15;0;2020;11;8;4;3;5;2;0;1;0;0;0;1;0;405200,425999999980000;5750139,330000000100000;7,622321183000054;51,893943692000050;0
99465;5201106406120062217;5;7;58;16;2020;11;6;6;2;8;7;2;1;0;0;0;0;0;473798,232499999930000;5779361,677500000200000;8,616928074000043;52,164121246000036;0
99469;5201107608200226208;5;3;34;2;2020;11;15;7;3;5;3;0;1;1;0;0;0;0;296439,575199999850000;5623974,860700000100000;6,115375009000047;50,731849176000026;0
99473;5201107410210046206;5;7;70;20;2020;11;14;7;3;4;6;0;1;0;0;0;0;0;474146,359600000080000;5793349,406700000200000;8,620948199000054;52,289893139000071;0
99476;5201106516800178454;5;1;58;20;2020;11;7;6;3;5;2;0;1;1;0;0;0;0;358050,545400000180000;5664978,786699999100000;6,971784174000050;51,118679381000049;0
99477;5201103608416730208;5;3;34;16;2020;11;13;3;3;0;1;0;1;0;0;0;0;0;295746,275100000200000;5636479,527400000000000;6,098614709000060;50,843914221000034;1
99484;5201103701610014200;5;5;62;12;2020;11;10;3;2;2;6;0;1;0;0;0;0;0;357347,093100000170000;5724404,978700000800000;6,937867822000044;51,652516931000036;1
99485;5201104701110290206;5;5;62;32;2020;11;9;4;3;0;1;0;1;0;0;0;0;0;376543,486200000160000;5718285,627800000800000;7,217364259000021;51,602064976000065;0
99486;5201106404302082041;5;7;66;48;2020;11;9;6;3;7;7;0;1;0;0;0;1;0;478472,246399999600000;5765696,301799999500000;8,686124955000025;52,041462529000057;0
99489;5201103516110038205;5;1;58;32;2020;11;5;3;3;5;2;2;1;1;0;0;0;0;364065,554899999870000;5688617,852600000800000;7,048708159000057;51,332581246000075;1
99497;5201106505100776181;5;1;14;0;2020;11;10;6;3;5;2;0;1;1;0;0;0;0;331096,617499999700000;5688830,585599999900000;6,575760091000063;51,325656915000081;0
99498;5201103601610347208;5;3;15;0;2020;11;8;3;3;0;1;0;1;0;0;0;0;0;361817,365000000220000;5644841,735999999600000;7,033247858000038;50,938625898000055;1
99504;5201103301303189209;5;9;13;0;2020;11;14;3;3;5;2;0;1;1;0;0;0;0;400135,202999999750000;5705870,595000000700000;7,561409049000076;51,495146612000042;0
99506;5201107601320656201;5;3;15;0;2020;11;17;7;3;6;4;0;1;0;1;0;0;0;351167,809200000020000;5645022,978299999600000;6,881705598000053;50,937604420000071;0
99507;5201105701400822209;5;5;12;0;2020;11;13;5;3;5;2;0;1;1;0;0;0;0;355647,149899999610000;5709948,295700000600000;6,919256543000074;51,522180438000078;0
99508;5201106709100142437;5;5;66;8;2020;11;13;6;3;0;6;0;1;0;0;0;0;0;398772,746600000190000;5781244,797100000100000;7,519737299000042;52,172386888000062;0
99513;5201105301101634206;5;9;13;0;2020;11;11;5;3;5;2;0;1;1;0;0;0;0;394403,553000000310000;5708122,596999999100000;7,478198605000046;51,514347279000049;0
99514;5201106502338986114;5;1;13;0;2020;11;12;6;3;0;7;0;1;0;0;0;0;0;363928,361999999730000;5705094,585000000900000;7,040419095000061;51,480618650000054;0
99517;5201103301103484988;5;9;13;0;2020;11;8;3;3;1;7;0;1;1;0;0;0;0;392808,161700000060000;5701111,327999999700000;7,457343831000060;51,451026109000054;0
99518;5201106301301002206;5;9;78;24;2020;11;11;6;3;0;1;0;1;0;0;0;0;0;397986,423600000330000;5720481,058199999900000;7,526226104000045;51,626091509000048;1
99520;5201103300200873233;5;9;11;0;2020;11;17;3;3;0;1;2;1;1;0;0;0;0;374514,713899999860000;5704600,851900000100000;7,192964613000072;51,478629081000065;1
99522;5201105609108765701;5;3;58;8;2020;11;6;5;3;1;7;1;1;1;0;0;0;0;324663,409300000410000;5631807,110400000600000;6,511163042000021;50,811422259000040;0
99530;5201104502105178708;5;1;13;0;2020;11;14;4;3;5;3;0;1;1;0;0;0;0;361373,963999999690000;5700707,221000000800000;7,005376758000068;51,440572094000061;0
99536;5201106602700571784;5;3;62;28;2020;11;15;6;3;5;2;0;1;1;0;0;0;0;350262,563299999570000;5639123,780099999200000;6,871251507000068;50,884357412000043;0
99547;5201107502339886114;5;1;13;0;2020;11;14;7;3;0;1;0;1;0;0;0;0;0;364538,436999999920000;5707115,115000000200000;7,048423992000039;51,498922625000034;0
99554;5201106405232661510;5;7;54;32;2020;11;15;6;3;5;3;0;1;0;0;0;0;0;461584,610999999570000;5742348,448000000800000;8,442520473000059;51,830637600000045;0
99555;5201104515111585966;5;1;54;8;2020;11;23;4;2;5;3;2;1;1;0;0;0;0;310744,500400000250000;5746087,255699999600000;6,253135278000059;51,833494551000058;0
99559;5201104516400976014;5;1;58;24;2020;11;14;4;3;0;6;0;1;0;1;0;0;0;357099,744099999780000;5678683,687899999300000;6,952758094000046;51,241602016000058;0
99561;5201105709500362050;5;5;66;76;2020;11;18;5;3;5;3;2;1;0;0;0;0;1;391974,433000000190000;5792994,674000000600000;7,416611653000075;52,276696258000072;0
99563;5201102709700348420;5;5;66;48;2020;11;6;2;3;9;1;2;1;0;0;0;0;0;425147,321999999690000;5792648,396199999400000;7,902803156000061;52,279101845000071;1
99564;5201107411232172309;5;7;74;32;2020;11;9;7;3;5;3;0;1;1;0;0;0;0;480593,337299999780000;5734327,910700000800000;8,718816342000025;51,759507565000035;0
99568;5201103701400686669;5;5;12;0;2020;11;14;3;3;5;2;0;1;1;0;0;0;0;357616,014999999660000;5709772,182000000000000;6,947687773000041;51,521097664000081;0
99569;5201103601300890341;5;3;15;0;2020;11;8;3;3;3;6;0;1;1;0;0;0;0;354298,156200000080000;5645866,017699999700000;6,925890371000037;50,945979982000040;0
99575;5201107601620625209;5;3;15;0;2020;11;16;7;3;3;6;1;1;1;0;0;0;0;364801,241899999790000;5638362,236999999700000;7,078091981000057;50,881098290000068;0
99577;5201104307100835209;5;9;62;24;2020;11;13;4;3;4;2;0;1;1;0;0;0;0;407940,510999999940000;5698053,865900000600000;7,675849108000023;51,426204070000040;0
99581;5201107606800874350;5;3;78;16;2020;11;13;7;3;5;3;0;1;1;0;0;0;0;367777,596099999730000;5664627,062100000700000;7,110812203000023;51,117845652000028;0
99584;5201107405236856391;5;7;54;36;2020;11;15;7;3;5;3;0;1;1;0;0;0;0;476968,020999999720000;5751004,193000000000000;8,665179799000043;51,909307640000065;0
99586;5201105315110678662;5;9;70;40;2020;11;17;5;2;4;2;1;1;1;0;0;0;0;426554,766800000330000;5633681,822100000500000;7,956663357000025;50,850167976000080;0
99588;5201103608100332757;5;3;34;2;2020;11;7;3;3;5;3;0;1;1;0;0;0;0;291829,847000000070000;5635517,500000000000000;6,043607398000063;50,833878905000063;0
99589;5201104608100669363;5;3;34;2;2020;11;15;4;3;4;2;0;1;1;0;0;0;0;293023,185800000090000;5627348,395899999900000;6,065133809000031;50,760940183000059;0
99591;5201104502407085647;5;1;17;0;2020;11;12;4;2;4;2;0;1;1;0;0;0;0;351691,342000000180000;5697398,448000000800000;6,867543415000057;51,408388523000042;0
99592;5201102709500402281;5;5;66;76;2020;11;9;2;3;5;2;0;1;1;0;0;0;0;396950,406000000420000;5787665,309000000400000;7,491145423000035;52,229754148000040;1
99595;5201105701200908203;5;5;62;20;2020;11;17;5;3;5;3;2;1;1;0;0;0;0;369097,916000000200000;5718572,482999999100000;7,109808960000066;51,602961538000045;0
99598;5201104301101676676;5;9;13;0;2020;11;7;4;3;0;3;0;1;1;0;0;0;0;394589,479299999770000;5706547,993799999400000;7,481347762000041;51,500228596000056;0
99603;5201104601220367202;5;3;15;0;2020;11;16;4;3;2;6;0;1;0;0;0;0;0;357419,299800000150000;5636715,633099999300000;6,973864795000054;50,864525795000077;0
99607;5201106503000391175;5;1;24;0;2020;11;16;6;3;0;7;0;1;1;0;0;0;0;369748,867100000380000;5679645,604599999300000;7,133515949000071;51,253275580000036;0
99609;5201104602250969625;5;3;62;16;2020;11;7;4;3;0;2;0;1;1;0;0;0;0;328603,259899999950000;5645962,800799999400000;6,560398225000029;50,939783956000042;1
99610;5201102706100465763;5;5;58;16;2020;11;17;2;3;5;3;2;1;1;0;0;0;0;383061,186999999920000;5742206,607000000800000;7,303404052000076;51,818445290000057;1
99614;5201107515111582331;5;1;54;8;2020;11;15;7;3;6;7;0;1;0;1;0;0;0;308715,814799999820000;5747057,577999999700000;6,223191545000020;51,841517730000078;0
99616;5201106702100772399;5;5;15;0;2020;11;6;6;3;5;2;2;1;1;0;0;0;0;405242,486800000070000;5750593,799599999600000;7,622807337000040;51,898035853000067;0
99617;5201105500200046205;5;1;11;0;2020;11;16;5;3;5;3;0;1;1;0;0;0;0;344623,085400000210000;5688101,575500000300000;6,770056140000065;51,322962690000054;0
99621;5201105506100082250;5;1;16;0;2020;11;16;5;3;0;1;0;1;0;0;0;0;0;322119,251799999740000;5667958,378300000000000;6,457403613000054;51,135420278000026;0
99622;5201104709700311891;5;5;66;92;2020;11;14;4;3;3;7;0;1;1;0;0;0;0;423493,707499999550000;5796771,975600000500000;7,877632592000055;52,315940115000046;0
99623;5201106500300371209;5;1;11;0;2020;11;17;6;3;5;2;1;1;1;0;0;0;0;347801,305399999950000;5670974,072799999300000;6,822915380000040;51,169921061000082;0
99638;5201106601400986384;5;3;15;0;2020;11;8;6;3;0;7;0;1;0;0;0;0;0;355667,563500000160000;5650695,656700000200000;6,943454395000060;50,989727251000033;0
99645;5201102702100374709;5;5;15;0;2020;11;20;2;3;0;7;2;1;0;0;0;0;1;402378,371799999850000;5759756,456499999400000;7,578593461000025;51,979898065000043;1
99649;5201102702100268200;5;5;15;0;2020;11;7;2;3;0;2;0;1;1;0;0;0;0;405927,422000000250000;5756739,491000000400000;7,631079250000028;51,953392495000060;1
99657;5201106600310520207;5;3;14;0;2020;11;17;6;3;5;3;2;1;1;0;0;0;0;363628,061999999920000;5618955,399000000200000;7,068629115000022;50,706400014000053;0
99661;5201104515110522287;5;1;54;24;2020;11;10;4;3;5;3;0;1;1;0;0;0;0;313338,091900000350000;5734719,428300000700000;6,296846247000076;51,732269841000061;0
99663;5201103502403571217;5;1;17;0;2020;11;6;3;3;0;1;1;1;0;0;0;0;0;350224,284799999560000;5701760,447499999800000;6,844621180000047;51,447197615000050;0
99667;5201103601300587361;5;3;15;0;2020;11;16;3;2;5;2;0;1;1;0;0;0;0;354403,411299999800000;5647323,612500000700000;6,926804728000036;50,959105517000069;0
99672;5201103601300490321;5;3;15;0;2020;11;13;3;3;2;6;0;1;0;0;0;0;0;348289,213899999860000;5645167,476900000100000;6,840705861000060;50,938152808000041;0
99673;5201104606600081773;5;3;78;32;2020;11;17;4;3;5;2;1;1;1;0;0;0;0;376471,921099999920000;5667587,995500000200000;7,233955818000027;51,146399051000060;0
99675;5201104502105479005;5;1;13;0;2020;11;10;4;2;0;7;0;1;0;0;0;0;0;361243,370299999600000;5701471,024700000900000;7,003199495000047;51,447403926000050;0
99676;5201102701400830209;5;5;12;0;2020;11;16;2;3;5;2;0;1;1;0;0;0;0;355026,465599999760000;5709480,014399999800000;6,910508857000025;51,517813625000031;0
99682;5201111602700349208;5;3;62;28;2020;11;7;4;3;0;7;1;1;0;0;0;0;0;351847,758999999610000;5637314,331000000200000;6,894504314000074;50,868505258000027;1
99691;5201110711421203028;5;5;70;20;2020;11;17;3;2;5;7;2;1;0;0;0;0;1;432710,180700000380000;5740869,312000000800000;8,023837229000037;51,814608204000081;0
99704;5201111405108960975;5;7;54;8;2020;11;10;4;3;3;2;0;1;1;0;0;0;0;461416,492999999780000;5751677,517999999200000;8,439038237000034;51,914501103000077;0
99705;5201109705000597650;5;5;54;8;2020;11;12;2;3;5;3;1;1;1;0;0;0;0;332575,792999999600000;5742428,967000000200000;6,571436961000075;51,807602029000066;1
99707;5201113501316557903;5;1;12;0;2020;11;15;6;3;4;7;1;1;0;0;0;0;0;345196,616000000390000;5698224,994999999200000;6,773872301000040;51,414079510000079;1
99712;5201110709500302281;5;5;66;76;2020;11;11;3;3;5;3;0;1;1;0;0;0;0;396215,025999999610000;5790568,938999999300000;7,479490180000028;52,255712184000060;0
99716;5201113300400375420;5;9;11;0;2020;11;19;6;3;5;3;2;1;1;0;0;0;0;374717,371199999940000;5700360,533399999100000;7,197383732000048;51,440564851000033;1
99722;5201109701620793206;5;5;62;12;2020;11;12;2;2;5;2;0;1;1;0;0;0;0;362695,866700000130000;5731254,922900000600000;7,012442054000076;51,715402584000060;0
99729;5201111608100080750;5;3;34;2;2020;11;14;4;3;5;3;0;1;1;0;0;0;0;292019,928299999800000;5625054,830299999600000;6,052223025000046;50,739983095000071;0
99732;5201110515110517807;5;1;54;4;2020;11;7;3;3;5;3;0;1;1;0;0;0;0;305126,192999999970000;5739822,094000000500000;6,175217924000037;51,775299945000029;1
99735;5201110501313467334;5;1;12;0;2020;11;15;3;3;3;7;0;1;0;1;0;0;0;344036,121500000360000;5700893,080399999400000;6,756023246000041;51,437734084000056;0
99736;5201112500200695206;5;1;11;0;2020;11;14;5;3;0;1;0;1;0;0;0;0;1;347182,247000000440000;5677286,740000000200000;6,811379858000066;51,226479316000052;0
99738;5201110501213682302;5;1;12;0;2020;11;7;3;3;0;6;0;1;1;0;0;0;0;338907,768400000410000;5698051,446900000800000;6,683593151000025;51,410768481000048;1
99741;5201111508000078000;5;1;19;0;2020;11;9;4;3;3;2;0;1;1;0;0;0;0;351009,328999999910000;5713046,896999999900000;6,851144209000040;51,548818126000072;1
99758;5201113600140124202;5;3;14;0;2020;11;8;6;2;5;3;0;1;1;0;0;0;0;367132,142300000410000;5624668,965299999300000;7,116167435000023;50,758565228000066;0
99761;5201110500100166253;5;1;11;0;2020;11;14;3;3;1;6;0;1;1;0;0;0;0;345402,303700000050000;5676866,715900000200000;6,786089375000074;51,222225908000041;0
99763;5201112300410115205;5;9;16;0;2020;11;19;5;2;5;2;2;1;1;0;0;0;0;376520,721300000320000;5710777,777400000000000;7,219673940000064;51,534584897000059;0
99764;5201109606110332403;5;3;78;4;2020;11;9;2;3;0;1;0;1;0;0;0;0;0;368927,234899999570000;5650100,506600000000000;7,132489030000045;50,987550581000050;0
99775;5201110514210785921;5;1;66;12;2020;11;13;3;3;0;7;0;1;0;0;0;0;0;318066,749699999580000;5695743,224099999300000;6,385411490000024;51,383732387000066;1
99778;5201111500200276205;5;1;11;0;2020;11;8;4;3;0;2;0;1;0;0;0;1;0;346362,223299999720000;5677732,607200000400000;6,799453783000047;51,230265530000054;1
99783;5201110410230690795;5;7;70;4;2020;11;6;3;3;3;6;2;1;1;0;0;0;0;484223,841300000440000;5790492,374199999500000;8,768830630000025;52,264588877000051;0
99785;5201110406110282115;5;7;58;12;2020;11;15;3;3;5;2;0;1;1;0;0;0;0;471578,248399999920000;5770604,103199999800000;8,585204276000070;52,085276148000048;0
99790;5201110405244887132;5;7;54;44;2020;11;14;3;3;5;2;0;1;1;0;0;0;0;466131,549899999980000;5748812,238099999700000;8,507868635000023;51,889046736000068;1
99791;5201112515210551487;5;1;54;52;2020;11;7;5;3;4;6;2;1;0;0;0;0;0;309635,621399999600000;5698736,553799999900000;6,262786475000041;51,407852766000076;1
99792;5201109601700790211;5;3;16;0;2020;11;16;2;3;0;1;0;1;0;0;0;0;0;363341,690899999810000;5655923,612299999200000;7,050761555000065;51,038585536000028;1
99793;5201110405244706702;5;7;54;44;2020;11;14;3;3;7;6;0;1;0;0;0;0;0;469740,109500000250000;5747953,614700000700000;8,560376984000072;51,881534553000051;0
99795;5201110605116486618;5;3;74;24;2020;11;14;3;3;0;3;0;1;1;0;0;0;0;396998,040199999700000;5660582,527499999900000;7,529298567000069;51,087486612000077;0
99800;5201109601620281707;5;3;15;0;2020;11;10;2;3;5;3;0;1;1;0;0;0;0;365123,442999999970000;5642306,492000000600000;7,081212619000041;50,916623029000050;0
99807;5201109601210514200;5;3;15;0;2020;11;22;2;3;5;3;2;1;1;0;0;0;0;353001,475999999790000;5644259,369999999200000;6,908093049000058;50,931212515000027;0
99808;5201111701930967206;5;5;62;36;2020;11;17;4;2;8;1;2;1;0;0;0;0;0;388322,442099999640000;5718307,266799999400000;7,387361846000033;51,604718513000080;0
99811;5201109600340890200;5;3;82;64;2020;11;18;2;3;0;6;1;1;1;0;0;0;0;352833,666899999600000;5615071,839500000700000;6,917403416000070;50,668866339000033;0
99820;5201109600110534067;5;3;14;0;2020;11;15;2;3;5;2;0;1;0;0;0;0;0;365661,772699999620000;5622313,264699999200000;7,096191599000065;50,737053868000032;0
99822;5201109600110273846;5;3;14;0;2020;11;8;2;3;2;2;0;1;1;0;0;0;0;364965,900999999610000;5621971,979000000300000;7,086460764000037;50,733825049000075;1
99824;5201113501122199204;5;1;12;0;2020;11;20;6;2;5;3;2;1;1;0;0;0;0;344779,461900000460000;5706038,201600000300000;6,764450981000039;51,484166864000031;1
99827;5201111609108180618;5;3;58;8;2020;11;7;4;3;5;3;2;1;1;0;0;0;0;323407,866999999620000;5631196,474999999600000;6,493652987000075;50,805554822000033;0
99829;5201112711413179226;5;5;70;28;2020;11;17;5;3;5;2;2;1;1;0;0;0;0;441460,922000000250000;5746342,138000000300000;8,149840414000039;51,864795193000077;1
99832;5201110404101556319;5;7;66;64;2020;11;8;3;3;6;6;0;1;0;1;0;0;0;489171,366999999620000;5739775,878300000000000;8,842932929000028;51,808723225000051;0
99834;5201109516500486913;5;1;58;16;2020;11;7;2;3;5;3;0;1;1;0;0;0;0;354521,986399999820000;5670237,417600000300000;6,919278015000032;51,165050266000037;1
99839;5201110608100446204;5;3;34;2;2020;11;8;3;3;4;2;0;1;1;0;0;0;0;294059,431099999700000;5628166,389900000800000;6,079349298000068;50,768655350000074;0
99840;5201109515110022248;5;1;54;24;2020;11;14;2;3;5;3;0;1;1;0;0;0;0;313082,982699999590000;5734868,198599999800000;6,293076434000057;51,733521005000057;0
99844;5201110514118085955;5;1;66;16;2020;11;7;3;3;5;3;0;1;1;0;0;0;0;309864,317999999970000;5687650,336999999400000;6,271996214000069;51,308356140000058;1
99846;5201110701110143202;5;5;62;32;2020;11;13;3;3;5;3;0;1;1;0;0;0;0;376003,652800000270000;5720934,440199999100000;7,208636351000052;51,625751670000056;0
99849;5201110400100072285;5;7;11;0;2020;11;6;3;3;8;1;2;1;0;0;0;0;0;468683,759700000290000;5765203,487600000600000;8,543457913000054;52,036565285000052;2
99851;5201110513330042462;5;1;62;12;2020;11;13;3;3;0;1;0;1;0;0;0;0;0;325675,435499999670000;5663799,575400000400000;6,510193200000060;51,099151940000070;0
99854;5201112411132738033;5;7;74;32;2020;11;7;5;3;5;3;2;1;1;0;0;0;0;484248,652499999850000;5732414,972799999600000;8,771864465000022;51,742422576000081;0
99855;5201109513320674609;5;1;62;4;2020;11;13;2;3;4;2;0;1;1;0;0;0;0;348889,289200000460000;5662797,987700000400000;6,841895156000021;51,096740076000060;0
99857;5201109513130591311;5;1;62;22;2020;11;15;2;3;5;3;0;1;1;0;0;0;0;338045,096099999730000;5686597,127399999600000;6,676414874000045;51,307611112000075;1
99867;5201110513130291356;5;1;62;22;2020;11;11;3;3;5;3;0;1;1;0;0;0;0;336588,786999999550000;5684477,617000000600000;6,656510045000061;51,288152104000062;0
99869;5201109508000516842;5;1;19;0;2020;11;18;2;3;5;2;2;1;1;0;0;0;0;352882,437300000340000;5711346,392200000600000;6,878850336000028;51,534029712000063;0
99872;5201109508000485954;5;1;19;0;2020;11;11;2;3;5;2;0;1;1;0;0;0;0;351207,636900000270000;5706118,429500000600000;6,856927205000034;51,486615424000036;1
99874;5201110709700970493;5;5;66;20;2020;11;17;3;3;5;2;2;1;1;0;0;0;0;404804,575500000270000;5803943,476399999100000;7,601505094000061;52,377473200000054;0
99879;5201109502406086163;5;1;17;0;2020;11;13;2;3;6;7;0;1;0;1;0;0;0;353215,092500000260000;5697742,325899999600000;6,889294277000033;51,411874969000053;1
99884;5201112315150290024;5;9;70;44;2020;11;16;5;3;3;6;0;1;1;0;0;0;0;438194,514499999580000;5629636,748500000700000;8,122672917000045;50,815156862000038;0
99890;5201111601110375204;5;3;15;0;2020;11;8;4;3;0;1;0;1;0;0;0;0;0;355069,565200000070000;5644788,697000000600000;6,937292583000044;50,936492812000040;1
99892;5201112600110357206;5;3;14;0;2020;11;17;5;2;0;1;2;1;0;0;0;0;0;365686,197499999780000;5622842,489199999700000;7,096344639000051;50,741816154000048;0
99894;5201109502135917167;5;1;13;0;2020;11;12;2;3;5;2;0;1;0;0;0;0;1;366694,729600000200000;5703597,632899999600000;7,080798332000029;51,467824695000047;0
99906;5201111705000281572;5;5;54;68;2020;11;15;4;3;5;3;0;1;1;0;0;0;0;349670,318300000390000;5768680,238800000400000;6,807728004000069;52,048314868000034;0
99907;5201110316200968332;5;9;74;52;2020;11;8;3;3;4;7;0;1;0;0;0;0;0;422002,931699999610000;5710837,669099999600000;7,875248259000045;51,543240796000077;0
99909;5201110601600590216;5;3;15;0;2020;11;15;3;3;3;6;0;1;1;0;0;0;0;365102,564699999990000;5638401,539799999400000;7,082358342000021;50,881521957000075;0
99910;5201109501111085903;5;1;12;0;2020;11;14;2;3;5;7;0;1;1;0;0;0;0;347007,466000000010000;5708689,648299999500000;6,795364336000034;51,508597379000037;0
99911;5201111516900964877;5;1;58;26;2020;11;15;4;3;5;3;0;1;1;0;0;0;0;352572,092699999920000;5666055,257300000600000;6,893121869000026;51,126969391000046;0
99912;5201110316000782135;5;9;74;24;2020;11;12;3;3;0;1;0;1;0;0;0;0;0;441160,383100000210000;5723196,090199999500000;8,149395678000076;51,656672969000056;0
99917;5201109500200900070;5;1;11;0;2020;11;10;2;3;8;7;0;1;1;0;0;0;0;346059,648500000130000;5677715,238099999700000;6,795130919000030;51,230027927000037;0
99922;5201109411232576327;5;7;74;32;2020;11;15;2;3;7;1;0;1;0;0;0;0;0;476585,185700000260000;5733758,354100000100000;8,660781502000077;51,754233327000065;1
99923;5201111608100710203;5;3;34;2;2020;11;19;4;3;5;2;2;1;1;0;0;0;0;293579,960599999870000;5628384,296099999900000;6,072436656000036;50,770442013000036;0
99925;5201112711111002733;5;5;70;52;2020;11;12;5;3;5;2;0;1;1;0;0;0;0;430834,929999999700000;5757510,425100000600000;7,993300541000053;51,963978628000064;0
99927;5201109411132437671;5;7;74;32;2020;11;13;2;3;5;2;0;1;1;0;0;0;0;484043,838999999690000;5731915,173000000400000;8,768920987000058;51,737922938000054;1
99930;5201112500200762208;5;1;11;0;2020;11;18;5;3;5;2;2;1;1;0;0;0;0;347898,582499999550000;5678434,612500000700000;6,821143784000071;51,236985014000027;0
99935;5201110313130684983;5;9;58;44;2020;11;14;3;3;5;3;0;1;1;0;0;0;0;426743,352300000380000;5683752,334699999500000;7,949193946000037;51,300370095000062;0
99939;5201109406110482133;5;7;58;12;2020;11;13;2;3;5;3;0;1;1;0;0;0;0;478083,055999999870000;5774524,373999999800000;8,679883339000071;52,120817772000066;0
99965;5201109317240089428;5;9;78;40;2020;11;15;2;2;4;2;0;1;1;0;0;0;0;406186,832600000310000;5724224,875900000300000;7,643654903000027;51,661171653000054;0
99969;5201110508000482358;5;1;19;0;2020;11;15;3;3;7;6;0;1;0;1;0;0;0;346819,275999999610000;5710688,244000000900000;6,791786048000063;51,526503819000027;1
99972;5201111500200501154;5;1;11;0;2020;11;10;4;3;5;2;0;1;1;0;0;0;0;348026,377600000240000;5677641,648700000700000;6,823309410000036;51,229893777000029;1
99975;5201110711313435328;5;5;70;8;2020;11;13;3;3;5;3;0;1;1;0;0;0;0;435741,586000000130000;5734655,995999999300000;8,068957687000022;51,759106661000033;0
99977;5201110307000168936;5;9;62;60;2020;11;18;3;3;5;2;2;1;1;0;0;0;0;414231,018000000160000;5679617,300000000700000;7,770748753000021;51,261448399000074;0
99982;5201109303100475443;5;9;15;0;2020;11;10;2;3;6;7;0;1;0;1;0;0;0;415804,689799999820000;5725804,744100000700000;7,782292764000033;51,676897096000062;0
99989;5201109300410046202;5;9;16;0;2020;11;11;2;2;0;1;0;1;0;0;0;0;0;376539,158599999730000;5710261,017699999700000;7,220120814000040;51,529944637000028;1
99990;5201110516900178454;5;1;58;26;2020;11;13;3;2;2;6;0;1;1;0;0;0;0;351412,107200000440000;5665597,067900000100000;6,876745631000063;51,122552316000053;1