OBJECTID;UIDENTSTLAE;ULAND;UREGBEZ;UKREIS;UGEMEINDE;UJAHR;UMONAT;USTUNDE;UWOCHENTAG;UKATEGORIE;UART;UTYP1;ULICHTVERH;IstRad;IstPKW;IstFuss;IstKrad;IstGkfz;IstSonstige;LINREFX;LINREFY;XGCSWGS84;YGCSWGS84;STRZUSTAND
100004;5201113300400041671;5;9;11;0;2020;11;6;6;3;5;3;2;1;1;0;0;0;0;372100,390999999830000;5700835,434000000400000;7,159578647000046;51,444248009000034;0
100006;5201108702100279223;5;5;15;0;2020;11;14;1;3;0;2;0;1;1;0;0;0;0;408674,985000000340000;5761736,187899999300000;7,669719567000072;51,998763640000050;0
100007;5201111515210551487;5;1;54;12;2020;11;6;4;2;0;7;2;1;0;0;0;0;0;310846,968000000340000;5711072,246999999500000;6,273583942000073;51,519052547000058;1
100011;5201108701920574176;5;5;62;28;2020;11;14;1;2;2;6;0;1;0;0;0;0;0;379305,496199999940000;5724270,997099999300000;7,255162792000022;51,656456345000038;0
100017;5201111607400265688;5;3;82;68;2020;11;6;4;3;5;3;2;1;1;0;0;0;0;366647,503800000060000;5633157,009700000300000;7,106218391000027;50,834743812000056;0
100018;5201110301205884996;5;9;13;0;2020;11;11;3;3;3;3;0;1;1;0;0;0;0;386897,772699999620000;5713791,050200000400000;7,368253346000074;51,563842665000038;0
100019;5201112709500542460;5;5;66;16;2020;11;17;5;3;5;3;2;1;1;0;0;0;0;406783,036000000310000;5790245,607999999100000;7,634356517000072;52,254698251000036;1
100022;5201108701200388202;5;5;62;20;2020;11;0;1;3;0;1;2;1;0;0;0;0;0;370809,099299999890000;5720089,847699999800000;7,133944592000034;51,616992916000072;0
100024;5201110301201784954;5;9;13;0;2020;11;14;3;3;0;3;0;1;1;0;0;0;0;390509,029600000010000;5709945,943000000000000;7,421528614000067;51,529994644000055;0
100028;5201110301103889256;5;9;13;0;2020;11;9;3;3;5;3;0;1;1;0;0;0;0;392772,872700000180000;5701536,981799999300000;7,456707137000024;51,454845432000070;0
100039;5201110301103186861;5;9;13;0;2020;11;18;3;3;3;2;2;1;1;0;0;0;0;396151,372999999670000;5705155,607999999100000;7,504251446000069;51,488002034000033;0
100043;5201111501115585949;5;1;12;0;2020;11;17;4;3;6;7;2;1;0;1;0;0;0;345325,134999999780000;5707204,951999999600000;6,771792382000058;51,494799537000063;0
100049;5201108601400690621;5;3;15;0;2020;11;14;1;2;0;1;0;1;0;0;0;0;0;351088,848100000060000;5658851,232100000600000;6,874911159000021;51,061849234000078;1
100057;5201111601520593202;5;3;15;0;2020;11;12;4;2;5;3;0;1;1;0;0;0;0;358308,672700000000000;5644791,663699999500000;6,983360812000058;50,937324429000057;0
100063;5201111500200101076;5;1;11;0;2020;11;14;4;3;5;3;0;1;1;0;0;0;0;344661,901100000370000;5678875,437799999500000;6,774624176000032;51,240074008000079;0
100067;5201108411132690685;5;7;74;32;2020;11;13;1;2;5;3;0;1;1;0;0;0;0;479159,758999999610000;5727844,514000000400000;8,698433662000070;51,701162217000046;0
100068;5201111706300891864;5;5;58;44;2020;11;23;4;2;8;7;2;1;0;0;0;0;0;400073,389499999580000;5742056,238700000600000;7,550174869000045;51,820394835000059;0
100078;5201112300410102207;5;9;16;0;2020;11;17;5;3;5;3;0;1;1;0;0;0;0;374653,540300000460000;5709976,277699999500000;7,193052478000027;51,526970170000027;0
100080;5201113307000285238;5;9;62;24;2020;11;18;6;3;9;1;2;1;0;0;0;0;0;411979,235299999830000;5692225,215900000200000;7,735371139000051;51,374448050000069;1
100090;5201108317240320208;5;9;78;40;2020;11;11;1;2;0;1;0;1;0;0;0;0;0;409807,057000000030000;5726896,538200000300000;7,695291025000074;51,685780263000026;0
100093;5201108317220321207;5;9;78;4;2020;11;12;1;3;0;1;0;1;0;0;0;0;0;406485,446999999690000;5721899,642200000600000;7,648592737000058;51,640319919000035;0
100096;5201113300110288201;5;9;11;0;2020;11;12;6;3;5;2;0;1;1;0;0;0;0;376919,958999999800000;5701048,286000000300000;7,228819850000036;51,447228925000047;0
100098;5201111513320071975;5;1;62;4;2020;11;7;4;3;5;3;2;1;1;0;0;0;0;349330,326000000350000;5661652,122500000500000;6,848667121000062;51,086559371000078;1
100101;5201108316200052269;5;9;74;12;2020;11;14;1;3;0;7;0;1;0;0;0;0;0;430292,902800000270000;5704021,520400000700000;7,996120267000038;51,483046339000055;0
100108;5201108300400538324;5;9;11;0;2020;11;12;1;2;0;1;0;1;0;0;0;0;0;376591,844499999660000;5702319,033500000800000;7,223657246000073;51,458578330000080;0
100111;5201110702100172436;5;5;15;0;2020;11;16;3;3;5;3;0;1;1;0;0;0;0;406205,701399999670000;5757441,744000000900000;7,634935741000049;51,959751679000078;1
100113;5201111608404660206;5;3;34;4;2020;11;13;4;3;5;2;0;1;1;0;0;0;0;300484,187300000340000;5639134,417099999300000;6,164379978000056;50,869412637000039;0
100120;5201107706000827034;5;5;58;32;2020;11;14;7;2;2;1;0;1;1;0;0;0;0;388275,153599999850000;5757089,680400000900000;7,374196907000055;51,953273947000071;0
100125;5201110607100272843;5;3;82;28;2020;11;17;3;3;5;2;2;1;1;0;0;0;0;377889,662999999710000;5632168,895999999700000;7,266119388000050;50,828343304000043;0
100131;5201107701200314209;5;5;62;20;2020;11;13;7;3;5;3;0;1;1;0;0;0;0;370569,988400000150000;5718380,381200000600000;7,131123941000055;51,601575403000027;0
100133;5201109709700372366;5;5;66;28;2020;11;10;2;2;3;2;0;1;1;0;0;0;0;412614,150999999610000;5791998,786000000300000;7,719305414000075;52,271413449000079;0
100134;5201112706200787452;5;5;58;20;2020;11;2;5;2;5;3;2;1;1;0;0;0;0;392120,860600000250000;5759741,656800000000000;7,429302791000055;51,977868202000082;0
100139;5201110515210028734;5;1;54;12;2020;11;7;3;3;3;6;1;1;1;0;0;0;0;314010,000799999570000;5711040,549499999700000;6,319137884000043;51,519818051000073;0
100141;5201113600380490936;5;3;14;0;2020;11;10;6;3;5;2;0;1;1;0;0;0;0;370159,031399999750000;5615965,567700000500000;7,162122840000052;50,681021668000028;0
100146;5201112301202647200;5;9;13;0;2020;11;14;5;3;5;7;0;1;1;0;0;0;0;394942,652599999680000;5711553,371500000400000;7,484941444000071;51,545285435000039;1
100147;5201113310140985518;5;9;54;28;2020;11;15;6;3;5;3;0;1;1;0;0;0;0;378321,237200000320000;5692631,943499999100000;7,251862551000045;51,371888433000038;0
100154;5201107608312480719;5;3;34;12;2020;11;14;7;2;0;1;0;1;0;0;0;0;0;309832,218600000250000;5632341,774700000900000;6,300602590000040;50,811546682000028;0
100165;5201119701610822201;5;5;62;12;2020;11;12;5;3;0;1;0;1;0;0;0;0;0;361443,816399999890000;5736275,318499999100000;6,992330852000066;51,760207196000067;1
100174;5201115702100568249;5;5;15;0;2020;11;17;1;3;0;1;1;1;0;0;0;0;0;403875,841599999930000;5759410,580000000100000;7,600486976000070;51,977050310000038;1
100179;5201120400100387208;5;7;11;0;2020;11;18;6;3;0;2;2;1;1;0;0;0;0;470152,494400000200000;5767251,365100000100000;8,564690246000055;52,055058002000067;0
100184;5201117500100569712;5;1;11;0;2020;11;8;3;3;5;3;0;1;1;0;0;0;0;346413,025999999610000;5676001,059000000400000;6,800922706000051;51,214720334000049;0
100189;5201117503100178842;5;1;24;0;2020;11;6;3;3;5;3;2;1;1;0;0;0;0;371080,027099999600000;5680225,205299999600000;7,152371775000063;51,258787212000072;1
100195;5201115606100581799;5;3;78;4;2020;11;19;1;2;0;7;2;1;0;0;0;0;0;369555,223600000140000;5648633,194299999600000;7,141958125000031;50,974505332000035;1
100196;5201118404101664094;5;7;66;20;2020;11;7;4;3;5;3;1;1;1;0;0;0;0;490422,164099999700000;5752254,255500000000000;8,860729372000037;51,920940888000075;0
100197;5201116602100586763;5;3;62;8;2020;11;11;2;3;0;1;0;1;0;0;0;0;0;339313,579599999820000;5651446,387700000800000;6,710288688000048;50,992140127000027;1
100200;5201115601500366023;5;3;15;0;2020;11;14;1;3;0;7;0;1;0;0;0;0;0;356921,196999999690000;5644720,582599999400000;6,963654575000021;50,936343049000072;0
100206;5201118608200544201;5;3;34;2;2020;11;14;4;2;0;1;0;1;0;0;0;0;0;297228,580199999730000;5625510,886299999400000;6,125695804000031;50,745921030000034;0
100210;5201118508000475312;5;1;19;0;2020;11;9;4;3;4;6;0;1;0;0;0;0;1;352058,300099999640000;5704861,717900000500000;6,869696670000053;51,475546370000075;0
100212;5201119502325977489;5;1;13;0;2020;11;15;5;3;0;1;0;1;0;0;0;0;0;361863,973199999890000;5705189,534299999500000;7,010671621000029;51,480971519000036;1
100214;5201118310120880489;5;9;54;32;2020;11;14;4;3;0;1;0;1;0;0;0;0;0;388530,832000000400000;5693619,975999999800000;7,398167625000042;51,382865423000055;0
100220;5201119505100248646;5;1;14;0;2020;11;16;5;3;5;2;1;1;1;0;0;0;0;333205,185999999750000;5688642,664999999100000;6,606083406000039;51,324590830000034;1
100227;5201117601200963733;5;3;15;0;2020;11;7;3;3;0;1;0;1;0;0;0;0;0;351810,786500000390000;5643571,983599999900000;6,891440208000063;50,924730629000067;1
100230;5201115502106385975;5;1;13;0;2020;11;20;1;2;0;7;2;1;1;0;0;0;0;362848,565000000410000;5701334,516000000800000;7,026337405000049;51,446568225000078;1
100232;5201119601110817201;5;3;15;0;2020;11;15;5;3;0;1;0;1;0;0;0;0;0;355096,543100000360000;5644182,544399999100000;6,937917283000047;50,931052235000038;1
100240;5201116700200185661;5;5;13;0;2020;11;13;2;3;0;7;0;1;0;0;0;0;0;368614,141999999990000;5712670,877699999100000;7,105035075000046;51,549813033000078;1
100243;5201117514111591631;5;1;66;32;2020;11;8;3;3;5;3;0;1;1;0;0;0;0;314254,969499999660000;5682379,482899999200000;6,337658605000058;51,262461353000049;0
100246;5201115407106690218;5;7;62;20;2020;11;7;1;2;0;1;1;1;0;0;0;0;0;520092,189600000160000;5728411,738600000700000;9,290774590000069;51,706289586000082;0
100251;5201115405116474466;5;7;54;16;2020;11;13;1;3;1;3;0;1;1;0;0;0;0;447847,583599999550000;5756363,514000000400000;8,241067001000033;51,955524066000066;0
100263;5201115317140029420;5;9;78;28;2020;11;13;1;3;3;1;0;1;1;0;0;0;0;404341,771599999630000;5698373,596699999600000;7,624015526000051;51,428482169000063;0
100265;5201116601110989209;5;3;15;0;2020;11;8;2;3;0;1;0;1;0;0;0;0;0;355407,498900000010000;5643884,288000000600000;6,942457663000027;50,928449898000054;0
100268;5201118702100179199;5;5;15;0;2020;11;7;4;3;5;3;1;1;1;0;0;0;0;403052,591000000010000;5758116,297000000300000;7,588870361000033;51,965273919000026;0
100270;5201117506100386714;5;1;16;0;2020;11;8;3;3;3;5;0;1;1;0;0;0;0;320085,172500000340000;5675964,373500000700000;6,424354206000032;51,206703979000054;0
100272;5201118601610328208;5;3;15;0;2020;11;6;4;2;5;3;2;1;1;0;0;0;0;359839,546000000090000;5644858,482000000800000;7,005109252000068;50,938299053000037;0
100281;5201119316300174557;5;9;74;28;2020;11;16;5;3;5;2;1;1;1;0;0;0;0;458146,650000000370000;5726076,979000000300000;8,394591628000057;51,684096595000028;1
100284;5201116600140055309;5;3;14;0;2020;11;15;2;3;0;3;0;1;0;0;1;0;0;369711,733699999750000;5623695,235899999700000;7,153065601000037;50,750398042000029;1
100285;5201120317000045553;5;9;78;32;2020;11;14;6;3;5;3;0;1;1;0;0;0;0;394006,235200000000000;5727450,931399999200000;7,466633471000023;51,688002924000045;0
100286;5201117701200197209;5;5;62;20;2020;11;7;3;3;5;3;2;1;1;0;0;0;0;371122,534699999730000;5718043,045499999100000;7,139221717000055;51,598670537000032;1
100288;5201116516700286676;5;1;58;8;2020;11;9;2;2;0;1;0;1;0;0;0;0;0;358487,261199999600000;5673447,838999999700000;6,974689207000040;51,194895763000034;1
100289;5201115301301226204;5;9;78;24;2020;11;12;1;2;0;1;0;1;0;0;0;0;0;391900,957700000140000;5717201,529600000000000;7,439355870000043;51,595478222000054;0
100294;5201120404102578072;5;7;66;40;2020;11;15;6;2;5;3;0;1;1;0;0;0;0;485833,953999999910000;5759690,571000000500000;8,793706326000063;51,987702743000057;0
100295;5201117705000724235;5;5;54;12;2020;11;9;3;3;8;5;0;1;0;0;0;0;1;352221,113599999810000;5745982,205000000100000;6,854654647000075;51,845065685000066;1
100305;5201114711111876263;5;5;70;52;2020;11;15;7;2;0;1;0;1;0;0;0;0;0;426605,566100000400000;5762005,327500000600000;7,930791493000072;52,003842895000048;1
100309;5201114709500736091;5;5;66;16;2020;11;15;7;3;8;1;0;1;0;0;0;0;0;398228,706399999560000;5799289,245400000400000;7,506346148000034;52,334461719000046;0
100310;5201116515210959208;5;1;54;28;2020;11;8;2;2;5;3;0;1;1;0;0;0;0;320897,216099999850000;5701639,898199999700000;6,423066143000028;51,437600991000068;0
100314;5201114706100886167;5;5;58;16;2020;11;13;7;3;5;3;0;1;1;0;0;0;0;386621,498999999840000;5744175,193199999600000;7,354390380000041;51,836871649000045;0
100317;5201118505100078766;5;1;14;0;2020;11;14;4;2;2;6;0;1;1;0;0;0;0;331340,145299999970000;5684798,150599999400000;6,581158448000053;51,289501787000063;0
100331;5201114702100579167;5;5;15;0;2020;11;15;7;3;5;2;0;1;0;0;0;0;0;406214,100899999960000;5758633,556299999400000;7,634732446000044;51,970465650000051;0
100333;5201117600360834532;5;3;82;12;2020;11;9;3;2;5;3;0;1;1;0;0;0;0;354059,700299999680000;5626918,682199999700000;6,930054104000021;50,775643368000033;0
100336;5201114702100342019;5;5;15;0;2020;11;14;7;3;5;2;0;1;1;0;0;0;0;406448,020899999890000;5750768,282999999800000;7,640275688000031;51,899807907000081;0
100341;5201114701400599202;5;5;12;0;2020;11;8;7;3;5;3;0;1;1;0;0;0;0;357515,224299999890000;5710884,394999999600000;6,945786124000051;51,531066487000032;1
100345;5201116514114046117;5;1;66;24;2020;11;7;2;3;0;7;1;1;0;0;0;0;1;310048,510800000280000;5677773,727600000800000;6,279881067000076;51,219706621000057;1
100347;5201114700000286650;5;5;13;0;2020;11;17;7;2;8;1;1;1;0;0;0;0;0;366008,774000000210000;5716477,771999999900000;7,066029491000052;51,583411021000074;1
100359;5201116702100792910;5;5;15;0;2020;11;11;2;2;3;6;0;1;0;0;0;0;0;409787,441800000150000;5761168,224199999100000;7,686068949000060;51,993840306000038;0
100368;5201118300700955636;5;9;16;0;2020;11;6;4;3;5;3;2;1;1;0;0;0;0;373804,953400000000000;5712004,530799999800000;7,180099152000025;51,545009353000069;0
100370;5201120500200501154;5;1;11;0;2020;11;16;6;3;3;6;1;1;1;0;0;0;0;346930,609500000250000;5677865,477900000300000;6,807531584000060;51,231612173000030;0
100375;5201114608100046209;5;3;34;2;2020;11;1;7;3;0;1;2;1;0;0;0;0;0;295154,155500000340000;5627916,344399999800000;6,094992531000059;50,766797141000040;0
100376;5201116702100464121;5;5;15;0;2020;11;12;2;3;5;3;0;1;1;0;0;0;0;406899,549100000410000;5761080,732300000300000;7,644043564000072;51,992577254000082;0
100378;5201119701300883206;5;5;62;14;2020;11;14;5;3;5;3;0;1;1;0;0;0;0;360145,463000000450000;5715626,138000000300000;6,981795514000055;51,574333736000028;1
100379;5201118601600278458;5;3;15;0;2020;11;14;4;3;5;3;0;1;1;0;0;0;0;359073,792999999600000;5644753,544999999900000;6,994258069000068;50,937169342000061;0
100381;5201118705000069813;5;5;54;8;2020;11;6;4;3;5;3;2;1;1;0;0;0;0;334287,577100000340000;5745598,596100000700000;6,594726736000041;51,836585738000053;1
100383;5201116702100370512;5;5;15;0;2020;11;15;2;3;0;6;0;1;0;0;0;0;0;407930,624499999920000;5754499,380200000500000;7,660820512000043;51,933592310000051;1
100393;5201114603236792204;5;3;66;36;2020;11;15;7;3;2;6;0;1;1;0;0;0;0;323362,615699999970000;5606635,542799999900000;6,504753937000032;50,584875878000048;0
100396;5201114603144577527;5;3;66;44;2020;11;12;7;3;0;1;0;1;0;0;0;0;0;337181,875199999660000;5616364,156400000700000;6,695523047000052;50,676312214000063;0
100397;5201119400200072285;5;7;11;0;2020;11;7;5;3;0;7;0;1;1;0;0;0;1;469001,950400000440000;5762774,141699999600000;8,548316567000029;52,014741793000042;0
100406;5201116702100244207;5;5;15;0;2020;11;5;2;3;3;6;2;1;0;0;0;0;0;405501,156700000170000;5754834,911800000800000;7,625401774000068;51,936201008000069;1
100408;5201119607400478238;5;3;82;68;2020;11;17;5;3;5;3;2;1;1;0;0;0;0;368172,707000000400000;5631896,071000000500000;7,128319284000042;50,823759964000033;1
100410;5201114602250063886;5;3;62;16;2020;11;11;7;3;0;1;0;1;0;0;0;0;0;326607,076500000430000;5645595,735300000800000;6,532187927000052;50,935889389000067;1
100411;5201116709700561973;5;5;66;28;2020;11;10;2;3;5;2;0;1;0;0;0;0;1;415290,100399999880000;5793453,956900000600000;7,758147401000031;52,284911913000030;0
100414;5201118400100273209;5;7;11;0;2020;11;15;4;3;5;3;0;1;1;0;0;0;0;464498,910000000150000;5765356,532999999800000;8,482435956000074;52,037689088000036;0
100417;5201119514110054601;5;1;66;32;2020;11;17;5;3;5;7;2;1;1;0;0;0;0;315331,058600000110000;5681423,616599999400000;6,353558196000051;51,254224863000047;1
100423;5201114601400886477;5;3;15;0;2020;11;9;7;3;1;6;0;1;0;0;0;0;0;355252,979000000280000;5651496,268699999900000;6,937232146000042;50,996817986000053;0
100425;5201116501123386200;5;1;12;0;2020;11;11;2;2;5;2;0;1;0;0;0;1;0;340527,789400000130000;5705526,101900000100000;6,703500085000030;51,478383119000057;0
100430;5201114601400473837;5;3;15;0;2020;11;16;7;3;5;3;1;1;1;0;0;0;0;356319,688900000420000;5647778,835899999400000;6,953892720000056;50,963677537000081;0
100431;5201116702100044586;5;5;15;0;2020;11;8;2;3;1;3;0;1;1;0;0;0;0;404072,272499999960000;5754980,064200000800000;7,604583081000044;51,937261215000035;0
100433;5201119602600969700;5;3;62;20;2020;11;8;5;3;5;3;0;1;1;0;0;0;0;342580,186999999920000;5632412,161000000300000;6,765007019000052;50,822005647000026;0
100436;5201119502409055639;5;1;17;0;2020;11;16;5;3;0;5;2;1;1;0;0;0;0;349113,472400000320000;5700126,383700000100000;6,829344514000070;51,432220102000031;1
100437;5201114601200957560;5;3;15;0;2020;11;14;7;3;5;3;0;1;1;0;0;0;0;352779,581000000240000;5641121,312799999500000;6,906203981000033;50,902955411000050;0
100444;5201117518200079044;5;1;70;24;2020;11;7;3;3;0;3;1;1;1;0;0;0;0;332780,804200000130000;5698475,387199999800000;6,595373124000048;51,412803603000043;1
100455;5201117406220032575;5;7;58;24;2020;11;7;3;3;5;2;1;1;1;0;0;0;0;478554,388000000270000;5782201,013000000300000;8,686282654000024;52,189853738000068;1
100456;5201119601210870204;5;3;15;0;2020;11;19;5;3;1;5;2;1;1;0;0;0;0;354037,015499999750000;5642085,489900000400000;6,923689266000054;50,911939470000050;1
100460;5201114513210671841;5;1;62;24;2020;11;15;7;3;0;6;0;1;1;0;0;0;0;342117,884800000120000;5671984,974600000300000;6,741240963000053;51,177463665000062;0
100461;5201118302100977931;5;9;14;0;2020;11;15;4;3;0;3;0;1;1;0;0;0;0;396323,201000000350000;5693058,254000000700000;7,510267161000058;51,379293104000055;0
100465;5201114505200585957;5;1;14;0;2020;11;13;7;3;5;2;0;1;1;0;0;0;0;336201,259800000120000;5691184,641499999900000;6,647876128000064;51,348299611000073;0
100471;5201116701500890207;5;5;62;24;2020;11;10;2;3;0;1;0;1;0;0;0;0;0;370243,746899999680000;5725402,332499999600000;7,123813367000025;51,664604535000080;1
100476;5201118500200056862;5;1;11;0;2020;11;7;4;3;0;1;1;1;0;0;0;0;0;347153,343700000080000;5677513,877100000200000;6,810869364000041;51,228512536000039;0
100484;5201118502101680547;5;1;13;0;2020;11;10;4;3;0;7;0;1;0;0;0;0;0;362067,521999999880000;5702680,747400000700000;7,014580228000057;51,458476309000048;0
100492;5201118702100360729;5;5;15;0;2020;11;12;4;3;5;3;0;1;1;0;0;0;0;403501,920199999590000;5760698,935599999500000;7,594682243000023;51,988565599000026;0
100496;5201118601620452209;5;3;15;0;2020;11;8;4;3;5;3;0;1;1;0;0;0;0;366280,605700000190000;5642807,071799999100000;7,097481441000070;50,921391368000059;0
100497;5201114410110279180;5;7;70;24;2020;11;6;7;3;5;3;2;1;1;0;0;0;0;489175,158999999990000;5795412,117000000600000;8,841224295000075;52,308939496000050;1
100510;5201117701300177207;5;5;62;14;2020;11;6;3;3;2;6;2;1;1;0;0;0;0;356685,334900000130000;5714586,773800000500000;6,932321785000056;51,564125286000035;0
100513;5201114404302676064;5;7;66;44;2020;11;15;7;2;3;2;0;1;1;0;0;0;0;493902,058899999600000;5763272,990299999700000;8,911134444000027;52,020059246000073;0
100514;5201116701500465801;5;5;62;24;2020;11;14;2;2;5;3;0;1;1;0;0;0;0;365798,103299999610000;5724189,510800000300000;7,060037049000073;51,652661626000054;1
100519;5201117706200079214;5;5;58;16;2020;11;5;3;3;5;2;2;1;1;0;0;0;0;382029,248599999580000;5742852,665999999300000;7,288219354000034;51,824034678000032;1
100521;5201118701500643208;5;5;62;24;2020;11;18;4;3;5;3;2;1;1;0;0;0;0;371364,574099999850000;5725612,704299999400000;7,139933076000034;51,666752783000049;0
100522;5201114404302521336;5;7;66;8;2020;11;12;7;3;5;3;0;1;1;0;0;0;0;483484,232400000100000;5769657,582900000700000;8,759007416000031;52,077249546000075;0
100528;5201119508000476339;5;1;19;0;2020;11;16;5;3;5;2;0;1;1;0;0;0;0;350585,191999999810000;5704736,585999999200000;6,848553400000071;51,474034884000048;1
100534;5201114400200764182;5;7;11;0;2020;11;15;7;3;0;4;0;1;0;1;0;0;0;471925,860799999910000;5760770,309200000000000;8,591084877000071;51,996881534000067;0
100541;5201117410110087134;5;7;70;24;2020;11;7;3;3;0;1;0;1;0;0;0;0;0;496512,297600000170000;5794279,617499999700000;8,948855005000041;52,298853401000031;1
100552;5201116709110072341;5;5;66;12;2020;11;18;2;2;5;2;2;1;1;0;0;0;0;404402,849999999630000;5772415,987999999900000;7,604522006000025;52,094036977000030;1
100555;5201118316300474488;5;9;74;28;2020;11;16;4;2;0;7;0;1;0;0;0;0;0;455927,067699999550000;5728411,890100000400000;8,362192453000034;51,704919642000050;0
100558;5201114301102878015;5;9;13;0;2020;11;16;7;3;1;3;1;1;1;0;0;0;0;396220,338999999690000;5704360,519999999600000;7,505478102000041;51,480867897000053;0
100564;5201116701500073209;5;5;62;24;2020;11;15;2;3;5;3;0;1;1;0;0;0;0;365111,400000000370000;5721199,900200000000000;7,051268822000054;51,625631727000041;1
100567;5201114300200565618;5;9;11;0;2020;11;14;7;3;1;5;0;1;1;0;0;0;0;372476,551900000310000;5701505,384800000100000;7,164747019000060;51,450353808000045;0
100573;5201116310140633209;5;9;54;28;2020;11;8;2;3;5;2;0;1;0;0;1;0;0;379181,839200000280000;5693763,997199999200000;7,263835590000042;51,382246859000077;1
100574;5201116606210676573;5;3;78;32;2020;11;18;2;3;4;3;2;1;0;0;0;0;1;374053,818199999630000;5666564,132099999100000;7,199761104000061;51,136669771000072;1
100575;5201118705000186828;5;5;54;48;2020;11;14;4;2;5;3;0;1;1;0;0;0;0;340100,759700000290000;5744162,106200000300000;6,679691156000047;51,825375041000029;0
100581;5201113705000486945;5;5;54;48;2020;11;6;6;2;6;7;2;1;0;1;0;0;0;340223,612499999810000;5745454,838300000900000;6,680875555000057;51,837023893000037;1
100586;5201113705000065869;5;5;54;8;2020;11;17;6;3;5;2;2;1;1;0;0;0;0;335304,969999999740000;5742646,081000000200000;6,610884278000071;51,810363029000030;1
100591;5201113702100455922;5;5;15;0;2020;11;10;6;3;6;7;0;1;0;1;0;0;0;406337,362700000410000;5758881,765499999700000;7,636458526000070;51,972717453000030;0
100593;5201113702100374776;5;5;15;0;2020;11;8;6;3;5;3;0;1;1;0;0;0;0;403052,591000000010000;5758116,297000000300000;7,588870361000033;51,965273919000026;0
100594;5201118300800277902;5;9;54;36;2020;11;12;4;3;5;3;0;1;1;0;0;0;0;381874,107200000440000;5694352,936799999300000;7,302309294000054;51,388106910000033;0
100597;5201116605128471670;5;3;74;28;2020;11;17;2;3;5;3;2;1;1;0;0;0;0;410134,923600000330000;5635546,546800000600000;7,723007327000062;50,864614745000040;1
100599;5201118701910449495;5;5;62;8;2020;11;12;4;3;5;3;0;1;1;0;0;0;0;385060,688000000080000;5723616,107999999100000;7,338540182000031;51,651776746000053;0
100600;5201113702100219209;5;5;15;0;2020;11;13;6;2;4;2;0;1;1;0;0;0;0;406994,699799999590000;5751289,994799999500000;7,648078170000076;51,904588884000077;0
100603;5201118601600990171;5;3;15;0;2020;11;14;4;2;5;3;0;1;1;0;0;0;0;360973,196000000460000;5640912,078999999900000;7,022738415000049;50,903106142000070;0
100605;5201117300120471204;5;9;11;0;2020;11;13;3;3;5;3;0;1;1;0;0;0;0;380821,568500000050000;5707811,673800000900000;7,282656375000045;51,508850944000073;1
100608;5201118405108968213;5;7;54;8;2020;11;16;4;3;0;1;0;1;0;0;0;0;0;457472,555999999870000;5751131,809000000400000;8,381768548000025;51,909307648000038;0
100611;5201118602200915186;5;3;62;4;2020;11;12;4;3;5;3;0;1;1;0;0;0;0;328267,797399999570000;5653394,038400000000000;6,552118690000043;51,006448911000064;0
100617;5201119516300785462;5;1;58;28;2020;11;6;5;3;5;3;2;1;1;0;0;0;0;351429,865199999880000;5684848,106799999300000;6,869026814000051;51,295546279000064;1
100627;5201117705000579162;5;5;54;12;2020;11;10;3;3;5;3;0;1;1;0;0;0;0;352236,338700000200000;5745919,634600000500000;6,854902240000058;51,844507527000076;1
100629;5201118609224705846;5;3;58;24;2020;11;7;4;3;3;6;0;1;1;0;0;0;0;315041,603900000450000;5644230,020999999700000;6,368455165000057;50,920028277000029;0
100634;5201113608332878363;5;3;34;32;2020;11;18;6;3;0;1;2;1;0;0;0;0;0;304798,247700000180000;5626886,415400000300000;6,232131286000026;50,760870634000071;1
100643;5201117601600581749;5;3;15;0;2020;11;15;3;3;5;3;0;1;1;0;0;0;0;362401,938199999740000;5645122,010299999300000;7,041457017000028;50,941284606000067;0
100655;5201119606100669781;5;3;78;4;2020;11;12;5;3;0;1;0;1;0;0;0;0;0;369424,579099999740000;5650534,839800000200000;7,139415018000022;50,991567301000032;1
100660;5201113608100775542;5;3;34;2;2020;11;15;6;3;5;3;0;1;1;0;0;0;0;291964,942499999890000;5625027,847999999300000;6,051460023000061;50,739721075000034;0
100662;5201116301101581201;5;9;13;0;2020;11;18;2;3;1;5;2;1;1;0;0;0;0;393809,944699999880000;5708625,654699999800000;7,469495531000064;51,518757739000080;0
100665;5201116300500976699;5;9;11;0;2020;11;7;2;3;1;5;0;1;1;0;0;0;0;376548,004599999640000;5702384,236500000600000;7,223003776000041;51,459154780000063;0
100667;5201119709300687315;5;5;66;84;2020;11;18;5;3;5;3;2;1;1;0;0;0;0;389826,780000000260000;5775787,855000000400000;7,390742013000022;52,121630798000069;0
100677;5201117407101682069;5;7;62;20;2020;11;11;3;2;5;3;0;1;1;0;0;0;0;524640,827899999920000;5735958,515200000300000;9,357135873000061;51,773962699000037;1
100678;5201119601600481854;5;3;15;0;2020;11;10;5;3;0;5;0;1;1;0;0;0;1;359449,835300000380000;5644797,178999999500000;6,999589794000031;50,937653261000037;0