OBJECTID;UIDENTSTLAE;ULAND;UREGBEZ;UKREIS;UGEMEINDE;UJAHR;UMONAT;USTUNDE;UWOCHENTAG;UKATEGORIE;UART;UTYP1;ULICHTVERH;IstRad;IstPKW;IstFuss;IstKrad;IstGkfz;IstSonstige;LINREFX;LINREFY;XGCSWGS84;YGCSWGS84;STRZUSTAND
100681;5201119502210981106;5;1;13;0;2020;11;18;5;3;0;1;2;1;0;0;0;0;0;362359,373800000180000;5700202,952299999100000;7,019742249000046;51,436280812000064;1
100687;5201113601600058715;5;3;15;0;2020;11;12;6;3;0;5;0;1;1;0;0;0;0;359313,894000000320000;5644781,575200000800000;6,997662267000067;50,937479878000033;0
100689;5201117514219485956;5;1;66;36;2020;11;7;3;3;1;3;1;1;0;0;0;1;0;327714,873200000260000;5678594,712899999700000;6,532205507000072;51,232686649000073;0
100690;5201119705000087233;5;5;54;56;2020;11;11;5;2;5;3;0;1;1;0;0;0;0;358676,942800000310000;5761576,662200000100000;6,941909963000057;51,986857942000029;0
100695;5201117303100079237;5;9;15;0;2020;11;7;3;3;5;3;2;1;1;0;0;0;0;416818,888700000010000;5723502,508700000100000;7,797505620000038;51,656352301000027;1
100698;5201118500300041209;5;1;11;0;2020;11;11;4;3;6;4;0;1;0;1;0;0;0;350390,795099999760000;5669274,947000000600000;6,860634795000067;51,155335998000055;0
100705;5201117706300991864;5;5;58;36;2020;11;18;3;3;2;6;2;1;1;0;0;0;0;389728,754700000400000;5731379,779600000000000;7,403535634000036;51,722491286000036;0
100708;5201118701700076631;5;5;62;16;2020;11;16;4;2;5;3;1;1;1;0;0;0;0;375863,552299999630000;5736773,832499999600000;7,200976149000042;51,768069433000051;0
100714;5201123705000981092;5;5;54;4;2020;11;8;2;2;5;3;0;1;1;0;0;0;0;365380,333800000140000;5772029,782400000800000;7,035353806000046;52,082450692000066;1
100715;5201123501318685989;5;1;12;0;2020;11;16;2;3;3;2;0;1;0;0;0;1;0;344770,127700000070000;5698963,920099999800000;6,767420676000029;51,420602170000052;0
100716;5201123600110731201;5;3;14;0;2020;11;15;2;3;3;2;0;1;0;0;0;0;1;364911,775700000110000;5623305,875499999200000;7,085205214000041;50,745801362000066;0
100721;5201123410250087105;5;7;70;44;2020;11;11;2;2;5;3;0;1;1;0;0;0;0;467353,307000000030000;5807552,402000000700000;8,519974249000029;52,417217884000081;0
100722;5201123410210887035;5;7;70;20;2020;11;17;2;3;0;3;2;1;1;0;0;0;0;474822,912299999970000;5797304,849899999800000;8,630571332000045;52,325485178000065;0
100726;5201123405228882007;5;7;54;28;2020;11;15;2;3;4;2;0;1;1;0;0;0;0;452333,078999999910000;5744820,063999999300000;8,307932241000060;51,852145877000055;0
100728;5201123405112038700;5;7;54;12;2020;11;7;2;3;5;3;2;1;1;0;0;0;0;454821,986999999730000;5763123,642000000900000;8,341661671000054;52,016910610000082;1
100729;5201123405108770311;5;7;54;8;2020;11;15;2;2;6;4;1;1;0;1;0;0;0;457870,925999999980000;5748709,410000000100000;8,387855446000060;51,887559100000033;0
100730;5201123405108238629;5;7;54;8;2020;11;7;2;3;4;6;0;1;0;0;0;0;1;455851,974700000140000;5750726,230100000300000;8,358263315000045;51,905535182000051;0
100735;5201123400200739926;5;7;11;0;2020;11;12;2;3;0;1;0;1;0;0;0;0;0;473757,605100000280000;5764223,351800000300000;8,617499935000069;52,028016534000074;0
100743;5201123316200689217;5;9;74;52;2020;11;17;2;3;0;3;2;1;1;0;0;0;0;425022,062400000170000;5711512,856000000600000;7,918633034000038;51,549719975000073;0
100744;5201123315230590601;5;9;70;28;2020;11;16;2;3;4;3;1;1;1;0;0;0;0;458063,444799999710000;5641355,933000000200000;8,403347896000071;50,922318086000075;0
100750;5201123303100275406;5;9;15;0;2020;11;14;2;3;5;3;0;1;1;0;0;0;0;419847,653800000440000;5726975,062999999200000;7,840483737000056;51,688009329000067;0
100753;5201123303100071304;5;9;15;0;2020;11;17;2;3;3;2;2;1;1;0;0;0;0;418489,014000000430000;5725881,200999999400000;7,821088990000021;51,677980400000081;0
100756;5201123301301010019;5;9;78;24;2020;11;16;2;3;8;6;1;1;1;0;0;0;0;391821,008700000120000;5717491,164100000600000;7,438112780000040;51,598066176000032;0
100759;5201123300100939195;5;9;11;0;2020;11;20;2;2;5;3;2;1;1;0;0;0;0;375830,975499999710000;5705049,995200000700000;7,211751387000049;51,482956165000076;0
100774;5201122705000876771;5;5;54;8;2020;11;18;1;2;5;3;2;1;1;0;0;0;0;336809,920800000430000;5743898,150000000400000;6,632105531000036;51,822052381000049;1
100788;5201123701200668208;5;5;62;20;2020;11;13;2;3;0;1;0;1;0;0;0;0;0;370823,923100000250000;5717581,865900000600000;7,135082521000072;51,594457599000066;0
100798;5201123502337386697;5;1;13;0;2020;11;16;2;3;3;2;2;1;1;0;0;0;0;364240,386300000360000;5705556,868699999500000;7,044732055000054;51,484847944000080;0
100813;5201122314210978656;5;9;66;4;2020;11;8;1;3;0;7;1;1;0;0;0;0;0;422968,783099999650000;5663998,037100000300000;7,899304074000042;51,122270668000056;1
100814;5201123705000016030;5;5;54;12;2020;11;17;2;3;5;3;2;1;1;0;0;0;0;352820,690600000320000;5746079,385399999100000;6,863310959000046;51,846097213000064;0
100816;5201122313121579616;5;9;58;32;2020;11;18;1;2;5;2;2;1;1;0;0;0;0;450343,478199999780000;5690101,746600000200000;8,286798309000062;51,360007691000078;1
100818;5201123705000981780;5;5;54;4;2020;11;12;2;3;3;6;0;1;0;0;0;0;0;363101,332799999970000;5772350,916999999400000;7,001986750000071;52,084777350000081;0
100828;5201123702100470562;5;5;15;0;2020;11;13;2;3;5;2;0;1;1;0;0;0;0;405640,524600000120000;5756985,631999999300000;7,626838090000035;51,955556316000070;0
100832;5201123518110542853;5;1;70;12;2020;11;6;2;3;5;2;2;1;1;0;0;0;0;334716,195100000130000;5734863,342399999500000;6,606055796000021;51,740273532000060;1
100839;5201123700100886203;5;5;13;0;2020;11;19;2;3;3;2;2;1;1;0;0;0;0;368371,621899999680000;5708855,886900000300000;7,102965371000039;51,515472175000070;0
100841;5201123513130591308;5;1;62;22;2020;11;12;2;3;5;6;0;1;0;0;0;0;0;334505,097000000070000;5682999,550899999200000;6,627339683000059;51,274271017000046;0
100844;5201123711412036320;5;5;70;28;2020;11;12;2;2;3;6;0;1;1;0;0;0;0;440846,891999999990000;5741984,187999999200000;8,141669491000073;51,825551644000029;0
100847;5201121602100580763;5;3;62;8;2020;11;22;7;3;0;7;2;1;0;0;0;0;0;335639,598699999970000;5644034,148499999200000;6,661329572000057;50,924503347000041;0
100849;5201121601610567767;5;3;15;0;2020;11;13;7;3;5;3;0;1;1;0;0;0;0;362403,955699999820000;5645122,396099999500000;7,041485570000020;50,941288555000028;0
100850;5201121601420512200;5;3;15;0;2020;11;11;7;3;3;2;0;1;1;0;0;0;0;356244,825000000190000;5648432,039400000100000;6,952569195000024;50,969529075000025;0
100854;5201121601310454203;5;3;15;0;2020;11;12;7;2;5;2;0;1;1;0;0;0;0;352389,862399999980000;5647326,750299999500000;6,898152395000068;50,958621434000065;0
100860;5201121516130698209;5;1;58;32;2020;11;17;7;2;0;1;2;1;0;0;0;0;0;369999,964999999850000;5693301,676000000900000;7,132133337000028;51,376063323000039;0
100869;5201121502409885453;5;1;17;0;2020;11;11;7;3;5;2;0;1;1;0;0;0;0;348737,221099999730000;5700189,072599999600000;6,823909175000040;51,432683068000074;0
100870;5201123600110578215;5;3;14;0;2020;11;16;2;3;3;6;0;1;1;0;0;0;0;365780,269999999550000;5622348,315999999600000;7,097857161000036;50,737396306000051;0
100871;5201121502249780348;5;1;13;0;2020;11;13;7;3;7;1;0;1;0;0;0;0;0;356127,741499999540000;5693156,673399999700000;6,933005754000021;51,371414654000034;0
100878;5201124310110385194;5;9;54;16;2020;11;11;3;3;5;3;0;1;1;0;0;0;0;374651,200000000190000;5695259,309000000400000;7,198236079000026;51,394703466000067;0
100892;5201123701800751206;5;5;62;4;2020;11;17;2;3;0;7;2;1;0;1;0;0;0;384408,610200000000000;5713849,054700000200000;7,332338861000039;51,563859291000028;0
100898;5201121300100039605;5;9;11;0;2020;11;8;7;3;0;1;0;1;0;0;0;0;0;376128,142400000240000;5703967,981899999100000;7,216408314000034;51,473296842000082;0
100906;5201123505100486009;5;1;14;0;2020;11;14;2;3;5;2;0;1;1;0;0;0;0;331092,037999999710000;5687815,321000000500000;6,576175486000068;51,316534469000032;0
100907;5201120702100852432;5;5;15;0;2020;11;20;6;3;5;2;2;1;1;0;0;0;0;407194,286999999550000;5761114,217399999500000;7,648325901000021;51,992927565000059;0
100909;5201123711213774480;5;5;70;4;2020;11;13;2;3;3;2;0;1;0;0;0;1;0;424885,479000000280000;5735160,623999999800000;7,911582502000044;51,762292195000043;0
100917;5201120608200747202;5;3;34;2;2020;11;6;6;3;4;6;2;1;0;0;0;0;0;295949,357099999670000;5629633,208499999700000;6,105301820000022;50,782497107000040;1
100918;5201120607500386343;5;3;82;60;2020;11;11;6;3;3;2;0;1;1;0;0;0;0;373084,033999999990000;5629779,537000000500000;7,198744781000073;50,805833300000074;0
100924;5201120602700480206;5;3;62;28;2020;11;12;6;3;5;3;0;1;1;0;0;0;0;349517,793999999760000;5639353,848999999500000;6,860576598000023;50,886231404000057;0
100930;5201120601610369207;5;3;15;0;2020;11;13;6;3;5;3;0;1;1;0;0;0;0;361368,313699999820000;5645400,721699999600000;7,026647838000031;50,943541861000028;0
100931;5201120601500290329;5;3;15;0;2020;11;11;6;3;4;2;0;1;1;0;0;0;0;360492,708300000060000;5646622,705800000600000;7,013723843000037;50,954312833000074;0
100935;5201120601500190551;5;3;15;0;2020;11;8;6;3;2;6;1;1;1;0;1;0;0;358981,036299999800000;5644720,620799999700000;6,992951511000058;50,936850775000039;0
100936;5201120601400680828;5;3;15;0;2020;11;17;6;3;3;2;2;1;1;0;0;0;0;356443,669999999930000;5646996,482699999600000;6,955965731000049;50,956677566000053;0
100941;5201120518200591559;5;1;70;24;2020;11;10;6;3;5;3;0;1;1;0;0;0;0;335939,468799999920000;5702518,476099999600000;6,638880555000071;51,450050203000046;0
100942;5201120516800578607;5;1;58;20;2020;11;16;6;3;5;2;0;1;1;0;0;0;0;356386,180300000120000;5666446,293700000300000;6,947434839000039;51,131452432000060;0
100943;5201123701120669604;5;5;62;32;2020;11;18;2;3;6;4;2;1;0;1;0;0;0;376098,137900000440000;5714854,923900000800000;7,212148004000028;51,571134719000042;0
100945;5201123513210171665;5;1;62;24;2020;11;15;2;2;0;1;0;1;0;0;0;0;0;335738,906000000420000;5677802,634999999800000;6,647397559000069;51,227936228000033;0
100950;5201120515111063498;5;1;54;44;2020;11;12;6;2;0;1;0;1;0;0;0;0;0;324522,626000000160000;5738797,358999999200000;6,456580247000034;51,772512156000062;0
100959;5201120506100891430;5;1;16;0;2020;11;6;6;3;0;2;2;1;0;0;0;1;0;319648,964999999850000;5675510,680299999200000;6,418344284000057;51,202490879000038;0
100960;5201123709700570260;5;5;66;72;2020;11;7;2;3;5;3;1;1;1;0;0;0;0;412737,122999999670000;5802961,825999999400000;7,718262782000068;52,369971197000041;0
100963;5201123600370616202;5;3;82;4;2020;11;7;2;3;5;7;2;1;0;0;0;0;1;360516,235200000000000;5623579,843800000800000;7,022836271000074;50,747224305000032;1
100976;5201127506100482235;5;1;16;0;2020;11;11;6;3;3;2;0;1;1;0;0;0;0;321640,346300000320000;5673497,190199999100000;6,447819716000026;51,185028319000025;0
100981;5201127503400478762;5;1;22;0;2020;11;12;6;3;5;2;0;1;1;0;0;0;0;365744,925999999980000;5669867,573999999100000;7,079833263000069;51,164470683000047;0
100988;5201127410110679180;5;7;70;24;2020;11;19;6;3;5;2;2;1;1;0;0;0;0;492553,984000000170000;5794064,142599999900000;8,890813637000065;52,296876780000048;0
100993;5201127317250418815;5;9;78;32;2020;11;14;6;3;5;3;0;1;1;0;0;0;0;393866,533999999990000;5724124,984999999400000;7,465623928000071;51,658082155000045;0
100997;5201127316100263327;5;9;74;24;2020;11;10;6;3;5;3;0;1;1;0;0;0;0;431657,654600000010000;5725220,763900000600000;8,011645663000024;51,673799906000056;0
101004;5201127602500257205;5;3;62;24;2020;11;8;6;3;0;7;0;1;0;0;0;0;0;346488,934200000020000;5644880,340099999700000;6,815223310000022;50,935096152000028;0
101014;5201127300110938209;5;9;11;0;2020;11;7;6;3;5;2;2;1;1;0;0;0;0;375269,960400000210000;5704661,913899999100000;7,203813120000064;51,479344903000026;0
101019;5201126709700670260;5;5;66;28;2020;11;14;5;3;0;7;0;1;1;0;0;0;0;412106,264999999660000;5792686,320000000300000;7,711684874000071;52,277512233000039;1
101024;5201126702100751212;5;5;15;0;2020;11;8;5;3;5;3;0;1;0;0;0;0;0;406159,190399999730000;5758550,787300000000000;7,633955969000056;51,969712417000039;1
101026;5201126702100068301;5;5;15;0;2020;11;8;5;2;5;3;0;1;0;0;1;0;0;405373,930499999780000;5755851,778300000400000;7,623271881000051;51,945319445000052;1
101027;5201126702100068200;5;5;15;0;2020;11;18;5;3;5;3;2;1;1;0;0;0;0;402897,277999999930000;5755015,423000000400000;7,587486567000042;51,937375236000037;1
101034;5201127701200699207;5;5;62;20;2020;11;8;6;3;5;3;0;1;1;0;0;0;0;371910,590400000100000;5718194,881999999300000;7,150538095000059;51,600214836000077;0
101041;5201126601210041200;5;3;15;0;2020;11;8;5;3;3;6;1;1;1;0;0;0;0;354380,500000000000000;5643964,077400000800000;6,927821843000061;50,928908605000061;0
101042;5201126601100681761;5;3;15;0;2020;11;14;5;3;1;5;0;1;1;1;0;0;0;355530,213700000200000;5644713,638399999600000;6,943873952000047;50,935933859000045;0
101044;5201126600320185748;5;3;82;72;2020;11;17;5;3;5;2;2;1;1;0;0;0;0;364303,815700000150000;5611083,834599999700000;7,081081173000030;50,635808871000052;0
101048;5201127607500578578;5;3;82;56;2020;11;11;6;2;5;2;0;1;1;0;0;0;0;370928,128999999720000;5627204,463999999700000;7,169068421000077;50,782211673000063;0
101049;5201126516300981569;5;1;58;28;2020;11;15;5;3;5;3;0;1;0;0;0;0;1;348757,798799999990000;5688698,961999999400000;6,829096974000038;51,329444902000034;0
101056;5201126513130382323;5;1;62;22;2020;11;8;5;3;5;3;1;1;1;0;0;0;0;338867,242200000210000;5680141,745500000200000;6,691110893000030;51,249844453000037;0
101059;5201126505200791475;5;1;14;0;2020;11;7;5;3;0;3;0;1;1;0;0;0;0;328357,159699999730000;5692165,871400000500000;6,534872196000038;51,354799918000026;0
101062;5201126505200075930;5;1;14;0;2020;11;8;5;2;5;3;0;1;0;0;0;1;0;335223,370099999940000;5692374,114600000900000;6,633295761000056;51,358703498000068;0
101064;5201126505100679546;5;1;14;0;2020;11;18;5;3;5;2;2;1;1;0;0;0;0;333465,577100000340000;5690046,997700000200000;6,609160727000074;51,337283866000064;0
101066;5201126502350581343;5;1;13;0;2020;11;5;5;3;0;5;2;1;1;0;0;0;0;359727,558100000020000;5705763,324500000100000;6,979697112000054;51,485601918000043;0
101069;5201126502208475243;5;1;13;0;2020;11;4;5;3;0;1;2;1;0;0;0;0;0;360589,214700000360000;5700281,735799999900000;6,994260334000046;51,436555960000078;0
101071;5201126500300540989;5;1;11;0;2020;11;11;5;3;0;1;0;1;0;0;0;0;0;347646,382799999790000;5675181,572399999900000;6,818916336000029;51,207687111000041;0
101075;5201126500100231208;5;1;11;0;2020;11;15;5;3;5;2;0;1;1;0;0;0;0;343093,645999999720000;5677981,782500000700000;6,752567223000028;51,231615182000041;0
101079;5201126410240379219;5;7;70;40;2020;11;17;5;2;5;3;2;1;1;0;0;0;0;474096,983000000010000;5811946,358999999200000;8,618787511000051;52,457080905000055;1
101080;5201126406110678058;5;7;58;12;2020;11;15;5;3;5;2;1;1;1;0;0;0;0;476091,245299999600000;5774548,102600000800000;8,650790047000044;52,120948546000079;1
101082;5201126405236072225;5;7;54;36;2020;11;7;5;3;5;3;1;1;1;0;0;0;0;475887,971599999820000;5750811,453400000900000;8,649492718000033;51,907529023000052;0
101084;5201126405108081985;5;7;54;8;2020;11;14;5;3;0;1;0;1;0;0;0;0;0;456813,919999999930000;5752010,645999999700000;8,372084219000044;51,917158199000028;1
101087;5201126404101868116;5;7;66;20;2020;11;13;5;3;5;2;0;1;0;0;0;0;1;485014,165000000040000;5755081,645099999400000;8,781969375000074;51,946242635000033;0
101100;5201126301301609284;5;9;78;24;2020;11;12;5;3;5;3;0;1;1;0;0;0;0;391950,707000000400000;5716965,418999999800000;7,440146534000064;51,593365546000030;0
101102;5201126301101884939;5;9;13;0;2020;11;13;5;3;5;3;0;1;1;0;0;0;0;391931,518000000160000;5706003,004000000700000;7,443236387000070;51,494828056000074;0
101107;5201125705000081092;5;5;54;4;2020;11;12;4;3;5;2;0;1;1;0;0;0;0;362700,780600000170000;5771258,494699999700000;6,996584295000048;52,074862371000052;0
101111;5201125702100087860;5;5;15;0;2020;11;16;4;3;5;3;2;1;1;0;0;0;0;404761,671000000090000;5761472,832000000400000;7,612807380000049;51,995739070000070;0
101114;5201125610212326493;5;3;70;40;2020;11;6;4;3;5;2;2;1;1;0;0;0;0;312640,625000000000000;5665603,096000000800000;6,323296093000067;51,111241599000039;1
101115;5201125610122973703;5;3;70;28;2020;11;14;4;3;0;1;0;1;0;0;0;0;0;297503,091000000010000;5644962,883999999600000;6,118837109000026;50,920723407000025;0
101117;5201125608332331202;5;3;34;32;2020;11;17;4;3;1;5;2;1;1;0;0;0;0;303121,836099999960000;5629860,498800000200000;6,206798730000060;50,787018069000055;0
101118;5201127601300390341;5;3;15;0;2020;11;7;6;2;3;6;1;1;0;0;0;0;0;353675,083999999800000;5646344,026000000500000;6,916834931000039;50,950117857000066;0
101119;5201125608200580709;5;3;34;2;2020;11;14;4;3;5;2;0;1;1;0;0;0;0;297403,508000000380000;5627742,274000000200000;6,126944365000043;50,766023446000077;0
101123;5201127603116781241;5;3;66;16;2020;11;7;6;3;5;3;0;1;1;0;0;0;0;342907,141900000160000;5615123,405099999200000;6,777017342000022;50,666735973000073;0
101125;5201125602500525962;5;3;62;24;2020;11;12;4;3;5;2;0;1;1;0;0;0;0;347309,772199999540000;5642431,700600000100000;6,827921827000068;50,913310223000053;0
101131;5201125601200325869;5;3;15;0;2020;11;14;4;3;5;3;0;1;0;0;0;0;1;354606,402999999930000;5643340,918500000600000;6,931282716000055;50,923365417000070;0
101132;5201125600370419400;5;3;82;4;2020;11;6;4;3;5;3;2;1;1;0;0;0;0;359690,281100000250000;5623077,645899999900000;7,011327261000076;50,742511786000080;0
101136;5201125600310023207;5;3;14;0;2020;11;17;4;3;6;6;2;1;0;1;0;0;0;363892,094700000250000;5617107,169299999300000;7,073047289000044;50,689850227000079;0
101140;5201127711213479615;5;5;70;4;2020;11;11;6;3;1;3;0;1;1;0;0;0;0;423989,718399999660000;5733468,854100000100000;7,898975341000039;51,746962854000060;0
101141;5201125518200778564;5;1;70;24;2020;11;14;4;3;5;3;0;1;1;0;0;0;0;334620,139800000000000;5709037,793199999300000;6,616858490000027;51,508235898000066;0
101158;5201125501133769458;5;1;12;0;2020;11;10;4;3;3;2;0;1;1;0;0;0;0;342128,905000000260000;5710701,966000000000000;6,724221247000060;51,525335441000038;0
101163;5201125411216538051;5;7;74;16;2020;11;9;4;3;0;1;0;1;0;0;0;0;0;469495,407999999820000;5711651,131999999300000;8,560001288000024;51,555121084000064;1
101168;5201125405244482479;5;7;54;44;2020;11;14;4;3;4;6;0;1;0;0;0;0;0;464716,428899999710000;5747727,300899999200000;8,487417807000043;51,879204525000034;0
101170;5201125405108082150;5;7;54;8;2020;11;15;4;2;5;3;0;1;0;0;0;0;0;457398,126000000160000;5754931,683000000200000;8,380216224000037;51,943464899000048;1
101173;5201125400200990812;5;7;11;0;2020;11;5;4;3;5;3;2;1;1;0;0;0;0;470167,492999999780000;5762481,274000000200000;8,565325074000043;52,012172601000032;0
101176;5201125317140869218;5;9;78;28;2020;11;19;4;3;5;3;2;1;1;0;0;0;0;400072,945899999700000;5700100,993100000500000;7,562143938000077;51,443273017000081;0
101177;5201125317120077831;5;9;78;16;2020;11;17;4;3;5;3;2;1;1;0;0;0;0;404747,171000000090000;5708352,449100000800000;7,627154826000037;51,518252264000068;0
101178;5201125316300990591;5;9;74;28;2020;11;7;4;3;0;7;1;1;0;0;0;0;0;445322,412600000390000;5723173,931399999200000;8,209560370000077;51,656894065000074;2
101182;5201125310230277970;5;9;54;12;2020;11;14;4;3;6;4;0;1;0;1;0;0;0;386795,171199999750000;5688015,280700000000000;7,375020385000028;51,332145081000078;0
101185;5201125302100185301;5;9;14;0;2020;11;16;4;2;0;1;1;1;0;0;0;0;0;392122,312099999750000;5693460,836699999900000;7,449805557000047;51,382128971000043;0
101211;5201124702100842009;5;5;15;0;2020;11;12;3;3;5;3;0;1;1;0;0;0;0;405508,583899999970000;5751882,204900000200000;7,626320284000030;51,909661896000046;0
101212;5201124701800017209;5;5;62;4;2020;11;16;3;3;5;2;1;1;1;0;0;0;0;383206,475899999960000;5718003,711500000200000;7,313621440000077;51,600952443000040;0
101213;5201124701400932207;5;5;12;0;2020;11;10;3;3;1;5;0;1;1;0;0;0;0;356653,543300000020000;5711796,950799999800000;6,933000343000060;51,539048447000027;0
101214;5201127709700068331;5;5;66;28;2020;11;10;6;2;5;3;0;1;1;0;0;0;0;411938,477400000210000;5792077,039799999400000;7,709385276000035;52,272009015000037;0
101216;5201124701400526177;5;5;12;0;2020;11;14;3;3;5;2;0;1;1;0;0;0;0;356603,059999999590000;5711600,369999999200000;6,932352980000076;51,537269187000049;0
101217;5201124701120831206;5;5;62;32;2020;11;8;3;2;1;5;0;1;1;0;0;0;0;374184,622100000270000;5715667,926500000100000;7,184260388000041;51,578017492000072;0
101219;5201124610211577521;5;3;70;4;2020;11;6;3;3;5;2;2;1;1;0;0;0;0;306886,703300000170000;5664769,500900000300000;6,241639423000038;51,101844738000068;0
101237;5201127601600126274;5;3;15;0;2020;11;10;6;3;5;2;0;1;1;0;0;0;0;362417,283200000410000;5636751,381100000800000;7,044829938000021;50,866058074000080;0
101238;5201124513320567197;5;1;62;4;2020;11;7;3;3;5;2;1;1;1;0;0;0;0;349331,385800000280000;5661466,344799999100000;6,848759714000039;51,084890246000043;0
101243;5201124502339681125;5;1;13;0;2020;11;16;3;3;5;2;1;1;1;0;0;0;0;364538,436999999920000;5707115,115000000200000;7,048423992000039;51,498922625000034;0
101256;5201124406210164074;5;7;58;4;2020;11;17;3;2;0;7;2;1;0;0;0;0;0;471988,665799999610000;5783590,652699999500000;8,590123373000040;52,202052754000078;0
101265;5201201706300576763;5;5;58;24;2020;12;18;3;3;5;3;2;1;1;0;0;0;0;392765,864000000060000;5737071,014000000400000;7,445733053000026;51,774233335000076;1
101266;5201201706300136457;5;5;58;4;2020;12;18;3;3;0;7;2;1;0;1;0;0;0;404931,514100000260000;5738805,610099999200000;7,621529994000071;51,792023732000075;1
101273;5201201701300630203;5;5;62;14;2020;12;18;3;3;5;2;2;1;1;0;0;0;0;360100,992999999780000;5712851,970599999700000;6,982258214000069;51,549393898000062;1
101274;5201201701200418209;5;5;62;20;2020;12;7;3;3;5;3;2;1;1;0;0;0;0;371767,405000000260000;5718088,877000000300000;7,148510580000050;51,599229601000047;1
101278;5201201609224977577;5;3;58;24;2020;12;8;3;3;5;3;1;1;1;0;0;0;0;311713,930999999870000;5645329,733999999200000;6,320596878000060;50,928830655000070;1
101283;5201201608404892207;5;3;34;4;2020;12;7;3;3;5;2;2;1;1;0;0;0;0;300138,022900000210000;5638973,408399999100000;6,159554523000054;50,867846951000047;1
101291;5201201601600169934;5;3;15;0;2020;12;13;3;3;2;2;0;1;1;0;0;0;0;366934,553399999630000;5634868,320000000300000;7,109670903000051;50,850190875000067;1
101292;5201202300200554186;5;9;11;0;2020;12;15;4;2;0;1;1;1;0;0;0;0;0;373016,382000000220000;5704987,303999999500000;7,171260875000030;51,481767827000056;1
101295;5201201601500490625;5;3;15;0;2020;12;8;3;3;5;3;0;1;1;0;0;0;0;363798,484600000080000;5648824,517400000200000;7,059937279000053;50,974892140000065;1
101298;5201201601210685205;5;3;15;0;2020;12;8;3;3;5;3;0;1;0;0;0;0;0;353432,892599999900000;5641239,551699999700000;6,915441443000020;50,904184201000078;1
101299;5201201601200190453;5;3;15;0;2020;12;8;3;3;0;3;0;1;1;0;0;0;0;357512,575799999760000;5641223,210999999200000;6,973431986000037;50,905058631000031;1
101302;5201201601100669647;5;3;15;0;2020;12;7;3;3;0;1;1;1;0;0;0;0;0;355437,448900000190000;5645712,010600000600000;6,942158446000065;50,944882772000028;1
101305;5201201600130565614;5;3;82;8;2020;12;13;3;2;5;3;0;1;1;0;0;0;0;381119,512500000190000;5611996,351600000600000;7,318467159000022;50,647684343000037;1
101314;5201201518100179047;5;1;70;48;2020;12;7;3;3;3;2;1;1;1;0;0;0;0;334637,284699999730000;5727379,501100000000000;6,608463657000073;51,673018729000034;0
101320;5201201513320125204;5;1;62;4;2020;12;12;3;3;3;2;0;1;1;0;0;0;0;348889,289200000460000;5662797,987700000400000;6,841895156000021;51,096740076000060;1
101323;5201201513110474149;5;1;62;16;2020;12;20;3;2;2;2;2;1;1;0;0;0;0;333460,952499999660000;5678297,403799999500000;6,614572121000037;51,231721313000037;1
101324;5201201508000578000;5;1;19;0;2020;12;7;3;3;5;3;0;1;1;0;0;0;0;348622,805999999870000;5710019,435000000500000;6,818052224000041;51,520980779000070;1
101336;5201201501315503205;5;1;12;0;2020;12;15;3;3;0;2;2;1;1;0;0;0;0;346838,337000000290000;5700312,535000000100000;6,796559707000029;51,433282309000049;1
101342;5201201411224577875;5;7;74;24;2020;12;14;3;3;5;3;0;1;1;0;0;0;0;476580,218000000340000;5740883,449999999300000;8,660228582000059;51,818295775000081;1
101343;5201201411132890645;5;7;74;32;2020;12;6;3;3;5;2;2;1;1;0;0;0;0;481843,497100000270000;5727481,516400000100000;8,737286817000040;51,697991643000080;1
101345;5201201410110587060;5;7;70;24;2020;12;17;3;3;5;3;2;1;1;0;0;0;0;493670,878200000150000;5794656,372600000400000;8,907180315000062;52,302215220000051;1
101348;5201201406210586236;5;7;58;4;2020;12;20;3;3;0;1;2;1;0;0;0;0;0;471381,348799999800000;5784469,150900000700000;8,581162790000064;52,209919607000074;1
101350;5201201405232076095;5;7;54;32;2020;12;7;3;3;5;3;1;1;1;0;0;0;0;460709,316999999810000;5741002,409000000000000;8,429971752000029;51,818474770000080;1
101357;5201201317220080622;5;9;78;4;2020;12;5;3;3;5;3;2;1;1;0;0;0;0;404942,231700000350000;5719433,990599999200000;7,626967479000030;51,617897592000077;1
101385;5201130706000274763;5;5;58;12;2020;11;18;2;3;2;6;2;1;1;0;0;0;0;373450,423200000080000;5756399,344000000500000;7,158837146000053;51,943894861000047;1
101392;5201130702100139947;5;5;15;0;2020;11;18;2;3;0;7;2;1;1;0;0;0;0;405521,026899999940000;5756552,529999999300000;7,625218727000060;51,951643116000071;0
101404;5201130603144278293;5;3;66;44;2020;11;18;2;3;2;7;2;1;1;0;0;0;0;333659,507899999620000;5614508,827500000600000;6,646546959000034;50,658645350000029;1
101412;5201130601200890257;5;3;15;0;2020;11;13;2;3;5;3;0;1;1;0;0;0;0;353689,311999999920000;5641627,103000000100000;6,918930470000021;50,907732050000050;0
101413;5201130518200950003;5;1;70;24;2020;11;14;2;3;5;3;0;1;1;0;0;0;0;336682,252399999650000;5701067,758700000100000;6,650230182000030;51,437231309000026;1