OBJECTID;UIDENTSTLAE;ULAND;UREGBEZ;UKREIS;UGEMEINDE;UJAHR;UMONAT;USTUNDE;UWOCHENTAG;UKATEGORIE;UART;UTYP1;ULICHTVERH;IstRad;IstPKW;IstFuss;IstKrad;IstGkfz;IstSonstige;LINREFX;LINREFY;XGCSWGS84;YGCSWGS84;STRZUSTAND
101426;5201130502323471473;5;1;13;0;2020;11;7;2;3;3;2;1;1;1;0;0;0;0;358303,836000000130000;5704859,712999999500000;6,959568105000074;51,477127105000079;0
101434;5201130500300981207;5;1;11;0;2020;11;21;2;3;0;6;2;1;0;0;0;0;0;344954,162999999710000;5674676,987999999900000;6,780623459000026;51,202428756000074;1
101442;5201130405108068095;5;7;54;8;2020;11;7;2;3;5;3;0;1;1;0;0;0;0;456612,492999999780000;5751609,209000000700000;8,369206285000075;51,913533403000031;0
101445;5201130400100064113;5;7;11;0;2020;11;7;2;3;5;3;1;1;1;0;0;0;0;466753,703400000000000;5764332,568000000000000;8,515406407000057;52,028622836000068;0
101450;5201130316500537704;5;9;74;20;2020;11;9;2;3;0;7;0;1;0;1;0;0;0;466494,364500000140000;5721384,527499999900000;8,515785959000027;51,642466244000047;2
101460;5201130302100175737;5;9;14;0;2020;11;11;2;3;1;7;0;1;1;0;0;0;0;393744,641599999740000;5691209,275900000700000;7,473782552000046;51,362196325000070;0
101467;5201130301201730200;5;9;13;0;2020;11;20;2;3;5;2;2;1;0;0;0;0;1;393932,503499999640000;5709393,120699999900000;7,471030232000032;51,525679127000046;1
101468;5201130301201698206;5;9;13;0;2020;11;16;2;3;5;2;1;1;1;0;0;0;0;392821,316499999720000;5709231,337200000900000;7,455067855000038;51,524015143000042;1
101470;5201130300510628205;5;9;54;36;2020;11;16;2;3;5;7;2;1;1;0;0;0;0;384836,372999999670000;5700180,765200000300000;7,342970110000067;51,441096906000041;1
101474;5201130300100185314;5;9;11;0;2020;11;16;2;3;3;6;0;1;1;0;0;0;0;379325,809700000100000;5706266,865399999500000;7,261641793000024;51,494649395000067;0
101480;5201129711200581366;5;5;70;40;2020;11;15;1;3;4;6;0;1;0;0;0;0;0;411294,232699999590000;5749374,767599999900000;7,711051306000059;51,888074412000037;0
101482;5201129701910549577;5;5;62;8;2020;11;11;1;2;5;3;0;1;1;0;0;0;0;381950,150600000280000;5726209,839500000700000;7,292722111000046;51,674443308000036;0
101486;5201129606500982434;5;3;78;24;2020;11;14;1;3;0;7;0;1;0;0;0;0;0;376697,160600000060000;5647122,661699999100000;7,244146647000036;50,962501665000048;0
101489;5201129606230786853;5;3;78;16;2020;11;15;1;3;5;2;0;1;1;0;0;0;0;360821,724999999630000;5663235,407999999800000;7,012026389000027;51,103691647000062;0
101492;5201129602900686661;5;3;62;40;2020;11;12;1;3;5;3;0;1;1;0;0;0;0;357294,927099999970000;5632576,866000000400000;6,973711097000034;50,827299573000062;0
101496;5201129513210275995;5;1;62;24;2020;11;15;1;3;5;2;0;1;1;0;0;0;0;338147,653300000350000;5674914,654899999500000;6,683169294000038;51,202676414000052;0
101500;5201129501127727782;5;1;12;0;2020;11;13;1;3;5;3;0;1;1;0;0;0;0;346871,969999999740000;5705727,426000000900000;6,794698712000070;51,481944920000046;0
101511;5201129300500578234;5;9;11;0;2020;11;17;1;3;6;4;2;1;0;1;0;0;0;375716,141800000330000;5703646,630799999500000;7,210592180000049;51,470318382000073;0
101514;5201128711413878050;5;5;70;28;2020;11;8;7;3;0;3;0;1;1;0;0;0;0;441116,495099999940000;5743435,837600000200000;8,145334031000061;51,838630768000030;0
101524;5201128705000551111;5;5;54;20;2020;11;14;7;3;4;7;0;1;0;0;0;0;0;364098,825400000440000;5787895,556099999700000;7,010315637000076;52,224696566000034;1
101528;5201128701110990202;5;5;62;32;2020;11;12;7;3;5;3;0;1;1;0;0;0;0;374052,316200000230000;5719173,217900000500000;7,181093809000060;51,609490179000034;0
101530;5201128608404080815;5;3;34;4;2020;11;2;7;3;0;1;2;1;0;0;0;0;0;302079,566399999890000;5638523,862099999600000;6,187355272000048;50,864477080000029;0
101534;5201128608200369664;5;3;34;2;2020;11;14;7;3;0;1;0;1;0;0;0;0;0;299089,553000000310000;5619835,509999999800000;6,155130879000069;50,695592655000041;0
101536;5201128608100832842;5;3;34;2;2020;11;16;7;3;5;2;0;1;1;0;0;0;0;293604,919700000440000;5628292,336500000200000;6,072841733000075;50,769624993000036;0
101539;5201128602100415207;5;3;62;8;2020;11;15;7;3;5;2;0;1;1;0;0;0;0;334112,306499999950000;5648136,919099999600000;6,637749166000049;50,960929416000056;0
101547;5201128601310607202;5;3;15;0;2020;11;14;7;2;0;1;0;1;0;0;0;0;0;352835,984199999830000;5644926,560699999300000;6,905470232000027;50,937166084000069;0
101549;5201128600340386240;5;3;82;64;2020;11;11;7;3;5;3;0;1;1;0;0;0;0;350183,517900000330000;5619626,272900000200000;6,878081198000075;50,709120251000058;0
101569;5201128316500519289;5;9;74;20;2020;11;15;7;3;7;7;0;1;0;0;0;0;0;462117,424300000070000;5723060,963800000000000;8,452352978000022;51,657261390000031;0
101570;5201128316100864296;5;9;74;40;2020;11;0;7;3;0;7;2;1;0;0;0;0;0;436173,561099999580000;5709473,098099999100000;8,079810847000033;51,532753339000067;0
101581;5201206600110590860;5;3;14;0;2020;12;15;1;3;0;1;1;1;0;0;0;0;0;365518,499499999920000;5622919,059599999300000;7,093941277000056;50,742465548000041;1
101593;5201206501223886004;5;1;12;0;2020;12;3;1;3;4;6;2;1;0;0;0;0;0;341119,537600000390000;5703136,439799999800000;6,713088437000067;51,457079450000037;0
101600;5201202605152881871;5;3;74;52;2020;12;15;4;3;8;1;0;1;0;0;0;0;0;388044,051900000310000;5663864,531199999200000;7,400483311000073;51,115310197000042;1
101604;5201202603116678298;5;3;66;16;2020;12;7;4;3;4;6;2;1;0;0;0;0;0;340568,844100000340000;5613700,282900000000000;6,744568710000067;50,653312145000029;1
101621;5201205701500414206;5;5;62;24;2020;12;13;7;3;5;2;0;1;1;0;0;0;0;368712,085599999870000;5724740,976900000100000;7,101928033000036;51,658305478000045;0
101624;5201205608416232715;5;3;34;16;2020;12;14;7;3;5;3;0;1;1;0;0;0;0;294233,916199999860000;5637381,697699999400000;6,076654910000059;50,851480853000055;0
101628;5201205602600473737;5;3;62;20;2020;12;10;7;3;5;3;0;1;1;0;0;0;0;344135,946200000120000;5634718,418500000600000;6,786096842000063;50,843150637000065;0
101633;5201205601300590167;5;3;15;0;2020;12;14;7;3;0;1;0;1;0;0;0;0;0;353686,118499999870000;5646332,074300000400000;6,916996716000028;50,950013252000076;0
101635;5201202601310386201;5;3;15;0;2020;12;12;4;3;3;2;0;1;1;0;0;0;0;352975,980000000450000;5646967,266000000800000;6,906637475000025;50,955540750000068;1
101641;5201202601210607208;5;3;15;0;2020;12;14;4;3;5;2;0;1;1;0;0;0;0;353961,000000000000000;5642237,551999999200000;6,922547852000037;50,913286781000068;1
101643;5201202601200354016;5;3;15;0;2020;12;14;4;3;6;4;0;1;0;1;0;0;0;352193,594999999740000;5643662,711400000400000;6,896846421000021;50,925644160000047;0
101645;5201205508000782165;5;1;19;0;2020;12;12;7;3;5;3;0;1;1;0;0;0;0;351647,589200000280000;5703786,935300000000000;6,864238180000029;51,465781343000060;0
101647;5201202601110591201;5;3;15;0;2020;12;16;4;3;5;2;2;1;1;0;0;0;0;355305,078900000080000;5645505,398800000500000;6,940357544000051;50,942992792000041;0
101652;5201205505200485879;5;1;14;0;2020;12;13;7;3;0;1;0;1;0;0;0;0;0;334162,083999999800000;5691181,921599999100000;6,618622148000043;51,347683829000061;0
101664;5201205406210482024;5;7;58;4;2020;12;13;7;3;5;2;0;1;1;0;0;0;0;467702,033999999990000;5782595,134999999800000;8,527496189000033;52,192868184000076;1
101665;5201202516610307201;5;1;58;4;2020;12;16;4;3;5;2;2;1;1;0;0;0;0;356858,370600000020000;5676993,707499999600000;6,949977726000043;51,226354705000062;1
101666;5201205405108681502;5;7;54;8;2020;12;7;7;2;0;1;1;1;0;0;0;0;0;460474,665099999870000;5748653,587099999200000;8,425692615000060;51,887247922000029;1
101668;5201205317110975398;5;9;78;36;2020;12;13;7;3;4;1;0;1;1;0;0;0;0;415266,752000000330000;5713090,331000000200000;7,777589710000029;51,562520110000037;0
101669;5201205315120285296;5;9;70;16;2020;12;13;7;3;5;3;0;1;1;0;0;0;0;420834,411899999720000;5638202,137299999600000;7,874439718000076;50,890055308000058;0
101676;5201205301301933208;5;9;78;24;2020;12;21;7;3;0;1;2;1;0;0;0;0;0;397980,190999999640000;5719167,491399999700000;7,526518616000033;51,614283297000043;0
101680;5201205300400148448;5;9;11;0;2020;12;10;7;2;0;1;0;1;0;0;0;0;0;370972,961699999870000;5698855,971699999600000;7,144085786000062;51,426202650000050;1
101703;5201204608200507200;5;3;34;2;2020;12;14;6;3;6;1;0;1;0;1;0;0;0;298791,677500000220000;5626695,271700000400000;6,147176409000053;50,757102584000052;0
101712;5201204601400178386;5;3;15;0;2020;12;13;6;2;0;3;0;1;1;0;0;0;0;349408,069500000220000;5658083,622400000700000;6,851262416000054;51,054513039000028;0
101714;5201204601310305207;5;3;15;0;2020;12;7;6;3;5;3;1;1;1;0;0;0;0;348333,390300000090000;5648473,434399999700000;6,839956863000055;50,967872360000058;0
101715;5201204601100678549;5;3;15;0;2020;12;20;6;3;2;7;2;1;0;0;1;0;0;355942,216799999590000;5646015,403100000700000;6,949218854000037;50,947735657000067;0
101721;5201204600340237201;5;3;82;64;2020;12;10;6;2;5;3;0;1;1;0;0;0;0;350351,207999999630000;5613071,026200000200000;6,883107564000056;50,650252455000043;1
101723;5201202506100936205;5;1;16;0;2020;12;11;4;2;5;3;0;1;1;0;0;0;0;321298,058400000450000;5673469,319700000800000;6,442940944000043;51,184671057000060;1
101724;5201204518400776409;5;1;70;8;2020;12;14;6;3;5;3;0;1;0;0;0;0;1;342407,504499999810000;5715088,999399999200000;6,726269295000066;51,564828894000073;1
101725;5201204518320565222;5;1;70;52;2020;12;17;6;3;0;7;2;1;0;0;0;0;1;318952,372499999590000;5730606,248500000700000;6,380193547000033;51,697166464000077;1
101730;5201204506100686930;5;1;16;0;2020;12;14;6;3;4;2;0;1;1;0;0;0;0;319238,122800000010000;5673338,499299999300000;6,413563000000067;51,182848277000062;0
101732;5201204506100675527;5;1;16;0;2020;12;17;6;3;6;1;2;1;0;1;0;0;0;315872,719899999910000;5669244,332800000900000;6,367558681000048;51,144997523000029;0
101734;5201202506100885961;5;1;16;0;2020;12;16;4;3;5;3;2;1;1;0;0;0;0;323805,102599999870000;5676766,228099999900000;6,477158660000043;51,215066930000035;1
101740;5201204502406087647;5;1;17;0;2020;12;7;6;3;0;2;1;1;1;0;0;0;0;354373,670900000260000;5698212,352700000600000;6,905749090000029;51,416397290000077;1
101746;5201204500100702262;5;1;11;0;2020;12;14;6;3;0;1;0;1;0;0;0;0;0;345815,260499999860000;5677547,471000000800000;6,791705550000074;51,228454492000026;0
101747;5201202505200074017;5;1;14;0;2020;12;16;4;3;2;2;2;1;1;0;0;0;0;329921,162299999970000;5690046,433700000900000;6,558324959000061;51,336229621000030;1
101754;5201204405228176094;5;7;54;28;2020;12;22;6;2;0;7;2;1;0;0;0;0;0;450840,064799999820000;5745291,308800000700000;8,286190182000041;51,856253088000074;1
101755;5201204404302268063;5;7;66;8;2020;12;23;6;2;0;1;2;1;0;0;0;0;0;483071,055200000290000;5769301,161800000800000;8,752996217000032;52,074032570000043;0
101778;5201204301102778067;5;9;13;0;2020;12;18;6;3;0;1;2;1;0;0;0;0;0;396050,882100000050000;5705550,237099999600000;7,502688376000037;51,491530761000035;0
101782;5201204300510553204;5;9;54;36;2020;12;7;6;2;5;3;2;1;1;0;0;0;0;385443,329599999820000;5702956,250600000800000;7,350800529000026;51,466166254000029;1
101786;5201202502402068275;5;1;17;0;2020;12;17;4;3;5;3;2;1;1;0;0;0;0;353036,714999999850000;5701318,129799999300000;6,885247801000048;51,443959913000072;1
101788;5201202502318569454;5;1;13;0;2020;12;9;4;3;0;7;0;1;0;1;0;0;0;354281,917799999940000;5705357,396600000600000;6,901488166000036;51,480577501000027;1
101790;5201203702100564121;5;5;15;0;2020;12;9;5;3;5;3;0;1;1;0;0;0;0;404001,263500000350000;5761398,371099999200000;7,601756080000030;51,994938857000079;1
101791;5201203702100107436;5;5;15;0;2020;12;7;5;3;2;6;2;1;1;0;0;0;0;403512,379900000060000;5755489,394200000900000;7,596298312000045;51,941742451000039;1
101793;5201203702100064311;5;5;15;0;2020;12;14;5;3;3;2;0;1;1;0;0;0;0;405151,554899999870000;5757195,208200000200000;7,619666749000032;51,957356890000028;0
101794;5201203702100044393;5;5;15;0;2020;12;18;5;3;5;3;2;1;1;0;0;0;0;399142,783599999730000;5757118,109300000600000;7,532273576000023;51,955606550000027;1
101798;5201203701400086203;5;5;12;0;2020;12;17;5;3;5;3;2;1;1;0;0;0;0;354930,331600000150000;5709306,274000000200000;6,909195789000023;51,516227765000053;1
101801;5201203701110095205;5;5;62;32;2020;12;16;5;3;5;2;1;1;1;0;0;0;0;374117,900000000370000;5719172,005000000800000;7,182040877000077;51,609493945000054;1
101802;5201203701110094206;5;5;62;32;2020;12;16;5;3;3;6;0;1;1;0;0;0;0;376003,652800000270000;5720934,440199999100000;7,208636351000052;51,625751670000056;0
101810;5201203607000536883;5;3;82;44;2020;12;11;5;3;5;3;0;1;1;0;0;0;0;363591,700600000100000;5627276,328600000600000;7,065033488000040;50,781178102000069;1
101822;5201202500300516200;5;1;11;0;2020;12;15;4;3;0;1;0;1;0;0;0;0;0;348533,399600000120000;5674796,414200000500000;6,831767612000022;51,204462093000075;1
101824;5201203601300986362;5;3;15;0;2020;12;17;5;2;5;2;2;1;1;0;0;0;0;354480,912399999800000;5647390,364499999200000;6,927880826000035;50,959724972000060;0
101825;5201203601300979235;5;3;15;0;2020;12;16;5;3;3;6;1;1;0;0;0;0;0;353378,281299999920000;5644867,578400000900000;6,913206792000040;50,936774168000056;0
101827;5201203601300581748;5;3;15;0;2020;12;11;5;3;4;6;0;1;0;0;0;0;0;354536,580900000410000;5644823,165599999900000;6,929698464000069;50,936668378000036;0
101831;5201203601100686489;5;3;15;0;2020;12;6;5;3;6;4;2;1;0;1;0;0;0;356078,270200000140000;5646107,510999999900000;6,951117958000054;50,948597398000061;0
101833;5201203600380158200;5;3;14;0;2020;12;16;5;2;0;7;1;1;0;0;0;0;1;371053,835599999870000;5614155,300400000100000;7,175412852000022;50,664949158000070;1
101837;5201203518310491455;5;1;70;32;2020;12;15;5;3;5;3;0;1;1;0;0;0;0;335371,889399999750000;5712167,496300000700000;6,626219032000051;51,536572565000029;1
101840;5201203516360359204;5;1;58;28;2020;12;10;5;2;7;7;0;1;0;0;0;0;1;353352,435999999750000;5687842,421299999600000;6,895351526000070;51,322951462000049;1
101844;5201203513210475524;5;1;62;24;2020;12;14;5;3;5;3;0;1;1;0;0;0;0;338408,836900000460000;5675146,599600000300000;6,686800292000044;51,204834339000058;1
101845;5201203508000185419;5;1;19;0;2020;12;16;5;3;5;3;2;1;1;0;0;0;0;350555,255900000220000;5704714,787599999500000;6,848131893000073;51,473831110000049;1
101848;5201203506100569725;5;1;16;0;2020;12;23;5;3;0;1;2;1;0;0;0;0;1;319806,788999999870000;5673835,824200000600000;6,421441503000040;51,187495309000042;1
101849;5201202500100502262;5;1;11;0;2020;12;16;4;3;0;7;1;1;1;0;0;0;0;341508,680999999870000;5678178,297000000300000;6,729797219000034;51,232942916000070;1
101850;5201203506100411776;5;1;16;0;2020;12;10;5;3;0;5;0;1;1;0;0;0;0;319950,703400000000000;5674274,680099999500000;6,423278696000068;51,191482946000065;1
101876;5201203411232476241;5;7;74;32;2020;12;13;5;3;0;7;0;1;0;0;0;0;0;480270,188699999820000;5735948,553500000400000;8,714042240000026;51,774067803000037;0
101879;5201202405104690758;5;7;54;4;2020;12;16;4;2;6;6;2;1;0;1;0;0;0;450516,952700000260000;5771397,537000000500000;8,277734936000059;52,090927035000050;1
101880;5201203405228787142;5;7;54;28;2020;12;20;5;3;2;3;2;1;1;0;0;0;0;451626,095800000240000;5742990,370799999700000;8,297924455000043;51,835635151000076;0
101882;5201203405228087108;5;7;54;28;2020;12;10;5;3;1;3;0;1;1;0;0;0;0;451432,461500000210000;5744151,506600000000000;8,294951317000027;51,846057562000055;0
101885;5201203404102687058;5;7;66;40;2020;12;8;5;3;5;3;1;1;1;0;0;0;0;486439,815999999640000;5759557,879300000100000;8,802534408000042;51,986524845000076;1
101886;5201203404101687045;5;7;66;20;2020;12;7;5;3;5;3;2;1;1;0;0;0;0;492182,720800000240000;5759272,232599999800000;8,886169783000071;51,984067120000077;1
101889;5201203400200464182;5;7;11;0;2020;12;16;5;3;7;5;1;1;0;0;0;0;1;473282,292299999860000;5764327,404799999700000;8,610563985000056;52,028929351000045;0
101893;5201203316000419077;5;9;74;24;2020;12;17;5;2;5;2;2;1;1;0;0;0;0;441449,241999999620000;5723096,723999999500000;8,153587665000032;51,655809783000052;0
101905;5201202709700870493;5;5;66;72;2020;12;7;4;3;5;3;2;1;1;0;0;0;0;412584,193799999540000;5802951,209400000100000;7,716019901000038;52,369851395000069;0
101912;5201202706000079112;5;5;58;20;2020;12;7;4;3;5;3;2;1;1;0;0;0;0;394678,837000000290000;5758592,921000000100000;7,466884271000026;51,968034354000054;1
101915;5201202702100550181;5;5;15;0;2020;12;10;4;3;5;3;0;1;1;0;0;0;0;403576,310499999670000;5758067,338300000900000;7,596504692000053;51,964924951000057;0
101916;5201202701400840208;5;5;12;0;2020;12;16;4;3;5;2;2;1;1;0;0;0;0;356510,339900000020000;5709645,428700000000000;6,931813394000074;51,519678879000026;1
101917;5201202701300715208;5;5;62;14;2020;12;9;4;3;0;1;0;1;0;0;0;0;0;357540,998399999920000;5713642,164400000100000;6,945041084000025;51,555853963000061;1
101921;5201202701110857202;5;5;62;32;2020;12;14;4;3;5;3;0;1;1;0;0;0;0;377303,801300000400000;5720463,454900000200000;7,227574724000021;51,621803812000053;0
101926;5201208303100589370;5;9;15;0;2020;12;13;3;3;3;2;0;1;0;0;0;1;0;414146,406299999920000;5722495,291600000100000;7,759128204000035;51,646896178000077;0
101927;5201207508000771324;5;1;19;0;2020;12;8;2;3;5;2;2;1;1;0;0;0;0;350017,625300000420000;5705164,473400000500000;6,840205505000029;51,477729443000044;1
101933;5201208508000278091;5;1;19;0;2020;12;8;3;3;5;3;0;1;1;0;0;0;0;349459,122000000440000;5703190,823100000600000;6,833009686000025;51,459847185000058;1
101934;5201209701300308202;5;5;62;14;2020;12;13;4;3;5;2;0;1;1;0;0;0;0;356797,652499999850000;5714532,873700000300000;6,933963076000055;51,563669483000069;0
101940;5201207607400569547;5;3;82;68;2020;12;7;2;3;0;3;2;1;1;0;0;0;0;371378,333899999970000;5630765,653500000000000;7,174204072000066;50,814320561000045;1
101956;5201208406230768204;5;7;58;20;2020;12;7;3;2;5;2;2;1;0;0;0;0;1;475522,583899999970000;5783112,627499999500000;8,641866901000071;52,197923349000064;1
101963;5201207406210687002;5;7;58;4;2020;12;16;2;3;5;3;2;1;1;0;0;0;0;469471,697999999860000;5782505,219000000500000;8,553392752000036;52,192160629000057;1
101979;5201208404301586051;5;7;66;28;2020;12;19;3;3;0;1;2;1;0;0;0;0;0;507409,317499999890000;5770776,804099999400000;9,108139025000071;52,087509021000074;1
101984;5201207506100586000;5;1;16;0;2020;12;16;2;3;5;3;2;1;1;0;0;0;0;314204,275299999860000;5675373,100700000300000;6,340565553000033;51,199510462000035;1
101985;5201209405108476206;5;7;54;8;2020;12;17;4;3;5;2;2;1;1;0;0;0;0;461303,018000000160000;5750411,025000000400000;8,437530785000035;51,903106616000059;1
102000;5201207506100585890;5;1;16;0;2020;12;15;2;3;0;3;0;1;1;0;0;0;0;319135,112900000070000;5667495,798299999900000;6,415027153000040;51,130330202000039;1
102002;5201208701110108208;5;5;62;32;2020;12;15;3;2;0;1;0;1;0;0;0;0;0;376063,014499999580000;5716611,410499999300000;7,211021563000031;51,586912931000029;0
102003;5201207400100539784;5;7;11;0;2020;12;11;2;3;5;3;0;1;1;0;0;0;0;469383,746000000280000;5767564,853800000600000;8,553450729000076;52,057834509000031;1
102015;5201210502340171871;5;1;13;0;2020;12;9;5;3;5;2;0;1;1;0;0;0;0;361805,790599999950000;5709773,016499999900000;7,008038702000022;51,522145813000066;2
102025;5201210405232084967;5;7;54;32;2020;12;7;5;3;5;3;2;1;1;0;0;0;0;464000,098100000060000;5744403,985200000900000;8,477358160000051;51,849279494000029;0
102026;5201207709110512264;5;5;66;8;2020;12;5;2;3;5;3;2;1;1;0;0;0;0;400377,906399999750000;5780483,690999999600000;7,543424975000050;52,165838355000062;1
102030;5201210301301580422;5;9;78;24;2020;12;7;5;2;5;3;2;1;1;0;0;0;0;397847,851999999960000;5719647,098999999500000;7,524468098000057;51,618570281000075;1
102032;5201207607100534287;5;3;82;60;2020;12;20;2;2;0;1;2;1;0;0;0;0;0;376027,638000000270000;5630391,046399999400000;7,240294054000060;50,811967269000036;1
102033;5201208606800782028;5;3;78;16;2020;12;14;3;3;0;3;0;1;1;0;0;0;0;361041,312199999580000;5663341,770999999700000;7,015119925000022;51,104700794000053;0
102035;5201209602300506200;5;3;62;36;2020;12;7;4;3;5;2;1;1;1;0;0;0;0;345419,134800000120000;5651627,563699999800000;6,797142926000049;50,995440353000049;1
102037;5201210601300181897;5;3;15;0;2020;12;17;5;3;3;7;2;1;1;0;0;0;0;354071,296000000090000;5646027,290100000800000;6,922598593000032;50,947371903000032;0
102041;5201210316200071349;5;9;74;52;2020;12;19;5;3;0;7;2;1;0;0;0;0;0;425034,062099999750000;5711493,581900000600000;7,918810174000043;51,549548295000079;2
102043;5201208711142576263;5;5;70;44;2020;12;10;3;3;5;3;0;1;1;0;0;0;0;416458,761699999680000;5759247,162499999600000;7,783678930000065;51,977615671000081;0
102044;5201207601100343558;5;3;15;0;2020;12;19;2;3;0;5;2;1;1;0;0;0;0;356694,136300000360000;5644626,620300000500000;6,960462111000027;50,935442240000043;0
102045;5201208601200087255;5;3;15;0;2020;12;8;3;3;4;2;1;1;1;0;0;0;0;352525,463999999690000;5643730,481000000600000;6,901537821000034;50,926338107000049;0
102054;5201207303100187649;5;9;15;0;2020;12;15;2;2;0;7;0;1;0;0;0;0;0;418644,292999999600000;5726308,705000000100000;7,823234690000049;51,681845985000052;0
102074;5201209404101070373;5;7;66;4;2020;12;11;4;3;0;3;0;1;1;0;0;0;0;481476,116799999960000;5749281,177400000400000;8,730806567000059;51,893984164000074;1
102078;5201208702100410903;5;5;15;0;2020;12;16;3;2;4;6;1;1;0;0;0;0;0;407710,095200000330000;5754751,587999999500000;7,657546127000046;51,935822775000076;0
102100;5201207301201241200;5;9;13;0;2020;12;16;2;3;0;2;0;1;1;0;0;0;0;393219,848199999890000;5709278,289100000600000;7,460796043000073;51,524512663000053;1
102102;5201207709300592705;5;5;66;84;2020;12;13;2;2;0;1;0;1;0;0;0;0;0;386620,809999999590000;5778832,951999999600000;7,342919158000029;52,148348840000040;1
102109;5201207301102978067;5;9;13;0;2020;12;7;2;2;4;2;2;1;1;0;0;0;0;395288,054999999700000;5703795,081000000200000;7,492224965000048;51,475613537000072;1
102113;5201209405244782127;5;7;54;44;2020;12;7;4;3;1;5;1;1;0;0;0;1;0;463650,320799999870000;5747517,447799999300000;8,471952721000037;51,877249303000042;0
102131;5201208315110843699;5;9;70;40;2020;12;18;3;3;0;1;2;1;0;0;0;0;0;430978,467299999670000;5636237,534700000700000;8,019012603000022;50,873692227000049;0
102133;5201209405140156672;5;7;54;40;2020;12;17;4;3;5;3;2;1;1;0;0;0;0;459664,740699999970000;5761673,854199999900000;8,412397241000065;52,004249525000034;0
102136;5201207702100872452;5;5;15;0;2020;12;18;2;3;5;3;2;1;1;0;0;0;0;398351,939500000330000;5759454,318800000500000;7,520077363000041;51,976460432000067;1
102146;5201210506100655122;5;1;16;0;2020;12;12;5;2;1;7;0;1;1;0;0;0;0;320978,108099999840000;5670637,310100000400000;6,439777719000063;51,159130321000077;1
102187;5201209602800585838;5;3;62;12;2020;12;13;4;3;5;3;0;1;1;0;0;0;0;353347,112200000320000;5632957,407500000700000;6,917542327000035;50,829732847000059;0
102189;5201210601400476489;5;3;15;0;2020;12;8;5;3;5;3;0;1;1;0;0;0;0;351742,078999999910000;5655294,526100000400000;6,885682672000030;51,030056675000026;0
102190;5201208317240977739;5;9;78;40;2020;12;11;3;2;0;1;0;1;0;0;0;0;0;404234,092799999750000;5724896,027300000200000;7,615247171000021;51,666875157000050;1
102193;5201210400200543703;5;7;11;0;2020;12;17;5;3;0;3;2;1;1;0;0;0;0;468662,662200000140000;5764805,119400000200000;8,543186859000059;52,032982517000050;0
102195;5201208711212374480;5;5;70;4;2020;12;7;3;2;5;3;2;1;1;0;0;0;0;425534,241200000050000;5736717,655799999800000;7,920647490000022;51,776376125000070;1
102198;5201208601400269164;5;3;15;0;2020;12;17;3;3;5;2;2;1;1;0;0;0;0;354190,690899999810000;5653677,320800000800000;6,921228027000041;51,016149980000080;1
102205;5201209405108387154;5;7;54;8;2020;12;10;4;3;2;2;0;1;1;0;0;0;0;457240,622000000440000;5750194,964999999900000;8,378513339000051;51,900867124000058;0
102216;5201209711411179188;5;5;70;28;2020;12;17;4;2;7;2;2;1;1;0;0;0;0;441810,620400000360000;5741651,008199999100000;8,155707847000031;51,822657486000026;1
102217;5201209518200862101;5;1;70;24;2020;12;12;4;3;5;3;0;1;1;0;0;0;0;336538,570899999700000;5702481,524000000200000;6,647511931000054;51,449891467000043;0
102218;5201206700200709207;5;5;13;0;2020;12;19;1;2;6;7;2;1;0;1;0;0;0;364618,275500000450000;5715072,781099999300000;7,046513692000076;51,570452933000070;1
102233;5201206607100558209;5;3;82;60;2020;12;15;1;2;4;2;1;1;1;0;0;0;0;374560,593999999580000;5627698,320699999100000;7,220400795000046;50,787447937000081;1
102234;5201210502318438988;5;1;13;0;2020;12;15;5;3;0;7;0;1;0;0;0;0;0;354608,756500000130000;5704585,264200000100000;6,906509425000024;51,473723412000027;1
102238;5201208501313460591;5;1;12;0;2020;12;11;3;3;5;3;0;1;1;0;0;0;0;343425,126000000160000;5701550,485999999600000;6,746948903000032;51,443472249000081;0
102243;5201209501134908641;5;1;12;0;2020;12;10;4;3;0;7;0;1;0;1;0;0;0;343420,048899999820000;5710697,006600000000000;6,742820235000067;51,525650326000061;0
102246;5201207709100342437;5;5;66;8;2020;12;13;2;3;3;2;0;1;0;0;0;0;1;399300,821999999690000;5781625,636900000300000;7,527343614000074;52,175906391000069;1
102258;5201210601200486505;5;3;15;0;2020;12;13;5;3;5;3;0;1;0;0;0;0;1;353351,433100000020000;5643283,952600000400000;6,913462023000022;50,922535868000068;0
102259;5201208317210973205;5;9;78;20;2020;12;16;3;3;5;3;1;1;1;0;0;0;0;411813,366999999620000;5715485,078999999900000;7,727180988000043;51,583518001000073;1
102263;5201207705000480990;5;5;54;12;2020;12;13;2;3;0;7;0;1;0;0;0;0;0;347995,065499999560000;5751987,022199999500000;6,790709164000020;51,897881348000055;1
102264;5201208711111371088;5;5;70;52;2020;12;7;3;3;0;2;2;1;1;0;0;0;0;430378,167500000450000;5757079,571300000000000;7,986740811000061;51,960048404000077;0