OBJECTID;UIDENTSTLAE;ULAND;UREGBEZ;UKREIS;UGEMEINDE;UJAHR;UMONAT;USTUNDE;UWOCHENTAG;UKATEGORIE;UART;UTYP1;ULICHTVERH;IstRad;IstPKW;IstFuss;IstKrad;IstGkfz;IstSonstige;LINREFX;LINREFY;XGCSWGS84;YGCSWGS84;STRZUSTAND
102265;5201207600120470206;5;3;82;24;2020;12;8;2;2;5;3;0;1;1;0;0;0;0;371841,912399999800000;5617041,927300000600000;7,185557704000075;50,691069568000046;1
102266;5201208601100376172;5;3;15;0;2020;12;19;3;3;7;7;2;1;0;0;0;0;0;356182,667999999600000;5644619,844000000500000;6,953190494000069;50,935254021000048;1
102277;5201209405224484967;5;7;54;24;2020;12;7;4;3;5;3;2;1;1;0;0;0;0;452993,783499999900000;5738729,865199999900000;8,318351107000069;51,797447434000048;0
102279;5201207508000881329;5;1;19;0;2020;12;16;2;3;0;3;2;1;1;0;0;0;0;352464,228099999950000;5704813,517000000900000;6,875557678000064;51,475219259000028;1
102281;5201208706100972192;5;5;58;32;2020;12;16;3;3;5;2;1;1;1;0;0;0;0;391971,655000000260000;5750998,084000000700000;7,429877618000035;51,899254885000062;0
102282;5201207508000876673;5;1;19;0;2020;12;10;2;3;0;6;0;1;1;0;0;0;0;348623,816999999810000;5712185,285000000100000;6,817135854000071;51,540441541000064;1
102295;5201214500200050578;5;1;11;0;2020;12;8;2;3;5;2;0;1;1;0;0;0;0;345371,116700000130000;5679146,610999999600000;6,784659150000039;51,242703267000081;1
102300;5201211505200381649;5;1;14;0;2020;12;11;6;3;3;3;0;1;1;0;0;0;0;332718,262000000100000;5694830,530899999700000;6,596192451000036;51,380039908000072;0
102319;5201214702100555885;5;5;15;0;2020;12;16;2;3;5;2;0;1;1;0;0;0;0;404716,885300000200000;5761228,271500000700000;7,612223238000070;51,993533197000033;1
102321;5201215610221773723;5;3;70;20;2020;12;14;3;3;0;3;0;1;1;0;0;0;0;305485,435999999750000;5659009,545800000400000;6,224748142000067;51,049636252000028;1
102323;5201214400100270259;5;7;11;0;2020;12;9;2;3;5;2;0;1;0;0;0;0;1;464419,569000000130000;5763628,985700000100000;8,481458995000025;52,022152412000082;1
102325;5201214317140969218;5;9;78;28;2020;12;14;2;3;5;3;0;1;0;0;1;0;0;399373,855000000450000;5700242,211999999400000;7,552047969000057;51,444418646000031;1
102331;5201214316500037704;5;9;74;20;2020;12;7;2;3;5;2;2;1;1;0;0;0;0;465879,820600000210000;5721565,168800000100000;8,506887476000031;51,644053467000049;0
102342;5201216301101042091;5;9;13;0;2020;12;18;4;3;1;5;2;1;1;0;0;0;0;394176,399699999950000;5708501,890900000900000;7,474812351000026;51,517714062000039;1
102354;5201211501314682238;5;1;12;0;2020;12;6;6;2;0;3;1;1;1;0;0;0;0;346769,590800000350000;5701287,357400000100000;6,795149624000032;51,442022659000031;2
102375;5201214300000785073;5;9;11;0;2020;12;7;2;3;5;2;2;1;1;0;0;0;0;375995,678399999630000;5708882,570100000100000;7,212774985000067;51,517437001000076;0
102378;5201211500200760205;5;1;11;0;2020;12;10;6;3;5;3;0;1;1;0;0;0;0;344738,790599999950000;5678906,265699999400000;6,775711440000066;51,240371937000077;0
102385;5201211411232047882;5;7;74;32;2020;12;7;6;3;0;2;1;1;1;0;0;0;0;480279,427000000140000;5732890,558000000200000;8,714349689000073;51,746573034000050;0
102386;5201215405148381065;5;7;54;48;2020;12;13;3;3;5;3;0;1;1;0;0;0;0;441042,213100000280000;5765632,188200000700000;8,140450779000048;52,038169119000031;1
102390;5201213705000039187;5;5;54;56;2020;12;14;1;3;2;6;0;1;1;0;0;0;0;360781,652900000100000;5761545,503200000200000;6,972552637000035;51,987109416000067;0
102391;5201215702100539953;5;5;15;0;2020;12;7;3;2;5;2;2;1;1;0;0;0;0;403219,135999999940000;5754223,932000000000000;7,592389640000022;51,930317114000047;1
102397;5201211405148999995;5;7;54;48;2020;12;16;6;3;0;1;1;1;0;0;0;0;0;440716,277200000360000;5765369,914899999300000;8,135744993000060;52,035776559000055;0
102399;5201216303100463420;5;9;15;0;2020;12;13;4;3;5;2;0;1;1;0;0;0;0;417032,719100000340000;5725197,848700000000000;7,800193566000075;51,671624169000040;0
102404;5201213608200519202;5;3;34;2;2020;12;17;1;3;4;2;2;1;1;0;0;0;0;296502,322999999860000;5631045,936000000700000;6,112353427000073;50,795379674000060;0
102408;5201215502104565485;5;1;13;0;2020;12;14;3;2;5;3;0;1;1;0;0;0;0;360851,069000000130000;5703129,853000000100000;6,996905153000057;51,462214397000082;1
102411;5201213601200558575;5;3;15;0;2020;12;17;1;3;0;1;2;1;0;0;0;0;0;355060,093600000250000;5643555,926500000100000;6,937648065000076;50,925411801000052;0
102415;5201213506100391469;5;1;16;0;2020;12;10;1;3;5;2;0;1;1;0;0;0;0;321366,154000000100000;5673466,564400000500000;6,443915659000027;51,184667588000082;1
102420;5201216300600768278;5;9;16;0;2020;12;17;4;3;5;3;2;1;0;0;0;1;0;379090,146800000220000;5713769,800699999600000;7,255672971000024;51,562031820000072;0
102421;5201211400200686997;5;7;11;0;2020;12;15;6;3;5;3;0;1;1;0;0;0;0;471328,480200000110000;5761005,089700000400000;8,582364309000070;51,998961854000072;0
102425;5201213502408076424;5;1;17;0;2020;12;14;1;3;0;7;0;1;0;0;0;0;0;351872,473399999550000;5699390,370899999500000;6,869313526000042;51,426334554000050;1
102430;5201211400200490815;5;7;11;0;2020;12;8;6;3;3;2;0;1;1;0;0;0;0;469427,414400000130000;5764837,965299999300000;8,554331560000037;52,033320513000035;0
102434;5201215709110070536;5;5;66;8;2020;12;16;3;3;5;3;2;1;1;0;0;0;0;399644,372600000350000;5778761,407400000800000;7,533212785000046;52,150225985000077;1
102439;5201213411224548659;5;7;74;24;2020;12;8;1;2;0;1;0;1;0;0;0;0;0;475207,689500000330000;5744740,850999999800000;8,640040085000067;51,852918587000033;1
102452;5201214706200574763;5;5;58;12;2020;12;10;2;3;5;3;0;1;1;0;0;0;0;374198,451200000010000;5756904,387499999300000;7,169529336000039;51,948603053000056;1
102456;5201214600140734102;5;3;14;0;2020;12;16;2;3;0;7;0;1;0;0;0;0;1;369631,195000000300000;5623600,239900000400000;7,151958166000043;50,749526116000027;1
102458;5201215601210265200;5;3;15;0;2020;12;17;3;3;6;6;2;1;0;1;0;0;0;352213,810999999750000;5643670,496200000900000;6,897130714000070;50,925719297000057;1
102461;5201212709800574652;5;5;66;32;2020;12;9;7;3;5;3;0;1;1;0;0;0;0;413550,009999999780000;5777153,574999999300000;7,736807331000023;52,138125940000066;1
102468;5201216307000969888;5;9;62;52;2020;12;20;4;3;4;6;2;1;0;0;0;0;0;421188,388000000270000;5673939,104299999800000;7,871690442000045;51,211403652000058;1
102482;5201212607100075830;5;3;82;60;2020;12;17;7;3;4;2;2;1;1;0;0;0;0;371973,758600000290000;5629520,198799999400000;7,183086055000047;50,803258005000032;1
102486;5201211315110380508;5;9;70;40;2020;12;10;6;3;0;1;0;1;0;0;0;0;0;431633,673899999820000;5638510,044700000400000;8,027898322000056;50,894203123000068;0
102507;5201214602500125208;5;3;62;24;2020;12;13;2;3;5;2;0;1;1;0;0;0;0;346425,765300000090000;5640994,199599999900000;6,815961024000046;50,900158151000028;1
102518;5201215513210758105;5;1;62;24;2020;12;8;3;2;4;2;1;1;1;0;0;0;0;344435,735000000340000;5669923,188799999700000;6,775266501000033;51,159572895000053;1
102523;5201211301201873391;5;9;13;0;2020;12;14;6;3;5;2;0;1;0;0;0;0;1;387567,869199999610000;5707795,029600000000000;7,379831819000060;51,510084018000043;0
102524;5201214711221479615;5;5;70;16;2020;12;17;2;2;5;3;2;1;1;0;0;0;0;416445,782399999910000;5734949,633600000300000;7,789369081000075;51,759199782000053;0
102527;5201215711413587326;5;5;70;28;2020;12;13;3;2;4;2;0;1;1;0;0;0;0;441105,048200000080000;5742874,993400000000000;8,145263380000074;51,833587454000053;1
102528;5201214515210791452;5;1;54;12;2020;12;16;2;3;5;3;1;1;1;0;0;0;0;317742,497999999670000;5716279,656999999700000;6,370163464000029;51,568093260000069;1
102543;5201215705000485645;5;5;54;8;2020;12;0;3;3;0;1;2;1;0;0;0;0;0;333855,005599999800000;5745559,290799999600000;6,588472939000042;51,836104145000036;1
102547;5201211300210238207;5;9;11;0;2020;12;12;6;3;0;1;0;1;0;0;0;0;0;373054,944400000390000;5702149,600700000300000;7,172835204000023;51,456273486000043;1
102548;5201212405228690790;5;7;54;28;2020;12;11;7;3;5;3;0;1;0;0;0;0;0;450438,105700000190000;5745604,771500000700000;8,280309206000027;51,859035709000068;1
102553;5201212405108478110;5;7;54;8;2020;12;19;7;3;5;3;2;1;1;0;0;0;0;457638,076999999580000;5750969,450999999400000;8,384194579000052;51,907860569000036;0
102556;5201212404302754244;5;7;66;48;2020;12;11;7;2;5;3;0;1;1;0;0;0;0;478133,714999999850000;5763295,085999999200000;8,681342740000048;52,019860495000046;1
102559;5201212404101653271;5;7;66;20;2020;12;22;7;2;0;1;2;1;0;0;0;0;0;485095,781600000340000;5755127,289799999400000;8,783154836000051;51,946655218000046;1
102561;5201212404101287007;5;7;66;32;2020;12;13;7;3;5;3;0;1;0;0;0;0;1;497911,434700000100000;5747296,875099999800000;8,969660312000030;51,876446990000034;0
102592;5201210709700057409;5;5;66;28;2020;12;16;5;3;5;2;0;1;1;0;0;0;0;410758,834800000300000;5795330,658399999100000;7,691239926000037;52,301062904000048;0
102599;5201215505100091478;5;1;14;0;2020;12;22;3;3;5;3;0;1;1;0;0;0;0;334060,686200000350000;5690543,727600000800000;6,617464947000030;51,341920581000068;0
102603;5201210709300787315;5;5;66;52;2020;12;14;5;2;8;1;0;1;0;0;0;0;0;375174,554600000380000;5778115,376000000200000;7,175978853000061;52,139432317000058;0
102608;5201211709100039088;5;5;66;8;2020;12;18;6;3;4;6;2;1;0;0;0;0;0;400227,436099999580000;5782363,664100000600000;7,540672801000028;52,182707948000029;1
102614;5201211705000852632;5;5;54;64;2020;12;15;6;2;5;3;0;1;1;0;0;0;0;355818,469999999740000;5750154,925100000600000;6,905098680000037;51,883498767000049;1
102618;5201211705000020910;5;5;54;4;2020;12;21;6;3;5;3;2;1;1;0;0;0;0;364466,383100000210000;5772584,367100000400000;7,021803733000070;52,087210902000038;1
102619;5201215410110287455;5;7;70;24;2020;12;8;3;3;0;1;0;1;0;0;0;0;0;491230,702999999750000;5795340,824500000100000;8,871376198000064;52,308335221000050;1
102623;5201211610221279468;5;3;70;20;2020;12;17;6;2;3;2;2;1;1;0;0;0;0;304372,735200000000000;5659520,394200000900000;6,208616678000055;51,053846719000035;1
102626;5201211610211977521;5;3;70;4;2020;12;9;6;3;5;3;0;1;1;0;0;0;0;311400,404699999840000;5663094,208100000400000;6,306909181000037;51,088299036000080;1
102627;5201215601620168205;5;3;15;0;2020;12;14;3;3;5;2;0;1;1;0;0;0;0;364756,127899999730000;5640648,174399999900000;7,076604786000075;50,901632821000078;1
102649;5201216301304708850;5;9;13;0;2020;12;13;4;3;5;1;0;1;1;0;0;0;0;401246,792000000370000;5708833,121999999500000;7,576586845000065;51,521971862000044;1
102651;5201214701110779209;5;5;62;32;2020;12;17;2;2;5;3;2;1;1;0;0;0;0;376099,958899999970000;5716452,542799999900000;7,211610634000067;51,585493278000058;0
102657;5201214702100607436;5;5;15;0;2020;12;14;2;3;5;2;0;1;0;0;0;0;1;406939,529000000100000;5756954,990000000200000;7,645744344000036;51,955499792000069;1
102659;5201215700100385661;5;5;13;0;2020;12;8;3;3;5;3;0;1;1;0;0;0;0;367093,711400000380000;5712082,795800000400000;7,083341335000057;51,544172081000056;1
102661;5201211601400686483;5;3;15;0;2020;12;17;6;3;5;3;2;1;1;0;0;0;0;351889,623100000430000;5651982,890100000400000;6,889137382000058;51,000335145000065;1
102665;5201211601200687338;5;3;15;0;2020;12;17;6;3;0;1;2;1;0;0;0;0;0;351807,951600000260000;5643571,834000000700000;6,891399960000058;50,924728557000037;1
102667;5201210702100876651;5;5;15;0;2020;12;7;5;3;0;2;2;1;1;0;0;0;0;403692,782999999820000;5759593,043099999400000;7,597771398000020;51,978658645000053;1
102668;5201215301101264205;5;9;13;0;2020;12;18;3;3;0;1;2;1;0;0;0;0;0;393659,883000000380000;5707363,342000000200000;7,467714339000054;51,507383225000069;1
102669;5201211601100090469;5;3;15;0;2020;12;23;6;2;0;1;2;1;0;0;0;0;0;355302,728799999690000;5644189,749500000800000;6,940846569000030;50,931168747000072;0
102672;5201214605108286460;5;3;74;8;2020;12;17;2;3;3;2;2;1;1;0;0;0;0;392803,389200000090000;5650139,257999999400000;7,472518801000035;50,992841009000074;0
102673;5201211518400944428;5;1;70;8;2020;12;13;6;3;5;3;0;1;0;0;0;0;1;345448,133999999610000;5712520,154999999300000;6,771231946000057;51,542589726000074;1
102682;5201215501318682226;5;1;12;0;2020;12;7;3;3;5;2;2;1;1;0;0;0;0;344775,904000000100000;5698964,740000000200000;6,767503326000053;51,420611119000057;1
102691;5201214601510742204;5;3;15;0;2020;12;18;2;3;5;7;2;1;0;1;0;0;0;359321,280100000090000;5647729,232200000400000;6,996628397000052;50,963972502000047;0
102700;5201214706100964262;5;5;58;16;2020;12;9;2;3;5;2;0;1;1;0;0;0;0;381679,637699999850000;5744034,529999999300000;7,282744871000034;51,834582377000061;1
102705;5201218317140580688;5;9;78;28;2020;12;11;6;3;5;7;0;1;1;0;0;0;0;401188,735200000000000;5700271,218499999500000;7,578146223000033;51,444998951000059;1
102706;5201217300210395201;5;9;11;0;2020;12;9;5;3;0;7;0;1;0;0;0;0;0;371888,007600000130000;5702512,288899999100000;7,155916995000041;51,459270141000047;1
102709;5201218705000091733;5;5;54;20;2020;12;17;6;3;5;3;2;1;1;0;0;0;0;366107,949799999590000;5787357,173000000400000;7,039924851000023;52,220351057000073;0
102711;5201216702100087866;5;5;15;0;2020;12;12;4;2;5;2;0;1;1;0;0;0;0;411741,892099999820000;5752510,455499999200000;7,716751310000063;51,916331707000040;0
102716;5201221516100285440;5;1;58;32;2020;12;16;2;2;2;6;1;1;1;0;0;0;0;364834,027700000440000;5689221,114900000400000;7,059503560000053;51,338185847000034;1
102720;5201217600120265614;5;3;82;24;2020;12;15;5;2;8;1;0;1;0;0;0;0;0;372264,744500000030000;5615048,789899999300000;7,192229579000070;50,673247236000066;0
102722;5201220405116587008;5;7;54;16;2020;12;14;1;3;3;6;0;1;0;0;0;0;0;451053,936700000430000;5753852,729100000100000;8,288079975000073;51,933242709000069;1
102724;5201221701910504209;5;5;62;8;2020;12;16;2;3;4;6;2;1;0;0;0;0;0;385652,324199999680000;5723602,868200000400000;7,347092831000055;51,651778401000058;1
102730;5201218513310081432;5;1;62;8;2020;12;13;6;3;3;6;0;1;0;0;0;0;1;338043,793399999850000;5665927,050200000400000;6,685730244000069;51,121894301000054;0
102738;5201221303100077976;5;9;15;0;2020;12;17;2;3;5;3;2;1;1;0;0;0;0;415696,299599999560000;5725571,121700000000000;7,780781912000066;51,674780708000071;1
102743;5201221608404780756;5;3;34;4;2020;12;17;2;3;3;2;2;1;1;0;0;0;0;300487,181300000290000;5639136,790599999900000;6,164421180000034;50,869434988000080;1
102757;5201218500200567523;5;1;11;0;2020;12;21;6;3;2;6;2;1;1;0;0;0;0;344829,650500000450000;5680362,810000000500000;6,776380709000023;51,253484205000063;0
102760;5201217709300612062;5;5;66;84;2020;12;7;5;3;0;3;2;1;1;0;0;0;0;386156,369400000200000;5778974,778500000000000;7,336086748000071;52,149527886000044;1
102761;5201219310140373449;5;9;54;28;2020;12;12;7;3;0;1;0;1;0;0;0;0;0;380485,340699999590000;5687463,759600000500000;7,284674434000067;51,325896828000054;1
102763;5201217502404989733;5;1;17;0;2020;12;15;5;3;5;2;0;1;1;0;0;0;0;354638,081000000240000;5701708,645999999700000;6,908113919000073;51,447882270000036;0
102776;5201220601400086375;5;3;15;0;2020;12;17;1;3;5;3;2;1;1;0;0;0;0;351727,532300000080000;5655279,289899999300000;6,885481604000063;51,029916005000075;0
102787;5201219411232778092;5;7;74;32;2020;12;15;7;3;0;1;0;1;0;0;0;0;0;476605,640700000340000;5734232,991499999500000;8,661045887000057;51,758501730000035;0
102793;5201218702100739606;5;5;15;0;2020;12;15;6;3;5;3;0;1;1;0;0;0;0;408811,145499999630000;5754085,019799999900000;7,673734078000052;51,930012741000041;0
102795;5201222609224476007;5;3;58;24;2020;12;14;3;3;0;1;0;1;0;0;0;0;0;313864,728199999780000;5643930,074799999600000;6,351882953000029;50,916955467000037;0
102796;5201216608100071738;5;3;34;2;2020;12;11;4;3;5;2;0;1;1;0;0;0;0;295660,841500000100000;5630944,273199999700000;6,100485575000050;50,794170595000026;1
102798;5201219601620967875;5;3;15;0;2020;12;15;7;3;5;3;0;1;1;0;0;0;0;366997,819899999540000;5642321,374399999200000;7,107856890000051;50,917191831000082;0
102807;5201219404302987414;5;7;66;48;2020;12;12;7;3;0;1;0;1;0;0;0;0;0;480129,131799999620000;5765577,888399999600000;8,710288910000031;52,040459767000073;1
102808;5201216606000576788;5;3;78;8;2020;12;15;4;3;5;3;0;1;1;0;0;0;0;369639,090800000350000;5661386,329099999700000;7,138564537000036;51,089145831000053;0
102813;5201220502105673607;5;1;13;0;2020;12;19;1;3;0;1;2;1;0;0;0;0;0;362116,950000000190000;5700773,757999999400000;7,016034402000059;51,441351367000038;1
102814;5201222602800055206;5;3;62;12;2020;12;18;3;2;0;7;2;1;0;0;0;0;0;351457,983900000340000;5631600,327999999700000;6,891285807000031;50,817055542000048;1
102816;5201218513130081642;5;1;62;22;2020;12;16;6;3;5;3;1;1;1;0;0;0;0;334252,062400000170000;5682820,728499999300000;6,623798251000039;51,272590874000059;0
102822;5201217709800668146;5;5;66;40;2020;12;17;5;2;5;3;2;1;1;0;0;0;0;420441,030799999830000;5783186,681500000900000;7,836060058000044;52,193391969000061;1
102823;5201219316200382497;5;9;74;16;2020;12;19;7;3;5;3;2;1;1;0;0;0;0;455002,169800000270000;5718342,326999999600000;8,350104991000023;51,614311773000054;0
102826;5201218606100981179;5;3;78;4;2020;12;7;6;3;5;2;1;1;1;0;0;0;0;366709,062199999580000;5650531,179199999200000;7,100745144000030;50,990911927000070;1
102838;5201222303100829416;5;9;15;0;2020;12;15;3;3;3;2;0;1;0;0;0;0;1;422929,090599999760000;5727168,871899999700000;7,885008961000040;51,690183095000066;0
102843;5201217709100879088;5;5;66;8;2020;12;7;5;3;5;3;2;1;1;0;0;0;0;399087,057000000030000;5781292,794999999900000;7,524317581000048;52,172875849000036;1
102845;5201221300600557752;5;9;16;0;2020;12;13;2;3;0;3;0;1;1;0;0;0;0;376408,425300000240000;5710723,064099999100000;7,218074903000058;51,534068597000044;1
102846;5201217502214973547;5;1;13;0;2020;12;17;5;3;3;2;2;1;0;0;1;0;0;363124,060200000180000;5698834,500399999300000;7,031265709000024;51,424168457000064;0
102851;5201219501134076126;5;1;12;0;2020;12;11;7;3;5;3;0;1;1;0;0;0;0;343419,211000000130000;5710591,683000000200000;6,742854978000025;51,524703792000082;0
102852;5201216601620813209;5;3;15;0;2020;12;17;4;3;0;5;2;1;1;0;0;0;0;365096,359799999740000;5643315,895199999200000;7,080454177000036;50,925688782000066;1
102854;5201216711411554394;5;5;70;28;2020;12;16;4;2;0;1;1;1;0;0;0;0;0;445710,235299999830000;5739110,371200000900000;8,212681010000040;51,800208681000072;1
102862;5201216711211576743;5;5;70;4;2020;12;11;4;3;0;3;0;1;1;0;0;0;0;425225,606999999840000;5736509,818900000300000;7,916219580000075;51,774466583000049;0
102868;5201217500200045453;5;1;11;0;2020;12;13;5;3;5;3;0;1;1;0;0;0;0;345484,980999999680000;5678633,879000000700000;6,786510383000064;51,238127012000064;0
102872;5201221600320479305;5;3;82;72;2020;12;9;2;3;4;2;0;1;1;0;0;0;0;362309,759800000120000;5608589,992799999200000;7,053825633000031;50,612926847000040;0
102875;5201218315220380513;5;9;70;4;2020;12;6;6;2;4;2;1;1;1;0;0;0;0;457526,474999999630000;5655049,428300000700000;8,394107917000042;51,045411030000082;1
102876;5201216709800772371;5;5;66;88;2020;12;13;4;3;4;2;0;1;1;0;0;0;0;423763,107800000350000;5785520,660900000500000;7,884126067000068;52,214841316000047;1
102880;5201218701400863209;5;5;12;0;2020;12;12;6;3;5;2;0;1;1;0;0;0;0;358619,578800000250000;5719721,729699999100000;6,958140787000048;51,610755617000052;0
102881;5201220513210981533;5;1;62;24;2020;12;21;1;3;6;6;2;1;0;1;0;0;0;343417,709900000130000;5669036,335200000600000;6,761105420000035;51,151326476000065;0
102885;5201218706100239834;5;5;58;16;2020;12;8;6;3;0;3;1;1;1;0;0;0;0;381769,785799999720000;5744190,619500000000000;7,283999276000031;51,836004270000046;1
102887;5201216601600486470;5;3;15;0;2020;12;16;4;3;6;4;0;1;0;1;0;0;0;359369,086900000460000;5644788,928200000900000;6,998444459000041;50,937559423000039;0
102892;5201221516340176213;5;1;58;28;2020;12;17;2;3;4;6;2;1;0;0;0;0;0;347096,949000000020000;5689583,107999999100000;6,804896602000042;51,336945185000047;0
102894;5201216601400769775;5;3;15;0;2020;12;14;4;2;3;2;0;1;1;0;0;0;0;349935,969200000170000;5659866,380000000800000;6,858049690000030;51,070671291000053;0
102895;5201218307100213206;5;9;62;24;2020;12;2;6;3;8;1;2;1;0;0;0;0;0;406629,328400000000000;5691569,049499999700000;7,658701296000061;51,367694828000026;0
102899;5201218609108878426;5;3;58;8;2020;12;14;6;3;5;3;0;1;1;0;0;0;0;322755,566599999550000;5634567,430500000700000;6,482775754000045;50,835640642000044;0
102903;5201218508000373463;5;1;19;0;2020;12;12;6;3;5;2;0;1;1;0;0;0;0;351593,170199999590000;5706293,639200000100000;6,862402274000033;51,488291071000049;0
102906;5201216601220686468;5;3;15;0;2020;12;15;4;3;0;1;0;1;0;0;0;0;0;359081,122000000440000;5636230,696000000500000;6,997651279000024;50,860575002000076;1
102912;5201222317250418567;5;9;78;32;2020;12;10;3;3;5;3;0;1;1;0;0;0;0;393501,637799999680000;5723452,357499999900000;7,460555540000030;51,651967394000053;0
102914;5201221505100086215;5;1;14;0;2020;12;11;2;3;4;2;0;1;0;0;0;0;1;331769,768099999990000;5688145,764900000800000;6,585735689000046;51,319703967000066;1
102916;5201218300110678260;5;9;11;0;2020;12;15;6;3;1;7;0;1;1;0;0;0;0;375951,597199999730000;5706121,735500000400000;7,213111053000034;51,492614761000027;0
102917;5201219400100578118;5;7;11;0;2020;12;14;7;3;3;2;0;1;1;0;0;0;0;468984,703499999830000;5767539,334699999500000;8,547633060000067;52,057582882000077;0
102918;5201221307000073249;5;9;62;36;2020;12;15;2;2;5;3;0;1;1;0;0;0;0;412412,955400000330000;5664128,151599999500000;7,748476897000046;51,121923719000051;1
102920;5201217513130985054;5;1;62;22;2020;12;16;5;3;3;2;0;1;1;0;0;0;0;339117,147099999710000;5679776,825999999400000;6,694852706000063;51,246636262000038;0
102923;5201222600110279277;5;3;14;0;2020;12;10;3;3;1;5;0;1;1;0;0;0;0;364895,872899999840000;5622375,060499999700000;7,085321249000060;50,737431614000059;1
102925;5201218503400067230;5;1;22;0;2020;12;16;6;3;4;2;0;1;1;0;0;0;0;360544,877999999560000;5669379,528000000900000;7,005696805000071;51,158840661000056;0
102926;5201219503200080542;5;1;24;0;2020;12;12;7;3;1;5;0;1;1;0;0;0;0;374465,505800000390000;5680912,123299999200000;7,200623943000039;51,265716520000069;1
102928;5201216518400391448;5;1;70;8;2020;12;22;4;2;0;1;2;1;0;0;0;0;0;342354,865799999800000;5714982,122700000200000;6,725558405000072;51,563853945000062;1
102938;5201217709500712004;5;5;66;60;2020;12;7;5;3;5;3;2;1;0;0;0;0;0;388709,262600000020000;5788706,846599999800000;7,370186483000055;52,237510606000058;1
102940;5201221301301667124;5;9;78;24;2020;12;8;2;2;5;3;1;1;1;0;0;0;0;398182,951700000090000;5718584,955800000600000;7,529615287000070;51,609083833000057;1
102942;5201218605112186583;5;3;74;12;2020;12;7;6;3;0;2;1;1;1;0;0;0;0;399635,776600000450000;5651199,583699999400000;7,569549161000055;51,003605157000038;0
102946;5201218502208571849;5;1;13;0;2020;12;14;6;3;0;1;0;1;0;0;0;0;0;359381,901899999940000;5701789,981399999900000;6,976302811000039;51,449810984000067;0
102951;5201216709500074669;5;5;66;76;2020;12;12;4;3;5;3;0;1;1;0;0;0;0;395547,252700000070000;5793952,302799999700000;7,468663041000070;52,285993220000080;1
102957;5201217301204685026;5;9;13;0;2020;12;19;5;3;5;3;2;1;1;0;0;0;0;387134,427000000140000;5707578,779999999300000;7,373657758000036;51,508053932000053;0
102962;5201219405244056391;5;7;54;44;2020;12;7;7;3;0;1;0;1;0;0;0;0;0;471570,759999999780000;5744524,694000000100000;8,587254617000042;51,850801718000071;2
102963;5201218601100076553;5;3;15;0;2020;12;16;6;3;6;4;2;1;0;1;0;0;0;354677,804499999620000;5644687,894200000900000;6,931760968000049;50,935488335000059;0
102968;5201216518100076430;5;1;70;48;2020;12;16;4;3;0;3;1;1;1;0;0;0;0;336411,479299999770000;5725817,028899999300000;6,634830471000043;51,659501202000058;0
102969;5201218317110818512;5;9;78;36;2020;12;12;6;3;0;7;0;1;0;0;0;0;0;408404,067599999720000;5713394,978199999800000;7,678532589000042;51,564185791000057;1
102979;5201216516400678874;5;1;58;24;2020;12;12;4;3;5;3;0;1;1;0;0;0;0;358144,212299999780000;5677720,444299999600000;6,968092902000024;51,233206532000054;0
102991;5201220506100185924;5;1;16;0;2020;12;5;1;3;8;3;2;1;1;0;0;0;0;318880,209999999960000;5673187,087999999500000;6,408523719000073;51,181374874000028;0
102995;5201219601200886379;5;3;15;0;2020;12;13;7;2;0;7;0;1;1;0;0;0;0;353957,193799999540000;5642206,666899999600000;6,922506108000050;50,913008262000062;0
102997;5201216515210576393;5;1;54;20;2020;12;14;4;3;9;1;0;1;0;0;0;0;0;321525,736600000410000;5708172,934599999300000;6,428801159000045;51,496483822000073;1
103000;5201217711215777896;5;5;70;4;2020;12;15;5;2;5;2;0;1;0;0;0;0;1;422753,732499999930000;5735235,600199999300000;7,880682867000076;51,762676173000045;0
103004;5201218606110086365;5;3;78;4;2020;12;6;6;3;5;3;2;1;1;0;0;0;0;367517,103199999780000;5647301,684000000400000;7,113429051000026;50,962072904000081;1
103015;5201222601110142208;5;3;15;0;2020;12;23;3;3;5;2;2;1;0;0;0;0;1;355436,499200000430000;5643893,663799999300000;6,942866333000040;50,928541425000049;1
103027;5201217300510548207;5;9;54;36;2020;12;19;5;3;2;6;2;1;1;0;0;0;0;385593,817999999970000;5700378,541999999400000;7,353799818000027;51,443028044000073;1
103040;5201220601100690210;5;3;15;0;2020;12;21;1;3;0;7;2;1;0;0;0;0;0;356101,664300000300000;5643384,490900000600000;6,952526090000049;50,924131870000053;0
103044;5201218711311682312;5;5;70;8;2020;12;10;6;3;5;7;0;1;1;0;0;0;0;433821,516699999570000;5735623,556900000200000;8,040957578000075;51,767581476000032;0
103046;5201217500200152206;5;1;11;0;2020;12;13;5;3;3;2;0;1;1;0;0;0;0;345568,356300000100000;5678047,675899999200000;6,787956531000020;51,232882299000039;1
103050;5201221601300185265;5;3;15;0;2020;12;15;2;3;2;2;0;1;1;0;0;0;0;354425,605700000190000;5645780,308900000500000;6,927737642000068;50,945241940000074;1
103057;5201218702100668134;5;5;15;0;2020;12;11;6;2;0;4;0;1;0;1;0;0;0;405157,322999999860000;5759109,698799999400000;7,619221872000026;51,974566078000066;0