OBJECTID;UIDENTSTLAE;ULAND;UREGBEZ;UKREIS;UGEMEINDE;UJAHR;UMONAT;USTUNDE;UWOCHENTAG;UKATEGORIE;UART;UTYP1;ULICHTVERH;IstRad;IstPKW;IstFuss;IstKrad;IstGkfz;IstSonstige;LINREFX;LINREFY;XGCSWGS84;YGCSWGS84;STRZUSTAND
103058;5201220515210669488;5;1;54;52;2020;12;15;1;3;0;7;0;1;0;0;0;0;0;306468,512000000100000;5698611,349999999600000;6,217372743000055;51,405656488000034;0
103059;5201222608416080842;5;3;34;16;2020;12;18;3;2;5;3;1;1;1;0;0;0;0;296934,502899999730000;5641220,606699999400000;6,112839351000048;50,886913424000056;1
103063;5201216513120580710;5;1;62;20;2020;12;14;4;3;5;3;0;1;1;0;0;0;0;330734,152900000100000;5670908,449599999900000;6,579035667000028;51,164535643000079;1
103071;5201216506100780669;5;1;16;0;2020;12;12;4;2;0;1;0;1;0;0;0;0;0;321952,964300000110000;5672888,048000000400000;6,452590104000024;51,179653649000045;1
103076;5201220500200565538;5;1;11;0;2020;12;14;1;3;5;3;0;1;1;0;0;0;0;353786,405199999920000;5680962,705600000900000;6,904392545000064;51,261241910000081;0
103078;5201221702100874709;5;5;15;0;2020;12;8;2;3;5;2;0;1;1;0;0;0;0;403013,915000000040000;5758689,755000000800000;7,588145603000044;51,970421572000078;1
103092;5201219400100587043;5;7;11;0;2020;12;20;7;2;5;2;2;1;1;0;0;0;0;467362,432000000030000;5765355,514000000400000;8,524181203000069;52,037855888000081;1
103099;5201218505200086042;5;1;14;0;2020;12;14;6;3;0;1;0;1;0;0;0;0;0;335456,255900000220000;5692149,683100000000000;6,636741480000069;51,356754636000062;0
103111;5201219709700081017;5;5;66;92;2020;12;11;7;2;4;3;0;1;1;0;0;0;0;423459,014399999750000;5799276,312999999200000;7,876553598000044;52,338446087000079;1
103113;5201221601600586589;5;3;15;0;2020;12;22;2;3;5;3;2;1;1;0;0;0;0;362776,063699999820000;5645216,759600000500000;7,046743238000033;50,942225314000041;1
103123;5201218405108790699;5;7;54;8;2020;12;17;6;3;0;7;1;1;0;0;0;0;0;459047,834400000050000;5749766,488299999400000;8,404829629000062;51,897150616000033;0
103131;5201218516500582204;5;1;58;16;2020;12;12;6;3;5;3;0;1;1;0;0;0;0;355938,400299999860000;5670449,990700000900000;6,939437233000035;51,167319007000060;0
103132;5201219608404019205;5;3;34;4;2020;12;16;7;3;8;1;1;1;0;0;0;0;0;301478,462199999950000;5639281,096799999500000;6,178413167000031;50,871072349000030;0
103142;5201223502409881342;5;1;17;0;2020;12;16;4;2;5;1;2;1;0;0;0;0;1;349530,141499999910000;5699928,377100000200000;6,835418232000052;51,430551732000026;0
103151;5201227602100486763;5;3;62;8;2020;12;11;1;2;5;3;0;1;1;0;0;0;0;337523,351499999870000;5648101,869999999200000;6,686295504000043;50,961586423000028;0
103153;5201229600110086317;5;3;14;0;2020;12;15;3;3;5;3;0;1;1;0;0;0;0;364375,474100000230000;5621545,391100000600000;7,078255900000045;50,729853375000062;0
103174;5201228702100564121;5;5;15;0;2020;12;6;2;3;5;3;2;1;1;0;0;0;0;401575,532100000420000;5757083,687100000700000;7,567673949000039;51,955733055000053;1
103180;5201229702100188934;5;5;15;0;2020;12;15;3;3;5;2;0;1;1;0;0;0;0;405507,818500000050000;5755510,050400000100000;7,625313148000032;51,942270597000061;1
103183;5201231600110478215;5;3;14;0;2020;12;21;5;3;5;3;2;1;1;0;0;0;0;365184,308199999850000;5622291,215800000400000;7,089437162000024;50,736745055000029;1
103199;5201227307000732074;5;9;62;16;2020;12;19;1;3;5;3;2;1;1;0;0;0;0;414260,272199999540000;5693289,366000000400000;7,767878590000066;51,384363654000026;1
103200;5201230506100214691;5;1;16;0;2020;12;13;4;3;5;3;0;1;1;0;0;0;0;321250,974000000390000;5671049,280999999500000;6,443471172000045;51,162916481000082;1
103206;5201231502400978351;5;1;17;0;2020;12;13;5;2;5;3;0;1;1;0;0;0;0;353218,893000000160000;5700589,464999999900000;6,888169487000027;51,437459588000081;1
103219;5201229601300881823;5;3;15;0;2020;12;16;3;3;8;1;1;1;0;0;0;0;0;346362,572200000290000;5645429,039000000800000;6,813194964000047;50,939993135000066;1
103220;5201226706100465763;5;5;58;32;2020;12;11;7;2;5;2;0;1;1;0;0;0;0;386560,922100000080000;5754522,551100000700000;7,350109622000048;51,929855340000074;0
103224;5201229602500173722;5;3;62;24;2020;12;9;3;3;0;1;0;1;0;0;0;0;0;346659,022599999790000;5643402,098400000500000;6,818263908000063;50,921857797000030;2
103226;5201226701930749479;5;5;62;36;2020;12;13;7;3;4;6;0;1;0;0;0;0;0;388801,640900000000000;5719252,573999999100000;7,393978755000035;51,613309789000027;0
103230;5201228307000371385;5;9;62;44;2020;12;14;2;2;8;1;0;1;0;0;0;0;0;402845,755699999630000;5685816,093299999800000;7,605936057000065;51,315345047000051;1
103231;5201226701610447201;5;5;62;12;2020;12;19;7;3;5;2;2;1;1;0;0;0;0;358806,065899999810000;5724199,267300000400000;6,959026700000038;51,651036767000051;1
103232;5201230609132180820;5;3;58;32;2020;12;13;4;3;5;2;0;1;1;0;0;0;0;311394,764000000430000;5629683,611999999700000;6,324121708000064;50,788179259000060;1
103234;5201226609152579477;5;3;58;52;2020;12;13;7;2;0;1;0;1;0;0;0;0;0;332703,050900000150000;5629511,573699999600000;6,626221443000077;50,793174406000048;0
103242;5201226606400525306;5;3;78;24;2020;12;14;7;3;0;6;0;1;1;0;0;0;0;379370,332799999970000;5643385,524599999200000;7,283432488000074;50,929476173000069;1
103252;5201230602800662202;5;3;62;12;2020;12;12;4;3;5;3;0;1;1;0;0;0;0;353134,149299999700000;5634536,599600000300000;6,913887536000061;50,843870721000030;0
103265;5201223317110680590;5;9;78;36;2020;12;18;4;3;0;1;2;1;0;0;0;0;0;408528,724299999890000;5713100,552799999700000;7,680407136000042;51,561559364000061;1
103270;5201229700000070184;5;5;13;0;2020;12;17;3;3;5;3;2;1;1;0;0;0;0;369055,607200000440000;5708140,832900000700000;7,113082828000074;51,509205063000081;0
103272;5201230601600974402;5;3;15;0;2020;12;19;4;3;3;6;2;1;1;0;0;0;0;359824,028800000440000;5644854,872700000200000;7,004889929000058;50,938262844000064;0
103273;5201225711412380981;5;5;70;28;2020;12;17;6;2;0;7;2;1;0;0;0;0;0;440606,668999999760000;5741978,085500000000000;8,138185251000039;51,825471293000078;1
103283;5201228608332071803;5;3;34;32;2020;12;17;2;3;0;1;2;1;0;0;0;0;0;311626,956199999900000;5627155,520800000100000;6,328707082000051;50,765544753000029;1
103284;5201223316300781974;5;9;74;28;2020;12;17;4;2;0;3;2;1;1;0;0;0;0;455179,555999999870000;5725869,861999999700000;8,351702096000054;51,682005423000078;1
103292;5201231502136073531;5;1;13;0;2020;12;12;5;3;9;1;0;1;1;0;0;0;0;364374,622000000440000;5702690,134999999800000;7,047764453000070;51,459118123000053;1
103301;5201229500200054024;5;1;11;0;2020;12;8;3;3;0;7;2;1;0;0;0;0;0;348883,154099999930000;5677300,266100000600000;6,835715405000030;51,227053708000028;2
103305;5201230709110179197;5;5;66;8;2020;12;15;4;3;0;1;0;1;1;0;0;0;0;399225,848000000230000;5780803,727000000000000;7,526491692000036;52,168505607000043;1
103313;5201225506100669725;5;1;16;0;2020;12;10;6;3;0;1;0;1;0;0;0;0;0;321962,594800000080000;5672892,455099999900000;6,452725563000058;51,179696238000076;1
103319;5201225501325385943;5;1;12;0;2020;12;11;6;3;4;2;0;1;1;0;0;0;0;345362,087899999690000;5692596,834400000100000;6,778701019000039;51,363554919000080;0
103321;5201228503400460577;5;1;22;0;2020;12;12;2;3;1;5;0;1;1;0;0;0;0;360306,611700000240000;5665687,738500000900000;7,003723702000059;51,125605114000052;0
103332;5201225406140379095;5;7;58;32;2020;12;12;6;2;5;2;0;1;1;0;0;0;0;461911,116799999960000;5777557,218599999300000;8,443347391000032;52,147206308000079;0
103343;5201228406230782084;5;7;58;20;2020;12;14;2;2;5;3;0;1;1;0;0;0;0;473342,152999999930000;5788489,084000000700000;8,609541721000028;52,246158764000029;0
103357;5201229506100985961;5;1;16;0;2020;12;19;3;3;4;2;2;1;1;0;0;0;0;322081,114199999720000;5673715,850999999800000;6,454011771000069;51,187129968000079;0
103358;5201223310110930645;5;9;54;16;2020;12;18;4;2;2;6;2;1;1;0;0;0;0;373090,402400000020000;5695843,001299999700000;7,175604581000073;51,399602320000042;1
103372;5201229502210569090;5;1;13;0;2020;12;7;3;3;5;2;2;1;1;0;0;0;0;360881,023299999540000;5698790,967700000900000;6,999041393000027;51,423231135000037;1
103374;5201228300300639195;5;9;11;0;2020;12;12;2;2;5;3;0;1;1;0;0;0;0;379076,994199999610000;5707643,818900000300000;7,257587293000029;51,506971690000057;0
103381;5201228701120594201;5;5;62;32;2020;12;9;2;3;5;3;0;1;1;0;0;0;0;376233,844300000000000;5715864,167700000100000;7,213749548000067;51,580234840000060;1
103391;5201229406210382024;5;7;58;4;2020;12;10;3;3;0;1;0;1;0;0;0;0;0;472441,912600000390000;5784144,871700000000000;8,596710235000046;52,207058265000057;1
103396;5201228515111278984;5;1;54;8;2020;12;13;2;3;0;1;0;1;0;0;0;0;0;310657,568300000390000;5746105,871300000700000;6,251864922000038;51,833632278000039;1
103400;5201230411132750043;5;7;74;32;2020;12;17;4;2;5;2;2;1;0;0;0;0;0;481253,883000000380000;5733586,181299999400000;8,728426895000041;51,752861006000046;1
103404;5201229601600081776;5;3;15;0;2020;12;13;3;3;0;3;0;1;1;0;0;0;0;360885,772599999790000;5644279,025800000900000;7,020211772000039;50,933344700000077;0
103411;5201229602500873961;5;3;62;24;2020;12;9;3;3;0;1;0;1;0;0;0;0;0;346278,707499999550000;5643574,359200000800000;6,812784382000075;50,923304547000043;2
103415;5201229310210585326;5;9;54;24;2020;12;2;3;3;0;1;2;1;0;0;0;0;0;381718,081000000240000;5683671,269999999600000;7,303616536000050;51,292067361000079;2
103419;5201230700100263205;5;5;13;0;2020;12;17;4;2;5;2;2;1;1;0;0;0;0;368457,486399999820000;5707836,832900000700000;7,104582331000074;51,506334156000037;1
103420;5201228506100673743;5;1;16;0;2020;12;16;2;3;0;1;2;1;0;0;0;0;0;321345,132699999960000;5673814,758500000500000;6,443442030000028;51,187788935000071;1
103427;5201229514218185921;5;1;66;36;2020;12;10;3;3;0;3;0;1;1;0;0;0;0;321267,667999999600000;5682178,786000000300000;6,438164176000043;51,262900200000047;1
103428;5201223301102471542;5;9;13;0;2020;12;10;4;3;5;3;0;1;1;0;0;0;0;396207,747999999670000;5705026,752000000300000;7,505101011000022;51,486854139000059;1
103439;5201224506100186186;5;1;16;0;2020;12;13;5;3;0;3;0;1;1;0;0;0;0;322736,859500000250000;5671725,918700000300000;6,464366928000061;51,169457319000060;1
103441;5201230303100677882;5;9;15;0;2020;12;4;4;2;0;1;2;1;0;0;0;0;0;419087,269899999720000;5726272,354100000100000;7,829649087000064;51,681583209000053;2
103443;5201224502402086876;5;1;17;0;2020;12;14;5;2;4;2;0;1;1;0;0;0;0;353833,441300000060000;5701033,512599999100000;6,896821628000055;51,441608583000061;1
103459;5201229500200759204;5;1;11;0;2020;12;8;3;1;0;1;0;1;0;0;0;0;0;344507,040000000040000;5679838,984799999700000;6,771988969000063;51,248689599000045;2
103466;5201231601400286928;5;3;15;0;2020;12;12;5;3;5;3;0;1;1;0;0;0;0;351160,980000000450000;5651894,941999999800000;6,878796442000066;50,999356794000050;1
103482;5201229404102172223;5;7;66;40;2020;12;12;3;2;5;3;0;1;1;0;0;0;0;486918,240000000220000;5760671,767000000900000;8,809458750000033;51,996551196000041;1
103501;5201223706000376658;5;5;58;32;2020;12;15;4;3;1;1;0;1;1;0;0;0;0;386817,188400000330000;5754731,159000000000000;7,353766550000046;51,931782340000041;1
103505;5201227702100370209;5;5;15;0;2020;12;13;1;3;0;7;0;1;1;0;0;0;0;408945,423200000080000;5753052,322200000300000;7,675959672000033;51,920752146000041;1
103512;5201223702100168200;5;5;15;0;2020;12;19;4;3;5;3;2;1;1;0;0;0;0;408810,578200000340000;5754084,782999999800000;7,673725892000050;51,930010519000064;1
103520;5201222702100088934;5;5;15;0;2020;12;16;3;3;5;3;1;1;1;0;0;0;0;409582,663200000300000;5756025,053500000400000;7,684441907000064;51,947576950000041;1
103535;5201229505100069392;5;1;14;0;2020;12;12;3;3;0;1;0;1;0;0;0;0;0;331907,738499999980000;5686770,899199999900000;6,588361836000047;51,307392897000057;1
103539;5201228701400921205;5;5;12;0;2020;12;18;2;3;5;2;2;1;1;0;0;0;0;354833,267799999560000;5709648,427699999900000;6,907656938000059;51,519277322000050;1
103545;5201228706200572440;5;5;58;12;2020;12;14;2;3;5;3;0;1;1;0;0;0;0;374095,957899999800000;5755547,767300000400000;7,168535554000073;51,936388667000074;0
103565;5201229606230974232;5;3;78;16;2020;12;16;3;3;5;2;1;1;1;0;0;0;0;361041,655100000090000;5663341,006699999800000;7,015125114000057;51,104694008000081;0
103569;5201229609128285864;5;3;58;28;2020;12;10;3;3;8;1;0;1;0;0;0;0;0;322960,401300000030000;5624014,025299999900000;6,490765672000066;50,740889651000032;1
103571;5201223513320886839;5;1;62;4;2020;12;20;4;2;5;2;2;1;1;0;0;0;0;346989,595900000070000;5658857,539100000600000;6,816453547000037;51,060828094000044;1
103576;5201223513120071718;5;1;62;20;2020;12;13;4;3;5;3;0;1;1;0;0;0;0;325951,358599999920000;5675049,608200000600000;6,508691101000068;51,200303567000049;1
103586;5201223506100385935;5;1;16;0;2020;12;12;4;3;3;2;0;1;1;0;0;0;0;323871,443900000300000;5669699,223200000800000;6,481571707000057;51,151600883000071;1
200842;5200103500300799200;5;1;11;0;2020;1;14;6;3;5;3;1;1;1;0;0;0;0;344349,973299999720000;5676513,678600000200000;6,771184970000036;51,218767801000070;1
200851;5200102711112476143;5;5;70;52;2020;1;6;5;3;5;3;2;1;1;0;0;0;0;430035,956100000070000;5756569,339600000500000;7,981865113000026;51,955418666000071;0
200852;5200106407101279191;5;7;62;20;2020;1;16;2;3;6;4;1;1;0;1;0;0;0;526336,074799999590000;5736387,996500000400000;9,381738223000070;51,777747006000027;0
200853;5200101518100076430;5;1;70;48;2020;1;16;4;2;0;1;0;1;0;0;0;0;0;337613,103199999780000;5725487,382999999400000;6,652340943000070;51,656888125000080;2
200863;5200101503100207325;5;1;24;0;2020;1;18;4;3;0;1;2;1;0;0;0;0;0;367798,349600000310000;5679652,867200000200000;7,105578839000032;51,252891979000026;2
200864;5200104411132181203;5;7;74;32;2020;1;19;7;3;5;3;2;1;1;0;0;0;0;482713,652499999850000;5731297,868300000200000;8,749687925000046;51,732333126000071;1
200867;5200103516400483204;5;1;58;24;2020;1;17;6;3;4;5;2;1;1;0;0;0;0;359725,512099999930000;5680291,554800000000000;6,989720613000031;51,256702939000036;1
200876;5200104316200253203;5;9;74;52;2020;1;17;7;3;5;2;2;1;1;0;0;0;0;424768,571700000200000;5711550,590199999500000;7,914969706000022;51,550025463000054;1
200879;5200103502406827205;5;1;17;0;2020;1;17;6;3;4;2;2;1;1;0;0;0;0;354555,939199999910000;5699142,073999999100000;6,907986878000031;51,424798416000044;1
200880;5200106514215276208;5;1;66;28;2020;1;13;2;2;5;2;0;1;1;0;0;0;0;325105,010999999940000;5688390,739499999200000;6,490066527000067;51,319894981000061;0
200886;5200102514114875503;5;1;66;24;2020;1;14;5;3;0;2;0;1;1;0;0;0;0;309567,417399999690000;5677211,044199999400000;6,273298913000076;51,214492367000048;0
200887;5200105513310444202;5;1;62;8;2020;1;10;1;3;5;3;0;1;1;0;0;0;0;330849,580099999900000;5662530,338500000500000;6,584616467000046;51,089298376000045;1
200907;5200103601520098204;5;3;15;0;2020;1;15;6;3;5;3;0;1;1;0;0;0;0;359954,998999999840000;5645961,918999999800000;7,006327171000066;50,948243846000082;1
200913;5200102709500110204;5;5;66;76;2020;1;15;5;3;5;2;0;1;1;0;0;0;0;393994,848100000060000;5794824,322399999900000;7,445638584000051;52,293532992000053;0
200920;5200106601420943205;5;3;15;0;2020;1;14;2;3;5;2;0;1;1;0;0;0;0;357374,727599999870000;5648004,465800000400000;6,968818612000064;50,965967400000068;0
200927;5200103502100875231;5;1;13;0;2020;1;6;6;3;5;2;2;1;1;0;0;0;0;364809,189299999740000;5704130,313200000700000;7,053465083000049;51,472164364000037;1
200932;5200106600121578250;5;3;82;8;2020;1;15;2;3;5;3;0;1;1;0;0;0;0;374627,292399999690000;5612336,027200000400000;7,226567135000039;50,649376674000052;0
200942;5200101702100025205;5;5;15;0;2020;1;13;4;3;5;2;0;1;1;0;0;0;0;406087,726700000460000;5758929,186699999500000;7,632812465000029;51,973101567000072;0
200944;5200106514210378946;5;1;66;12;2020;1;9;2;3;5;3;0;1;1;0;0;0;0;320600,553999999540000;5692369,164000000800000;6,423487965000049;51,354230236000035;0
200945;5200102400200576274;5;7;11;0;2020;1;10;5;3;5;3;0;1;1;0;0;0;0;467796,306300000290000;5763746,633800000000000;8,530657836000046;52,023416445000066;0
200947;5200104709300702595;5;5;66;28;2020;1;2;7;3;0;1;2;1;0;0;0;0;0;413645,147599999790000;5791866,972600000000000;7,734445042000061;52,270391554000071;1
200950;5200103700200271200;5;5;13;0;2020;1;6;6;3;5;3;2;1;1;0;0;0;0;363384,671400000340000;5713309,154400000300000;7,029410127000062;51,554306894000035;1
200959;5200104601700343200;5;3;16;0;2020;1;9;7;3;0;6;0;1;0;0;0;0;0;356777,866000000390000;5658967,097999999300000;6,955996005000031;51,064337881000029;1
200963;5200102702100055208;5;5;15;0;2020;1;7;5;3;5;2;2;1;1;0;0;0;0;408580,200199999850000;5756838,201700000100000;7,669644147000042;51,954722170000082;0
200967;5200104411132676352;5;7;74;32;2020;1;11;7;3;5;7;0;1;1;0;0;0;0;483177,843600000250000;5731783,441299999100000;8,756386027000076;51,736713175000034;0
200970;5200103516500478208;5;1;58;16;2020;1;17;6;3;5;3;2;1;1;0;0;0;0;354437,046799999660000;5671334,984400000400000;6,917619676000072;51,174891716000047;1
200977;5200102602700069530;5;3;62;28;2020;1;18;5;3;5;2;2;1;1;0;0;0;0;350378,080299999560000;5638155,566099999500000;6,873288824000042;50,875686499000039;0
200980;5200104317220224208;5;9;78;4;2020;1;11;7;2;0;1;0;1;0;0;0;0;0;406581,497200000100000;5722226,607499999900000;7,649893075000023;51,643274977000033;1
200983;5200103503100550208;5;1;24;0;2020;1;11;6;2;5;5;0;1;1;0;0;0;0;371862,356900000010000;5679846,181099999700000;7,163713365000035;51,255557113000066;1
200985;5200106516800877207;5;1;58;20;2020;1;16;2;2;6;4;1;1;0;1;0;0;0;355772,849999999630000;5666479,106000000600000;6,938661899000067;51,131593171000077;0
200996;5200106505100118054;5;1;14;0;2020;1;12;2;3;5;7;0;1;1;0;0;0;0;328044,566700000320000;5688453,808900000500000;6,532179563000057;51,321357636000073;0
201003;5200102711111876143;5;5;70;52;2020;1;9;5;3;4;2;0;1;1;0;0;0;0;430819,978199999780000;5757178,535800000700000;7,993149808000055;51,960993207000058;0
201008;5200106501315355204;5;1;12;0;2020;1;15;2;2;1;5;0;1;1;0;0;0;0;345934,286999999550000;5699603,859999999400000;6,783872356000074;51,426669698000069;0
201010;5200104601210359205;5;3;15;0;2020;1;10;7;3;5;5;0;1;1;0;0;0;0;354173,833999999800000;5642801,830800000600000;6,925347808000026;50,918411617000061;0
201016;5200106301401231203;5;9;13;0;2020;1;14;2;3;4;3;0;1;1;0;0;0;0;399211,998999999840000;5708954,091000000000000;7,547233094000035;51,522699768000052;0
201023;5200103601140189204;5;3;15;0;2020;1;20;6;3;5;3;2;1;1;0;0;0;0;354904,651100000370000;5645202,201899999800000;6,934782420000033;50,940167407000047;1
201026;5200102601210634208;5;3;15;0;2020;1;7;5;3;0;1;1;1;0;0;0;0;0;355290,246600000190000;5641892,651399999900000;6,941580490000035;50,910522029000049;2
201029;5200101405140017203;5;7;54;40;2020;1;14;4;3;0;1;0;1;0;0;0;0;0;457999,021999999880000;5762602,505999999100000;8,388018694000039;52,012474971000074;1
201034;5200106514210985946;5;1;66;12;2020;1;15;2;3;5;2;1;1;1;0;0;0;0;320011,717000000180000;5694560,708000000600000;6,413931166000054;51,373730179000063;0
201038;5200106600380114200;5;3;14;0;2020;1;20;2;3;2;6;2;1;1;0;0;0;0;372126,285000000150000;5613857,779999999300000;7,190682704000039;50,662511411000025;0
201058;5200104518400278202;5;1;70;8;2020;1;20;7;3;3;2;2;1;1;0;0;0;0;342593,004999999890000;5714978,153999999200000;6,728993053000067;51,563884801000029;1
201066;5200102709300072206;5;5;66;68;2020;1;11;5;3;5;3;0;1;1;0;0;0;0;375669,817999999970000;5785582,976099999600000;7,180475404000049;52,206649060000075;1
201068;5200101505100010202;5;1;14;0;2020;1;3;4;3;0;1;2;1;0;0;0;0;0;334853,792000000370000;5690754,501000000200000;6,628743990000032;51,344045180000080;2
201071;5200103518100982316;5;1;70;48;2020;1;12;6;3;5;3;0;1;1;0;0;0;0;332423,355999999680000;5722372,559000000400000;6,578874433000067;51,627383101000078;1
201076;5200101301502198204;5;9;13;0;2020;1;14;4;2;0;1;0;1;0;0;0;0;0;392341,913300000130000;5702565,537499999600000;7,450193726000066;51,464008813000078;2
201078;5200106300310495207;5;9;11;0;2020;1;8;2;3;5;3;0;1;1;0;0;0;0;378710,932900000360000;5700678,663699999500000;7,254706546000023;51,444293320000043;1
201090;5200103705000768299;5;5;54;8;2020;1;11;6;3;5;2;0;1;1;0;0;0;0;335215,433299999680000;5746049,517000000900000;6,607966858000054;51,840911036000080;1
201097;5200107602700068207;5;3;62;28;2020;1;13;3;3;5;3;0;1;1;0;0;0;0;351258,184000000360000;5639734,183000000200000;6,885146991000056;50,890100002000054;0
201100;5200107602400367864;5;3;62;32;2020;1;6;3;2;2;6;2;1;0;0;0;0;1;337007,719899999910000;5641409,720000000700000;6,681951625000068;50,901310284000033;0
201103;5200110303200506667;5;9;15;0;2020;1;10;6;3;5;3;0;1;1;0;0;0;0;414503,474999999630000;5727775,020999999700000;7,762995462000049;51,694412027000055;1
201105;5200110301301677205;5;9;78;24;2020;1;13;6;3;5;3;1;1;1;0;0;0;0;398131,614000000060000;5720144,958799999200000;7,528420655000048;51,623096761000056;1
201106;5200110300310180201;5;9;11;0;2020;1;7;6;3;4;6;2;1;1;0;0;0;0;383266,820199999960000;5703587,263900000600000;7,319272645000069;51,471392967000043;1
201107;5200110300120209206;5;9;11;0;2020;1;10;6;3;0;1;0;1;0;0;0;0;0;377011,840800000350000;5705072,819700000800000;7,228741158000048;51,483419319000063;1
201109;5200109705000687338;5;5;54;8;2020;1;7;5;3;5;2;2;1;1;0;0;0;0;334919,856399999930000;5746480,166699999900000;6,603474744000039;51,844692411000040;0
201114;5200110601420501200;5;3;15;0;2020;1;19;6;3;4;6;2;1;0;0;0;0;0;353038,704499999990000;5654663,912599999500000;6,904416303000062;51,024722695000037;1
201115;5200109701110477203;5;5;62;32;2020;1;7;5;3;5;3;2;1;1;0;0;0;0;374164,994800000450000;5720300,588600000400000;7,182315417000041;51,619647080000050;1
201117;5200109610111330201;5;3;70;16;2020;1;13;5;3;5;7;0;1;1;0;0;0;0;299117,861999999730000;5659787,196300000000000;6,133586563000051;51,054429176000042;0
201119;5200110500300374203;5;1;11;0;2020;1;7;6;3;3;6;2;1;1;0;0;0;0;344082,617600000460000;5675252,387800000600000;6,767907989000037;51,207361728000080;1
201121;5200107601610231208;5;3;15;0;2020;1;16;3;3;0;7;0;1;0;0;0;0;1;363963,087000000290000;5644756,720000000700000;7,063800850000064;50,938372027000071;0
201122;5200107601420397200;5;3;15;0;2020;1;18;3;3;5;3;2;1;0;0;0;0;0;355572,421000000090000;5649513,275000000400000;6,942569602000049;50,979077652000058;0
201123;5200109608436637200;5;3;34;36;2020;1;17;5;3;5;2;2;1;1;0;0;0;0;298179,408999999990000;5633282,518799999700000;6,134890155000051;50,816053991000047;0
201124;5200107601410938202;5;3;15;0;2020;1;12;3;2;0;7;0;1;0;0;0;0;0;352385,953999999910000;5652523,196000000500000;6,895986251000068;51,005318112000054;0
201125;5200109608100063208;5;3;34;2;2020;1;18;5;3;6;4;2;1;0;1;0;0;0;294250,027999999930000;5628922,971599999800000;6,081625460000055;50,775517963000027;0
201126;5200110601210025419;5;3;15;0;2020;1;9;6;3;3;6;0;1;0;0;0;0;0;354593,951600000260000;5643648,528899999300000;6,930983010000034;50,926126697000029;1
201127;5200109607500054205;5;3;82;56;2020;1;5;5;3;4;6;2;1;0;0;0;0;1;370053,375300000420000;5627959,826999999600000;7,156399480000061;50,788805624000076;1
201129;5200109602400956361;5;3;62;32;2020;1;18;5;3;0;1;2;1;0;0;0;0;0;336350,150600000280000;5639484,516899999200000;6,673470428000030;50,883825880000074;1
201134;5200107601320854206;5;3;15;0;2020;1;12;3;3;3;5;0;1;1;0;0;0;0;348203,767500000070000;5645019,080900000400000;6,839552450000042;50,936796807000064;0
201137;5200109601210775204;5;3;15;0;2020;1;19;5;3;4;3;2;1;1;0;0;0;0;353676,655500000340000;5642868,838500000500000;6,918252609000035;50,918887940000047;0
201139;5200109601110756208;5;3;15;0;2020;1;8;5;3;1;5;1;1;1;0;0;0;0;356107,736899999900000;5645423,936699999500000;6,951807235000047;50,942461587000082;1
201140;5200109600380124204;5;3;14;0;2020;1;14;5;3;1;5;0;1;1;0;0;0;0;371208,027499999850000;5614166,342700000900000;7,177589645000069;50,665082539000082;1
201143;5200110500100379209;5;1;11;0;2020;1;13;6;3;5;2;0;1;0;0;0;0;1;346904,353400000370000;5675578,741200000000000;6,808132321000073;51,211057500000038;0
201146;5200107601220484201;5;3;15;0;2020;1;8;3;3;5;2;1;1;1;0;0;0;0;355152,955599999990000;5641984,854100000100000;6,939592349000066;50,911316202000080;0
201147;5200109518200876407;5;1;70;24;2020;1;15;5;2;0;1;0;1;0;0;0;0;0;335495,572599999610000;5702667,718699999200000;6,632428575000063;51,451262242000041;1
201148;5200107600350022873;5;3;82;32;2020;1;12;3;2;5;3;0;1;1;0;0;0;0;361200,445299999790000;5611559,859500000300000;7,037044394000077;50,639356513000052;1
201150;5200107600310301206;5;3;14;0;2020;1;12;3;3;0;7;0;1;1;0;0;0;0;363631,575500000270000;5619641,547800000800000;7,068425356000034;50,712567830000069;0
201151;5200107600140424207;5;3;14;0;2020;1;15;3;3;5;3;0;1;1;0;0;0;0;369550,490799999800000;5623370,792799999900000;7,150896049000039;50,747445669000058;1
201156;5200109513210285204;5;1;62;24;2020;1;13;5;3;0;1;0;1;0;0;0;0;0;341591,292000000370000;5670204,243000000700000;6,734497981000061;51,161317793000080;0
201158;5200107514118277518;5;1;66;16;2020;1;10;3;3;1;3;0;1;1;0;0;0;0;309681,989299999550000;5688103,816700000300000;6,269141467000054;51,312368269000046;0
201163;5200109502339826202;5;1;13;0;2020;1;13;5;3;5;3;0;1;1;0;0;0;0;365852,118300000210000;5706188,718100000200000;7,067690537000033;51,490910739000071;1
201166;5200110602700871201;5;3;62;28;2020;1;7;6;3;0;3;2;1;1;0;0;0;0;351885,979000000280000;5640128,176999999200000;6,893906960000038;50,893801979000045;1
201170;5200107506100791202;5;1;16;0;2020;1;17;3;3;5;2;2;1;1;0;0;0;0;323833,018400000410000;5675901,020800000100000;6,477982837000070;51,207302993000042;0
201172;5200107505200529204;5;1;14;0;2020;1;15;3;2;0;2;0;1;1;0;0;0;0;327880,967100000010000;5689292,581199999900000;6,529428925000048;51,328843385000027;0