OBJECTID;UIDENTSTLAE;ULAND;UREGBEZ;UKREIS;UGEMEINDE;UJAHR;UMONAT;USTUNDE;UWOCHENTAG;UKATEGORIE;UART;UTYP1;ULICHTVERH;IstRad;IstPKW;IstFuss;IstKrad;IstGkfz;IstSonstige;LINREFX;LINREFY;XGCSWGS84;YGCSWGS84;STRZUSTAND
201173;5200109500200363204;5;1;11;0;2020;1;18;5;3;5;3;2;1;1;0;0;0;0;344805,315399999730000;5679829,537000000500000;6,776263506000021;51,248685948000059;1
201175;5200109500200050578;5;1;11;0;2020;1;18;5;3;5;3;2;1;1;0;0;0;0;347840,621600000190000;5677882,601099999600000;6,820548601000041;51,232009393000055;0
201176;5200109411132587138;5;7;74;32;2020;1;15;5;2;3;2;0;1;1;0;0;0;0;481107,534699999730000;5729455,119699999700000;8,726531058000035;51,715712622000069;1
201177;5200109410230627202;5;7;70;4;2020;1;7;5;3;1;7;2;1;1;0;0;0;0;487309,385300000200000;5785802,953199999400000;8,814219229000059;52,222508320000031;1
201178;5200107505100487200;5;1;14;0;2020;1;11;3;3;5;2;0;1;0;0;1;0;0;332169,333200000230000;5686426,122099999300000;6,592273585000044;51,304372587000046;0
201179;5200110411232356302;5;7;74;32;2020;1;8;6;3;3;6;1;1;1;0;0;0;0;479104,851300000210000;5732503,726500000800000;8,697359580000068;51,743052367000075;1
201180;5200109410120117271;5;7;70;32;2020;1;17;5;2;3;7;2;1;0;0;0;0;0;500161,226400000040000;5783875,265499999700000;9,002359318000060;52,205323375000035;1
201188;5200109400300576205;5;7;11;0;2020;1;15;5;3;0;3;0;1;1;0;0;0;0;464265,908499999900000;5760325,376399999500000;8,479564328000038;51,992441185000075;1
201190;5200109400200566180;5;7;11;0;2020;1;15;5;3;0;3;0;1;0;1;0;0;0;469894,309999999590000;5762230,387000000100000;8,561366839000073;52,009902204000070;0
201191;5200107500300814202;5;1;11;0;2020;1;9;3;3;0;7;0;1;0;0;0;0;0;342962,212000000290000;5675897,607999999100000;6,751599167000052;51,212852256000076;0
201192;5200110411132459208;5;7;74;32;2020;1;19;6;3;3;2;2;1;1;0;0;0;0;483624,682300000450000;5730907,979199999900000;8,762898157000052;51,728854874000035;1
201201;5200107500300178203;5;1;11;0;2020;1;19;3;3;5;3;2;1;1;0;0;0;0;348094,632600000130000;5675056,740499999400000;6,825381336000021;51,206684798000026;0
201211;5200109300420851208;5;9;16;0;2020;1;11;5;2;5;3;0;1;1;0;0;0;0;371678,373399999920000;5709541,277899999200000;7,150345805000029;51,522392594000053;1
201213;5200109300210587209;5;9;11;0;2020;1;7;5;2;5;3;2;1;1;0;0;0;0;370473,793800000100000;5704781,765399999900000;7,134740141000066;51,479344112000035;1
201214;5200107500100502262;5;1;11;0;2020;1;11;3;3;0;7;0;1;0;0;1;0;0;343335,829699999650000;5678037,719399999800000;6,756008803000043;51,232184322000080;1
201215;5200109300120733202;5;9;11;0;2020;1;9;5;3;1;5;0;1;1;0;0;0;0;374284,052899999540000;5707385,695299999800000;7,188652917000070;51,503605939000067;0
201218;5200108706100436209;5;5;58;16;2020;1;15;4;3;4;6;0;1;0;1;0;0;0;387939,322999999860000;5746955,053999999500000;7,372608236000076;51,862121802000047;1
201220;5200108702100068314;5;5;15;0;2020;1;13;4;3;3;6;0;1;0;0;0;0;0;406207,248999999840000;5757438,323799999400000;7,634959191000064;51,959721197000079;1
201226;5200110600110385203;5;3;14;0;2020;1;11;6;3;5;2;0;1;1;0;0;0;0;363570,445299999790000;5621323,626399999500000;7,066937931000041;50,727671693000048;0
201231;5200108608200637207;5;3;34;2;2020;1;16;4;3;5;3;1;1;1;0;0;0;0;299143,146099999550000;5625115,631999999300000;6,153014505000044;50,743036346000054;1
201233;5200108608100661206;5;3;34;2;2020;1;23;4;3;0;1;2;1;0;0;0;0;0;294085,365100000050000;5627705,073300000300000;6,079974715000049;50,764521390000027;1
201236;5200108608100659207;5;3;34;2;2020;1;23;4;3;5;2;2;1;1;0;0;0;0;294498,832899999800000;5628288,995200000700000;6,085503808000055;50,769912286000078;1
201241;5200108606120474376;5;3;78;12;2020;1;18;4;2;0;1;2;1;0;0;0;0;0;376476,290599999950000;5651465,049100000400000;7,239527095000028;51,001484958000049;1
201244;5200108602800639205;5;3;62;12;2020;1;21;4;3;3;6;2;1;1;0;0;0;0;352042,050999999980000;5633230,729000000300000;6,898913512000036;50,831857014000036;1
201246;5200110405228445206;5;7;54;28;2020;1;9;6;3;0;1;0;1;0;0;0;0;0;452075,639299999920000;5742668,253100000300000;8,304493008000065;51,832777895000049;0
201249;5200107410220527200;5;7;70;8;2020;1;16;3;2;0;1;1;1;0;0;0;0;0;474741,806400000120000;5802939,299799999200000;8,628957368000044;52,376136464000069;0
201250;5200108601210794201;5;3;15;0;2020;1;8;4;3;0;1;1;1;0;0;0;0;0;353279,379700000400000;5642996,000499999200000;6,912553405000040;50,919929826000043;1
201251;5200107404302456407;5;7;66;8;2020;1;19;3;3;5;3;2;1;1;0;0;0;0;482783,136900000270000;5770568,212099999200000;8,748731398000075;52,085415424000075;1
201252;5200108601210375203;5;3;15;0;2020;1;18;4;3;5;3;2;1;1;0;0;0;0;352404,951999999580000;5643492,574799999600000;6,899920549000058;50,924169327000072;1
201254;5200108601130655203;5;3;15;0;2020;1;22;4;3;4;6;2;1;0;0;0;0;0;356529,665000000040000;5643416,742000000600000;6,958599119000041;50,924528299000031;1
201256;5200108601110288209;5;3;15;0;2020;1;15;4;3;1;5;0;1;1;0;0;0;0;356327,989099999890000;5645031,763699999100000;6,955094878000068;50,938992109000026;1
201257;5200107404301821339;5;7;66;44;2020;1;16;3;2;3;6;2;1;1;0;0;0;0;492502,703300000170000;5764207,395400000700000;8,890721138000060;52,028443247000041;0
201261;5200108518200875515;5;1;70;24;2020;1;13;4;3;5;3;0;1;1;0;0;0;0;334564,793800000100000;5706382,725900000000000;6,617306369000062;51,484366713000043;1
201265;5200108513310110200;5;1;62;8;2020;1;19;4;3;5;2;2;1;1;0;0;0;0;331394,377999999560000;5662424,291999999400000;6,592438036000033;51,088506007000035;1
201266;5200110601320175205;5;3;15;0;2020;1;11;6;3;5;3;0;1;1;0;0;0;0;350175,160000000150000;5644449,618000000700000;6,867823597000040;50,932194949000063;1
201269;5200108506100941201;5;1;16;0;2020;1;16;4;3;5;3;0;1;1;0;0;0;0;318885,560399999840000;5674281,358599999900000;6,408048527000062;51,191206407000038;1
201273;5200107307000771425;5;9;62;16;2020;1;15;3;3;5;3;0;1;1;0;0;0;0;413736,519000000320000;5693938,483999999200000;7,760196184000051;51,390119723000055;0
201275;5200107302100053482;5;9;14;0;2020;1;15;3;3;5;5;0;1;1;0;0;0;0;393317,224200000060000;5690984,510800000300000;7,467713051000033;51,360095856000044;0
201277;5200110601110521202;5;3;15;0;2020;1;19;6;3;0;1;2;1;0;0;0;0;0;355870,910500000230000;5642777,421900000400000;6,949484940000048;50,918618627000058;1
201282;5200107301501441208;5;9;13;0;2020;1;7;3;3;5;2;1;1;1;0;0;0;0;387646,448300000280000;5709901,417700000100000;7,380292067000028;51,529032082000072;1
201289;5200110518100176430;5;1;70;48;2020;1;14;6;2;5;3;0;1;1;0;0;0;0;337994,599999999630000;5725672,926999999200000;6,657765369000060;51,658665122000059;1
201290;5200108500200050578;5;1;11;0;2020;1;7;4;3;0;1;2;1;0;0;0;0;0;345591,835799999540000;5680138,686200000300000;6,787390906000042;51,251677252000036;1
201291;5200108500100588202;5;1;11;0;2020;1;19;4;3;1;3;2;1;1;0;0;0;0;341848,838100000280000;5678410,104100000100000;6,734563151000032;51,235120097000049;1
201295;5200108411132478165;5;7;74;32;2020;1;8;4;2;0;1;1;1;0;0;0;0;0;483516,361200000160000;5730637,906099999300000;8,761342554000066;51,726423391000026;1
201296;5200108411132082092;5;7;74;32;2020;1;17;4;3;3;3;2;1;1;0;0;0;0;481929,985899999740000;5730266,062999999200000;8,738393852000058;51,723031156000047;1
201297;5200108410230440383;5;7;70;4;2020;1;7;4;3;1;6;2;1;1;0;0;0;0;487047,653800000440000;5785644,243499999900000;8,810393782000062;52,221075337000059;0
201298;5200107301301656208;5;9;78;24;2020;1;11;3;3;5;3;0;1;1;0;0;0;0;397856,361800000070000;5719491,774800000700000;7,524636254000029;51,617175684000074;0
201301;5200108405108300205;5;7;54;8;2020;1;8;4;3;3;2;0;1;1;0;0;0;0;457480,169400000010000;5751730,818800000500000;8,381805272000065;51,914693668000041;1
201302;5200106709110612264;5;5;66;8;2020;1;15;2;3;6;6;0;1;0;1;0;0;0;399813,567599999720000;5781028,368699999500000;7,535015885000064;52,170631638000032;1
201309;5200106705000420910;5;5;54;4;2020;1;16;2;3;4;3;0;1;0;0;0;0;1;363129,279500000180000;5771962,404500000200000;7,002550268000050;52,081293335000055;0
201312;5200108300210525205;5;9;11;0;2020;1;23;4;3;1;5;2;1;1;0;0;0;0;372038,853600000030000;5705630,917199999100000;7,156957681000051;51,487331733000076;1
201313;5200107711112866356;5;5;70;52;2020;1;13;3;3;5;3;0;1;1;0;0;0;0;429835,026499999690000;5756028,969699999300000;7,979051973000026;51,950535639000066;0
201314;5200106610211285793;5;3;70;4;2020;1;8;2;3;5;3;0;1;1;0;0;0;0;311243,733000000010000;5661365,644999999600000;6,305577346000064;51,072720826000079;0
201317;5200107709500434208;5;5;66;76;2020;1;13;3;3;4;6;0;1;0;0;0;0;0;395985,478299999610000;5790745,990299999700000;7,476073914000040;52,257260061000068;0
201318;5200107709500370204;5;5;66;76;2020;1;7;3;3;0;1;2;1;0;0;0;0;0;391977,127199999990000;5791712,918800000100000;7,417061583000020;52,265177515000062;1
201319;5200107709100387208;5;5;66;8;2020;1;9;3;2;0;1;0;1;0;0;0;0;0;400882,669400000010000;5782839,229699999100000;7,550114224000026;52,187100362000081;1
201321;5200107709000747179;5;5;66;28;2020;1;5;3;3;2;6;2;1;1;0;0;0;0;411808,600300000050000;5790942,140300000100000;7,707778992000044;52,261787426000069;1
201322;5200106608404830202;5;3;34;4;2020;1;14;2;3;5;6;0;1;1;0;0;0;0;303849,599499999550000;5639164,694100000000000;6,212133680000022;50,870836206000035;0
201325;5200107705000987348;5;5;54;68;2020;1;14;3;3;5;3;0;1;1;0;0;0;0;351544,956899999640000;5767136,025100000200000;6,835715302000040;52,034946157000036;0
201326;5200107705000921214;5;5;54;4;2020;1;12;3;2;8;1;0;1;0;0;0;0;0;364179,216699999760000;5771618,621600000200000;7,017999650000036;52,078462859000069;1
201334;5200107700200780202;5;5;13;0;2020;1;21;3;3;5;3;2;1;1;0;0;0;0;363315,870000000110000;5711585,268999999400000;7,029088026000068;51,538798826000061;0
201342;5200110516800785201;5;1;58;20;2020;1;7;6;3;5;3;2;1;1;0;0;0;0;356497,781899999830000;5665444,183299999700000;6,949427749000051;51,122474903000068;1
201344;5200113405108570335;5;7;54;8;2020;1;15;2;3;0;1;0;1;0;0;0;0;0;456423,208899999970000;5751412,968000000300000;8,366479369000047;51,911754311000038;1
201346;5200114406210687100;5;7;58;4;2020;1;7;3;3;5;3;2;1;1;0;0;0;0;471304,739599999970000;5782932,897600000700000;8,580171815000028;52,196104083000080;1
201350;5200112601120239202;5;3;15;0;2020;1;13;1;3;1;5;0;1;1;0;0;0;0;355068,984000000170000;5643827,720499999800000;6,937666437000075;50,927856588000054;0
201355;5200113711113603043;5;5;70;52;2020;1;8;2;2;5;2;0;1;1;0;0;0;0;430852,085500000040000;5757067,600500000600000;7,993639355000028;51,959999934000052;1
201356;5200115505200325207;5;1;14;0;2020;1;19;4;3;5;2;2;1;1;0;0;0;0;329347,545500000010000;5690973,875299999500000;6,549653634000038;51,344389652000075;1
201359;5200115514118075579;5;1;66;16;2020;1;18;4;3;5;3;2;1;1;0;0;0;0;310428,889700000170000;5687487,166400000500000;6,280173392000052;51,307078872000034;1
201362;5200115316100584904;5;9;74;40;2020;1;9;4;3;4;2;0;1;1;0;0;0;0;438124,683299999680000;5711794,718599999300000;8,107528303000038;51,553843257000040;0
201366;5200113705000501676;5;5;54;12;2020;1;8;2;3;5;3;0;1;1;0;0;0;0;352101,446499999610000;5745335,276000000500000;6,853195342000049;51,839221419000069;1
201369;5200113404302287132;5;7;66;48;2020;1;10;2;3;5;3;0;1;1;0;0;0;0;479370,466099999850000;5762411,828600000600000;8,699418854000044;52,011966662000077;1
201374;5200115301402022202;5;9;13;0;2020;1;15;4;3;5;3;0;1;1;0;0;0;0;397540,143699999900000;5706648,394999999600000;7,523813508000046;51,501673673000028;0
201375;5200115701110838202;5;5;62;32;2020;1;15;4;3;4;2;0;1;1;0;0;0;0;374645,538599999620000;5719464,038599999600000;7,189552369000069;51,612236191000079;0
201379;5200113701910885435;5;5;62;8;2020;1;14;2;2;6;6;0;1;0;1;0;0;0;385218,901999999770000;5723605,295900000300000;7,340829697000061;51,651711895000062;0
201381;5200112411224490201;5;7;74;24;2020;1;4;1;2;0;7;2;1;0;0;0;0;0;476673,176400000230000;5741779,706499999400000;8,661516802000051;51,826357972000039;0
201384;5200114410220046206;5;7;70;8;2020;1;13;3;3;5;3;0;1;1;0;0;0;0;473872,927400000390000;5800981,852299999400000;8,616346330000056;52,358497876000058;1
201385;5200115518100467209;5;1;70;48;2020;1;12;4;2;5;3;0;1;1;0;0;0;0;332374,511099999770000;5722573,459499999900000;6,578073250000045;51,629173341000069;0
201388;5200114500300409207;5;1;11;0;2020;1;10;3;3;1;7;0;1;1;0;0;0;0;344942,610500000420000;5674761,027300000200000;6,780421917000069;51,203180750000058;0
201394;5200114602300867504;5;3;62;36;2020;1;11;3;3;9;7;0;1;0;0;0;0;0;346812,614799999630000;5652354,739499999200000;6,816678456000034;51,002347342000064;1
201395;5200114316300140206;5;9;74;28;2020;1;15;3;3;5;3;0;1;1;0;0;0;0;454984,491100000220000;5724952,434900000700000;8,348999093000032;51,673741349000068;0
201397;5200112317140972209;5;9;78;28;2020;1;14;1;3;5;3;0;1;1;0;0;0;0;400095,737300000150000;5699589,816500000700000;7,562616047000063;51,438682078000056;0
201399;5200112300400171482;5;9;11;0;2020;1;3;1;3;9;1;2;1;0;0;0;0;0;371977,081699999980000;5698953,565800000000000;7,158485649000056;51,427307467000048;0
201400;5200115316300188202;5;9;74;28;2020;1;11;4;3;4;6;0;1;0;0;0;0;0;454781,536399999630000;5725552,960699999700000;8,345986459000073;51,679124296000055;0
201402;5200111711113668129;5;5;70;52;2020;1;11;7;3;0;1;0;1;0;0;0;0;0;430903,238699999640000;5755930,658299999300000;7,994612346000054;51,949785590000033;1
201403;5200114514118957209;5;1;66;16;2020;1;15;3;3;5;3;0;1;1;0;0;0;0;310114,034699999730000;5687260,156800000000000;6,275782371000048;51,304934960000026;0
201407;5200111702100968269;5;5;15;0;2020;1;12;7;3;0;1;0;1;0;1;0;0;0;406247,099100000230000;5757022,436499999800000;7,635652481000022;51,955989727000031;0
201408;5200114601110087205;5;3;15;0;2020;1;12;3;3;1;5;0;1;1;0;0;0;0;355862,616399999710000;5644503,665899999400000;6,948684585000024;50,934130047000053;0
201412;5200111702100079167;5;5;15;0;2020;1;9;7;3;5;2;0;1;0;1;0;0;0;405699,204499999990000;5757616,119100000700000;7,627518688000066;51,961233366000044;0
201414;5200115702100778035;5;5;15;0;2020;1;7;4;2;4;7;1;1;0;0;0;0;0;406371,329800000410000;5751594,023499999200000;7,638937026000065;51,907217250000031;0
201420;5200113514215833209;5;1;66;28;2020;1;9;2;3;5;2;0;1;1;0;0;0;0;324611,915199999700000;5688464,527499999900000;6,482961084000067;51,320406048000052;0
201428;5200115500200788205;5;1;11;0;2020;1;17;4;3;3;6;0;1;0;0;0;0;1;346337,531499999580000;5678546,910499999300000;6,798751128000049;51,237575802000038;0
201432;5200115501324700201;5;1;12;0;2020;1;12;4;2;0;2;0;1;1;0;0;0;0;343680,045599999840000;5695106,981599999600000;6,753454963000024;51,385648207000031;0
201436;5200115608100511201;5;3;34;2;2020;1;8;4;3;6;4;0;1;0;1;0;0;0;294158,638799999840000;5627786,402200000400000;6,080966865000050;50,765277815000047;0
201440;5200113608100860200;5;3;34;2;2020;1;21;2;3;0;7;2;1;0;0;0;0;0;294707,238699999640000;5628864,852199999600000;6,088134065000077;50,775157968000030;0
201451;5200111603220424885;5;3;66;20;2020;1;15;7;3;4;6;0;1;1;0;0;0;0;315157,886699999680000;5591453,606200000300000;6,396493976000045;50,445943080000063;0
201454;5200115400100903649;5;7;11;0;2020;1;14;4;3;6;7;0;1;0;1;0;0;0;468335,716900000350000;5764983,501100000000000;8,538404537000076;52,034567705000029;0
201456;5200111601100672079;5;3;15;0;2020;1;13;7;3;3;6;0;1;1;0;0;0;0;356467,838000000450000;5646321,221999999100000;6,956575858000065;50,950615121000055;0
201460;5200115505200342307;5;1;14;0;2020;1;13;4;3;0;7;0;1;0;1;0;0;0;334682,509999999780000;5691315,060699999300000;6,626026553000031;51,349031595000042;0
201466;5200115316300174205;5;9;74;28;2020;1;7;4;3;1;7;2;1;1;0;0;0;0;455149,480100000280000;5725073,965199999500000;8,351369341000066;51,674847212000032;0
201467;5200115706200072339;5;5;58;12;2020;1;16;4;3;5;3;0;1;1;0;0;0;0;373415,223799999800000;5755347,152799999300000;7,158712579000053;51,934431438000047;0
201475;5200115301101588209;5;9;13;0;2020;1;6;4;3;1;5;1;1;1;0;0;0;0;394528,411999999550000;5707247,120400000400000;7,480259233000027;51,506501343000082;0
201477;5200111501111352203;5;1;12;0;2020;1;11;7;3;6;4;0;1;0;1;0;0;0;346205,669099999590000;5708157,452400000800000;6,784051717000068;51,503597963000061;0
201488;5200114705111885204;5;5;54;8;2020;1;12;3;2;5;3;0;1;1;0;0;0;0;335171,757000000220000;5746229,724999999600000;6,607247575000031;51,842517019000070;0
201491;5200115518210278930;5;1;70;28;2020;1;17;4;3;4;2;2;1;1;0;0;0;0;329399,709999999960000;5700901,964099999500000;6,545632004000026;51,433595864000040;1
201494;5200115405228718206;5;7;54;28;2020;1;10;4;3;0;1;0;1;0;0;0;0;0;451348,618800000290000;5742937,826300000800000;8,293905005000056;51,835138644000040;0
201496;5200115500200098202;5;1;11;0;2020;1;16;4;3;5;3;1;1;1;0;0;0;0;350507,772599999790000;5678254,362299999200000;6,858567472000061;51,236054897000031;1
201497;5200111316100629205;5;9;74;24;2020;1;15;7;3;1;1;0;1;1;0;0;0;0;441042,692099999640000;5724189,712400000500000;8,147526880000044;51,665593779000062;0
201499;5200114606100074414;5;3;78;4;2020;1;15;3;3;5;3;0;1;0;0;0;1;0;368384,477099999790000;5649589,951300000800000;7,124945224000044;50,982838018000052;0
201501;5200115515211017931;5;1;54;16;2020;1;17;4;3;5;2;2;1;1;0;0;0;0;302879,698099999690000;5729604,201300000800000;6,148481517000050;51,682754632000069;1
201508;5200114514215925208;5;1;66;28;2020;1;9;3;3;5;3;0;1;1;0;0;0;0;325323,576999999580000;5688296,823000000800000;6,493245977000072;51,319118438000032;1
201510;5200113709700069191;5;5;66;28;2020;1;13;2;3;0;1;0;1;0;0;0;0;0;412312,503999999720000;5793870,846000000800000;7,714398888000062;52,288191997000069;0
201512;5200110709500555136;5;5;66;76;2020;1;2;6;2;0;1;2;1;0;0;0;0;0;391246,619800000450000;5792227,625299999500000;7,406195493000041;52,269659252000054;1
201513;5200114601220193202;5;3;15;0;2020;1;13;3;3;5;3;0;1;1;0;0;0;0;355239,144399999640000;5642120,165999999300000;6,940763834000052;50,912553849000062;0
201516;5200113600380759204;5;3;14;0;2020;1;9;2;3;0;4;0;1;1;1;0;0;0;370314,245699999850000;5617450,591099999800000;7,163797567000074;50,694404209000027;1
201519;5200115705000087252;5;5;54;8;2020;1;13;4;3;1;3;0;1;1;0;0;0;0;337083,922399999570000;5746279,459899999200000;6,634956693000049;51,843524951000063;0
201521;5200114505100985914;5;1;14;0;2020;1;17;3;3;5;2;2;1;1;0;0;0;0;329200,246299999770000;5688820,194499999300000;6,548573393000027;51,324997299000074;0
201522;5200113705000476764;5;5;54;8;2020;1;16;2;3;0;1;1;1;0;0;0;0;0;335949,190299999900000;5745314,461500000200000;6,618956737000076;51,834523740000066;1
201523;5200115502104008201;5;1;13;0;2020;1;12;4;3;5;7;0;1;1;0;0;0;0;360518,781600000340000;5704235,517699999700000;6,991688615000044;51,472068390000061;0
201524;5200110709500102281;5;5;66;76;2020;1;12;6;3;5;2;0;1;1;0;0;0;0;395155,304100000300000;5794201,572899999100000;7,462841540000056;52,288158846000044;0
201527;5200110709100809208;5;5;66;8;2020;1;10;6;3;0;6;0;1;0;0;0;1;0;399039,214700000360000;5781814,983200000600000;7,523462801000051;52,177560370000037;1
201530;5200110705000470620;5;5;54;8;2020;1;15;6;3;0;5;0;1;1;0;0;0;0;336603,239299999550000;5746391,795399999200000;6,627932020000060;51,844393669000056;1
201539;5200114410120076117;5;7;70;32;2020;1;16;3;3;0;7;2;1;1;0;0;0;0;493282,558799999770000;5790254,228700000800000;8,901573159000066;52,262633080000057;0
201547;5200110701120252205;5;5;62;32;2020;1;19;6;3;6;4;2;1;0;1;0;0;0;377146,610100000170000;5715537,827899999900000;7,227030354000021;51,577501624000035;0
201548;5200112608436615203;5;3;34;36;2020;1;5;1;3;4;2;2;1;1;0;0;0;0;299687,097699999810000;5632621,874900000200000;6,156626111000037;50,810643635000076;0
201551;5200115515110022248;5;1;54;40;2020;1;15;4;2;5;3;0;1;1;0;0;0;0;294623,452999999750000;5740997,019400000600000;6,022497147000024;51,782095559000027;1
201552;5200113601210783203;5;3;15;0;2020;1;9;2;3;1;5;0;1;1;0;0;0;0;354925,117499999700000;5642889,139900000800000;6,935994074000064;50,919385610000063;0
201553;5200110701110246200;5;5;62;32;2020;1;18;6;3;3;2;2;1;1;0;0;0;0;378255,287800000050000;5717559,669600000600000;7,242320964000044;51,595913193000058;1
201555;5200115516500779337;5;1;58;16;2020;1;17;4;3;6;4;2;1;0;1;0;0;0;355525,309500000440000;5670417,788200000300000;6,933545703000050;51,166925431000038;1
201558;5200110609108263930;5;3;58;8;2020;1;6;6;3;5;3;2;1;1;0;0;0;0;322433,484000000170000;5627050,246600000200000;6,481841047000046;50,768006779000075;1
201559;5200115400200970209;5;7;11;0;2020;1;19;4;3;1;1;2;1;0;0;0;0;1;470141,137900000440000;5764271,907099999500000;8,564784868000061;52,028270172000077;1
201562;5200114600380142201;5;3;14;0;2020;1;8;3;3;6;4;0;1;0;1;0;0;0;368583,762500000190000;5617728,259400000800000;7,139210809000076;50,696511540000074;0
201564;5200115508107335205;5;1;19;0;2020;1;13;4;3;0;5;0;1;1;0;0;0;0;352083,928999999540000;5704449,698400000100000;6,870237923000047;51,471850849000077;0
201568;5200115702100678035;5;5;15;0;2020;1;8;4;2;6;4;0;1;0;1;0;0;0;407109,630900000220000;5756620,313699999800000;7,648309469000026;51,952519986000027;0
201576;5200113513310880710;5;1;62;8;2020;1;7;2;3;5;2;2;1;1;0;0;0;0;332567,918100000360000;5661410,814200000800000;6,609649233000027;51,079744122000079;0
201577;5200110608100139204;5;3;34;2;2020;1;18;6;3;3;6;2;1;1;0;0;0;0;295334,536100000140000;5627281,955499999200000;6,097899852000069;50,761163142000044;1
201582;5200115601310326209;5;3;15;0;2020;1;18;4;3;0;5;2;1;1;0;0;0;0;352504,753800000060000;5646781,029300000500000;6,900008319000051;50,953746720000026;1
201584;5200115500200586900;5;1;11;0;2020;1;18;4;2;2;6;2;1;1;0;0;0;0;346903,867999999780000;5676728,621999999500000;6,807634479000058;51,221389714000054;1
201588;5200110606100376569;5;3;78;4;2020;1;12;6;3;0;2;0;1;1;0;0;0;0;368306,548000000420000;5649680,550000000700000;7,123802815000033;50,983634471000073;1
201589;5200112608408379202;5;3;34;8;2020;1;16;1;3;5;3;0;1;1;0;0;0;0;301290,008999999610000;5643823,909000000000000;6,173267595000027;50,911809892000065;0
201592;5200113410240240428;5;7;70;40;2020;1;11;2;3;5;2;0;1;1;0;0;0;0;473530,137799999680000;5809296,151200000200000;8,610655618000067;52,433228177000046;1
201593;5200114411132987092;5;7;74;32;2020;1;7;3;2;5;3;2;1;1;0;0;0;0;483392,656000000420000;5730576,833000000600000;8,759554426000022;51,725870614000030;1
201594;5200115600110624207;5;3;14;0;2020;1;14;4;3;1;3;0;1;1;0;0;0;1;363647,314100000080000;5620969,958599999500000;7,068157187000054;50,724511041000028;0
201599;5200114601220269205;5;3;15;0;2020;1;14;3;3;0;3;0;1;1;0;0;0;0;357270,781700000170000;5636003,658399999100000;6,972033383000053;50,858090578000031;0
201600;5200116608100181203;5;3;34;2;2020;1;12;5;3;5;2;0;1;1;0;0;0;0;292459,192300000230000;5632027,483400000300000;6,054506665000076;50,802761456000042;0
201602;5200119608100571752;5;3;34;2;2020;1;2;1;3;2;5;2;1;1;0;0;0;0;294080,604600000200000;5629545,587200000900000;6,078877051000063;50,781049649000067;0
201603;5200120515212565206;5;1;54;32;2020;1;12;2;3;5;3;0;1;1;0;0;0;0;309255,392099999820000;5718504,029600000000000;6,246641976000035;51,585264290000055;1
201608;5200116606210793202;5;3;78;32;2020;1;12;5;2;4;2;0;1;1;0;0;0;0;375275,372999999670000;5667000,972999999300000;7,217061290000061;51,140863459000059;0
201609;5200119601300281849;5;3;15;0;2020;1;12;1;3;0;5;0;1;1;0;0;0;0;353466,955400000330000;5647916,207000000400000;6,913241025000048;50,964193544000068;1
201610;5200116606100032563;5;3;78;4;2020;1;11;5;3;0;7;0;1;0;0;0;0;0;367423,839300000110000;5649803,303099999200000;7,111189630000069;50,984535135000044;0
201613;5200119516500573204;5;1;58;16;2020;1;19;1;3;0;1;2;1;0;0;0;0;0;355446,516900000160000;5672328,222699999800000;6,931651203000058;51,184073389000048;0
201616;5200119505200665207;5;1;14;0;2020;1;10;1;3;5;3;0;1;1;0;0;0;0;329846,700699999930000;5692103,371500000400000;6,556273828000030;51,354686428000036;0
201618;5200116605112078591;5;3;74;12;2020;1;10;5;3;0;5;0;1;1;0;0;0;0;399346,826200000010000;5653492,503599999500000;7,564796028000046;51,024167233000071;0
201619;5200119505100644206;5;1;14;0;2020;1;9;1;3;0;1;0;1;0;0;0;0;0;328911,207999999630000;5688686,683000000200000;6,544493108000040;51,323711006000053;2
201621;5200116602300285797;5;3;62;36;2020;1;16;5;3;1;5;0;1;0;0;0;0;1;343330,977800000460000;5654955,870699999900000;6,765972657000020;51,024782678000065;0
201625;5200116601700568205;5;3;16;0;2020;1;8;5;3;5;3;0;1;1;0;0;0;0;359929,968299999830000;5659128,318499999100000;7,000889360000031;51,066564511000081;0
201629;5200116601600058715;5;3;15;0;2020;1;9;5;3;0;5;0;1;1;0;0;0;0;359515,675999999980000;5644842,183599999200000;7,000508923000041;50,938073766000059;0
201630;5200116601420672563;5;3;15;0;2020;1;12;5;3;5;3;0;1;1;0;0;0;0;356848,293600000440000;5649779,593399999700000;6,960627675000069;50,981789616000071;0
201631;5200119500200354201;5;1;11;0;2020;1;13;1;3;5;2;0;1;1;0;0;0;0;346336,170500000010000;5678548,089199999300000;6,798731141000076;51,237586027000077;1
201635;5200119404301887176;5;7;66;12;2020;1;9;1;3;5;6;0;1;1;0;0;0;0;508499,846099999730000;5760675,921800000600000;9,123804094000036;51,996677598000076;1
201638;5200116601400969164;5;3;15;0;2020;1;8;5;3;3;2;1;1;1;0;0;0;0;351220,008000000380000;5651954,509099999400000;6,879612663000046;50,999907350000058;0
201639;5200120313212085062;5;9;58;36;2020;1;16;2;3;0;7;0;1;0;0;0;0;0;464466,989000000060000;5689498,978000000100000;8,489699912000049;51,355647007000073;0
201642;5200119303100065838;5;9;15;0;2020;1;9;1;2;5;3;0;1;1;0;0;0;0;423415,585199999620000;5726145,307399999400000;7,892270307000047;51,681048076000081;1