OBJECTID;UIDENTSTLAE;ULAND;UREGBEZ;UKREIS;UGEMEINDE;UJAHR;UMONAT;USTUNDE;UWOCHENTAG;UKATEGORIE;UART;UTYP1;ULICHTVERH;IstRad;IstPKW;IstFuss;IstKrad;IstGkfz;IstSonstige;LINREFX;LINREFY;XGCSWGS84;YGCSWGS84;STRZUSTAND
202038;5200121405108078110;5;7;54;8;2020;1;17;3;3;3;3;1;1;1;0;0;0;0;456338,215400000100000;5750861,077800000100000;8,365313762000028;51,906785860000070;0
202039;5200122505200642307;5;1;14;0;2020;1;22;4;3;5;3;2;1;1;0;0;0;0;329573,380499999970000;5689512,783199999500000;6,553592354000045;51,331331288000058;1
202040;5200123711211302909;5;5;70;4;2020;1;13;5;3;5;3;0;1;1;0;0;0;0;423619,618800000290000;5735846,237299999200000;7,893092968000076;51,768284367000035;0
202045;5200122601700505200;5;3;16;0;2020;1;14;4;2;0;1;0;1;0;0;0;0;0;356796,354600000200000;5658670,708100000400000;6,956377011000029;51,061678933000053;0
202047;5200124601220294204;5;3;15;0;2020;1;17;6;3;1;5;2;1;0;0;0;0;1;355311,457399999720000;5643109,843000000300000;6,941399248000039;50,921466030000033;0
202049;5200123608200710209;5;3;34;2;2020;1;8;5;3;0;6;0;1;0;0;0;1;0;299841,010999999940000;5627104,187999999200000;6,161812486000031;50,761138195000058;1
202050;5200125503100182137;5;1;24;0;2020;1;11;7;2;0;4;0;1;0;1;0;0;0;365511,752299999820000;5677427,038400000000000;7,073668134000059;51,232353677000049;0
202051;5200121316300720206;5;9;74;28;2020;1;12;3;3;5;3;0;1;1;0;0;0;0;454961,521599999630000;5724073,327999999700000;8,348780288000057;51,665835559000072;0
202052;5200121602800604203;5;3;62;12;2020;1;6;3;3;3;6;2;1;0;0;0;0;1;352411,358699999750000;5633465,731599999600000;6,904059516000075;50,834063203000028;1
202055;5200121602700790208;5;3;62;28;2020;1;15;3;3;3;6;0;1;1;0;0;0;0;352280,694799999710000;5639710,975199999300000;6,899684246000049;50,890153833000056;0
202058;5200124516800856208;5;1;58;20;2020;1;19;6;3;4;3;2;1;1;0;0;0;0;356412,337000000290000;5665430,249399999200000;6,948213174000046;51,122328276000076;0
202069;5200124513210799207;5;1;62;24;2020;1;13;6;3;3;6;0;1;1;0;0;0;0;338041,768099999990000;5673884,112500000700000;6,682119854000064;51,193387160000043;1
202072;5200123601100186534;5;3;15;0;2020;1;8;5;3;5;2;0;1;1;0;0;0;0;356750,527300000190000;5645107,005200000500000;6,961075265000034;50,939773420000051;0
202074;5200121301301564290;5;9;78;24;2020;1;11;3;3;0;1;0;1;0;0;0;0;0;397747,002000000330000;5720502,962999999500000;7,522762059000058;51,626244943000074;2
202076;5200124610221957208;5;3;70;20;2020;1;8;6;3;0;1;0;1;0;0;0;0;0;306331,182900000360000;5653801,390100000400000;6,239581814000076;51,003142335000064;1
202079;5200121301301538935;5;9;78;24;2020;1;11;3;3;0;7;0;1;0;0;0;0;0;395354,940999999640000;5720561,992900000900000;7,488199384000041;51,626335747000041;2
202080;5200123513210071974;5;1;62;24;2020;1;7;5;3;5;2;2;1;1;0;0;0;0;339077,726700000460000;5674436,913000000600000;6,696685418000072;51,198646686000075;1
202088;5200123706000465772;5;5;58;12;2020;1;12;5;3;5;3;0;1;1;0;0;0;0;374350,574300000440000;5757098,299699999400000;7,171670694000056;51,950380019000079;1
202092;5200120709500451486;5;5;66;60;2020;1;20;2;3;5;3;2;1;1;0;0;0;0;389048,861999999730000;5789388,482000000800000;7,374933826000074;52,243704989000037;0
202095;5200122405108382101;5;7;54;8;2020;1;9;4;2;0;1;0;1;0;0;0;0;0;461430,626199999820000;5750864,008300000800000;8,439334798000061;51,907188090000034;2
202102;5200121602250515186;5;3;62;16;2020;1;15;3;2;3;6;0;1;1;0;0;0;0;329025,649299999700000;5646754,926000000900000;6,566032770000049;50,947026169000026;0
202103;5200123317240065203;5;9;78;40;2020;1;7;5;3;1;5;2;1;1;0;0;0;0;400354,007399999540000;5722532,688200000700000;7,559834367000065;51,644957213000055;1
202105;5200122600380343200;5;3;14;0;2020;1;17;4;3;6;6;2;1;0;1;0;0;0;368917,305599999610000;5618937,846899999300000;7,143501600000036;50,707458872000075;0
202106;5200121610211267477;5;3;70;20;2020;1;9;3;3;0;1;0;1;0;0;0;0;0;303847,951000000350000;5659839,479399999600000;6,200965235000069;51,056533662000049;0
202107;5200124514215182325;5;1;66;28;2020;1;22;6;3;4;6;2;1;1;0;0;0;0;324777,245699999850000;5688307,297299999700000;6,485408607000068;51,319044540000050;0
202109;5200123601400369854;5;3;15;0;2020;1;8;5;2;3;2;0;1;1;0;0;0;0;357796,002100000160000;5647674,252499999500000;6,974943203000066;50,963103940000053;0
202111;5200120705124241205;5;5;54;44;2020;1;7;2;3;5;3;2;1;1;0;0;0;0;365142,761300000360000;5741489,216299999500000;7,043868125000074;51,807962489000033;1
202114;5200130300210343206;5;9;11;0;2020;1;7;5;3;1;5;0;1;1;0;0;0;0;374265,147599999790000;5702012,205399999400000;7,190293541000074;51,455308754000043;0
202125;5200129601200662761;5;3;15;0;2020;1;15;4;3;0;2;0;1;0;0;1;0;0;354342,927000000140000;5643351,440999999600000;6,927532293000070;50,923393524000062;0
202127;5200129518100744401;5;1;70;48;2020;1;7;4;3;3;6;2;1;0;0;0;0;1;331911,746000000280000;5728601,925000000700000;6,568495450000057;51,683191373000057;1
202128;5200130405228670325;5;7;54;28;2020;1;8;5;3;5;3;0;1;1;0;0;0;0;451003,605999999680000;5744809,790999999300000;8,288632894000045;51,851938390000043;1
202130;5200129516800574209;5;1;58;20;2020;1;7;4;3;6;7;2;1;0;1;0;0;0;356443,332799999970000;5664338,463199999200000;6,949090379000040;51,112524651000058;0
202132;5200130500100152205;5;1;11;0;2020;1;0;5;3;0;1;2;1;0;0;0;0;0;345909,190700000150000;5676948,187799999500000;6,793307429000038;51,223095014000080;0
202141;5200129709500572447;5;5;66;76;2020;1;6;4;3;1;5;2;1;1;0;0;0;0;395994,187400000170000;5793807,026900000900000;7,475257668000040;52,284772342000053;1
202142;5200129503100264277;5;1;24;0;2020;1;22;4;3;0;1;2;1;0;0;0;0;0;371039,291299999690000;5678278,284399999300000;7,152489821000074;51,241280178000068;1
202146;5200127500200502247;5;1;11;0;2020;1;14;2;3;6;4;0;1;1;1;0;0;0;344141,788300000130000;5679746,500199999700000;6,766799918000061;51,247758905000069;0
202147;5200129502321578704;5;1;13;0;2020;1;20;4;3;5;2;2;1;1;0;0;0;0;357039,082999999630000;5704131,884600000500000;6,941662663000045;51,470268671000042;0
202151;5200127500200144205;5;1;11;0;2020;1;7;2;3;0;7;0;1;0;1;0;0;0;342011,074599999930000;5685526,524000000200000;6,733740850000061;51,299106473000052;1
202152;5200129705121089200;5;5;54;12;2020;1;19;4;3;5;3;2;1;0;0;0;0;0;352851,538999999870000;5746089,123999999800000;6,863754324000070;51,846192845000076;1
202155;5200127411132078071;5;7;74;32;2020;1;7;2;3;6;3;2;1;0;1;0;0;0;483501,350200000220000;5729465,277400000000000;8,761180772000046;51,715879483000037;1
202156;5200129500300114209;5;1;11;0;2020;1;19;4;3;6;7;2;1;0;1;0;0;0;347590,406299999920000;5673277,748099999500000;6,818923932000075;51,190565043000049;1
202163;5200129404301521305;5;7;66;44;2020;1;7;4;3;5;2;2;1;1;0;0;0;0;493932,013000000270000;5762778,188200000700000;8,911579737000068;52,015610848000051;1
202167;5200129400100903550;5;7;11;0;2020;1;11;4;3;5;7;0;1;1;0;0;0;0;468737,401800000110000;5766347,263900000600000;8,544135303000076;52,046851559000061;0
202171;5200127405108054201;5;7;54;8;2020;1;14;2;3;0;1;0;1;0;0;0;0;0;456249,613300000320000;5751165,688699999800000;8,363987206000047;51,909517527000048;1
202173;5200127405104351177;5;7;54;4;2020;1;5;2;3;0;1;2;1;0;0;0;0;0;448289,952300000000000;5773043,263900000600000;8,244982390000075;52,105518547000031;1
202174;5200127404301903205;5;7;66;44;2020;1;9;2;3;1;5;0;1;1;0;0;0;0;492896,361600000410000;5764928,520400000700000;8,896444024000061;52,034931988000039;1
202177;5200129303200802976;5;9;15;0;2020;1;13;4;3;5;3;0;1;0;0;1;0;0;414486,161500000390000;5727710,126199999800000;7,762760933000038;51,693826028000046;1
202179;5200129303100065838;5;9;15;0;2020;1;18;4;3;1;5;2;1;1;0;0;0;0;415740,293200000190000;5721425,607100000600000;7,782417156000065;51,637521399000036;1
202181;5200130411220037696;5;7;74;20;2020;1;19;5;3;0;2;2;1;1;0;0;0;0;469824,102900000290000;5735089,736099999400000;8,562718474000064;51,765880402000050;1
202186;5200129300210261208;5;9;11;0;2020;1;18;4;3;0;7;2;1;0;0;0;0;1;370147,535299999640000;5704997,876599999100000;7,129965044000073;51,481211494000036;0
202188;5200128711111380988;5;5;70;52;2020;1;9;3;3;5;2;0;1;1;0;0;0;0;430740,430200000290000;5756451,592100000000000;7,992138815000033;51,954448347000039;1
202189;5200128709700069191;5;5;66;28;2020;1;13;3;2;1;7;0;1;1;0;0;0;0;411422,076399999670000;5795019,960999999200000;7,701045653000051;52,298377659000039;1
202190;5200128709300187292;5;5;66;68;2020;1;13;3;3;5;3;0;1;1;0;0;0;0;375713,071100000290000;5786732,858599999900000;7,180685858000061;52,216991773000075;1
202191;5200128705000887252;5;5;54;8;2020;1;8;3;3;5;2;0;1;1;0;0;0;0;334508,031399999750000;5745118,368599999700000;6,598153190000062;51,832337070000051;1
202192;5200130405116081099;5;7;54;16;2020;1;20;5;3;0;7;2;1;0;0;0;0;0;447700,559700000100000;5756403,054700000200000;8,238921663000042;51,955865738000057;1
202194;5200128702100088934;5;5;15;0;2020;1;7;3;3;5;3;2;1;1;0;0;0;0;407855,713100000280000;5757275,515799999200000;7,658987112000034;51,958533423000063;1
202201;5200129705000281087;5;5;54;8;2020;1;7;4;3;5;3;1;1;1;0;0;0;0;336162,778500000010000;5745759,294399999100000;6,621843259000059;51,838582566000071;1
202205;5200129705000276764;5;5;54;8;2020;1;12;4;3;5;3;0;1;1;0;0;0;0;336062,128800000060000;5745433,016699999600000;6,620538242000066;51,835621933000027;1
202210;5200130502402067024;5;1;17;0;2020;1;14;5;3;5;3;0;1;1;0;0;0;0;352464,221400000150000;5699805,858999999200000;6,877645989000030;51,430222344000072;0
202213;5200126711141872431;5;5;70;44;2020;1;17;1;3;5;2;1;1;1;0;0;0;0;416575,532999999820000;5759456,086999999400000;7,785327854000059;51,979511231000060;0
202216;5200130316100384904;5;9;74;40;2020;1;18;5;3;0;2;2;1;1;0;0;0;0;438815,449000000020000;5713594,335999999200000;8,117177169000058;51,570098180000059;1
202218;5200130313233513800;5;9;58;28;2020;1;8;5;3;5;2;0;1;1;0;0;0;0;479697,674599999560000;5671889,010099999600000;8,709428762000073;51,198047468000027;1
202219;5200128601110285201;5;3;15;0;2020;1;14;3;3;7;7;0;1;0;0;0;0;1;356440,995099999940000;5645804,779799999700000;6,956397564000042;50,945967246000066;0
202221;5200128600380519208;5;3;14;0;2020;1;6;3;3;2;3;2;1;1;0;0;0;0;368837,197999999860000;5617814,316999999800000;7,142766761000075;50,697342257000059;1
202226;5200126705000051111;5;5;54;20;2020;1;3;1;3;3;6;2;1;1;0;0;0;0;365816,551300000400000;5784501,937899999300000;7,036793214000056;52,194624856000075;1
202230;5200128518320378237;5;1;70;52;2020;1;9;3;3;5;3;0;1;1;0;0;0;0;324085,277200000360000;5725843,211899999500000;6,456787077000058;51,656014145000029;0
202231;5200128518200742204;5;1;70;24;2020;1;15;3;2;5;2;0;1;1;0;0;0;0;336213,479100000110000;5702219,683900000500000;6,642958752000027;51,447445114000061;0
202233;5200126702100870566;5;5;15;0;2020;1;23;1;2;0;1;2;1;0;0;0;0;0;405892,091799999590000;5755382,124199999500000;7,630936898000073;51,941185868000048;1
202234;5200128518110791207;5;1;70;12;2020;1;8;3;3;5;2;1;1;1;0;0;0;0;333805,806699999610000;5734458,873999999800000;6,593075552000073;51,736370810000039;1
202235;5200128518100807204;5;1;70;48;2020;1;9;3;3;5;3;0;1;1;0;0;0;0;335284,692300000230000;5726425,885999999900000;6,618267530000026;51,664641928000037;1
202242;5200128513320306206;5;1;62;4;2020;1;13;3;3;0;7;0;1;0;0;0;0;0;347203,652999999930000;5663010,821000000500000;6,817750080000053;51,098205883000048;0
202244;5200128513110834229;5;1;62;16;2020;1;13;3;3;1;7;0;1;0;0;0;0;1;333883,168800000100000;5676482,252699999100000;6,621455298000058;51,215536327000052;0
202245;5200126608200605204;5;3;34;2;2020;1;13;1;2;0;1;0;1;0;0;0;0;0;299320,998100000430000;5623819,602399999300000;6,156237691000058;50,731457129000034;0
202247;5200128506100443208;5;1;16;0;2020;1;22;3;2;1;5;2;1;1;0;0;0;0;319369,324500000100000;5673832,158199999500000;6,415190065000047;51,187324310000065;0
202252;5200128505200572089;5;1;14;0;2020;1;9;3;3;0;7;0;1;0;0;0;0;0;329776,187500000000000;5689664,191500000700000;6,556428380000057;51,332752251000045;1
202256;5200126601310946201;5;3;15;0;2020;1;9;1;2;0;1;0;1;0;0;0;0;0;354196,855999999680000;5646580,957000000400000;6,924163070000077;50,952379296000061;1
202264;5200128502210485364;5;1;13;0;2020;1;8;3;3;0;2;0;1;1;0;0;0;0;361199,190799999980000;5699514,719399999800000;7,003331088000039;51,429813044000070;1
202268;5200128500300685208;5;1;11;0;2020;1;17;3;3;4;2;1;1;1;0;0;0;0;349692,027900000100000;5675873,137900000400000;6,847889570000064;51,214443389000053;1
202274;5200128405228886999;5;7;54;28;2020;1;14;3;3;0;3;0;1;1;0;0;0;0;451295,695000000300000;5745070,482000000800000;8,292836579000039;51,854307698000071;0
202275;5200130500300221205;5;1;11;0;2020;1;8;5;3;1;3;0;1;1;0;0;0;0;343360,635499999860000;5675394,279699999800000;6,757518713000025;51,208439132000080;0
202278;5200126600120179206;5;3;82;24;2020;1;13;1;3;6;4;0;1;0;1;0;0;0;371795,264200000090000;5615990,171800000600000;7,185262442000067;50,681605616000070;0
202279;5200128405112082112;5;7;54;12;2020;1;13;3;3;5;3;0;1;1;0;0;0;0;455725,848100000060000;5767834,209499999900000;8,354221947000042;52,059333021000043;1
202281;5200128400100587117;5;7;11;0;2020;1;18;3;3;0;3;2;1;1;0;0;0;0;469211,273500000130000;5766543,763399999600000;8,551027266000062;52,048644735000039;1
202284;5200128316100565884;5;9;74;40;2020;1;12;3;3;5;3;0;1;1;0;0;0;0;439538,762600000020000;5714252,868100000500000;8,127499095000076;51,576096795000069;1
202289;5200128301304285033;5;9;13;0;2020;1;14;3;3;3;2;0;1;0;0;0;0;1;398893,832000000400000;5710617,928799999900000;7,542170907000070;51,537598751000075;1
202293;5200128300510631200;5;9;54;36;2020;1;9;3;3;1;5;0;1;1;0;0;0;0;385066,053000000310000;5700603,072000000600000;7,346136241000068;51,444939280000028;1
202295;5200126505200042307;5;1;14;0;2020;1;10;1;3;3;2;0;1;1;0;0;0;0;326592,405799999830000;5694247,777100000500000;6,508537240000067;51,372966770000062;0
202296;5200127711112580988;5;5;70;52;2020;1;7;2;3;5;2;1;1;0;0;0;1;0;429252,810999999750000;5756254,802999999400000;7,970535322000046;51,952492031000077;1
202298;5200130405228087022;5;7;54;28;2020;1;15;5;3;0;1;0;1;0;0;0;0;0;451453,074099999850000;5745628,228000000100000;8,295043101000033;51,859335824000027;0
202300;5200127706300987295;5;5;58;24;2020;1;22;2;3;0;3;2;1;1;0;0;0;0;391849,918100000360000;5735970,295800000400000;7,432805275000021;51,764163908000057;1
202304;5200127705000421129;5;5;54;12;2020;1;17;2;3;5;2;2;1;1;0;0;0;0;352802,135999999940000;5746452,360999999600000;6,862883018000048;51,849443483000073;1
202306;5200127705000276771;5;5;54;8;2020;1;15;2;3;5;3;0;1;1;0;0;0;0;336119,523400000300000;5745903,844599999500000;6,621147507000046;51,839868435000028;1
202307;5200126502249985365;5;1;13;0;2020;1;13;1;3;2;1;0;1;1;0;0;0;0;356051,016300000250000;5691165,395999999700000;6,932710290000046;51,353501433000076;0
202308;5200129610111372206;5;3;70;16;2020;1;14;4;3;5;3;0;1;1;0;0;0;0;298550,018000000160000;5660014,974400000600000;6,125368061000074;51,056275993000042;0
202310;5200127702100842487;5;5;15;0;2020;1;14;2;3;0;1;1;1;0;0;0;0;0;404899,329900000240000;5758344,475999999800000;7,615679031000070;51,967643877000057;1
202313;5200127701400227202;5;5;12;0;2020;1;17;2;3;5;2;1;1;1;0;0;0;0;355868,790300000460000;5710571,465500000900000;6,922194117000061;51,527836703000048;1
202314;5200127701120043204;5;5;62;32;2020;1;7;2;3;5;3;0;1;1;0;0;0;0;375711,976300000210000;5715809,837400000500000;7,206240902000047;51,579631724000080;1
202316;5200127701110214207;5;5;62;32;2020;1;13;2;2;5;3;0;1;1;0;0;0;0;375907,132500000300000;5719222,726399999100000;7,207848879000039;51,610346978000052;0
202317;5200127701110195202;5;5;62;32;2020;1;13;2;2;5;7;0;1;1;0;0;0;0;375574,765900000000000;5719106,847799999600000;7,203092504000040;51,609232208000037;0
202319;5200129608100489207;5;3;34;2;2020;1;8;4;3;5;3;1;1;1;0;0;0;0;293663,829599999820000;5629545,725099999500000;6,072972930000049;50,780902762000039;1
202322;5200127607300804209;5;3;82;16;2020;1;10;2;3;0;3;0;1;1;0;0;0;0;392033,316999999810000;5625638,779999999300000;7,468787664000047;50,772451173000036;1
202323;5200130500100566253;5;1;11;0;2020;1;17;5;3;0;1;2;1;0;0;0;0;0;343366,628100000320000;5678884,614700000700000;6,756079264000050;51,239802329000042;1
202335;5200127601420318200;5;3;15;0;2020;1;22;2;3;0;1;2;1;0;0;0;0;0;356309,504099999550000;5647254,315300000800000;6,953954909000061;50,958961225000053;1
202336;5200130411132170369;5;7;74;32;2020;1;12;5;2;0;7;0;1;0;0;0;0;0;482945,524000000210000;5730002,966000000000000;8,753108898000050;51,720697380000047;0
202339;5200126411132482092;5;7;74;32;2020;1;14;1;3;5;3;0;1;1;0;0;0;0;480677,690999999640000;5730988,164599999800000;8,720224075000033;51,729482010000027;0
202340;5200127601320085203;5;3;15;0;2020;1;8;2;3;0;6;0;1;0;0;0;0;0;350304,684200000020000;5644451,453600000600000;6,869664756000020;50,932245075000026;0
202345;5200127518400708201;5;1;70;8;2020;1;13;2;3;5;3;0;1;1;0;0;0;0;343188,144100000150000;5715012,705900000400000;6,737556857000072;51,564361023000060;1
202347;5200130404301421202;5;7;66;44;2020;1;9;5;2;5;3;0;1;0;0;0;0;0;493019,941100000400000;5764063,020300000900000;8,898263209000049;52,027151936000053;0
202348;5200126404101034955;5;7;66;20;2020;1;16;1;2;0;7;2;1;0;1;0;0;0;490349,586000000130000;5754561,341000000000000;8,859609308000074;51,941682726000067;0
202350;5200126314110878269;5;9;66;24;2020;1;13;1;3;0;1;0;1;0;0;0;0;0;418899,640999999830000;5653050,642999999200000;7,843628489000025;51,023285921000081;0
202352;5200127514114579489;5;1;66;24;2020;1;6;2;3;0;3;2;1;0;0;0;1;0;309546,918700000270000;5677663,023199999700000;6,272765743000036;51,218545194000058;1
202353;5200127513320579544;5;1;62;4;2020;1;18;2;3;4;6;2;1;1;0;0;0;0;346717,031299999920000;5663121,645400000700000;6,810758482000040;51,099071849000040;1
202355;5200127506100283208;5;1;16;0;2020;1;12;2;3;1;7;0;1;1;0;0;0;0;318871,597500000150000;5667549,607799999400000;6,411237988000039;51,130730311000036;0
202358;5200126301203369350;5;9;13;0;2020;1;13;1;3;1;6;0;1;1;0;0;0;0;393126,438199999740000;5715725,282299999100000;7,457490928000027;51,582443069000078;0
202360;5200127505200871920;5;1;14;0;2020;1;15;2;3;4;6;0;1;0;0;1;0;0;327249,242499999700000;5693597,662000000500000;6,518280862000040;51,367326669000079;1
202361;5200130301401830203;5;9;13;0;2020;1;12;5;3;5;3;0;1;1;0;0;0;0;398278,000900000330000;5707616,608300000400000;7,534161119000032;51,510510006000061;0
202362;5200127505200118013;5;1;14;0;2020;1;12;2;3;5;3;0;1;1;0;0;0;0;329989,829199999570000;5690528,281099999300000;6,559079759000042;51,340578982000068;1
202370;5200131505100014207;5;1;14;0;2020;1;15;6;3;4;6;0;1;1;0;0;0;0;332422,787999999710000;5689256,278300000400000;6,594576106000034;51,329873616000043;0
202371;5200201705000676736;5;5;54;8;2020;2;10;7;3;5;3;0;1;1;0;0;0;0;335138,089700000360000;5747318,489600000900000;6,606240227000058;51,852287825000076;1
202372;5200131601500576564;5;3;15;0;2020;1;19;6;3;5;2;2;1;1;0;0;0;0;359610,884600000460000;5646116,583300000100000;7,001371930000062;50,949550126000076;0
202380;5200201601110976202;5;3;15;0;2020;2;23;7;3;6;6;2;1;0;1;0;0;0;355494,606499999760000;5645879,924900000900000;6,942904897000062;50,946406111000044;0
202381;5200203608100335200;5;3;34;2;2020;2;16;2;3;3;6;0;1;1;0;0;0;0;294718,323900000190000;5628885,451300000800000;6,088279584000077;50,775346896000030;0
202382;5200131701500532207;5;5;62;24;2020;1;15;6;3;0;7;0;1;0;0;0;0;0;369357,444400000390000;5725128,141100000600000;7,111108015000070;51,661935138000047;1
202386;5200204515211065318;5;1;54;16;2020;2;10;3;3;8;1;0;1;0;0;0;0;0;303300,918300000020000;5728696,435900000900000;6,155078022000055;51,674750244000052;1
202388;5200131503100378786;5;1;24;0;2020;1;15;6;3;5;3;0;1;1;0;0;0;0;370499,504700000400000;5679922,331399999600000;7,144166274000042;51,255933599000059;0
202390;5200131502210471203;5;1;13;0;2020;1;14;6;3;5;3;0;1;1;0;0;0;0;361250,245000000110000;5699775,807000000000000;7,003962756000021;51,432171778000054;0
202392;5200203603116581272;5;3;66;16;2020;2;19;2;3;5;2;2;1;1;0;0;0;0;343342,140999999830000;5614176,375000000000000;6,783568825000032;50,658342893000054;1
202396;5200202405148446693;5;7;54;48;2020;2;14;1;3;0;3;0;1;1;0;0;0;0;441764,225999999790000;5766148,733999999200000;8,150887802000057;52,042889127000080;1
202402;5200204411236568212;5;7;74;36;2020;2;7;3;2;5;2;1;1;1;0;0;0;0;471469,120000000110000;5724476,721300000300000;8,587425172000053;51,670543363000036;1
202403;5200131500200556862;5;1;11;0;2020;1;12;6;3;2;6;0;1;1;0;0;0;0;346117,759399999860000;5677725,677600000100000;6,795958091000045;51,230137402000082;0
202404;5200201506100311588;5;1;16;0;2020;2;16;7;3;5;3;0;1;0;0;0;0;1;319813,969700000250000;5673134,954099999700000;6,421895632000030;51,181201585000053;0
202408;5200131500200501154;5;1;11;0;2020;1;16;6;3;5;3;0;1;1;0;0;0;0;346573,121199999940000;5678327,061899999200000;6,802217506000034;51,235663749000082;0
202412;5200201317210928204;5;9;78;20;2020;2;16;7;2;3;3;0;1;1;0;0;0;0;407486,798000000420000;5716807,142000000900000;7,664403907000065;51,594708547000039;0
202417;5200203307300714205;5;9;62;40;2020;2;10;2;3;5;3;0;1;1;0;0;0;0;418046,804299999960000;5697552,301300000400000;7,821295348000035;51,423246754000047;1
202418;5200131500100501684;5;1;11;0;2020;1;12;6;3;3;2;0;1;1;0;0;0;0;345949,707999999630000;5677617,322499999800000;6,793599600000050;51,229118444000051;0
202419;5200201702100542458;5;5;15;0;2020;2;11;7;3;0;1;0;1;0;0;0;0;0;406069,104399999600000;5758871,237800000200000;7,632557301000077;51,972577550000040;1
202424;5200131411132587119;5;7;74;32;2020;1;17;6;3;7;1;1;1;0;0;0;0;0;480878,960599999870000;5728368,886099999800000;8,723282086000040;51,705938226000058;0
202427;5200131405220887022;5;7;54;20;2020;1;16;6;3;0;1;0;1;0;0;0;0;0;451762,046900000420000;5749117,368799999400000;8,299041773000056;51,890731662000064;0
202428;5200201600380722203;5;3;14;0;2020;2;12;7;3;6;4;0;1;0;1;0;0;0;370097,866600000300000;5616407,847500000100000;7,161102123000035;50,684983385000066;1
202429;5200131317250510777;5;9;78;32;2020;1;10;6;3;3;2;0;1;1;0;0;0;0;393663,835599999870000;5728252,877200000000000;7,461437625000031;51,695146219000037;0
202433;5200203701300945203;5;5;62;14;2020;2;7;2;3;5;2;0;1;1;0;0;0;0;358913,521099999550000;5713126,403400000200000;6,965032998000027;51,551564283000062;0
202434;5200131705000521011;5;5;54;20;2020;1;7;6;2;5;2;1;1;1;0;0;0;0;366133,450100000020000;5787784,919199999400000;7,040128662000029;52,224200705000044;1
202438;5200202601100676830;5;3;15;0;2020;2;20;1;3;5;2;2;1;1;0;0;0;0;354879,282999999820000;5644801,341099999800000;6,934581256000058;50,936558589000072;1
202441;5200203601700868200;5;3;16;0;2020;2;12;2;3;6;7;0;1;0;1;0;0;0;359219,135200000370000;5655336,678600000200000;6,992225228000052;51,032315556000071;1
202444;5200131609224289208;5;3;58;24;2020;1;18;6;3;5;3;2;1;1;0;0;0;0;312015,214999999850000;5644815,822499999800000;6,325144238000064;50,924312540000074;0
202453;5200203404302642854;5;7;66;40;2020;2;14;2;3;5;3;0;1;1;0;0;0;0;486917,770100000310000;5760341,658199999500000;8,809464505000051;51,993583204000061;1
202454;5200131301301509208;5;9;78;24;2020;1;20;6;3;5;3;2;1;1;0;0;0;0;400314,102199999620000;5718418,921499999200000;7,560428807000051;51,607972767000035;0
202455;5200201705000949719;5;5;54;56;2020;2;19;7;3;4;6;2;1;0;0;0;0;0;357019,259899999950000;5762227,630999999100000;6,917514828000037;51,992282740000064;0
202456;5200131601220460207;5;3;15;0;2020;1;13;6;3;1;5;0;1;1;0;0;0;0;358291,545300000350000;5640018,557199999700000;6,984971260000066;50,894424032000074;0
202459;5200202301101886205;5;9;13;0;2020;2;14;1;3;5;3;0;1;1;0;0;0;0;392854,955799999650000;5708017,288899999100000;7,455921688000046;51,513109138000061;1
202460;5200131601120541206;5;3;15;0;2020;1;20;6;3;1;5;2;1;1;0;0;0;0;356607,882000000220000;5642917,591499999200000;6,959907557000065;50,920061922000059;0
202461;5200204316300736204;5;9;74;28;2020;2;10;3;2;5;3;0;1;1;0;0;0;0;454279,592400000430000;5727327,295399999200000;8,338494678000075;51,695036414000072;1
202468;5200131601110814203;5;3;15;0;2020;1;8;6;3;0;1;0;1;0;0;0;0;0;355418,445100000130000;5644292,218599999300000;6,942451519000031;50,932118634000062;1
202472;5200204515212248125;5;1;54;64;2020;2;8;3;3;0;1;0;1;0;0;0;0;0;306150,803500000390000;5723335,243000000700000;6,199214510000047;51,627593355000045;1
202479;5200130709100778200;5;5;66;64;2020;1;14;5;3;0;7;0;1;0;0;0;0;0;395772,429999999700000;5771262,697499999800000;7,478938201000062;52,082113357000026;0
202481;5200130705000255357;5;5;54;4;2020;1;11;5;3;6;4;0;1;0;1;0;0;0;363901,558400000450000;5771972,873500000700000;7,013809146000028;52,081577786000082;0
202485;5200131702100965912;5;5;15;0;2020;1;13;6;3;2;5;0;1;1;0;0;0;0;405586,798600000330000;5757372,208499999700000;7,625950250000074;51,959021916000040;0
202486;5200204506100255206;5;1;16;0;2020;2;17;3;3;3;7;2;1;1;0;0;0;0;321154,253399999810000;5671654,706800000700000;6,441788279000036;51,168324961000053;1
202488;5200130702100707201;5;5;15;0;2020;1;21;5;3;5;2;2;1;0;0;0;0;0;405050,865000000220000;5756671,631999999300000;7,618346550000069;51,952633588000026;1
202490;5200130702100487529;5;5;15;0;2020;1;7;5;3;5;2;2;1;1;0;0;0;0;401518,997000000440000;5758993,867000000600000;7,566303711000046;51,972892119000051;1
202492;5200130702100061999;5;5;15;0;2020;1;2;5;3;8;1;2;1;1;0;0;0;0;405146,479899999690000;5758883,534199999600000;7,619126564000055;51,972531373000038;1
202498;5200203411108037544;5;7;74;8;2020;2;16;2;3;5;3;0;1;1;0;0;0;0;487839,205000000070000;5737291,508999999600000;8,823697424000045;51,786358302000053;1