OBJECTID;UIDENTSTLAE;ULAND;UREGBEZ;UKREIS;UGEMEINDE;UJAHR;UMONAT;USTUNDE;UWOCHENTAG;UKATEGORIE;UART;UTYP1;ULICHTVERH;IstRad;IstPKW;IstFuss;IstKrad;IstGkfz;IstSonstige;LINREFX;LINREFY;XGCSWGS84;YGCSWGS84;STRZUSTAND
202499;5200130608312063206;5;3;34;12;2020;1;7;5;3;5;3;2;1;1;0;0;0;0;307632,429899999870000;5633017,257200000800000;6,269060564000029;50,816887976000032;0
202500;5200202410210299205;5;7;70;20;2020;2;14;1;2;5;3;0;1;1;0;0;0;0;474985,576799999920000;5795327,630799999500000;8,633105114000045;52,307716847000052;1
202502;5200204404101172314;5;7;66;20;2020;2;16;3;3;5;3;0;1;0;0;0;0;1;490027,518000000160000;5754848,131999999300000;8,854915678000054;51,944255589000079;1
202509;5200203601300069565;5;3;15;0;2020;2;7;2;3;1;5;0;1;1;0;0;0;0;353017,590099999680000;5646161,585100000700000;6,907554776000040;50,948311055000033;0
202511;5200203405152682112;5;7;54;52;2020;2;11;2;3;5;2;0;1;1;0;0;0;0;460321,020999999720000;5769763,024000000200000;8,421018503000028;52,077022000000056;1
202514;5200131516800276204;5;1;58;20;2020;1;11;6;3;5;3;0;1;1;0;0;0;0;356130,116299999880000;5664624,374700000500000;6,944504686000073;51,115015460000052;0
202518;5200203516340650206;5;1;58;28;2020;2;12;2;2;3;6;0;1;1;0;0;0;0;348633,958200000230000;5689834,318600000800000;6,826838273000021;51,339613713000062;0
202523;5200201705000221068;5;5;54;20;2020;2;19;7;3;4;6;2;1;0;0;0;0;0;364031,995799999680000;5786889,749399999200000;7,009742035000045;52,215642708000075;0
202529;5200130601610519202;5;3;15;0;2020;1;19;5;3;5;2;2;1;1;0;0;0;0;359110,533599999730000;5645209,384099999400000;6,994604363000065;50,941274983000028;1
202533;5200203608100172203;5;3;34;2;2020;2;10;2;2;0;1;0;1;0;0;0;0;0;295055,658999999990000;5629202,109999999400000;6,092881319000071;50,778310169000065;0
202540;5200204515210022296;5;1;54;52;2020;2;10;3;3;5;3;0;1;1;0;0;0;0;309587,700000000190000;5702343,299000000600000;6,260160396000060;51,440230890000066;1
202542;5200130601320568208;5;3;15;0;2020;1;18;5;3;0;1;2;1;0;0;0;0;0;352336,191899999980000;5645962,946200000100000;6,897941884000034;50,946351838000055;1
202544;5200130601210572205;5;3;15;0;2020;1;19;5;3;5;3;2;1;1;0;0;0;0;355802,354000000280000;5642601,107999999100000;6,948579957000050;50,917016992000072;1
202545;5200201516910331207;5;1;58;26;2020;2;1;7;3;0;7;2;1;0;0;0;0;0;352169,593399999660000;5661786,616699999200000;6,889122742000041;51,088506711000036;0
202548;5200203407113351526;5;7;62;20;2020;2;6;2;3;3;7;2;1;1;0;0;0;0;529471,777099999600000;5742456,947300000100000;9,427704638000023;51,832156633000068;1
202549;5200130601100869924;5;3;15;0;2020;1;13;5;3;6;7;0;1;0;1;0;0;0;354777,754300000150000;5645186,746700000000000;6,932983649000050;50,939996570000062;0
202551;5200203500300634204;5;1;11;0;2020;2;20;2;3;3;7;2;1;1;0;0;0;0;346831,889000000430000;5677019,360999999600000;6,806480312000076;51,223982860000035;1
202554;5200204411232078140;5;7;74;32;2020;2;18;3;3;5;3;2;1;1;0;0;0;0;480803,622999999670000;5733130,456000000200000;8,721929268000054;51,748748222000074;1
202569;5200203600360080200;5;3;82;12;2020;2;12;2;3;5;3;0;1;1;0;0;0;0;352498,632000000220000;5629649,398000000000000;6,906832331000032;50,799788929000044;0
202576;5200203513110176163;5;1;62;16;2020;2;15;2;3;2;7;0;1;0;0;0;0;1;333320,864000000060000;5676582,341000000000000;6,613364894000029;51,216271703000075;0
202577;5200130518100316930;5;1;70;48;2020;1;6;5;3;0;6;2;1;0;1;0;0;0;335494,809299999850000;5725762,269899999700000;6,621615254000062;51,658741730000031;0
202579;5200203514210985946;5;1;66;36;2020;2;14;2;3;0;3;0;1;1;0;0;0;0;320847,995900000450000;5686707,559800000900000;6,429884359000027;51,303450521000059;0
202581;5200130515210078983;5;1;54;20;2020;1;10;5;3;2;6;0;1;1;0;0;0;0;321534,981399999930000;5712467,418199999300000;6,426760048000062;51,535062520000054;0
202587;5200204514121882265;5;1;66;4;2020;2;9;3;3;0;3;0;1;1;0;0;0;0;303265,372999999670000;5680838,606000000600000;6,181187163000061;51,244936371000051;1
202594;5200201600380718206;5;3;14;0;2020;2;12;7;3;1;7;0;1;1;0;0;0;0;369530,537999999710000;5614817,256999999300000;7,153636643000027;50,670559700000069;1
202598;5200203411220148659;5;7;74;20;2020;2;7;2;3;5;3;0;1;1;0;0;0;0;470432,816200000230000;5735452,449699999800000;8,571508245000075;51,769174063000037;1
202611;5200131505200018203;5;1;14;0;2020;1;16;6;3;0;7;1;1;0;0;0;0;0;334564,350499999710000;5692423,544900000100000;6,623815927000067;51,358956073000058;0
202612;5200204315260776479;5;9;70;32;2020;2;6;3;3;5;2;2;1;1;0;0;0;0;434507,803899999710000;5640037,629000000700000;8,068485676000023;50,908271455000033;1
202613;5200131601610187206;5;3;15;0;2020;1;12;6;3;5;3;0;1;1;0;0;0;0;360024,311999999920000;5645612,231000000600000;7,007447676000027;50,945117987000060;0
202615;5200203518400075284;5;1;70;8;2020;2;7;2;3;3;6;1;1;0;0;0;0;0;341612,301699999720000;5715772,714400000900000;6,714497837000067;51,570748943000069;0
202619;5200201610211675577;5;3;70;4;2020;2;20;7;3;8;6;2;1;1;0;0;0;0;313799,023299999540000;5660301,093200000000000;6,342558858000075;51,063992917000064;0
202620;5200203705000787250;5;5;54;8;2020;2;16;2;3;9;4;1;1;0;1;0;0;0;336129,006799999620000;5745518,414599999800000;6,621467591000055;51,836408725000069;0
202622;5200206601310411200;5;3;15;0;2020;2;16;5;3;0;1;2;1;0;0;0;0;0;352554,858500000090000;5647802,724600000300000;6,900307255000030;50,962941027000056;0
202624;5200206601310171200;5;3;15;0;2020;2;8;5;3;1;3;0;1;1;0;0;0;0;352134,559299999850000;5650815,537100000300000;6,893100958000048;50,989907817000073;0
202627;5200206601220225203;5;3;15;0;2020;2;7;5;3;1;5;2;1;1;0;0;0;0;358282,520999999720000;5640015,418400000800000;6,984844241000076;50,894393609000076;0
202628;5200207600350275201;5;3;82;32;2020;2;15;6;2;5;3;0;1;1;0;0;0;0;359921,192499999890000;5610047,754899999100000;7,019535505000022;50,625460104000069;0
202629;5200207600110248205;5;3;14;0;2020;2;14;6;2;0;7;0;1;0;0;0;0;0;364027,201200000010000;5621307,137700000800000;7,073411848000035;50,727630578000060;0
202631;5200207518200075537;5;1;70;24;2020;2;11;6;3;0;7;0;1;0;0;0;0;1;333880,936200000350000;5707092,985600000200000;6,607132103000026;51,490547179000032;0
202632;5200206601200386539;5;3;15;0;2020;2;8;5;3;5;2;1;1;1;0;0;0;0;357010,961099999960000;5642019,869799999500000;6,965990306000037;50,912094162000074;0
202635;5200206600380834207;5;3;14;0;2020;2;7;5;3;4;6;1;1;0;0;0;0;0;368679,385499999860000;5617544,598300000700000;7,140629313000034;50,694882351000047;1
202638;5200206516800416205;5;1;58;20;2020;2;20;5;2;6;4;2;1;0;1;0;0;0;356378,831399999560000;5662927,832800000900000;6,948730925000064;51,099831767000069;0
202640;5200207516800776207;5;1;58;20;2020;2;10;6;3;5;2;0;1;1;0;0;0;0;356698,337299999780000;5662988,560100000400000;6,953267039000025;51,100457444000028;0
202641;5200206513210571877;5;1;62;24;2020;2;7;5;3;4;2;0;1;1;0;0;0;0;338448,770999999720000;5674171,234999999400000;6,687810439000032;51,196082119000039;0
202643;5200206513110763206;5;1;62;16;2020;2;11;5;3;5;2;0;1;0;0;0;1;0;334548,625000000000000;5676786,474999999600000;6,630834524000022;51,218462800000054;0
202644;5200206506100500202;5;1;16;0;2020;2;14;5;3;0;7;0;1;0;0;0;0;0;315293,268600000070000;5670068,140900000900000;6,358861133000062;51,152210896000042;0
202647;5200206505200571206;5;1;14;0;2020;2;18;5;3;5;2;2;1;1;0;0;0;0;331187,571200000120000;5689995,978599999100000;6,576512084000058;51,336153736000028;0
202651;5200207515110022265;5;1;54;36;2020;2;8;6;3;6;3;0;1;0;1;0;0;0;301952,723500000310000;5743075,204099999700000;6,127422239000055;51,803399157000058;0
202658;5200207514210582269;5;1;66;12;2020;2;7;6;3;4;6;1;1;0;0;0;0;0;320691,041100000030000;5693513,333300000100000;6,424209345000065;51,364536700000031;0
202663;5200206500100971892;5;1;11;0;2020;2;7;5;3;1;5;0;1;1;0;0;0;0;342897,134800000120000;5679089,636600000800000;6,749268946000029;51,241515401000072;0
202667;5200206410110962207;5;7;70;24;2020;2;14;5;3;5;3;0;1;1;0;0;0;0;492441,838999999690000;5790289,646999999900000;8,889253800000063;52,262940598000057;0
202670;5200207514114581679;5;1;66;24;2020;2;9;6;3;5;3;0;1;1;0;0;0;0;309352,399000000210000;5677373,640000000600000;6,270137500000033;51,215881057000047;0
202671;5200206316100880207;5;9;74;40;2020;2;10;5;2;8;6;0;1;1;0;0;0;0;438358,366000000390000;5713543,849800000000000;8,110591696000029;51,569594491000032;0
202678;5200207513210864200;5;1;62;24;2020;2;8;6;3;3;6;0;1;0;0;0;0;1;336397,201500000430000;5677204,283399999100000;6,657090526000047;51,222749330000056;0
202679;5200206301102008340;5;9;13;0;2020;2;11;5;3;0;1;0;1;1;0;0;0;0;396094,800699999560000;5704885,844499999700000;7,503516320000074;51,485566824000045;0
202680;5200207506100622204;5;1;16;0;2020;2;17;6;3;3;2;0;1;1;0;0;0;0;320939,294599999670000;5674259,734600000100000;6,437418861000026;51,191659262000030;0
202681;5200206300600541646;5;9;16;0;2020;2;8;5;3;0;3;0;1;1;0;0;0;0;377213,704800000410000;5711272,972899999500000;7,229487520000021;51,539186553000036;0
202683;5200205711312074737;5;5;70;8;2020;2;15;4;2;3;2;0;1;1;0;0;0;0;436968,175499999900000;5733077,433800000700000;8,087013531000025;51,745054484000036;0
202686;5200205709300887292;5;5;66;84;2020;2;11;4;2;0;1;0;1;0;0;0;0;0;390652,085300000380000;5774579,252699999100000;7,403180097000075;52,110932609000031;2
202688;5200205709100509878;5;5;66;8;2020;2;14;4;3;1;7;0;1;1;0;0;0;0;399875,104500000370000;5781432,949500000100000;7,535795996000047;52,174279080000076;0
202689;5200205706300974760;5;5;58;24;2020;2;10;4;2;0;1;0;1;0;0;0;0;0;391988,273799999620000;5736710,119000000900000;7,434579323000037;51,770840114000066;2
202691;5200205706200603156;5;5;58;12;2020;2;7;4;3;0;1;2;1;0;0;0;0;0;373213,583300000060000;5755958,862500000700000;7,155555707000076;51,939882603000058;2
202693;5200205706200603109;5;5;58;40;2020;2;8;4;3;0;1;0;1;0;0;0;0;0;377044,157700000330000;5764586,337500000400000;7,208160156000076;52,018273882000074;2
202694;5200205706200203149;5;5;58;12;2020;2;7;4;3;0;7;0;1;0;0;0;0;0;373217,930599999610000;5755956,826899999800000;7,155619665000074;51,939865301000054;2
202695;5200205706100465766;5;5;58;44;2020;2;6;4;3;0;1;2;1;0;0;0;0;0;395181,844999999740000;5752053,695000000300000;7,476196492000042;51,909355748000053;2
202696;5200208411220787202;5;7;74;20;2020;2;13;7;3;5;3;0;1;1;0;0;0;0;469876,337799999860000;5735761,188999999300000;8,563417151000067;51,771920283000043;0
202697;5200205705121425206;5;5;54;12;2020;2;9;4;3;0;1;0;1;0;0;0;0;0;353003,425999999980000;5753186,544999999900000;6,862935142000026;51,910002437000060;2
202698;5200205705000987331;5;5;54;48;2020;2;6;4;2;0;1;2;1;0;0;0;0;0;341763,343399999660000;5744631,134700000300000;6,703581616000065;51,830062098000042;2
202700;5200205705000887331;5;5;54;48;2020;2;5;4;3;0;1;2;1;0;0;0;0;0;342121,688500000160000;5744396,923800000900000;6,708884446000070;51,828059324000037;2
202701;5200205705000770558;5;5;54;8;2020;2;8;4;3;0;5;0;1;0;0;0;0;1;336839,179700000210000;5745788,067199999500000;6,631638826000028;51,839039060000061;2
202703;5200205705000579991;5;5;54;12;2020;2;7;4;3;0;1;2;1;0;0;0;0;0;351369,249699999580000;5745357,308499999300000;6,842565869000055;51,839224992000027;2
202704;5200205705000520789;5;5;54;20;2020;2;15;4;3;0;1;0;1;0;0;0;0;0;364031,931300000290000;5786622,402699999500000;7,009848490000024;52,213240528000028;0
202705;5200205705000465810;5;5;54;8;2020;2;7;4;3;0;3;2;1;1;0;0;0;0;335492,052199999800000;5746196,460300000400000;6,611908643000049;51,842312638000067;1
202710;5200207500300339209;5;1;11;0;2020;2;11;6;3;5;3;0;1;0;0;0;0;0;351617,354399999600000;5668722,827600000400000;6,878388898000026;51,150693971000067;0
202711;5200205705000179154;5;5;54;12;2020;2;22;4;3;0;1;2;1;1;0;0;0;0;352998,275000000370000;5752861,745999999300000;6,862998883000046;51,907082811000066;0
202712;5200207608200259202;5;3;34;2;2020;2;14;6;2;0;1;0;1;0;0;0;0;0;298903,584900000130000;5629310,411900000600000;6,147331708000024;50,780629790000035;0
202713;5200205705000021108;5;5;54;68;2020;2;8;4;2;0;7;0;1;0;0;0;0;0;350463,341000000010000;5766754,895999999700000;6,820125634000021;52,031231352000077;2
202714;5200208608200491208;5;3;34;2;2020;2;14;7;3;0;4;0;1;0;1;0;0;0;296541,964599999600000;5628196,130300000300000;6,114492222000024;50,769798296000033;0
202715;5200205702100672376;5;5;15;0;2020;2;9;4;3;0;7;0;1;0;0;0;1;0;405105,582399999720000;5755622,085200000600000;7,619432267000036;51,943209154000044;2
202716;5200205701930848380;5;5;62;36;2020;2;8;4;3;0;7;0;1;0;0;0;0;0;388417,728000000120000;5719182,322000000600000;7,388458683000067;51,612602399000082;2
202718;5200205701930148505;5;5;62;36;2020;2;15;4;2;2;6;0;1;1;0;0;0;0;389049,730600000360000;5720540,607300000300000;7,397152478000066;51,624935613000048;0
202720;5200205701700712206;5;5;62;16;2020;2;10;4;3;0;1;0;1;0;0;0;0;0;377067,227800000460000;5737596,580099999900000;7,218119806000061;51,775729026000079;2
202721;5200207607500237054;5;3;82;56;2020;2;13;6;3;5;3;0;1;1;0;0;0;0;371607,222000000070000;5628298,471999999100000;7,178314170000022;50,792195696000078;0
202724;5200208513210105209;5;1;62;24;2020;2;18;7;3;5;3;2;1;1;0;0;0;0;338400,378200000150000;5674343,524299999700000;6,687040876000026;51,197616431000029;0
202725;5200205701200863202;5;5;62;20;2020;2;16;4;3;5;3;0;1;1;0;0;0;0;371401,605999999680000;5719638,962400000500000;7,142663457000026;51,613076567000064;0
202727;5200205701120748203;5;5;62;32;2020;2;10;4;2;5;3;0;1;1;0;0;0;0;377127,056699999610000;5715712,379100000500000;7,226687242000025;51,579066105000038;1
202731;5200205609108375502;5;3;58;8;2020;2;12;4;3;0;3;0;1;1;0;0;0;0;323054,014000000430000;5629761,944000000100000;6,489327053000068;50,792558801000041;0
202732;5200207411132758208;5;7;74;32;2020;2;7;6;3;6;4;1;1;0;1;0;0;0;482444,415199999700000;5729942,667700000100000;8,745857654000076;51,720139755000048;0
202733;5200207410210340096;5;7;70;20;2020;2;15;6;3;5;2;0;1;1;0;0;0;0;472452,120400000360000;5794727,843000000300000;8,595996103000061;52,302203336000048;0
202735;5200207405244072193;5;7;54;44;2020;2;7;6;3;5;3;0;1;1;0;0;0;0;465436,278900000270000;5747427,505100000600000;8,497905017000051;51,876554208000073;0
202736;5200205608100042201;5;3;34;2;2020;2;10;4;2;0;6;0;1;0;0;0;0;1;295081,023099999870000;5629167,956199999900000;6,093259643000067;50,778012386000057;0
202742;5200207405228482029;5;7;54;28;2020;2;16;6;3;1;2;0;1;1;0;0;0;0;450941,521099999550000;5745101,770199999200000;8,287690127000076;51,854557972000066;0
202744;5200207405152972306;5;7;54;52;2020;2;12;6;3;5;3;0;1;1;0;0;0;0;460157,417200000030000;5769300,502000000300000;8,418685400000072;52,072852002000047;0
202746;5200207405108655548;5;7;54;8;2020;2;18;6;3;5;3;2;1;1;0;0;0;0;457082,402999999930000;5750567,796000000100000;8,376167420000058;51,904206924000050;0
202747;5200205601620298204;5;3;15;0;2020;2;17;4;3;3;6;0;1;1;0;0;0;0;366562,398299999540000;5636492,010900000100000;7,103795224000066;50,864698542000042;0
202753;5200207400200578150;5;7;11;0;2020;2;14;6;2;5;2;0;1;1;0;0;0;0;473309,323099999690000;5762563,932199999700000;8,611095499000044;52,013075766000043;0
202756;5200205601210951204;5;3;15;0;2020;2;11;4;3;0;7;0;1;0;0;0;0;0;353753,522699999620000;5642185,942299999300000;6,919619184000055;50,912770445000035;0
202757;5200207317110177831;5;9;78;36;2020;2;7;6;3;5;3;0;1;1;0;0;0;0;407020,098600000140000;5711053,382799999800000;7,659190807000073;51,542910274000064;0
202759;5200205601210195205;5;3;15;0;2020;2;17;4;3;0;3;1;1;1;0;0;0;0;353396,432699999770000;5644523,446399999800000;6,913603391000038;50,933686195000064;0
202760;5200205601110665205;5;3;15;0;2020;2;10;4;3;0;7;0;1;0;0;0;0;0;355729,854799999860000;5644017,261900000300000;6,946988991000069;50,929725623000081;0
202764;5200205518400597200;5;1;70;8;2020;2;9;4;3;0;1;0;1;0;0;0;0;0;342471,101300000210000;5713390,161800000800000;6,727947116000053;51,549583351000081;2
202769;5200205518310178925;5;1;70;32;2020;2;10;4;2;0;1;0;1;0;0;0;0;0;332767,341199999680000;5716059,180299999200000;6,586849144000041;51,570768668000028;1
202772;5200205518300976414;5;1;70;20;2020;2;14;4;3;5;7;0;1;0;0;0;0;0;329595,060300000010000;5708613,511800000400000;6,544722002000071;51,502931536000062;0
202774;5200207706000687333;5;5;58;12;2020;2;21;6;2;0;7;2;1;0;0;0;0;0;375051,310999999750000;5755394,456199999900000;7,182480710000050;51,935226252000064;0
202776;5200205515210648405;5;1;54;12;2020;2;8;4;3;0;1;1;1;0;0;0;0;0;315375,656700000170000;5711294,714900000000000;6,338666383000032;51,522548931000074;2
202778;5200205515210000744;5;1;54;12;2020;2;7;4;3;5;3;1;1;1;0;0;0;0;312908,004999999890000;5711343,587999999500000;6,303111697000077;51,522175979000053;0
202780;5200205515111055201;5;1;54;36;2020;2;8;4;3;0;7;0;1;0;0;0;0;0;304168,546000000090000;5741474,949500000100000;6,160422312000037;51,789808819000029;2
202781;5200208600380363204;5;3;14;0;2020;2;15;7;3;0;7;0;1;0;1;0;0;0;370601,947300000120000;5617439,114099999900000;7,167872890000069;50,694365127000026;0
202782;5200205515110063204;5;1;54;36;2020;2;8;4;3;0;7;0;1;0;0;0;0;0;304129,957999999630000;5741389,437999999200000;6,159911792000059;51,789027399000076;1
202788;5200205508000575285;5;1;19;0;2020;2;7;4;3;5;3;0;1;1;0;0;0;0;351817,970999999900000;5709234,347999999300000;6,864402562000066;51,514773694000041;0
202790;5200207705000820956;5;5;54;36;2020;2;16;6;3;4;1;0;1;1;0;0;0;0;369965,304100000300000;5766319,235500000400000;7,104400691000024;52,032231998000043;0
202797;5200205501222664206;5;1;12;0;2020;2;7;4;3;0;1;0;1;0;0;0;0;0;339960,634999999780000;5703933,612999999900000;6,696060958000032;51,463915250000071;2
202798;5200205501132579200;5;1;12;0;2020;2;7;4;3;5;3;2;1;1;0;0;0;0;342380,651300000030000;5712718,550699999600000;6,726944501000048;51,543523954000079;0
202801;5200206711311082312;5;5;70;8;2020;2;10;5;3;0;2;0;1;1;0;0;0;0;433483,168999999760000;5734231,688999999300000;8,036321522000037;51,755028411000069;1
202804;5200205500300233200;5;1;11;0;2020;2;7;4;3;5;3;2;1;1;0;0;0;0;352403,747100000270000;5669520,689700000000000;6,889297512000042;51,158067025000037;1
202806;5200205500100440208;5;1;11;0;2020;2;18;4;2;5;2;2;1;1;0;0;0;0;347109,861999999730000;5675720,718000000300000;6,811011766000036;51,212388300000043;1
202807;5200206709300011911;5;5;66;96;2020;2;17;5;3;0;3;2;1;1;0;0;0;0;385127,342000000180000;5785618,319000000100000;7,318803438000032;52,209019077000050;0
202808;5200205410110554202;5;7;70;24;2020;2;7;4;3;5;2;0;1;1;0;0;0;0;492745,760099999610000;5794892,146999999900000;8,893607946000032;52,304323504000081;0
202809;5200205405244682151;5;7;54;24;2020;2;8;4;3;0;1;0;1;0;0;0;0;0;452718,684899999760000;5736980,797399999600000;8,314600538000036;51,781699007000043;2
202810;5200206706300516205;5;5;58;28;2020;2;7;5;3;5;2;1;1;0;0;0;0;1;398233,259999999780000;5732935,879000000700000;7,526159908000068;51,738086077000048;0
202811;5200205405112182112;5;7;54;12;2020;2;10;4;3;5;3;0;1;1;0;0;0;0;455725,848100000060000;5767834,209499999900000;8,354221947000042;52,059333021000043;0
202813;5200207705000087386;5;5;54;12;2020;2;12;6;2;5;3;0;1;1;0;0;0;0;351758,628700000230000;5745595,888800000800000;6,848111311000025;51,841472095000029;0
202814;5200205316300804205;5;9;74;28;2020;2;10;4;3;5;2;0;1;1;0;0;0;0;454769,370699999850000;5724522,884999999800000;8,345943931000022;51,669862037000030;0
202820;5200205307300072202;5;9;62;16;2020;2;16;4;3;4;2;0;1;1;0;0;0;0;413730,327999999750000;5693039,408099999700000;7,760325662000071;51,382036273000040;0
202827;5200204709300087308;5;5;66;84;2020;2;17;3;2;0;7;1;1;0;1;0;0;0;385877,889499999580000;5778903,779999999300000;7,332042262000073;52,148832353000046;0
202828;5200206705000578089;5;5;54;64;2020;2;9;5;2;5;3;0;1;1;0;0;0;0;360497,777999999930000;5750616,569000000100000;6,972853810000061;51,888837255000055;0
202830;5200207601200981775;5;3;15;0;2020;2;17;6;3;0;7;1;1;0;0;0;0;1;355555,517099999820000;5641250,195499999400000;6,945605478000061;50,904814813000030;0
202833;5200204705000079162;5;5;54;44;2020;2;15;3;3;5;3;0;1;1;0;0;0;0;364646,586000000130000;5739114,458000000600000;7,037602443000026;51,786503032000041;1
202835;5200206705000179006;5;5;54;8;2020;2;8;5;3;5;3;1;1;1;0;0;0;0;334966,836000000130000;5744652,948999999100000;6,605027606000022;51,828291770000078;1
202838;5200206700200894203;5;5;13;0;2020;2;17;5;3;3;6;1;1;1;0;0;0;0;365723,111299999990000;5715259,987199999400000;7,062374486000067;51,572399457000074;0
202842;5200204609220710200;5;3;58;20;2020;2;16;3;3;6;4;0;1;0;1;0;0;0;314016,596800000410000;5636060,733599999900000;6,358044599000039;50,846313344000066;0
202843;5200204608200486206;5;3;34;2;2020;2;8;3;2;0;5;0;1;0;0;0;1;0;297728,491700000130000;5628782,853299999600000;6,130974745000060;50,775482859000078;1
202844;5200208500300391203;5;1;11;0;2020;2;13;7;2;0;3;0;1;1;0;0;0;0;341088,435999999750000;5689564,507999999400000;6,718717647000062;51,335130506000041;0
202847;5200206609248685200;5;3;58;48;2020;2;19;5;2;0;1;2;1;0;0;0;0;0;320330,957399999720000;5636268,515200000300000;6,447543502000031;50,850175326000056;0
202855;5200204601600486401;5;3;15;0;2020;2;7;3;3;4;2;0;1;1;0;0;0;0;365603,275200000030000;5642292,615299999700000;7,088039873000071;50,916610258000048;0
202856;5200204601420744200;5;3;15;0;2020;2;9;3;3;1;5;0;1;1;0;0;0;0;357611,017199999650000;5647853,449100000800000;6,972240555000042;50,964668677000077;0
202859;5200204601310345207;5;3;15;0;2020;2;21;3;3;0;1;2;1;0;0;0;0;0;354183,016200000420000;5646579,506500000100000;6,923966748000055;50,952362760000028;1
202860;5200206602400867851;5;3;62;32;2020;2;11;5;3;2;6;0;1;1;0;0;0;0;336459,896700000390000;5642838,783900000200000;6,673527143000058;50,913995852000028;0
202862;5200204601300276503;5;3;15;0;2020;2;13;3;2;0;1;0;1;1;1;0;0;0;353407,662299999970000;5647998,994899999400000;6,912363880000044;50,964922441000056;1
202864;5200204601210623200;5;3;15;0;2020;2;7;3;3;5;3;0;1;1;0;0;0;0;354486,234100000000000;5642389,825099999100000;6,929953526000077;50,914787884000077;0
202866;5200204601210349203;5;3;15;0;2020;2;18;3;2;0;1;2;1;0;0;0;0;0;354799,533999999990000;5643783,413599999600000;6,933852538000053;50,927390653000032;1
202867;5200206601510266206;5;3;15;0;2020;2;14;5;3;5;3;0;1;0;0;0;0;0;358420,155299999750000;5651452,101500000800000;6,982354040000075;50,997209012000042;0
202868;5200204601120813203;5;3;15;0;2020;2;9;3;3;5;3;0;1;1;0;0;0;0;354527,998200000260000;5644205,009400000800000;6,929823140000053;50,931111013000077;1
202870;5200204601110214203;5;3;15;0;2020;2;16;3;3;6;4;1;1;0;1;0;0;0;356449,076299999840000;5645879,666699999900000;6,956483006000042;50,946642256000075;1
202871;5200207702100742572;5;5;15;0;2020;2;11;6;3;0;7;0;1;1;0;0;0;0;400986,254099999550000;5753781,651000000500000;7,560052134000046;51,925949066000044;0
202873;5200204600380439204;5;3;14;0;2020;2;17;3;3;4;6;2;1;1;0;0;0;0;370440,127600000240000;5618017,786599999300000;7,165379994000034;50,699530418000052;1
202874;5200204600130378250;5;3;82;8;2020;2;11;3;3;1;6;0;1;1;0;0;0;0;374702,285000000150000;5611704,987999999900000;7,227840830000048;50,643720560000077;1
202876;5200204600110310209;5;3;14;0;2020;2;10;3;3;4;2;0;1;1;0;0;0;0;365196,143099999990000;5621618,962999999500000;7,089850628000022;50,730705655000065;1
202877;5200206601410109205;5;3;15;0;2020;2;9;5;3;0;1;0;1;0;0;0;0;0;349534,280399999580000;5659156,213400000700000;6,852615904000061;51,064184518000047;0
202878;5200204516800004208;5;1;58;20;2020;2;18;3;3;0;5;2;1;1;0;0;0;0;356431,662999999710000;5664393,246999999500000;6,948901971000055;51,113014046000046;0
202881;5200213701200580200;5;5;62;20;2020;2;15;5;3;1;5;0;1;1;0;0;0;0;369763,852300000380000;5719666,186799999300000;7,119013033000044;51,612944735000042;1
202882;5200211600110363201;5;3;14;0;2020;2;7;3;3;2;6;1;1;0;0;0;0;0;364993,071000000460000;5621740,585999999200000;7,086930300000063;50,731751629000030;0
202884;5200214701110996203;5;5;62;32;2020;2;16;6;3;4;7;0;1;1;0;0;0;0;374768,103799999690000;5720662,492399999900000;7,190893257000028;51,623034046000043;0
202886;5200212602600692206;5;3;62;20;2020;2;13;4;3;0;7;0;1;0;0;0;0;0;344839,805999999870000;5630964,039500000000000;6,797675204000029;50,809602532000042;0
202889;5200211300120332202;5;9;11;0;2020;2;17;3;3;0;6;1;1;1;0;0;0;0;375162,776300000030000;5706101,368000000700000;7,201761472000044;51,492258091000053;1
202895;5200213502105832204;5;1;13;0;2020;2;12;5;3;5;3;0;1;1;0;0;0;0;361983,792999999600000;5700925,780999999500000;7,014060400000062;51,442685079000057;1
202898;5200212601210726204;5;3;15;0;2020;2;18;4;3;6;7;1;1;0;1;0;0;0;354526,726200000380000;5642365,186000000700000;6,930538980000051;50,914576666000073;1
202901;5200210711113576747;5;5;70;52;2020;2;7;2;3;5;3;1;1;1;0;0;0;0;431337,189000000250000;5755490,941999999800000;8,001013307000051;51,945886426000072;1
202902;5200213600380660200;5;3;14;0;2020;2;15;5;3;5;3;0;1;1;0;0;0;0;369383,106499999760000;5617259,448100000600000;7,150688572000036;50,692477802000042;1
202905;5200214601410503207;5;3;15;0;2020;2;12;6;3;1;5;0;1;1;0;0;0;0;355826,977900000290000;5647222,284900000300000;6,947101495000027;50,958552848000068;0
202915;5200213518100270202;5;1;70;48;2020;2;7;5;3;5;3;1;1;1;0;0;0;0;336094,384600000460000;5725922,684900000700000;6,630200585000068;51,660358017000078;0
202916;5200212705000487346;5;5;54;12;2020;2;7;4;3;7;3;2;1;1;0;0;0;0;352809,683199999850000;5746062,218499999500000;6,863158585000065;51,845940068000061;0
202917;5200214705000081000;5;5;54;8;2020;2;8;6;3;5;3;0;1;1;0;0;0;0;335278,286299999800000;5745810,742300000000000;6,608992073000024;51,838784578000059;1