OBJECTID;UIDENTSTLAE;ULAND;UREGBEZ;UKREIS;UGEMEINDE;UJAHR;UMONAT;USTUNDE;UWOCHENTAG;UKATEGORIE;UART;UTYP1;ULICHTVERH;IstRad;IstPKW;IstFuss;IstKrad;IstGkfz;IstSonstige;LINREFX;LINREFY;XGCSWGS84;YGCSWGS84;STRZUSTAND
202918;5200214600310885201;5;3;14;0;2020;2;11;6;3;1;1;0;1;1;0;0;0;0;363095,280700000000000;5618417,651599999500000;7,061287568000068;50,701441632000069;1
202924;5200210602300667772;5;3;62;36;2020;2;7;2;3;5;2;2;1;1;0;0;0;0;345312,829300000330000;5648154,392000000900000;6,797107226000037;50,964202305000072;1
202928;5200211702100107436;5;5;15;0;2020;2;18;3;3;5;3;1;1;1;0;0;0;0;406207,542700000110000;5755091,310399999800000;7,635603921000040;51,938625155000068;1
202930;5200213608436380833;5;3;34;36;2020;2;18;5;3;0;5;2;1;1;0;0;0;0;298765,783900000150000;5633428,016599999700000;6,143123664000029;50,817564802000049;1
202931;5200211513210067197;5;1;62;24;2020;2;19;3;2;3;7;2;1;1;0;0;0;0;340728,657200000250000;5672553,573599999800000;6,721130590000030;51,182187315000078;1
202934;5200210601400255654;5;3;15;0;2020;2;15;2;2;0;7;0;1;1;0;0;0;0;353059,332499999550000;5650878,985799999900000;6,906242722000059;50,990714821000040;0
202935;5200212601700146204;5;3;16;0;2020;2;9;4;3;6;4;0;1;0;1;0;0;0;361265,907999999820000;5659143,433000000200000;7,019938142000058;51,067024780000054;0
202938;5200210600110637203;5;3;14;0;2020;2;21;2;3;0;1;2;1;0;0;0;0;0;365602,750699999740000;5623137,304300000900000;7,095055081000055;50,744446621000066;1
202940;5200210600110037084;5;3;14;0;2020;2;9;2;3;1;5;0;1;1;0;0;0;0;365696,507000000220000;5621945,981000000600000;7,096817387000044;50,733760777000043;1
202942;5200210516300876014;5;1;58;28;2020;2;18;2;3;1;5;2;1;1;0;0;0;0;347855,843799999920000;5684883,790300000500000;6,817788090000022;51,294923154000060;1
202946;5200214608100567207;5;3;34;2;2020;2;12;6;3;3;6;0;1;1;0;0;0;0;293829,809299999850000;5628948,767200000600000;6,075658862000068;50,775600438000026;0
202947;5200212515210082191;5;1;54;52;2020;2;13;4;3;8;6;0;1;1;0;0;0;0;310019,952999999750000;5702966,980900000800000;6,266037753000035;51,445977649000042;0
202948;5200210514213746108;5;1;66;8;2020;2;8;2;2;5;3;0;1;1;0;0;0;0;314714,777999999930000;5690796,582000000400000;6,339872020000030;51,338216322000051;1
202951;5200213600370690203;5;3;82;4;2020;2;17;5;3;5;3;0;1;1;0;0;0;0;359294,855000000450000;5622107,074999999300000;7,006096893000063;50,733693139000081;0
202954;5200214601300580369;5;3;15;0;2020;2;15;6;3;0;7;0;1;1;0;0;0;0;354806,428299999800000;5646227,994599999900000;6,932976410000038;50,949361204000070;0
202956;5200215310110744306;5;9;54;16;2020;2;11;7;3;5;2;0;1;1;0;0;0;0;375047,364299999550000;5696419,717299999700000;7,203518893000023;51,405219976000069;0
202960;5200214400200281924;5;7;11;0;2020;2;7;6;3;5;2;2;1;0;0;0;0;1;468284,846499999990000;5763893,392300000400000;8,537764051000067;52,024764044000051;1
202961;5200210513310381592;5;1;62;8;2020;2;15;2;3;0;6;0;1;0;0;0;0;1;333745,795400000180000;5666227,372400000700000;6,624231441000063;51,123361525000064;0
202962;5200213515211882176;5;1;54;16;2020;2;20;5;3;6;6;2;1;0;1;0;0;0;302945,308000000190000;5729442,705700000700000;6,149520498000072;51,681327373000045;1
202963;5200212702100468372;5;5;15;0;2020;2;14;4;3;3;2;0;1;0;0;0;0;1;404684,754999999890000;5759085,980000000400000;7,612350699000047;51,974272033000034;0
202967;5200213705000165810;5;5;54;8;2020;2;10;5;3;0;2;0;1;1;0;0;0;0;337057,621299999770000;5746229,712899999700000;6,634598668000024;51,843070373000046;1
202968;5200211508108396206;5;1;19;0;2020;2;15;3;3;3;6;0;1;1;0;0;0;0;350728,803799999880000;5703090,153699999700000;6,851314988000070;51,459278858000062;1
202973;5200213506100245208;5;1;16;0;2020;2;6;5;3;5;3;2;1;1;0;0;0;0;323730,152999999930000;5676695,038000000600000;6,476121600000056;51,214404269000056;0
202982;5200215405236706582;5;7;54;36;2020;2;9;7;2;0;1;0;1;0;0;0;0;0;475217,805200000290000;5749273,408800000300000;8,639861562000021;51,893671153000071;0
202984;5200211606100586517;5;3;78;4;2020;2;6;3;3;5;3;2;1;1;0;0;0;0;368784,588700000200000;5650376,704199999600000;7,130358021000063;50,990000471000030;1
202986;5200214701400721207;5;5;12;0;2020;2;8;6;3;6;4;0;1;0;1;0;0;0;356241,077100000340000;5719294,175300000200000;6,923989134000067;51,606311489000063;1
202988;5200212602700728205;5;3;62;28;2020;2;19;4;3;0;1;2;1;0;0;0;0;0;351159,614900000390000;5638826,495400000400000;6,884116217000042;50,881917643000065;0
202996;5200214602900362767;5;3;62;40;2020;2;17;6;3;5;3;1;1;1;0;0;0;0;357208,587199999950000;5632525,688999999300000;6,972505894000051;50,826818350000053;0
202997;5200212514210174694;5;1;66;12;2020;2;21;4;3;0;6;2;1;0;1;0;0;0;318733,335300000380000;5695041,935399999800000;6,395338247000041;51,377646232000075;0
202998;5200210405116572283;5;7;54;16;2020;2;7;2;3;5;2;2;1;1;0;0;0;0;446343,405399999580000;5756820,357499999900000;8,219108692000020;51,959488068000041;1
202999;5200214500300000909;5;1;11;0;2020;2;15;6;2;5;3;0;1;1;0;0;0;0;347263,102500000040000;5673704,209899999200000;6,814062275000026;51,194309704000034;0
203001;5200210405108070324;5;7;54;8;2020;2;17;2;3;5;3;1;1;1;0;0;0;0;457259,420599999840000;5752093,393899999600000;8,378551011000070;51,917936522000048;1
203006;5200213400200874533;5;7;11;0;2020;2;14;5;3;5;3;0;1;1;0;0;0;0;468419,186999999920000;5763723,441999999800000;8,539737627000022;52,023243748000027;1
203008;5200214601620136209;5;3;15;0;2020;2;7;6;3;5;3;1;1;1;0;0;0;0;364985,848000000230000;5635569,107000000800000;7,081745597000065;50,856037764000064;1
203017;5200213518120157111;5;1;70;44;2020;2;5;5;3;0;7;2;1;0;0;0;0;0;337149,398000000040000;5722372,959000000700000;6,647092581000038;51,628774261000046;1
203019;5200214705000087229;5;5;54;16;2020;2;15;6;3;0;3;0;1;1;0;0;0;0;363330,974000000390000;5757144,854399999600000;7,011405744000058;51,948200068000062;0
203020;5200214600380832209;5;3;14;0;2020;2;7;6;2;0;4;0;1;0;1;0;0;0;370215,823900000190000;5614503,538599999600000;7,163439323000034;50,667893066000033;1
203030;5200214600110771202;5;3;14;0;2020;2;7;6;3;0;1;2;1;0;0;0;0;0;362245,958200000230000;5622317,337400000500000;7,047811600000046;50,736290316000066;1
203031;5200211706200130453;5;5;58;12;2020;2;12;3;3;5;3;0;1;1;0;0;0;0;373024,571899999860000;5756606,692399999100000;7,152568357000064;51,945661143000052;1
203036;5200214701110033205;5;5;62;32;2020;2;18;6;2;0;1;2;1;0;0;0;0;0;376358,374800000340000;5718311,264100000300000;7,214683723000064;51,602254766000044;0
203038;5200212602400725208;5;3;62;32;2020;2;18;4;3;0;7;2;1;0;0;0;0;0;335977,586000000130000;5640826,214999999900000;6,667576243000042;50,895775683000068;0
203040;5200214503300606206;5;1;20;0;2020;2;17;6;3;6;4;1;1;0;1;0;0;0;373298,145899999890000;5671510,397900000200000;7,187223579000033;51,180958875000044;0
203046;5200213601700945204;5;3;16;0;2020;2;21;5;3;4;6;2;1;1;0;0;0;0;359679,123800000180000;5656618,050499999900000;6,998284843000022;51,043943672000069;1
203049;5200214608200464208;5;3;34;2;2020;2;8;6;3;3;6;0;1;1;0;0;0;0;295363,406499999580000;5630038,738700000600000;6,096775061000074;50,785932826000078;0
203051;5200209702100070553;5;5;15;0;2020;2;15;1;3;0;7;0;1;0;0;0;0;0;405556,545500000010000;5757715,855799999100000;7,625415608000026;51,962105628000074;1
203054;5200213600380559208;5;3;14;0;2020;2;13;5;3;5;2;0;1;1;0;0;0;0;370137,803500000390000;5615971,798599999400000;7,161820339000030;50,681072936000078;1
203055;5200213301201827203;5;9;13;0;2020;2;19;5;3;0;1;2;1;0;0;0;0;0;390524,982699999590000;5707399,323799999400000;7,422549631000038;51,507107995000069;1
203058;5200212316100317206;5;9;74;40;2020;2;17;4;2;6;7;1;1;0;1;0;0;0;437367,281299999920000;5713247,558000000200000;8,096346352000069;51,566821446000063;0
203073;5200213706200703156;5;5;58;12;2020;2;12;5;3;5;2;0;1;1;0;0;0;0;373745,434299999850000;5756472,776900000900000;7,163099895000073;51,944621785000038;1
203076;5200211411132182092;5;7;74;32;2020;2;11;3;3;1;7;0;1;1;0;0;0;0;481118,292000000370000;5730396,771099999500000;8,726635719000058;51,724179642000081;1
203085;5200215411232772232;5;7;74;32;2020;2;15;7;3;5;3;0;1;1;0;0;0;0;481245,710400000210000;5732471,674200000200000;8,728368611000064;51,742839926000045;0
203091;5200209307000072382;5;9;62;32;2020;2;14;1;3;0;1;0;1;1;0;0;0;0;405196,131799999620000;5675102,634999999800000;7,642492152000045;51,219432339000036;0
203092;5200212602900714208;5;3;62;40;2020;2;17;4;3;5;2;0;1;1;0;0;0;0;357955,171000000090000;5631218,063400000300000;6,983605993000026;50,815250117000062;0
203094;5200214506100769395;5;1;16;0;2020;2;7;6;3;5;3;1;1;1;0;0;0;0;318801,461099999960000;5674918,747800000000000;6,406524669000021;51,196905407000031;1
203100;5200212515000065207;5;1;54;36;2020;2;15;4;3;5;3;0;1;1;0;0;0;0;303251,204300000330000;5742449,305700000400000;6,146585898000069;51,798236841000062;0
203102;5200214500300120209;5;1;11;0;2020;2;7;6;3;6;4;0;1;0;1;0;0;0;344723,991200000050000;5675981,747700000200000;6,776766675000033;51,214090035000027;1
203107;5200213405116370315;5;7;54;16;2020;2;6;5;3;0;1;1;1;0;0;0;0;0;445059,463999999690000;5757047,309000000400000;8,200388491000069;51,961403004000033;2
203111;5200208702100570562;5;5;15;0;2020;2;21;7;3;9;5;2;1;1;0;0;0;0;406655,444299999620000;5757865,232400000100000;7,641364125000052;51,963633885000036;0
203112;5200214316200452207;5;9;74;52;2020;2;16;6;3;3;6;0;1;1;0;0;0;0;424797,407399999910000;5711864,627000000300000;7,915318364000029;51,552852509000047;1
203114;5200213515000021932;5;1;54;16;2020;2;15;5;3;5;1;0;1;1;0;0;0;0;304261,427099999970000;5732157,690099999300000;6,167010523000045;51,706169294000063;1
203115;5200212701910046200;5;5;62;8;2020;2;13;4;3;6;6;0;1;0;1;0;0;0;384606,346199999560000;5723177,638000000300000;7,332120284000041;51,647742841000081;0
203116;5200214600110866208;5;3;14;0;2020;2;10;6;3;0;1;0;1;0;0;0;0;0;365827,697200000290000;5622552,539200000500000;7,098454542000070;50,739242812000043;1
203117;5200211709110070536;5;5;66;8;2020;2;17;3;3;2;6;0;1;0;0;0;0;0;399867,035199999810000;5781436,528100000700000;7,535676978000026;52,174309779000055;1
203118;5200212711161904296;5;5;70;24;2020;2;16;4;3;6;4;1;1;0;1;0;0;0;420623,346800000410000;5753553,742799999200000;7,845614773000023;51,927046910000058;1
203119;5200214711216081965;5;5;70;4;2020;2;11;6;3;6;4;0;1;1;1;0;0;0;423822,902200000360000;5735437,581399999600000;7,896127985000021;51,764638394000031;0
203120;5200214601210682208;5;3;15;0;2020;2;11;6;3;0;5;0;1;1;0;0;0;0;355059,038300000130000;5642036,868499999900000;6,938236667000069;50,911760070000071;0
203127;5200211600110748205;5;3;14;0;2020;2;9;3;2;5;2;0;1;1;0;0;0;0;366255,290000000040000;5621160,773000000000000;7,105015979000029;50,726832270000045;0
203128;5200212606100076504;5;3;78;4;2020;2;18;4;3;0;7;2;1;0;0;0;0;1;367134,549999999810000;5647582,065999999600000;7,107882231000076;50,964504786000077;0
203129;5200214516500924201;5;1;58;16;2020;2;15;6;3;0;3;0;1;0;0;0;0;1;355913,092400000430000;5671767,342499999300000;6,938547490000076;51,179150893000042;0
203131;5200213607111069591;5;3;82;60;2020;2;18;5;3;5;2;2;1;1;0;0;0;0;373318,696000000460000;5628726,406999999700000;7,202436795000040;50,796418730000028;1
203134;5200220301101472179;5;9;13;0;2020;2;20;5;3;5;3;2;1;1;0;0;0;0;395291,691800000150000;5707267,185200000200000;7,491247262000059;51,506823646000043;1
203138;5200217301301165205;5;9;78;24;2020;2;20;2;3;5;2;2;1;1;0;0;0;0;397570,252999999560000;5719593,553999999500000;7,520475423000050;51,618038538000064;1
203139;5200219601110510207;5;3;15;0;2020;2;16;4;3;0;1;0;1;0;0;0;0;0;355879,645700000230000;5643129,369000000900000;6,949470060000067;50,921783708000078;0
203141;5200219600330014205;5;3;82;48;2020;2;7;4;3;0;3;0;1;1;0;0;0;0;354440,923700000160000;5609611,096599999800000;6,942277871000044;50,620193410000070;1
203143;5200219518200585979;5;1;70;24;2020;2;15;4;3;5;3;0;1;1;0;0;0;0;335411,795699999670000;5704836,001199999800000;6,630214734000049;51,470717951000040;0
203145;5200219516800876793;5;1;58;20;2020;2;11;4;2;3;5;0;1;1;0;0;0;0;356414,019000000320000;5663758,367900000900000;6,948902738000072;51,107304245000080;0
203149;5200219513210727204;5;1;62;24;2020;2;8;4;3;0;6;0;1;0;0;0;0;1;338574,570899999700000;5673089,419099999600000;6,690095630000030;51,186397676000070;1
203161;5200216607300037099;5;3;82;76;2020;2;22;1;3;8;6;2;1;1;0;0;0;0;399462,835900000300000;5629628,413200000300000;7,573027158000059;50,809653555000068;1
203167;5200220513310979208;5;1;62;8;2020;2;11;5;3;4;2;0;1;1;0;0;0;0;330488,984299999660000;5662015,031700000200000;6,579714024000055;51,084562238000046;0
203168;5200219502104057795;5;1;13;0;2020;2;11;4;3;0;7;0;1;0;0;0;0;0;359877,334599999710000;5702794,043199999300000;6,983030303000021;51,458956519000026;0
203169;5200219500200361202;5;1;11;0;2020;2;21;4;3;4;6;2;1;0;0;0;0;0;344889,490100000050000;5678696,909099999800000;6,777959308000050;51,238531784000031;1
203171;5200216601110664207;5;3;15;0;2020;2;18;1;3;5;2;2;1;1;0;0;0;0;356678,717799999750000;5642503,937599999800000;6,961077210000042;50,916362043000049;0
203172;5200219500200054202;5;1;11;0;2020;2;8;4;3;5;2;0;1;1;0;0;0;0;347729,001699999910000;5677529,944499999300000;6,819100922000075;51,228810782000039;1
203179;5200219500100066253;5;1;11;0;2020;2;17;4;3;5;2;0;1;1;0;0;0;0;345776,250199999660000;5676812,422299999700000;6,791463548000024;51,221839198000055;0
203180;5200219411132170334;5;7;74;32;2020;2;6;4;3;5;3;2;1;1;0;0;0;0;483376,733000000010000;5730350,611400000800000;8,759334691000049;51,723836115000040;1
203181;5200219405112270390;5;7;54;12;2020;2;13;4;2;5;3;0;1;0;0;0;0;1;455725,848100000060000;5767834,209499999900000;8,354221947000042;52,059333021000043;1
203182;5200216518200778986;5;1;70;24;2020;2;19;1;3;0;2;2;1;1;0;0;0;0;333989,310899999920000;5706971,592599999200000;6,608748813000034;51,489488422000079;1
203184;5200219711412976177;5;5;70;28;2020;2;6;4;2;5;3;2;1;1;0;0;0;0;440936,128600000400000;5742283,546099999900000;8,142913106000037;51,828252380000038;1
203185;5200219405108182050;5;7;54;8;2020;2;7;4;3;5;3;0;1;1;0;0;0;0;456451,804600000380000;5748153,755000000800000;8,367306785000039;51,882454373000030;0
203186;5200219405108076206;5;7;54;8;2020;2;6;4;3;5;3;2;1;1;0;0;0;0;456429,815600000320000;5751459,905899999700000;8,366569474000073;51,912176825000074;1
203190;5200219316200473388;5;9;74;52;2020;2;7;4;3;5;3;1;1;1;0;0;0;0;424882,122200000100000;5711252,648900000400000;7,916670704000069;51,547362087000067;1
203191;5200216501224850202;5;1;12;0;2020;2;11;1;3;5;3;0;1;1;0;0;0;0;338352,625300000420000;5706972,795099999800000;6,671541748000038;51,490763337000033;1
203198;5200219301401131209;5;9;13;0;2020;2;15;4;3;0;3;0;1;1;0;0;0;0;395362,288399999960000;5707995,694100000000000;7,492047904000060;51,513384995000081;0
203199;5200219301201834207;5;9;13;0;2020;2;7;4;3;1;2;0;1;1;0;0;0;0;392782,214599999600000;5709442,980000000400000;7,454440023000075;51,525910054000065;1
203204;5200220514210986020;5;1;66;12;2020;2;9;5;3;0;3;0;1;1;0;0;0;0;321079,597000000070000;5693486,966199999700000;6,429798217000041;51,364422367000031;1
203205;5200218709500104201;5;5;66;76;2020;2;6;3;2;0;7;2;1;1;0;0;0;0;393648,901800000110000;5794595,171800000600000;7,440640318000021;52,291406720000055;1
203207;5200218706100587360;5;5;58;16;2020;2;12;3;3;5;3;0;1;1;0;0;0;0;381113,504900000060000;5743616,380599999800000;7,274675907000074;51,830704193000031;0
203208;5200218702100568125;5;5;15;0;2020;2;9;3;3;5;3;0;1;1;0;0;0;0;399178,246000000280000;5756783,125199999700000;7,532887750000043;51,952602117000026;0
203209;5200218702100162595;5;5;15;0;2020;2;20;3;3;3;2;2;1;1;0;0;0;0;405210,541100000030000;5757221,863399999200000;7,620517554000060;51,957606536000071;0
203211;5200218702100079208;5;5;15;0;2020;2;21;3;3;0;1;2;1;0;0;0;0;0;412300,329599999820000;5753445,329399999200000;7,724630514000069;51,924823376000063;1
203215;5200218701300126177;5;5;62;14;2020;2;16;3;3;5;3;0;1;1;0;0;0;0;360498,674700000320000;5715573,649100000000000;6,986910074000036;51,573949580000033;0
203220;5200219711121879116;5;5;70;36;2020;2;7;4;3;5;3;0;1;1;0;0;0;0;434293,278800000440000;5760669,658800000300000;8,043024120000041;51,992798834000041;1
203222;5200215705000969813;5;5;54;8;2020;2;11;7;2;5;3;0;1;1;0;0;0;0;335721,916500000280000;5745353,611099999400000;6,615642567000066;51,834808644000077;0
203224;5200219705000240327;5;5;54;12;2020;2;7;4;3;0;6;0;1;0;0;0;0;0;351888,592199999840000;5745307,843499999500000;6,850119770000049;51,838918531000047;1
203229;5200218601410997206;5;3;15;0;2020;2;7;3;3;0;7;0;1;1;0;0;0;0;353168,686800000260000;5653124,086999999400000;6,906891810000047;51,010918320000030;0
203230;5200215705000880990;5;5;54;64;2020;2;16;7;2;8;1;0;1;0;0;0;0;0;355604,405500000340000;5750092,765799999200000;6,902016667000055;51,882884865000051;0
203231;5200218601410780205;5;3;15;0;2020;2;17;3;3;0;1;0;1;0;0;0;0;0;349279,903599999850000;5660923,023900000400000;6,848251817000062;51,079994427000031;0
203233;5200220410230974603;5;7;70;4;2020;2;18;5;3;5;3;2;1;1;0;0;0;0;486287,618900000120000;5783048,913100000500000;8,799373020000076;52,197723408000058;0
203237;5200218600380927208;5;3;14;0;2020;2;18;3;3;5;2;1;1;0;0;0;0;0;369742,907999999820000;5617430,756699999800000;7,155719530000056;50,694098261000079;0
203239;5200218600380926209;5;3;14;0;2020;2;16;3;3;5;3;0;1;0;0;0;0;0;371969,309299999850000;5614774,077099999400000;7,188145748000068;50,670713069000044;0
203241;5200218600350699207;5;3;82;32;2020;2;7;3;2;0;1;0;1;0;0;0;0;0;361219,263199999930000;5609332,282900000000000;7,038144060000036;50,619339992000050;1
203242;5200215702100272433;5;5;15;0;2020;2;5;7;3;0;7;2;1;0;0;0;0;0;405058,525200000030000;5758221,516799999400000;7,618029608000029;51,966565886000069;0
203244;5200215702000162229;5;5;15;0;2020;2;14;7;3;4;3;0;1;0;0;0;0;0;405692,135599999690000;5757607,849800000000000;7,627418108000029;51,961157839000066;0
203246;5200220405236306702;5;7;54;36;2020;2;10;5;3;5;3;0;1;1;0;0;0;0;475079,100999999790000;5750055,156999999700000;8,637789423000072;51,900693616000069;1
203247;5200218518300942195;5;1;70;20;2020;2;17;3;3;5;2;0;1;1;0;0;0;0;330692,499300000260000;5708256,410399999500000;6,560690353000041;51,500053278000053;1
203249;5200218518210886197;5;1;70;28;2020;2;14;3;3;2;7;0;1;1;0;0;0;0;329034,354899999690000;5701528,642699999700000;6,540078413000060;51,439115534000052;0
203250;5200215700100834200;5;5;13;0;2020;2;10;7;3;5;3;0;1;1;0;0;0;0;368717,782399999910000;5707403,280700000000000;7,108492154000032;51,502498431000049;0
203251;5200218518200085919;5;1;70;24;2020;2;18;3;3;5;3;2;1;1;0;0;0;0;335423,118200000380000;5702839,986999999700000;6,631306624000047;51,452788867000038;0
203252;5200218516800510209;5;1;58;20;2020;2;6;3;3;5;3;2;1;1;0;0;0;0;355942,360999999570000;5663274,801200000600000;6,942362867000043;51,102840314000048;0
203256;5200218514217986020;5;1;66;36;2020;2;16;3;3;5;3;0;1;1;0;0;0;0;329094,886900000270000;5682056,432299999500000;6,550300497000023;51,264201313000058;0
203259;5200218505200734206;5;1;14;0;2020;2;17;3;2;5;3;0;1;1;0;0;0;0;328532,539200000460000;5690634,058399999500000;6,538126437000074;51,341091593000044;0
203261;5200215602600228208;5;3;62;20;2020;2;2;7;2;0;1;2;1;0;0;0;0;0;344077,017500000070000;5634214,399299999700000;6,785474975000057;50,838605632000053;0
203266;5200220505100582351;5;1;14;0;2020;2;9;5;3;0;7;0;1;1;0;0;0;0;330959,594899999910000;5688038,222899999500000;6,574171081000031;51,318497676000050;1
203268;5200215601400386483;5;3;15;0;2020;2;17;7;3;5;3;2;1;1;0;0;0;0;353582,358300000430000;5651623,002699999100000;6,913390078000020;50,997534246000043;0
203270;5200220514111677518;5;1;66;32;2020;2;12;5;3;0;1;0;1;0;0;0;0;0;313788,093999999580000;5681787,583000000600000;6,331282599000076;51,256992411000056;0
203271;5200218501315415208;5;1;12;0;2020;2;8;3;3;4;2;0;1;1;0;0;0;0;345967,251000000160000;5699861,289999999100000;6,784234215000026;51,428991694000047;0
203273;5200218500300469384;5;1;11;0;2020;2;6;3;3;0;7;1;1;0;0;0;0;0;344923,101999999960000;5675016,750199999700000;6,780032379000033;51,205473234000067;0
203274;5200215601320966208;5;3;15;0;2020;2;1;7;3;0;1;2;1;0;0;0;0;0;349790,847900000400000;5645416,447000000600000;6,861959927000044;50,940783239000041;0
203276;5200219701700216207;5;5;62;16;2020;2;8;4;2;5;2;0;1;1;0;0;0;0;374681,019700000060000;5734343,463099999400000;7,184724006000067;51,745964710000067;0
203286;5200218301202652207;5;9;13;0;2020;2;16;3;3;9;1;0;1;0;0;0;0;0;393878,768000000160000;5712312,374900000200000;7,469375793000040;51,551908626000056;0
203291;5200215600360058202;5;3;82;12;2020;2;13;7;3;5;3;0;1;1;0;0;0;0;360857,003999999720000;5626865,679999999700000;7,026421254000070;50,776837635000049;0
203292;5200217705000068299;5;5;54;8;2020;2;13;2;3;5;3;0;1;1;0;0;0;0;335579,277999999930000;5746256,461300000500000;6,613145155000041;51,842877339000040;0
203293;5200215600110001204;5;3;14;0;2020;2;0;7;3;5;3;2;1;1;0;0;0;0;365212,007299999710000;5622985,810100000400000;7,089575397000033;50,742994428000031;0
203294;5200217702100965812;5;5;15;0;2020;2;16;2;3;0;1;0;1;0;0;0;0;0;406401,872999999670000;5756983,098700000000000;7,637914870000031;51,955662212000050;1
203295;5200215518401557116;5;1;70;36;2020;2;10;7;3;2;6;0;1;1;0;0;0;0;353002,229600000200000;5729146,322000000600000;6,873110783000072;51,693999928000039;0
203296;5200217701610766209;5;5;62;12;2020;2;18;2;2;0;1;2;1;0;0;0;0;0;362215,726800000300000;5726517,248500000700000;7,007367423000062;51,672712196000077;1
203300;5200217609108282208;5;3;58;8;2020;2;14;2;3;5;2;0;1;0;0;0;0;1;322458,138899999670000;5630680,514200000100000;6,480436976000021;50,800629147000052;0
203308;5200220515210274010;5;1;54;12;2020;2;7;5;3;0;3;0;1;1;0;0;0;0;314942,298200000080000;5711768,254400000000000;6,332178143000022;51,526660425000046;0
203312;5200215516360005203;5;1;58;28;2020;2;11;7;2;6;4;0;1;0;1;0;0;0;353669,686499999840000;5687574,881600000000000;6,900011172000063;51,320629062000080;0
203315;5200217601100569536;5;3;15;0;2020;2;10;2;3;0;5;0;1;1;0;0;0;0;356175,127399999650000;5645041,524000000200000;6,952916806000076;50,939041717000066;0
203319;5200217600380579203;5;3;14;0;2020;2;18;2;3;1;5;2;1;1;0;0;0;0;370352,157399999910000;5616762,064500000300000;7,164575646000060;50,688223937000032;1
203320;5200220508103119204;5;1;19;0;2020;2;20;5;3;5;3;2;1;1;0;0;0;0;351936,096400000150000;5704701,748700000300000;6,868005331000063;51,474076992000050;1
203328;5200217515110056537;5;1;54;36;2020;2;17;2;2;5;3;1;1;1;0;0;0;0;303942,383399999700000;5743430,469300000000000;6,156041808000055;51,807290553000030;1
203330;5200219701120458203;5;5;62;32;2020;2;20;4;3;0;7;2;1;0;0;0;0;0;374796,242399999870000;5713842,830900000400000;7,193732764000060;51,561751278000031;0
203335;5200217513320073799;5;1;62;4;2020;2;16;2;3;3;6;0;1;1;0;0;0;0;348942,374099999670000;5659363,315899999800000;6,844088368000030;51,065890107000030;1
203337;5200217513210156206;5;1;62;24;2020;2;7;2;3;0;6;1;1;0;0;0;0;0;337173,474600000310000;5673921,277799999300000;6,669687329000055;51,193474348000052;0
203338;5200219606100976569;5;3;78;4;2020;2;19;4;3;5;3;2;1;1;0;0;0;0;370050,273199999700000;5650593,352000000000000;7,148304682000060;50,992234811000060;0
203343;5200217505200555203;5;1;14;0;2020;2;13;2;3;5;3;0;1;1;0;0;0;0;330909,507000000220000;5689896,657299999100000;6,572571162000031;51,335178820000067;0
203357;5200217501319205203;5;1;12;0;2020;2;13;2;3;1;5;0;1;1;0;0;0;0;344680,974100000230000;5697140,527499999900000;6,766938156000038;51,404194522000068;0
203361;5200217500300839205;5;1;11;0;2020;2;7;2;3;2;2;0;1;1;0;0;0;0;350707,625000000000000;5671793,423000000400000;6,864116497000055;51,178049749000081;0
203369;5200217404101078072;5;7;66;20;2020;2;17;2;2;0;1;0;1;0;1;0;0;0;490331,700899999590000;5756010,572899999100000;8,859308357000032;51,954712475000065;1
203373;5200217400100153207;5;7;11;0;2020;2;19;2;3;0;1;2;1;0;0;0;0;0;468619,100399999880000;5765639,643799999700000;8,542475282000055;52,040482941000050;1
203375;5200215500200501791;5;1;11;0;2020;2;13;7;3;0;5;0;1;1;0;0;0;0;347727,951700000090000;5681355,512099999900000;6,817458725000051;51,263185502000056;0
203376;5200217317140777839;5;9;78;28;2020;2;21;2;3;0;1;2;1;0;0;0;0;0;400569,231200000270000;5700006,766799999400000;7,569309088000068;51,442513363000046;1
203379;5200217313233613436;5;9;58;28;2020;2;17;2;2;8;7;0;1;0;0;0;0;0;479880,673000000420000;5677771,757999999400000;8,711717579000037;51,250951843000053;1
203388;5200222300120203205;5;9;11;0;2020;2;10;7;3;5;3;0;1;0;0;0;0;1;376216,195000000300000;5707383,050000000700000;7,216478015000064;51,504008655000064;0
203390;5200226404302678192;5;7;66;44;2020;2;17;4;3;5;3;1;1;1;0;0;0;0;493239,593000000340000;5764609,006999999300000;8,901453917000026;52,032063568000069;1
203396;5200224706000781907;5;5;58;12;2020;2;22;2;3;0;1;2;1;0;0;0;0;0;374509,737800000240000;5756023,938799999700000;7,174377565000043;51,940761235000082;1
203399;5200223601510287200;5;3;15;0;2020;2;4;1;3;1;5;2;1;1;0;0;0;0;359016,166000000200000;5646810,909399999300000;6,992641968000044;50,955644916000040;1
203400;5200225702100474201;5;5;15;0;2020;2;17;3;3;5;6;0;1;0;0;0;0;0;405931,339599999600000;5751311,405700000000000;7,632620086000031;51,904602802000056;1
203403;5200223702100670524;5;5;15;0;2020;2;22;1;3;8;1;2;1;0;0;0;0;0;405304,382500000300000;5758432,054199999200000;7,621549125000058;51,968500218000031;1