OBJECTID;UIDENTSTLAE;ULAND;UREGBEZ;UKREIS;UGEMEINDE;UJAHR;UMONAT;USTUNDE;UWOCHENTAG;UKATEGORIE;UART;UTYP1;ULICHTVERH;IstRad;IstPKW;IstFuss;IstKrad;IstGkfz;IstSonstige;LINREFX;LINREFY;XGCSWGS84;YGCSWGS84;STRZUSTAND
203404;5200226301501418202;5;9;13;0;2020;2;8;4;3;5;3;0;1;1;0;0;0;0;386889,866899999790000;5709461,931099999700000;7,369530927000028;51,524930905000076;1
203405;5200226514213154208;5;1;66;8;2020;2;11;4;2;5;3;0;1;1;0;0;0;0;314301,002399999650000;5690833,239499999200000;6,333919254000023;51,338410600000032;1
203407;5200225501215979063;5;1;12;0;2020;2;9;3;3;5;3;0;1;1;0;0;0;0;337790,870699999850000;5696586,305999999900000;6,668216987000051;51,397286661000066;0
203412;5200223518000682264;5;1;70;48;2020;2;13;1;3;5;3;0;1;1;0;0;0;0;335607,105499999600000;5726015,868000000700000;6,623118048000038;51,661052842000061;1
203413;5200225607500755200;5;3;82;56;2020;2;11;3;1;0;7;0;1;1;0;0;0;0;372803,083800000140000;5625466,091900000300000;7,196252425000068;50,767000857000028;0
203417;5200221709100496204;5;5;66;12;2020;2;17;6;3;0;2;1;1;1;0;0;0;0;404678,587500000370000;5772166,666699999900000;7,608615519000068;52,091843604000076;0
203418;5200221601510204202;5;3;15;0;2020;2;13;6;3;1;5;0;1;1;0;0;0;0;364636,061700000430000;5649085,255599999800000;7,071763449000059;50,977432992000047;0
203419;5200225411132582051;5;7;74;32;2020;2;8;3;3;0;3;0;1;0;0;0;0;0;482821,366000000390000;5729580,234999999400000;8,751332378000029;51,716892686000051;1
203420;5200221601420892202;5;3;15;0;2020;2;9;6;3;1;5;0;1;0;0;0;0;1;356622,005400000140000;5648938,368200000400000;6,957737896000026;50,974173374000031;0
203421;5200221601220709204;5;3;15;0;2020;2;3;6;3;0;1;2;1;0;0;0;0;0;356442,702200000170000;5638295,303200000900000;6,959376243000065;50,878480613000079;1
203425;5200226500100470410;5;1;11;0;2020;2;18;4;3;0;1;2;1;0;0;0;0;0;347165,949500000100000;5675481,130300000300000;6,811916243000042;51,210250472000041;1
203430;5200226602100919203;5;3;62;8;2020;2;8;4;3;5;3;0;1;1;0;0;0;0;336958,810600000430000;5651048,213300000900000;6,676942246000067;50,987900281000066;1
203431;5200221516900028853;5;1;58;26;2020;2;11;6;3;0;7;0;1;0;1;0;0;0;353265,936099999580000;5662956,622400000700000;6,904290818000050;51,099302287000057;0
203435;5200222711113674649;5;5;70;52;2020;2;11;7;3;0;5;0;1;1;0;0;0;0;430847,251099999990000;5756049,013299999800000;7,993774023000071;51,950842601000033;0
203436;5200225518400204204;5;1;70;8;2020;2;13;3;2;4;6;0;1;0;0;0;0;0;344447,900799999940000;5714882,562000000800000;6,755774843000040;51,563540579000062;1
203437;5200225301201262209;5;9;13;0;2020;2;14;3;3;5;2;0;1;1;0;0;0;0;394433,887099999930000;5709253,985600000200000;7,478296655000065;51,524522462000050;0
203438;5200221516300056619;5;1;58;28;2020;2;14;6;3;5;3;0;1;1;0;0;0;0;350698,121000000280000;5684833,239000000100000;6,858545318000040;51,295221279000032;0
203442;5200226601100597505;5;3;15;0;2020;2;13;4;2;8;1;0;1;0;0;0;0;0;356013,564799999820000;5643278,998900000000000;6,951315067000053;50,923161847000074;1
203444;5200222602900368207;5;3;62;40;2020;2;2;7;3;5;3;2;1;1;0;0;0;0;357164,695700000040000;5631921,001299999700000;6,972118611000042;50,821373113000050;0
203447;5200224705000621129;5;5;54;12;2020;2;14;2;3;5;5;0;1;1;0;0;0;0;352970,749099999670000;5753185,167199999100000;6,862461024000027;51,909981434000031;1
203457;5200226514210086020;5;1;66;12;2020;2;14;4;3;0;1;0;1;0;0;0;0;0;320786,475200000220000;5693780,516000000800000;6,425444114000072;51,366966879000074;0
203460;5200221502408680899;5;1;17;0;2020;2;11;6;3;5;2;0;1;1;0;0;0;0;350839,775999999610000;5699008,294999999900000;6,854631054000038;51,422630549000075;0
203470;5200225405112487051;5;7;54;12;2020;2;10;3;3;5;3;0;1;1;0;0;0;0;456535,715300000270000;5767476,050599999700000;8,366079375000027;52,056177188000049;1
203473;5200224502339954814;5;1;13;0;2020;2;15;2;3;0;7;0;1;0;0;0;0;0;364025,303299999800000;5707554,330499999200000;7,040866694000044;51,502746420000051;1
203476;5200225303100087430;5;9;15;0;2020;2;18;3;3;1;2;2;1;1;0;0;0;0;418056,652700000440000;5725718,601700000500000;7,814875252000036;51,676455792000070;1
203477;5200221500300001652;5;1;11;0;2020;2;15;6;3;6;4;0;1;0;1;0;0;0;343679,836000000130000;5675517,116299999900000;6,762031189000027;51,209630307000054;0
203481;5200221705000481798;5;5;54;12;2020;2;12;6;3;5;7;0;1;1;0;0;0;0;352563,561099999580000;5745992,871300000700000;6,859617752000077;51,845252052000035;0
203483;5200226608416494207;5;3;34;16;2020;2;12;4;3;4;2;0;1;1;0;0;0;0;295223,586600000040000;5639470,725800000100000;6,089527133000047;50,870593794000058;0
203486;5200225516500145209;5;1;58;16;2020;2;13;3;3;3;6;0;1;1;0;0;0;0;355083,616200000050000;5671840,807700000700000;6,926658847000056;51,179601436000041;0
203487;5200225300310966202;5;9;11;0;2020;2;11;3;3;0;3;0;1;1;0;0;0;0;378711,650100000200000;5700677,529200000700000;7,254717250000056;51,444283277000068;1
203488;5200221410230840111;5;7;70;4;2020;2;5;6;3;0;3;2;1;0;0;0;0;0;488702,463000000450000;5782571,028999999200000;8,834720563000076;52,193481713000040;0
203489;5200221702100797729;5;5;15;0;2020;2;6;6;3;3;2;2;1;1;0;0;0;0;403584,204699999650000;5758376,983999999200000;7,596532612000033;51,967709512000056;0
203491;5200222508000579371;5;1;19;0;2020;2;18;7;3;5;2;2;1;1;0;0;0;0;353085,991999999620000;5706569,151000000500000;6,883773821000034;51,491156512000032;1
203492;5200224300120391208;5;9;11;0;2020;2;9;2;3;5;3;0;1;1;0;0;0;0;375439,143600000070000;5707016,617300000000000;7,205417262000026;51,500544682000054;0
203494;5200226515110357541;5;1;54;40;2020;2;7;4;3;5;2;1;1;1;0;0;0;0;297153,995000000110000;5741270,972999999300000;6,058971827000050;51,785478360000070;1
203499;5200221405228187031;5;7;54;28;2020;2;14;6;3;8;1;0;1;0;0;0;0;0;452818,354199999940000;5744742,534800000500000;8,314987904000077;51,851490082000055;0
203500;5200222608200250200;5;3;34;2;2020;2;10;7;3;3;7;0;1;1;0;0;0;0;297199,633399999700000;5629205,176400000200000;6,123250598000027;50,779091303000030;0
203501;5200225505100278910;5;1;14;0;2020;2;12;3;3;0;7;0;1;0;0;0;0;0;331015,235000000340000;5689489,659000000000000;6,574280582000029;51,331553811000049;0
203516;5200224702100170562;5;5;15;0;2020;2;19;2;3;5;2;2;1;0;0;0;0;0;406684,204900000240000;5757259,086899999500000;7,641947288000040;51,958190380000076;1
203521;5200225608100123205;5;3;34;2;2020;2;15;3;3;5;2;0;1;0;0;1;0;0;294010,381299999540000;5629405,305800000200000;6,077960848000032;50,779764825000029;1
203524;5200220705000320894;5;5;54;68;2020;2;11;5;3;5;3;0;1;1;0;0;0;0;350591,282300000080000;5766883,998800000200000;6,821932859000071;52,032425743000033;0
203525;5200221701800125200;5;5;62;4;2020;2;11;6;2;5;3;0;1;1;0;0;0;0;384251,549899999980000;5717480,108300000400000;7,328877071000022;51,596462184000075;0
203535;5200221701400380205;5;5;12;0;2020;2;8;6;3;0;6;0;1;1;0;0;0;0;356713,644399999640000;5709879,210200000600000;6,934646610000073;51,521831212000052;0
203536;5200222500100370207;5;1;11;0;2020;2;21;7;3;5;2;2;1;1;0;0;0;0;346078,134999999780000;5677094,487999999900000;6,795662091000054;51,224455171000045;1
203538;5200226606110081799;5;3;78;4;2020;2;7;4;3;0;4;1;1;0;1;0;0;0;367458,244900000280000;5650488,871300000700000;7,111429420000036;50,990704691000076;1
203544;5200225301202079209;5;9;13;0;2020;2;11;3;3;5;3;0;1;1;0;0;0;0;392976,976800000300000;5710961,297700000900000;7,456784961000039;51,539594267000041;0
203546;5200221700200081322;5;5;13;0;2020;2;17;6;3;0;7;0;1;0;0;0;0;0;362502,787899999880000;5710263,326899999800000;7,017887528000074;51,526722001000053;0
203554;5200224705000666228;5;5;54;16;2020;2;5;2;3;0;7;2;1;0;1;0;0;0;364161,249900000170000;5751782,965299999300000;7,025594688000069;51,900222966000058;1
203555;5200220608100601209;5;3;34;2;2020;2;8;5;3;6;4;0;1;0;1;0;0;0;293628,508299999870000;5629522,826099999200000;6,072485422000057;50,780684537000070;1
203558;5200223601210425200;5;3;15;0;2020;2;14;1;3;0;7;0;1;0;0;0;0;0;353491,795500000010000;5643040,569100000000000;6,915555478000044;50,920384321000029;1
203564;5200226514210779484;5;1;66;12;2020;2;9;4;3;5;3;0;1;1;0;0;0;0;320070,739199999720000;5694989,037599999500000;6,414561399000036;51,377596465000067;1
203570;5200224514116955200;5;1;66;16;2020;2;17;2;3;5;3;1;1;1;0;0;0;0;304983,918600000440000;5689619,574999999300000;6,200985474000049;51,324391293000076;1
203571;5200223516500376524;5;1;58;16;2020;2;9;1;3;5;3;0;1;1;0;0;0;0;355034,730000000450000;5672087,575999999400000;6,925860364000073;51,181806583000082;1
203572;5200225603116817607;5;3;66;16;2020;2;17;3;3;6;3;1;1;0;1;0;0;0;343940,809700000100000;5613791,758800000000000;6,792194324000036;50,655047321000040;0
203573;5200226500300359209;5;1;11;0;2020;2;19;4;2;5;2;2;1;1;0;0;0;0;348948,876199999820000;5670391,523000000000000;6,839562629000056;51,164990590000059;1
203581;5200220602400151209;5;3;62;32;2020;2;20;5;2;0;7;2;1;0;0;0;0;0;338338,630499999970000;5637684,565300000800000;6,702510995000068;50,868212288000052;1
203586;5200225303200069762;5;9;15;0;2020;2;14;3;3;1;5;0;1;0;0;0;1;0;414987,557099999860000;5728457,157999999800000;7,769831373000045;51,700617521000026;0
203589;5200224400300578189;5;7;11;0;2020;2;12;2;3;7;1;0;1;1;0;0;0;0;467274,426199999640000;5762343,676899999400000;8,523186265000049;52,010772449000058;0
203594;5200225516500778475;5;1;58;16;2020;2;9;3;2;5;3;0;1;1;0;0;0;0;355020,818199999630000;5672094,242599999500000;6,925658766000026;51,181862963000071;0
203600;5200226516500931205;5;1;58;16;2020;2;7;4;3;5;3;1;1;0;0;0;1;0;356287,644999999550000;5669635,558000000200000;6,944754558000057;51,160087999000041;1
203602;5200225502103140205;5;1;13;0;2020;2;17;3;3;0;3;0;1;1;0;0;0;0;362953,517699999730000;5704010,551599999900000;7,026809700000058;51,470641712000031;1
203609;5200220601210435205;5;3;15;0;2020;2;18;5;3;0;1;2;1;0;0;0;0;0;353715,498399999920000;5644717,667300000800000;6,918063022000069;50,935512607000078;0
203610;5200224709100766207;5;5;66;8;2020;2;19;2;2;6;7;2;1;0;1;0;0;0;399711,915500000120000;5781438,426799999500000;7,533408784000073;52,174298672000077;1
203611;5200220601210211203;5;3;15;0;2020;2;10;5;3;0;1;0;1;0;0;0;0;0;353804,564500000330000;5642021,612500000700000;6,920410589000028;50,911306592000074;1
203615;5200226514110575503;5;1;66;32;2020;2;16;4;3;5;3;0;1;1;0;0;0;0;317060,945700000040000;5681294,329900000200000;6,378386871000032;51,253621076000059;0
203618;5200220601120486209;5;3;15;0;2020;2;19;5;3;0;7;2;1;1;0;0;0;0;353785,291699999940000;5643158,661000000300000;6,919680905000064;50,921520022000038;1
203621;5200224705000497724;5;5;54;8;2020;2;23;2;3;0;1;2;1;1;0;0;0;0;335479,076600000260000;5748381,204199999600000;6,610680741000067;51,861935167000070;0
203623;5200224600110063204;5;3;14;0;2020;2;16;2;2;0;1;0;1;0;0;0;0;0;365857,089700000360000;5621711,555500000700000;7,099176934000070;50,731690879000041;0
203627;5200222600110175574;5;3;14;0;2020;2;20;7;3;7;1;2;1;0;0;0;0;1;363183,606399999930000;5623540,631999999300000;7,060637129000043;50,747506618000045;1
203628;5200225405112287130;5;7;54;12;2020;2;17;3;3;5;3;1;1;1;0;0;0;0;456189,542200000030000;5768074,672599999200000;8,360954031000063;52,061531721000051;1
203639;5200221610113188203;5;3;70;24;2020;2;21;6;3;2;6;2;1;1;0;0;0;0;286239,433899999600000;5654041,997600000400000;5,953479374000040;50,998190835000059;0
203645;5200225516310784203;5;1;58;28;2020;2;13;3;3;6;6;0;1;0;1;0;0;0;349924,203099999580000;5684965,314500000300000;6,847397782000030;51,296204614000033;0
203646;5200225300210887201;5;9;11;0;2020;2;19;3;2;6;4;2;1;0;1;0;0;0;373269,429499999620000;5706974,691900000000000;7,174189576000060;51,499685584000076;1
203648;5200224608100578200;5;3;34;2;2020;2;17;2;3;0;1;0;1;0;0;0;0;0;293408,937800000420000;5628137,742499999700000;6,070152933000031;50,768166821000079;1
203649;5200302303200880650;5;9;15;0;2020;3;15;2;3;3;6;0;1;0;0;0;0;0;414140,018699999900000;5727794,731499999800000;7,757733280000025;51,694533731000035;0
203652;5200302301502492202;5;9;13;0;2020;3;15;2;2;0;7;0;1;0;0;0;0;0;389353,485999999570000;5701937,089999999900000;7,407387719000042;51,457783765000045;0
203654;5200302600140076598;5;3;14;0;2020;3;17;2;2;0;7;0;1;0;0;0;0;0;369847,696800000030000;5623108,374299999300000;7,155199293000067;50,745153699000070;1
203657;5200301706300503200;5;5;58;24;2020;3;17;1;2;0;1;1;1;0;0;0;0;0;392612,184000000360000;5736907,279999999300000;7,443557115000033;51,772732232000067;0
203659;5200301705000581028;5;5;54;60;2020;3;21;1;3;1;7;2;1;1;0;0;0;0;349368,175099999640000;5756319,012499999300000;6,808755775000066;51,937174982000045;0
203660;5200227601210712207;5;3;15;0;2020;2;19;5;3;0;1;2;1;0;0;0;0;0;352511,828800000250000;5644147,671099999900000;6,901175162000072;50,930083730000035;2
203663;5200301610221411596;5;3;70;20;2020;3;20;1;3;1;5;2;1;1;0;0;0;0;305152,359199999830000;5660042,483899999400000;6,219445943000039;51,058801039000059;1
203665;5200301602800285849;5;3;62;12;2020;3;14;1;3;5;3;0;1;1;0;0;0;0;352175,501000000160000;5630439,728000000100000;6,901931919000049;50,806809105000070;0
203666;5200301601400058628;5;3;15;0;2020;3;18;1;2;0;7;2;1;0;0;0;0;0;355382,343700000080000;5647219,803099999200000;6,940775643000052;50,958419127000070;1
203667;5200302513210333207;5;1;62;24;2020;3;17;2;3;5;3;0;1;1;0;0;0;0;339997,544800000270000;5674420,119799999500000;6,709847146000072;51,198754120000046;1
203672;5200227600380827202;5;3;14;0;2020;2;11;5;3;5;3;0;1;1;0;0;0;0;370055,013199999930000;5617073,530600000200000;7,160261761000072;50,690957204000028;1
203679;5200227600310905204;5;3;14;0;2020;2;15;5;3;3;5;0;1;0;0;0;0;1;363849,104100000110000;5619857,097500000100000;7,071425127000055;50,714556150000078;1
203682;5200227518100452205;5;1;70;48;2020;2;15;5;2;5;3;0;1;1;0;0;0;0;336076,834999999960000;5725795,677999999400000;6,630006637000065;51,659211897000034;1
203688;5200227516340199200;5;1;58;28;2020;2;7;5;3;0;1;0;1;0;0;0;0;0;349542,912200000140000;5689350,741499999500000;6,840082441000050;51,335509778000073;0
203701;5200229709100068204;5;5;66;4;2020;2;13;7;3;4;7;0;1;0;0;0;0;0;394966,737599999640000;5767300,672100000100000;7,468403583000054;52,046351813000058;0
203702;5200229700200665496;5;5;13;0;2020;2;11;7;3;5;3;0;1;1;0;0;0;0;364791,617300000040000;5715619,045399999200000;7,048803122000038;51,575403476000076;0
203705;5200229700100521202;5;5;13;0;2020;2;23;7;2;0;7;2;1;0;0;0;0;0;368073,251899999570000;5709272,650100000200000;7,098511787000064;51,519147922000059;0
203708;5200229610111032738;5;3;70;16;2020;2;18;7;3;0;1;1;1;0;0;0;0;0;297419,639399999750000;5660836,040300000500000;6,108800195000072;51,063252353000053;1
203713;5200229606100074414;5;3;78;4;2020;2;14;7;3;0;7;0;1;0;0;0;0;0;367753,807199999690000;5647673,621899999700000;7,116662593000058;50,965470149000055;0
203716;5200229601700692206;5;3;16;0;2020;2;9;7;3;4;5;0;1;1;0;0;0;0;355980,516400000080000;5657991,823200000500000;6,945012582000061;51,055373982000049;0
203720;5200229601100782247;5;3;15;0;2020;2;19;7;3;5;3;2;1;1;0;0;0;0;355152,438699999820000;5644347,138000000300000;6,938646758000061;50,932545441000059;0
203726;5200229411132669209;5;7;74;32;2020;2;12;7;3;0;1;0;1;1;0;0;0;0;482318,075000000190000;5730161,211999999400000;8,744017622000058;51,722100782000041;0
203731;5200227501222374135;5;1;12;0;2020;2;14;5;3;5;3;0;1;1;0;0;0;0;341510,502000000330000;5703070,396999999900000;6,718740737000076;51,456595662000041;1
203733;5200302605148389204;5;3;74;48;2020;3;21;2;2;0;1;2;1;0;0;0;0;0;397737,294900000100000;5645232,925400000100000;7,544178601000056;50,949632770000051;1
203734;5200229301201804206;5;9;13;0;2020;2;17;7;2;5;3;0;1;1;0;0;0;0;392937,115799999800000;5709458,779100000900000;7,456667272000061;51,526081452000028;1
203735;5200229301101815206;5;9;13;0;2020;2;18;7;3;0;1;2;1;0;0;0;0;0;392655,797199999910000;5709217,628200000200000;7,452687082000068;51,523860483000078;1
203737;5200227501213672080;5;1;12;0;2020;2;7;5;3;5;3;1;1;1;0;0;0;0;337791,338000000450000;5698336,832000000400000;6,667423274000043;51,413014253000028;1
203739;5200228709500958208;5;5;66;76;2020;2;8;6;3;0;7;1;1;0;0;0;0;0;394671,796099999920000;5793565,076199999100000;7,455954383000062;52,282346027000074;2
203741;5200302411220887071;5;7;74;20;2020;3;7;2;3;5;3;0;1;1;0;0;0;0;469817,911000000310000;5735607,341000000000000;8,562583769000071;51,770533881000063;1
203742;5200228709300744867;5;5;66;36;2020;2;7;6;3;0;2;0;1;1;0;0;0;0;387272,131000000050000;5767711,337999999500000;7,356113523000033;52,048531161000028;0
203743;5200302601400058628;5;3;15;0;2020;3;19;2;3;5;3;2;1;1;0;0;0;0;357213,421000000090000;5648695,035199999800000;6,966251824000040;50,972133505000045;1
203747;5200228709100969208;5;5;66;12;2020;2;7;6;3;0;3;0;1;1;0;0;0;0;403768,129499999810000;5772177,817800000300000;7,595326930000056;52,091786258000070;2
203748;5200227500300672238;5;1;11;0;2020;2;12;5;3;0;4;0;1;0;1;0;0;0;350152,168999999760000;5670227,485200000900000;6,856828337000025;51,163833029000045;1
203749;5200302410110076398;5;7;70;24;2020;3;16;2;3;0;5;0;1;1;0;0;0;0;493015,627500000410000;5793029,274700000900000;8,897604496000042;52,287578867000036;0
203752;5200228706000565772;5;5;58;12;2020;2;10;6;3;4;1;0;1;1;0;0;0;0;373836,968600000250000;5756906,016899999200000;7,164271913000050;51,948535828000047;1
203753;5200228705000587236;5;5;54;4;2020;2;9;6;3;1;3;0;1;1;0;0;0;0;363129,474200000060000;5771985,981699999400000;7,002543647000039;52,081505233000030;1
203754;5200302514110778962;5;1;66;32;2020;3;16;2;3;5;2;0;1;1;0;0;0;0;317884,467799999750000;5681654,020300000900000;6,389992153000037;51,257115669000029;1
203755;5200302502226729209;5;1;13;0;2020;3;17;2;3;0;1;0;1;0;0;0;0;0;360692,107599999760000;5698067,533299999300000;6,996610335000071;51,416683701000068;1
203757;5200228705000302898;5;5;54;52;2020;2;7;6;3;5;3;0;1;1;0;0;0;0;379085,686099999580000;5773273,112400000900000;7,234820921000051;52,096787144000075;2
203760;5200228705000120894;5;5;54;56;2020;2;18;6;3;4;6;2;1;0;0;0;0;0;356412,443900000300000;5762048,395700000200000;6,908758082000077;51,990515772000037;1
203761;5200228702100870612;5;5;15;0;2020;2;7;6;3;0;7;0;1;0;0;0;0;0;407567,376000000160000;5751519,060100000400000;7,656338645000062;51,906743177000067;2
203765;5200228702100564164;5;5;15;0;2020;2;7;6;3;0;1;0;1;0;0;0;0;0;404759,937800000420000;5760134,025599999400000;7,613153993000026;51,983705129000043;2
203767;5200228702100542458;5;5;15;0;2020;2;7;6;3;0;1;1;1;0;0;0;0;0;401303,330699999820000;5758741,102800000500000;7,563237761000039;51,970581972000048;2
203768;5200228702100370612;5;5;15;0;2020;2;8;6;3;0;7;0;1;0;0;0;0;0;407145,376799999740000;5758118,562000000800000;7,648424473000034;51,965992987000050;2
203769;5200228702100069524;5;5;15;0;2020;2;8;6;3;0;1;0;1;0;0;0;0;0;402199,086799999700000;5758201,648499999200000;7,576426896000044;51,965891576000047;2
203777;5200228607400090208;5;3;82;68;2020;2;7;6;3;0;1;0;1;0;0;0;0;0;367869,214399999940000;5631793,607100000600000;7,124049683000067;50,822769842000071;2
203779;5200228607400066209;5;3;82;68;2020;2;7;6;3;0;1;0;1;0;0;0;0;0;367868,851499999870000;5631799,162200000100000;7,124042532000033;50,822819689000028;2
203782;5200227404101187064;5;7;66;20;2020;2;7;5;3;5;3;0;1;1;0;0;0;0;490537,764800000000000;5754600,856899999100000;8,862345769000058;51,942041247000077;1
203785;5200228602500302204;5;3;62;24;2020;2;6;6;3;0;1;2;1;0;0;0;0;0;346373,210699999700000;5640381,324699999800000;6,815472012000043;50,894636807000040;2
203787;5200227400200862224;5;7;11;0;2020;2;23;5;3;5;3;2;1;1;0;0;0;0;472521,177199999800000;5762262,020800000100000;8,599636109000073;52,010322896000048;1
203789;5200302701500697201;5;5;62;24;2020;3;20;2;2;5;3;2;1;1;0;0;0;0;369611,758799999950000;5724166,401699999300000;7,115141568000070;51,653351418000057;1
203790;5200228601620869207;5;3;15;0;2020;2;7;6;3;0;1;0;1;0;0;0;0;0;358455,605000000450000;5642237,483999999200000;6,986442218000036;50,914405962000046;1
203792;5200228601620072610;5;3;15;0;2020;2;7;6;3;5;3;0;1;1;0;0;0;0;364537,003999999720000;5640013,684000000400000;7,073725728000056;50,895878926000080;1
203793;5200227400200705202;5;7;11;0;2020;2;20;5;3;5;2;2;1;1;0;0;0;0;467678,797299999740000;5763772,891200000400000;8,528942822000033;52,023645681000062;1
203794;5200302404103282070;5;7;66;16;2020;3;5;2;3;5;2;2;1;1;0;0;0;0;507313,205400000330000;5753337,203900000100000;9,106363881000050;51,930712092000078;1
203795;5200302501222963204;5;1;12;0;2020;3;7;2;3;0;3;2;1;0;0;1;0;0;340777,043800000100000;5702510,527000000700000;6,708444572000076;51,451359655000033;0
203798;5200302501222946209;5;1;12;0;2020;3;8;2;3;1;2;0;1;1;0;0;0;0;340777,248100000430000;5702513,621500000400000;6,708446117000051;51,451387515000079;1
203799;5200228601400887654;5;3;15;0;2020;2;7;6;3;0;7;0;1;0;0;0;0;0;351728,025000000370000;5654596,639000000400000;6,885767834000035;51,023781606000057;2
203803;5200228601220896203;5;3;15;0;2020;2;7;6;2;0;1;0;1;0;0;0;0;0;360079,962299999780000;5638181,497300000900000;7,011088637000057;50,878349962000073;1
203805;5200302317240709973;5;9;78;40;2020;3;8;2;2;0;4;0;1;0;1;0;0;0;406483,467199999840000;5725090,978800000600000;7,647710541000038;51,669006465000052;0
203806;5200228601210914209;5;3;15;0;2020;2;7;6;3;0;1;0;1;0;0;0;0;0;360079,962299999780000;5638181,497300000900000;7,011088637000057;50,878349962000073;1
203807;5200228601210079205;5;3;15;0;2020;2;8;6;3;0;1;0;1;0;0;0;0;0;354654,699099999850000;5644235,787699999300000;6,931612661000031;50,931419550000044;2
203812;5200227314310485203;5;9;66;20;2020;2;13;5;3;8;1;0;1;0;0;0;0;0;432923,838700000200000;5663494,371300000700000;8,041622263000022;51,118994418000057;1
203813;5200228600310773818;5;3;14;0;2020;2;7;6;3;0;1;0;1;0;0;0;0;0;363009,480399999770000;5618018,338999999700000;7,060221400000046;50,697832481000034;2
203817;5200228600110181257;5;3;14;0;2020;2;7;6;3;0;1;1;1;0;0;0;0;0;364763,243800000290000;5621103,434599999300000;7,083909246000076;50,725971522000066;2
203818;5200228600110081229;5;3;14;0;2020;2;7;6;3;0;1;0;1;0;0;0;0;0;364084,767400000240000;5624811,825500000300000;7,072934055000076;50,759143516000051;2
203820;5200228518320072108;5;1;70;52;2020;2;7;6;3;0;1;0;1;0;0;0;0;0;324066,997399999760000;5725826,391699999600000;6,456531548000044;51,655857335000064;2
203821;5200228518200575825;5;1;70;24;2020;2;22;6;3;1;5;2;1;1;0;0;0;0;336484,686800000260000;5702834,868300000200000;6,646573848000060;51,453050430000076;1
203822;5200228518100474205;5;1;70;48;2020;2;7;6;3;0;1;0;1;0;0;0;0;0;338003,533099999650000;5725674,293600000400000;6,657893772000023;51,658679974000052;2
203823;5200302513210331209;5;1;62;24;2020;3;18;2;2;1;5;2;1;1;0;0;0;0;336998,142900000330000;5670325,072699999400000;6,668811186000028;51,161113285000056;1
203824;5200228518100473206;5;1;70;48;2020;2;7;6;3;0;1;0;1;0;0;0;0;0;337993,753800000060000;5725676,978800000600000;6,657751268000027;51,658701279000070;2
203825;5200228516910581205;5;1;58;26;2020;2;15;6;3;1;3;0;1;1;0;0;0;0;352150,474100000230000;5662440,564099999100000;6,888582241000052;51,094378317000064;0
203827;5200228516600074125;5;1;58;4;2020;2;11;6;3;1;7;0;1;1;0;0;0;0;354044,119800000450000;5674249,984400000400000;6,910818071000051;51,200986419000060;1
203830;5200228516110441209;5;1;58;32;2020;2;6;6;3;5;3;1;1;1;0;0;0;0;364679,307500000110000;5689305,272299999400000;7,057251724000025;51,338905347000036;1
203831;5200228514217646126;5;1;66;36;2020;2;20;6;3;5;2;2;1;1;0;0;0;0;329451,251000000160000;5683146,339999999900000;6,554883622000034;51,274099653000064;1
203832;5200228514215582482;5;1;66;28;2020;2;14;6;3;1;3;0;1;1;0;0;0;0;326180,171199999750000;5688272,429800000000000;6,505538182000066;51,319161646000055;0
203834;5200228514210273203;5;1;66;12;2020;2;7;6;3;0;1;1;1;0;0;0;0;0;321169,667500000450000;5692699,009400000800000;6,431486871000061;51,357372595000072;2
203840;5200302607400379203;5;3;82;68;2020;3;21;2;3;5;3;2;1;0;0;0;1;0;366900,469999999740000;5633347,701700000100000;7,109739499000057;50,836515956000028;1
203844;5200228505100382284;5;1;14;0;2020;2;8;6;2;4;2;0;1;1;0;0;0;0;327152,183500000280000;5687655,719699999300000;6,519772261000071;51,313917513000035;1
203850;5200302601400886360;5;3;15;0;2020;3;7;2;3;3;2;0;1;1;0;0;0;0;364448,014700000170000;5639521,597799999600000;7,072643683000024;50,891435386000069;1
203856;5200228501211075208;5;1;12;0;2020;2;19;6;3;5;2;1;1;1;0;0;0;0;341179,881000000050000;5697944,929999999700000;6,716284343000041;51,410452360000079;1
203859;5200228500300774064;5;1;11;0;2020;2;8;6;3;0;1;0;1;0;0;0;0;0;345146,234199999830000;5673944,883500000500000;6,783686444000068;51,195902557000068;0
203860;5200228500200853205;5;1;11;0;2020;2;7;6;3;0;7;0;1;0;0;0;0;0;345652,683600000110000;5688722,948100000600000;6,784551738000062;51,328826189000040;0
203861;5200226709800872371;5;5;66;40;2020;2;8;4;3;0;7;0;1;0;0;0;0;0;421033,987499999810000;5781689,309299999800000;7,845081857000025;52,180017566000060;1
203862;5200228500200794206;5;1;11;0;2020;2;8;6;2;0;1;1;1;0;0;0;0;0;343514,946000000460000;5681489,850999999800000;6,757063190000054;51,263251646000072;2
203863;5200302600380412201;5;3;14;0;2020;3;7;2;3;5;2;1;1;1;0;0;0;0;369317,014600000340000;5615985,031500000500000;7,150203956000041;50,681008127000041;1
203864;5200226709000776750;5;5;66;12;2020;2;16;4;3;1;5;0;1;1;0;0;0;0;405281,011300000360000;5772068,518400000400000;7,617433452000057;52,091064867000057;1
203867;5200226706000987360;5;5;58;16;2020;2;8;4;3;4;2;0;1;1;0;0;0;0;381544,894799999890000;5742986,415300000500000;7,281148923000046;51,825134232000039;1