OBJECTID;UIDENTSTLAE;ULAND;UREGBEZ;UKREIS;UGEMEINDE;UJAHR;UMONAT;USTUNDE;UWOCHENTAG;UKATEGORIE;UART;UTYP1;ULICHTVERH;IstRad;IstPKW;IstFuss;IstKrad;IstGkfz;IstSonstige;LINREFX;LINREFY;XGCSWGS84;YGCSWGS84;STRZUSTAND
203868;5200228411132070327;5;7;74;32;2020;2;13;6;3;6;4;0;1;0;1;0;0;0;483224,611999999730000;5730013,522199999500000;8,757148600000051;51,720800713000074;0
203869;5200226705000879006;5;5;54;8;2020;2;16;4;3;0;6;0;1;0;0;0;0;0;334515,659300000410000;5743730,865700000900000;6,598926965000032;51,819874944000048;1
203870;5200228410220979219;5;7;70;8;2020;2;7;6;2;0;1;0;1;0;0;0;0;0;473503,016300000250000;5803480,278300000400000;8,610717232000070;52,380941428000028;2
203873;5200228317250379522;5;9;78;32;2020;2;10;6;3;0;3;0;1;1;0;0;0;0;394449,898500000130000;5725117,722300000500000;7,473754591000045;51,667115018000061;0
203874;5200228317110118636;5;9;78;36;2020;2;7;6;3;5;3;0;1;1;0;0;0;0;408390,986499999650000;5712309,037599999500000;7,678626892000068;51,554421883000032;0
203875;5200226705000580993;5;5;54;48;2020;2;16;4;3;2;3;0;1;1;0;0;0;0;341857,832999999630000;5745378,502000000300000;6,704610198000069;51,836803197000052;1
203880;5200228303200080641;5;9;15;0;2020;2;5;6;3;5;3;2;1;1;0;0;0;0;414439,076000000350000;5727464,484999999400000;7,762140104000025;51,691610703000038;2
203882;5200228303100078369;5;9;15;0;2020;2;7;6;3;5;3;0;1;1;0;0;0;0;421863,929999999700000;5726975,712999999500000;7,869645662000039;51,688299411000060;2
203883;5200228303100023097;5;9;15;0;2020;2;7;6;3;5;2;0;1;1;0;0;0;0;422894,918999999760000;5726729,784199999600000;7,884611722000045;51,686231121000048;1
203885;5200226701400750786;5;5;12;0;2020;2;6;4;3;4;2;1;1;1;0;0;0;0;358154,169599999670000;5708513,977099999800000;6,955945697000061;51,509926869000026;1
203890;5200227709100947851;5;5;66;8;2020;2;8;5;2;0;1;0;1;0;0;0;1;0;398842,110999999570000;5782822,868000000700000;7,520280546000038;52,186582810000061;1
203891;5200302702100273242;5;5;15;0;2020;3;6;2;3;0;7;2;1;0;0;0;0;0;405460,409900000320000;5757713,161699999100000;7,624017572000071;51,962065073000076;0
203892;5200227705131003115;5;5;54;36;2020;2;9;5;3;5;3;0;1;1;0;0;0;0;369795,643799999730000;5766355,085300000400000;7,101915265000059;52,032514339000045;0
203893;5200227705000070634;5;5;54;20;2020;2;18;5;3;5;3;2;1;1;0;0;0;0;366560,012799999680000;5786711,694599999100000;7,046793054000034;52,214660865000042;1
203894;5200227702100656201;5;5;15;0;2020;2;8;5;3;1;5;0;1;1;0;0;0;0;405357,777999999930000;5753607,858699999700000;7,623654320000071;51,925147315000061;1
203895;5200226700000946941;5;5;13;0;2020;2;19;4;3;5;3;2;1;1;0;0;0;0;365547,319099999960000;5715632,306500000900000;7,059696855000027;51,575703392000037;1
203896;5200302303200880651;5;9;15;0;2020;3;18;2;3;6;7;2;1;0;1;0;0;0;417589,330000000070000;5727529,550400000100000;7,807690461000050;51,692666932000066;0
203899;5200302601320649207;5;3;15;0;2020;3;9;2;2;3;7;0;1;1;0;0;0;0;350604,862700000410000;5644425,301999999200000;6,873944210000047;50,932087895000052;1
203902;5200227607500473839;5;3;82;56;2020;2;19;5;3;5;2;2;1;1;0;0;0;0;372672,046199999750000;5625473,349899999800000;7,194392686000072;50,767037350000066;1
203904;5200226610222880717;5;3;70;36;2020;2;0;4;2;1;5;2;1;1;0;0;0;0;302646,326000000350000;5664778,503799999100000;6,181144147000055;51,100481843000068;1
203906;5200303705000521119;5;5;54;20;2020;3;15;3;3;5;3;0;1;1;0;0;0;0;364637,536999999550000;5786378,071000000500000;7,018804631000023;52,211194247000037;0
203909;5200305505100176202;5;1;14;0;2020;3;17;5;3;0;2;0;1;1;0;0;0;0;331810,375699999740000;5688079,988399999200000;6,586348922000070;51,319125035000070;1
203911;5200307405236606336;5;7;54;36;2020;3;18;7;3;0;7;1;1;0;1;0;0;0;472956,973299999720000;5751817,254899999100000;8,606807978000063;51,916437477000045;0
203912;5200303702100897729;5;5;15;0;2020;3;7;3;3;0;2;0;1;1;0;0;0;0;403803,687699999660000;5761689,613399999200000;7,598797537000053;51,997522432000039;1
203914;5200303702100865831;5;5;15;0;2020;3;17;3;3;5;3;0;1;1;0;0;0;0;399492,438000000080000;5756208,003000000500000;7,537626300000056;51,947489728000050;0
203916;5200303702100760729;5;5;15;0;2020;3;9;3;3;1;7;0;1;0;0;0;0;1;405804,077499999660000;5758822,480599999400000;7,628713622000021;51,972094443000060;0
203919;5200307506100269470;5;1;16;0;2020;3;13;7;3;5;3;0;1;1;0;0;0;0;319294,722500000150000;5673382,846799999500000;6,414349672000071;51,183264545000043;0
203929;5200305702100088934;5;5;15;0;2020;3;10;5;3;5;2;0;1;1;0;0;0;0;407193,664699999620000;5753594,071799999100000;7,650348554000061;51,925332476000051;0
203931;5200306705000720922;5;5;54;20;2020;3;22;6;2;4;1;2;1;0;0;0;0;0;365027,349899999800000;5786398,946000000500000;7,024498017000042;52,211477428000080;1
203932;5200304601100886606;5;3;15;0;2020;3;16;4;3;0;7;0;1;1;0;0;0;0;355715,324400000270000;5643474,994999999200000;6,946996965000039;50,924848726000050;1
203934;5200306411132051318;5;7;74;32;2020;3;19;6;3;5;2;2;1;0;0;0;0;0;482343,166500000280000;5730809,987999999900000;8,744347969000046;51,727934907000076;1
203935;5200304400100787128;5;7;11;0;2020;3;17;4;3;0;3;0;1;1;0;0;0;0;466110,524699999950000;5765060,865900000600000;8,505959734000044;52,035131724000053;0
203937;5200305601310169205;5;3;15;0;2020;3;18;5;3;1;5;1;1;1;0;0;0;0;353725,779699999840000;5646263,984099999100000;6,917588308000063;50,949411417000078;1
203939;5200306501211075942;5;1;12;0;2020;3;14;6;3;5;3;0;1;1;0;0;0;0;341592,222099999900000;5697645,718200000000000;6,722342102000027;51,407879347000062;0
203940;5200303608436571206;5;3;34;36;2020;3;10;3;3;6;7;0;1;0;1;0;0;0;297699,781899999830000;5634039,988199999600000;6,127672677000021;50,822689872000069;0
203941;5200305603116478293;5;3;66;16;2020;3;15;5;3;0;7;0;1;1;0;0;0;0;342940,596699999650000;5614230,763000000300000;6,777869159000034;50,658723491000046;1
203942;5200308301504576204;5;9;13;0;2020;3;19;1;2;8;7;2;1;0;0;0;0;0;388654,182000000030000;5713315,460100000700000;7,393733229000077;51,559917545000076;1
203946;5200303608100719206;5;3;34;2;2020;3;14;3;3;3;6;0;1;1;0;0;0;0;294923,687099999750000;5628380,750700000700000;6,091469814000050;50,770886690000054;0
203951;5200303608100063934;5;3;34;2;2020;3;18;3;3;0;5;1;1;1;0;0;0;0;293384,955000000070000;5628106,213400000700000;6,069830991000060;50,767875116000027;0
203956;5200304513210675962;5;1;62;24;2020;3;7;4;3;3;6;0;1;1;0;0;0;0;338472,179499999620000;5670904,812000000800000;6,689613489000067;51,166740260000040;1
203964;5200304608100134204;5;3;34;2;2020;3;13;4;3;0;1;0;1;0;0;0;0;1;293652,641999999990000;5627442,989399999400000;6,073993835000067;50,762013875000036;0
203965;5200303603116577204;5;3;66;16;2020;3;18;3;3;6;6;0;1;0;1;0;0;0;339982,730299999940000;5613286,285000000100000;6,736462863000043;50,649431245000073;0
203966;5200306514210076261;5;1;66;12;2020;3;18;6;3;5;3;0;1;1;0;0;0;0;319877,805800000210000;5692201,240800000700000;6,413204290000067;51,352493185000071;0
203970;5200306601210388205;5;3;15;0;2020;3;13;6;3;1;5;0;1;1;0;0;0;0;353495,337100000120000;5643041,413200000300000;6,915605492000054;50,920392806000052;0
203976;5200304601700572683;5;3;16;0;2020;3;13;4;3;5;3;0;1;1;0;0;0;0;360959,913999999870000;5655349,112999999900000;7,017030913000042;51,032851081000047;0
203982;5200306702100569780;5;5;15;0;2020;3;6;6;3;0;3;1;1;1;0;0;0;0;404899,662399999800000;5755230,707900000700000;7,616545630000076;51,939656127000035;1
203985;5200306709500842537;5;5;66;76;2020;3;10;6;3;5;3;0;1;1;0;0;0;0;393750,640999999830000;5794752,219000000500000;7,442081931000075;52,292837814000052;1
203987;5200303601210775203;5;3;15;0;2020;3;7;3;3;5;3;0;1;1;0;0;0;0;353279,691399999890000;5642547,253599999500000;6,912738331000071;50,915897172000030;1
203988;5200306500300217201;5;1;11;0;2020;3;16;6;3;5;2;0;1;1;0;0;0;0;350444,940200000070000;5670830,716199999700000;6,860761656000022;51,169330259000048;0
203989;5200303601120492202;5;3;15;0;2020;3;7;3;2;0;1;0;1;0;0;0;0;0;354911,548000000420000;5644405,598899999600000;6,935197702000039;50,933010269000079;1
203990;5200305601610341202;5;3;15;0;2020;3;7;5;3;0;3;1;1;1;0;0;0;0;359601,093399999660000;5645235,861500000600000;7,001572150000072;50,941632599000059;1
203993;5200306601700839206;5;3;16;0;2020;3;12;6;3;5;3;0;1;1;0;0;0;0;360263,766499999910000;5659028,104000000300000;7,005689025000038;51,065745243000038;1
203995;5200303600110872205;5;3;14;0;2020;3;17;3;3;5;2;0;1;1;0;0;0;0;366371,964900000020000;5620504,625299999500000;7,106905874000063;50,720961653000074;0
203996;5200306404101982096;5;7;66;20;2020;3;13;6;3;3;2;0;1;1;0;0;0;0;489908,832899999800000;5754587,820900000600000;8,853196639000032;51,941912987000080;1
204001;5200304301101394201;5;9;13;0;2020;3;19;4;3;5;2;2;1;1;0;0;0;0;395688,442999999970000;5706374,128000000500000;7,497226083000044;51,498869667000065;0
204002;5200305518300186041;5;1;70;20;2020;3;14;5;3;0;7;0;1;1;0;0;0;0;328888,015999999830000;5707765,372300000900000;6,534955986000057;51,495098763000044;1
204005;5200304709000676750;5;5;66;12;2020;3;8;4;3;4;2;0;1;1;0;0;0;0;405968,248800000180000;5772565,919399999100000;7,627324368000075;52,095652821000044;1
204012;5200307601200061137;5;3;15;0;2020;3;7;7;3;0;1;0;1;0;0;0;0;0;353673,924899999980000;5644316,418899999900000;6,917632862000062;50,931896179000034;0
204019;5200304610121890206;5;3;70;12;2020;3;10;4;2;0;1;0;1;0;0;0;0;0;297126,378800000060000;5649502,610700000100000;6,110956727000030;50,961363114000051;0
204020;5200303515110022248;5;1;54;36;2020;3;12;3;3;3;6;0;1;0;0;0;1;0;303209,729600000200000;5742153,227099999800000;6,146153187000039;51,795563434000030;0
204022;5200303514210182322;5;1;66;12;2020;3;21;3;3;5;3;2;1;1;0;0;0;0;320643,572999999860000;5693761,209100000600000;6,423403170000029;51,366748342000051;1
204026;5200307513000678772;5;1;62;22;2020;3;12;7;2;0;7;0;1;0;0;0;0;1;335969,351900000130000;5681984,548599999400000;6,648778982000067;51,265575098000056;0
204030;5200306501314692202;5;1;12;0;2020;3;16;6;2;5;3;0;1;1;0;0;0;0;345943,507299999710000;5700892,344200000200000;6,783444438000061;51,438249362000079;0
204033;5200306513210074201;5;1;62;24;2020;3;10;6;3;5;3;0;1;1;0;0;0;0;338784,754599999640000;5673598,850500000600000;6,692871972000035;51,191034189000050;0
204037;5200305405228582085;5;7;54;28;2020;3;7;5;3;5;3;0;1;1;0;0;0;0;451487,089999999850000;5743319,174000000600000;8,295861046000027;51,838579208000056;1
204039;5200306705000865869;5;5;54;8;2020;3;14;6;3;5;3;0;1;1;0;0;0;0;336523,665099999870000;5747232,861800000100000;6,626380262000055;51,851926073000072;1
204040;5200304601110135203;5;3;15;0;2020;3;17;4;3;0;3;0;1;0;0;1;0;0;356150,960099999790000;5646503,770099999400000;6,951995516000068;50,952176655000073;1
204044;5200303508000079371;5;1;19;0;2020;3;12;3;3;6;7;0;1;0;1;0;0;0;351266,928700000050000;5704223,663300000100000;6,858578325000053;51,469605649000073;0
204047;5200305301201066240;5;9;13;0;2020;3;8;5;3;5;3;0;1;1;0;0;0;0;387176,768199999820000;5708472,264000000400000;7,373981664000041;51,516093098000056;1
204050;5200308302100077973;5;9;14;0;2020;3;11;1;3;5;3;0;1;1;0;0;0;0;392388,864299999550000;5693074,679300000900000;7,453751378000050;51,378708542000027;0
204053;5200304600140001206;5;3;14;0;2020;3;10;4;3;5;3;0;1;1;0;0;0;0;367274,631599999960000;5621834,739299999500000;7,119207735000032;50,733123694000028;1
204054;5200303505200546908;5;1;14;0;2020;3;12;3;3;5;3;0;1;1;0;0;0;0;330355,638000000270000;5690519,037000000500000;6,564331160000052;51,340605210000035;0
204055;5200306406110084700;5;7;58;12;2020;3;8;6;3;5;3;0;1;1;0;0;0;0;478215,575899999590000;5773848,174599999600000;8,681862162000073;52,114743546000057;1
204059;5200307608100395206;5;3;34;2;2020;3;9;7;3;6;4;0;1;0;1;0;0;0;294222,565899999810000;5628839,015599999600000;6,081283444000064;50,774754199000029;0
204062;5200306601210584200;5;3;15;0;2020;3;8;6;2;4;2;0;1;0;0;0;1;0;355309,795800000430000;5643107,928099999200000;6,941376383000034;50,921448404000046;1
204065;5200303505100910205;5;1;14;0;2020;3;8;3;3;5;2;0;1;1;0;0;0;0;330791,362099999560000;5688333,553300000700000;6,571618994000062;51,321100893000050;0
204072;5200304608100202205;5;3;34;2;2020;3;14;4;3;0;5;0;1;0;0;0;0;0;293126,452100000340000;5630736,302500000200000;6,064690470000073;50,791403936000052;1
204073;5200303502406057203;5;1;17;0;2020;3;16;3;3;8;7;0;1;1;0;0;0;0;354539,126400000420000;5699045,637000000100000;6,907784810000067;51,423927534000029;0
204074;5200306514215378928;5;1;66;28;2020;3;16;6;3;0;7;0;1;0;1;0;0;0;324913,437699999660000;5688740,347300000500000;6,487148364000063;51,322976706000077;0
204075;5200303502402175908;5;1;17;0;2020;3;8;3;3;6;4;0;1;0;1;0;0;0;352757,640999999830000;5700538,010299999300000;6,881559434000053;51,436877539000079;0
204076;5200305709300511911;5;5;66;68;2020;3;15;5;3;1;5;0;1;1;0;0;0;0;376846,251000000160000;5785638,651000000500000;7,197662527000034;52,207413493000047;0
204082;5200305500300569384;5;1;11;0;2020;3;14;5;3;5;2;0;1;1;0;0;0;0;344278,490100000050000;5675985,147099999700000;6,770391710000070;51,213999269000055;1
204086;5200303500200502247;5;1;11;0;2020;3;16;3;3;0;3;0;1;1;0;0;0;0;342825,035099999980000;5682271,696599999400000;6,746839059000024;51,270086828000046;0
204089;5200305701200722204;5;5;62;20;2020;3;11;5;3;4;3;0;1;1;0;0;0;0;372061,009999999780000;5719242,410000000100000;7,152326568000035;51,609663041000033;1
204092;5200304600330127204;5;3;82;48;2020;3;16;4;3;0;1;0;1;0;0;0;0;0;354654,016099999660000;5610413,822699999400000;6,944973683000058;50,627460893000034;1
204097;5200303405220569523;5;7;54;20;2020;3;12;3;3;5;3;0;1;0;0;0;0;0;446948,088000000450000;5749064,565999999600000;8,229103537000071;51,889819525000064;0
204098;5200306501111638200;5;1;12;0;2020;3;12;6;3;0;7;0;1;0;0;0;0;0;347021,935999999750000;5708703,470000000700000;6,795566688000065;51,508725485000070;0
204104;5200306602900469546;5;3;62;40;2020;3;21;6;3;5;3;2;1;1;0;0;0;0;356907,793999999760000;5632357,912000000500000;6,968303269000046;50,825236251000035;1
204105;5200304518210947928;5;1;70;28;2020;3;9;4;3;1;5;0;1;1;0;0;0;0;331691,849299999890000;5702802,721500000000000;6,577672620000044;51,451357326000050;1
204106;5200303400300487124;5;7;11;0;2020;3;16;3;3;0;3;0;1;1;0;0;0;0;466725,714999999850000;5762575,832699999200000;8,515169256000036;52,012827045000051;0
204108;5200303711313272463;5;5;70;8;2020;3;14;3;3;4;2;0;1;1;0;0;0;0;434217,116399999710000;5735170,218800000800000;8,046775501000070;51,763552559000061;0
204109;5200305513210270261;5;1;62;24;2020;3;18;5;2;5;2;2;1;1;0;0;0;0;338240,740000000220000;5671546,898000000000000;6,686017178000043;51,172443937000025;1
204111;5200303711114971088;5;5;70;52;2020;3;8;3;3;5;2;0;1;1;0;0;0;0;428809,775999999610000;5752841,703199999400000;7,964796169000067;51,921753144000036;0
204114;5200304709700076667;5;5;66;56;2020;3;16;4;2;5;3;0;1;1;0;0;0;0;416992,501000000160000;5797566,404999999300000;7,782084596000061;52,322136264000051;0
204116;5200304513210371931;5;1;62;24;2020;3;8;4;3;4;2;0;1;1;0;0;0;0;337380,715300000270000;5675230,998700000300000;6,672057327000061;51,205300892000082;0
204117;5200303400100883204;5;7;11;0;2020;3;12;3;3;3;2;0;1;1;0;0;0;0;468637,394999999550000;5765666,656800000000000;8,542739525000059;52,040726840000048;0
204118;5200306313121987429;5;9;58;32;2020;3;9;6;2;6;2;0;1;0;1;0;0;0;449689,446200000120000;5689036,484200000800000;8,277556112000070;51,350372111000070;1
204119;5200303709500264202;5;5;66;60;2020;3;8;3;3;5;3;0;1;1;0;0;0;0;388951,559399999680000;5789615,137099999900000;7,373434788000054;52,245722306000062;1
204122;5200307317110030207;5;9;78;36;2020;3;11;7;3;0;1;0;1;0;0;0;0;0;409853,902300000190000;5710705,619999999200000;7,700133032000053;51,540243897000039;0
204125;5200306513310999209;5;1;62;8;2020;3;8;6;3;5;3;0;1;0;0;0;0;1;330867,994500000030000;5662636,151100000400000;6,584829623000076;51,090254465000044;1
204126;5200307407140081981;5;7;62;16;2020;3;14;7;2;5;3;0;1;1;0;0;0;0;512787,287800000050000;5729684,986800000100000;9,185105388000068;51,717951867000068;0
204129;5200303313110574727;5;9;58;4;2020;3;8;3;3;0;7;0;1;0;0;0;0;0;436109,490000000220000;5693632,231599999600000;8,081750007000039;51,390326759000061;1
204130;5200306601110267202;5;3;15;0;2020;3;0;6;3;0;7;0;1;0;0;0;0;0;357016,732699999590000;5642022,834499999900000;6,966071190000037;50,912122235000027;0
204133;5200305500300109203;5;1;11;0;2020;3;17;5;3;5;2;0;1;1;0;0;0;0;343002,685499999670000;5675920,076300000800000;6,752168337000057;51,213065268000037;1
204138;5200306501316731209;5;1;12;0;2020;3;21;6;3;5;3;2;1;1;0;0;0;0;345509,447800000200000;5697454,651000000500000;6,778702888000055;51,407243215000051;1
204140;5200305607200081292;5;3;82;20;2020;3;11;5;3;0;1;0;1;0;0;0;0;0;378904,131400000300000;5626202,072399999900000;7,282485021000070;50,774922078000031;1
204141;5200308316300873209;5;9;74;28;2020;3;18;1;3;1;5;2;1;1;0;0;0;0;454267,648099999870000;5725978,786499999500000;8,338498621000042;51,682911218000072;0
204143;5200305706000708215;5;5;58;12;2020;3;18;5;3;5;3;2;1;1;0;0;0;0;373809,501000000160000;5756487,752699999100000;7,164025999000046;51,944770899000048;1
204147;5200304601110160201;5;3;15;0;2020;3;18;4;2;5;2;2;1;1;0;0;0;0;356827,669999999930000;5644031,945000000300000;6,962594890000048;50,930131112000026;1
204149;5200306500200571952;5;1;11;0;2020;3;19;6;3;5;3;2;1;1;0;0;0;0;345960,440600000320000;5678668,772700000600000;6,793301098000029;51,238569110000071;1
204150;5200302706000968276;5;5;58;12;2020;3;13;2;3;1;1;0;1;1;0;0;0;0;371290,167299999860000;5752708,407700000300000;7,128805953000040;51,910231557000031;0
204152;5200307702100739623;5;5;15;0;2020;3;18;7;3;0;4;1;1;0;1;0;0;0;408963,290500000120000;5755961,721699999600000;7,675449497000045;51,946906661000071;0
204153;5200305301202571305;5;9;13;0;2020;3;12;5;3;0;1;0;1;0;0;0;0;0;392659,128499999640000;5708005,240299999700000;7,453104375000066;51,512963667000065;0
204155;5200304516500474202;5;1;58;16;2020;3;9;4;3;3;6;0;1;1;0;0;0;0;355245,491200000050000;5671977,722400000300000;6,928918042000021;51,180872805000035;0
204159;5200302705000818559;5;5;54;4;2020;3;13;2;3;0;4;0;1;0;1;0;0;0;362499,339499999770000;5772228,901200000200000;6,993255770000076;52,083531802000039;0
204160;5200306406130460949;5;7;58;8;2020;3;12;6;3;5;3;0;1;1;0;0;0;0;470070,057699999770000;5777340,050000000700000;8,562601650000033;52,145756308000045;1
204161;5200303709000012548;5;5;66;28;2020;3;10;3;3;0;7;0;1;1;0;0;0;0;417082,723699999970000;5790289,571399999800000;7,785198746000049;52,256742163000069;0
204162;5200304411132170307;5;7;74;32;2020;3;10;4;2;7;7;0;1;0;0;0;0;0;484859,370500000190000;5731504,207900000700000;8,780749397000022;51,734250456000041;0
204163;5200305518120576675;5;1;70;44;2020;3;9;5;2;5;2;0;1;1;0;0;0;0;340629,065200000070000;5719194,916200000800000;6,698768668000071;51,601218126000049;1
204165;5200304410210940271;5;7;70;20;2020;3;17;4;2;0;1;1;1;0;0;0;0;0;473896,816700000320000;5794740,630100000600000;8,617181803000051;52,302388862000043;0
204166;5200304705000461201;5;5;54;20;2020;3;17;4;3;3;7;0;1;1;0;0;0;0;366501,461799999700000;5782776,967399999500000;7,047486942000035;52,179291476000060;1
204168;5200302702100768134;5;5;15;0;2020;3;2;2;2;0;7;2;1;0;0;0;0;0;403866,197100000460000;5757413,969100000300000;7,600905654000030;51,959102457000029;0
204170;5200309608200891200;5;3;34;2;2020;3;18;2;3;2;6;0;1;1;0;0;0;0;295469,837700000030000;5627923,097400000300000;6,099459476000050;50,766969149000033;0
204172;5200313405108237208;5;7;54;8;2020;3;19;6;2;5;2;2;1;1;0;0;0;0;456734,989299999550000;5750952,257500000300000;8,371069608000028;51,907636576000073;0
204173;5200313505200938202;5;1;14;0;2020;3;20;6;3;0;1;2;1;0;0;0;0;0;329408,558699999940000;5691017,930500000700000;6,550507733000075;51,344803747000071;1
204175;5200312601420487200;5;3;15;0;2020;3;20;5;3;0;7;2;1;0;0;0;0;0;353517,252299999820000;5651438,997099999300000;6,912537129000043;50,995864104000077;0
204177;5200312601400172535;5;3;15;0;2020;3;8;5;3;6;7;0;1;0;1;0;0;0;353197,399899999610000;5650690,199300000400000;6,908284930000036;50,989053519000038;1
204179;5200312601210788201;5;3;15;0;2020;3;20;5;3;6;7;2;1;0;1;0;0;0;353596,075299999680000;5643078,477499999100000;6,917022853000049;50,920751459000030;0
204182;5200312601130924204;5;3;15;0;2020;3;9;5;3;5;3;0;1;1;0;0;0;0;356430,339700000360000;5645423,264499999600000;6,956396369000061;50,942535967000026;0
204183;5200312601110404205;5;3;15;0;2020;3;15;5;2;5;3;0;1;1;0;0;0;0;354417,632500000300000;5645422,215700000500000;6,927767347000042;50,942021851000050;0
204185;5200312600110750209;5;3;14;0;2020;3;7;5;2;5;3;0;1;1;0;0;0;0;367004,400999999610000;5618958,227000000000000;7,116417669000043;50,707207597000036;1
204187;5200312518100952581;5;1;70;48;2020;3;16;5;3;2;6;0;1;1;0;0;0;0;336527,599700000140000;5725850,545499999100000;6,636492132000058;51,659836093000081;1
204188;5200312516500582203;5;1;58;16;2020;3;19;5;3;1;5;2;1;1;0;0;0;0;357606,881000000050000;5670803,933000000200000;6,963145668000038;51,170917526000039;1
204192;5200309603116581189;5;3;66;16;2020;3;7;2;3;3;3;0;1;1;0;0;0;0;343624,631000000050000;5614125,223999999500000;6,787583984000037;50,657959150000067;1
204193;5200312515210476795;5;1;54;52;2020;3;10;5;2;0;2;0;1;1;0;0;0;0;310019,940000000410000;5702444,789000000800000;6,266317815000036;51,441287541000065;0
204194;5200312515110021960;5;1;54;4;2020;3;14;5;3;5;2;0;1;1;0;0;0;0;304237,029000000100000;5738199,571000000500000;6,163260326000057;51,760419006000063;0
204195;5200312514219882211;5;1;66;36;2020;3;16;5;3;0;1;0;1;0;0;0;0;0;328665,775799999940000;5679422,211899999500000;6,545416901000067;51,240407070000060;0
204204;5200312505200830208;5;1;14;0;2020;3;7;5;3;5;3;0;1;1;0;0;0;0;331906,563199999740000;5690409,367599999500000;6,586629031000030;51,340080629000056;1
204205;5200313602400562753;5;3;62;32;2020;3;15;6;3;5;3;0;1;1;0;0;0;0;337551,129999999890000;5642533,145400000700000;6,689173228000072;50,911557761000040;0
204206;5200309518200644719;5;1;70;24;2020;3;15;2;3;2;5;0;1;1;0;0;0;0;337017,520999999720000;5701772,070000000300000;6,654725346000021;51,443655588000070;1
204211;5200309518100113207;5;1;70;48;2020;3;14;2;3;5;3;0;1;1;0;0;0;0;334706,575000000190000;5727940,032900000000000;6,609199539000031;51,678074726000034;1
204214;5200313514122382230;5;1;66;4;2020;3;7;6;3;5;3;0;1;1;0;0;0;0;304164,027999999930000;5685420,216099999800000;6,191537677000042;51,286394324000071;0
204216;5200309516500639200;5;1;58;16;2020;3;18;2;3;5;2;1;1;1;0;0;0;0;355933,599399999720000;5671438,711200000700000;6,938972414000034;51,176202848000059;1
204219;5200312404301374596;5;7;66;36;2020;3;13;5;3;5;3;0;1;0;0;0;0;1;495860,868700000460000;5774082,070499999400000;8,939549155000066;52,117260117000058;0
204221;5200313711111074626;5;5;70;52;2020;3;11;6;3;5;7;0;1;1;0;0;0;0;430490,627100000160000;5756931,122800000000000;7,988407285000051;51,958727979000059;1
204222;5200309515211072081;5;1;54;56;2020;3;15;2;3;4;1;0;1;0;0;0;0;0;311300,850100000390000;5727452,792400000600000;6,271310887000027;51,666324770000074;0
204223;5200312400300003262;5;7;11;0;2020;3;18;5;2;5;3;1;1;1;0;0;0;0;470835,983900000340000;5755781,606000000600000;8,575634632000060;51,951973170000031;0
204224;5200313302222673277;5;9;14;0;2020;3;14;6;3;3;7;0;1;1;0;0;0;0;392853,766699999570000;5690778,922399999600000;7,461120912000069;51,358160653000027;0
204228;5200309514118957201;5;1;66;16;2020;3;9;2;3;3;7;0;1;1;0;0;0;0;310855,989000000060000;5687674,723999999500000;6,286194276000060;51,308905580000044;0
204230;5200309513130482326;5;1;62;22;2020;3;11;2;3;0;2;0;1;0;0;0;0;0;339365,661999999550000;5679853,230000000400000;6,698376088000032;51,247392781000030;0
204231;5200312301301860805;5;9;78;24;2020;3;13;5;3;5;3;0;1;1;0;0;0;0;398002,486999999730000;5719328,722999999300000;7,526793597000051;51,615736580000032;0
204233;5200309505200618146;5;1;14;0;2020;3;17;2;3;0;7;0;1;1;0;0;0;0;330783,551900000310000;5689933,262900000400000;6,570747330000074;51,335470211000029;1
204235;5200309505200469204;5;1;14;0;2020;3;21;2;2;8;7;2;1;0;0;0;0;0;330095,222199999730000;5689993,794299999300000;6,560846464000065;51,335808756000063;1
204236;5200312301101608207;5;9;13;0;2020;3;19;5;3;5;3;2;1;1;0;0;0;0;392834,661600000230000;5708162,542600000300000;7,455585180000071;51,514410892000058;1
204237;5200313702100144344;5;5;15;0;2020;3;8;6;3;3;6;0;1;0;0;0;0;0;405443,114799999630000;5758192,428899999700000;7,623633964000021;51,966369985000028;1
204238;5200309505200461202;5;1;14;0;2020;3;17;2;3;0;7;0;1;0;0;0;0;0;330612,244500000030000;5689807,355399999800000;6,568350312000064;51,334288068000035;0
204244;5200311709500882208;5;5;66;76;2020;3;7;4;3;3;2;0;1;1;0;0;0;0;392143,742200000210000;5792872,759400000800000;7,419131275000041;52,275633841000058;0
204245;5200313602600032200;5;3;62;20;2020;3;16;6;3;4;5;0;1;1;0;0;0;0;344411,787299999970000;5634482,903000000900000;6,790111810000042;50,841108522000070;0
204248;5200311705000376745;5;5;54;56;2020;3;9;4;3;2;1;0;1;1;0;0;0;0;356958,257199999880000;5762175,074899999400000;6,916648895000037;51,991794816000038;0
204249;5200311705000220731;5;5;54;20;2020;3;7;4;2;0;1;0;1;0;0;0;0;0;365686,434500000440000;5785694,435000000500000;7,034417894000058;52,205308190000039;1
204250;5200311705000102662;5;5;54;4;2020;3;13;4;2;1;5;0;1;1;0;0;0;0;363886,458800000140000;5770643,886900000300000;7,014119069000060;52,069632550000051;0
204251;5200311702100550183;5;5;15;0;2020;3;13;4;3;1;5;0;1;1;0;0;0;0;405216,977599999870000;5757877,726800000300000;7,620430213000077;51,963502803000040;0