OBJECTID;UIDENTSTLAE;ULAND;UREGBEZ;UKREIS;UGEMEINDE;UJAHR;UMONAT;USTUNDE;UWOCHENTAG;UKATEGORIE;UART;UTYP1;ULICHTVERH;IstRad;IstPKW;IstFuss;IstKrad;IstGkfz;IstSonstige;LINREFX;LINREFY;XGCSWGS84;YGCSWGS84;STRZUSTAND
204252;5200311702100541782;5;5;15;0;2020;3;9;4;3;5;3;0;1;1;0;0;0;0;403666,823099999690000;5758236,952800000100000;7,597774138000034;51,966465192000044;1
204255;5200313601310101205;5;3;15;0;2020;3;13;6;3;1;7;0;1;1;0;0;0;0;351385,177699999880000;5647065,267100000800000;6,883963676000064;50,956013398000039;0
204260;5200311608408692208;5;3;34;8;2020;3;18;4;3;2;6;1;1;1;0;0;0;0;303936,448099999690000;5645506,480599999400000;6,209961939000039;50,927827581000031;1
204264;5200313505200942209;5;1;14;0;2020;3;20;6;2;0;1;2;1;0;0;0;0;0;335868,382500000300000;5692495,334899999200000;6,642495767000071;51,359979288000034;1
204268;5200313301101863202;5;9;13;0;2020;3;12;6;3;5;3;0;1;1;0;0;0;0;395209,218000000340000;5707271,478000000100000;7,490058056000066;51,506846944000074;1
204270;5200311601610600200;5;3;15;0;2020;3;18;4;3;5;3;1;1;1;0;0;0;0;358273,999599999750000;5642761,186699999500000;6,983657015000063;50,919067940000048;1
204275;5200309500300367245;5;1;11;0;2020;3;15;2;3;0;2;0;1;1;0;0;0;0;343768,527300000190000;5675712,442299999300000;6,763214840000046;51,211409641000046;0
204277;5200312711311227091;5;5;70;8;2020;3;7;5;3;0;7;0;1;1;0;0;0;0;433506,959999999960000;5734134,039000000800000;8,036684826000055;51,754153357000064;1
204278;5200313502401899201;5;1;17;0;2020;3;13;6;3;0;7;0;1;0;0;0;0;0;352660,107300000270000;5699427,390499999700000;6,880619212000056;51,426872513000035;1
204285;5200311600380649207;5;3;14;0;2020;3;17;4;3;2;6;0;1;1;0;0;0;0;369819,508600000290000;5615382,933700000900000;7,157524718000047;50,675708897000050;1
204286;5200309500300001983;5;1;11;0;2020;3;15;2;3;1;5;0;1;1;0;0;0;0;343908,655000000260000;5675918,255699999600000;6,765129866000052;51,213297257000079;0
204290;5200311600140661207;5;3;14;0;2020;3;17;4;3;0;3;0;1;1;0;0;0;0;369565,439100000080000;5623352,104199999900000;7,151114439000025;50,747281051000073;1
204292;5200311600110646200;5;3;14;0;2020;3;16;4;2;0;7;0;1;0;0;0;0;0;365690,948400000110000;5620414,094599999500000;7,097296608000022;50,719990960000075;0
204294;5200311515210082191;5;1;54;52;2020;3;6;4;2;5;3;2;1;1;0;0;0;0;309788,271999999880000;5702584,901000000500000;6,262913079000043;51,442468227000063;1
204295;5200309411232076327;5;7;74;32;2020;3;17;2;3;1;5;1;1;1;0;0;0;0;480995,769000000320000;5735013,095899999100000;8,724609633000057;51,765682018000064;0
204296;5200311514210078946;5;1;66;12;2020;3;6;4;3;4;7;2;1;1;0;0;0;0;320990,145700000230000;5694522,060599999500000;6,427993424000022;51,373692297000048;1
204298;5200311513320739206;5;1;62;4;2020;3;16;4;3;5;3;0;1;1;0;0;0;0;348002,173000000420000;5662375,505999999100000;6,829413241000054;51,092709241000080;0
204302;5200309411132063060;5;7;74;32;2020;3;13;2;2;5;3;0;1;1;0;0;0;0;482860,596800000410000;5732529,278699999700000;8,751755044000049;51,743409590000056;0
204303;5200311513210280710;5;1;62;24;2020;3;11;4;3;0;5;0;1;1;0;0;0;0;334402,089499999770000;5671491,055299999200000;6,631180329000074;51,170843626000078;1
204310;5200312706000576748;5;5;58;44;2020;3;15;5;3;6;4;0;1;0;1;0;0;0;395722,734199999830000;5746079,486600000400000;7,485862204000057;51,855761126000061;0
204312;5200309405148046331;5;7;54;48;2020;3;17;2;2;5;3;0;1;1;0;0;0;0;441585,510400000030000;5765015,453500000800000;8,148475941000072;52,032682237000074;0
204314;5200311501213027632;5;1;12;0;2020;3;12;4;3;5;3;0;1;1;0;0;0;0;339907,905000000260000;5698300,358999999200000;6,697849610000048;51,413288088000058;1
204315;5200309400100804069;5;7;11;0;2020;3;9;2;3;0;5;0;1;1;0;0;0;0;467433,223899999630000;5764153,067600000600000;8,525327723000032;52,027049336000061;0
204320;5200309317110918764;5;9;78;36;2020;3;12;2;3;5;3;0;1;0;0;0;1;0;409549,726999999960000;5712584,823000000800000;7,695264991000045;51,557087989000081;0
204322;5200312700200471537;5;5;13;0;2020;3;17;5;3;5;3;0;1;1;0;0;0;0;365546,934399999680000;5715632,545299999400000;7,059691215000044;51,575705446000029;1
204329;5200313702100998202;5;5;15;0;2020;3;20;6;2;0;7;2;1;0;0;0;0;0;406982,402800000270000;5754951,782800000200000;7,646910113000047;51,937501077000036;1
204331;5200311406122087177;5;7;58;8;2020;3;12;4;3;0;7;0;1;0;0;0;0;0;469770,827899999920000;5776402,018799999700000;8,558312259000047;52,137306666000029;0
204332;5200309316300969204;5;9;74;28;2020;3;13;2;3;0;3;0;1;1;0;0;0;0;454532,491700000130000;5725202,106100000400000;8,342430366000031;51,675949703000072;1
204337;5200311303100484952;5;9;15;0;2020;3;15;4;3;0;4;0;1;0;1;0;0;0;418357,920199999590000;5726154,430199999400000;7,819129493000048;51,680417564000038;1
204338;5200309316100563861;5;9;74;40;2020;3;10;2;3;5;3;0;1;0;0;0;0;1;439438,353600000030000;5712363,837200000900000;8,126375881000058;51,559102538000047;0
204343;5200309313110173332;5;9;58;4;2020;3;9;2;2;5;3;0;1;1;0;0;0;0;435164,750000000000000;5695140,974999999600000;8,067898226000068;51,403784245000054;1
204348;5200310711113974620;5;5;70;52;2020;3;18;3;3;8;7;2;1;1;0;0;0;0;430106,630900000220000;5755717,369500000000000;7,983066693000069;51,947768670000073;1
204353;5200310700100555204;5;5;13;0;2020;3;10;3;3;5;3;0;1;1;0;0;0;0;366437,931800000370000;5708215,893999999400000;7,075356192000072;51,509266944000046;1
204354;5200313602800869728;5;3;62;12;2020;3;10;6;3;2;6;0;1;1;0;0;0;0;352669,667000000370000;5633384,282999999800000;6,907757936000053;50,833397055000034;0
204358;5200310601610798200;5;3;15;0;2020;3;20;3;3;5;3;2;1;1;0;0;0;0;359339,094999999740000;5642843,092000000200000;6,998768676000054;50,920064649000039;1
204361;5200310516370679204;5;1;58;28;2020;3;6;3;3;2;6;1;1;1;0;0;0;0;351407,514499999580000;5691192,078900000100000;6,866061474000048;51,352545888000066;1
204362;5200310515210582341;5;1;54;12;2020;3;13;3;3;1;3;0;1;1;0;0;0;0;314003,024100000040000;5710232,212899999700000;6,319463946000042;51,512555394000060;1
204365;5200310513210606204;5;1;62;24;2020;3;14;3;3;4;6;0;1;1;0;0;0;0;339493,294800000270000;5668162,882700000000000;6,705429117000051;51,142391351000072;1
204370;5200310505100566209;5;1;14;0;2020;3;18;3;3;0;1;1;1;0;0;0;0;0;331030,704699999650000;5689113,081299999700000;6,574681018000035;51,328175261000069;1
204375;5200312607200053700;5;3;82;20;2020;3;17;5;3;5;7;0;1;1;0;0;0;0;380712,560100000350000;5625556,708599999500000;7,308331435000071;50,769495728000038;0
204381;5200310500300886814;5;1;11;0;2020;3;22;3;2;0;7;2;1;1;0;0;0;0;349395,509999999780000;5675869,425699999600000;6,843648805000044;51,214331906000041;1
204383;5200310500300686728;5;1;11;0;2020;3;5;3;3;3;2;2;1;1;0;0;0;0;351313,728600000030000;5669244,445900000600000;6,873835292000024;51,155302469000048;1
204384;5200313709500174722;5;5;66;76;2020;3;23;6;3;0;7;2;1;0;0;0;0;0;395240,289400000130000;5793022,427300000600000;7,464453498000069;52,277577727000050;1
204385;5200308609108480820;5;3;58;8;2020;3;21;1;3;5;3;2;1;1;0;0;0;0;323763,169999999930000;5630201,462999999500000;6,499168116000021;50,796723582000027;1
204394;5200308601110807208;5;3;15;0;2020;3;21;1;3;5;3;2;1;1;0;0;0;0;355120,190000000410000;5644552,915699999800000;6,938106336000033;50,934386620000055;1
204396;5200308516500315206;5;1;58;16;2020;3;19;1;2;0;7;2;1;0;0;0;0;0;355387,098799999800000;5671923,443099999800000;6,930964527000072;51,180420869000045;1
204409;5200313608100302206;5;3;34;2;2020;3;13;6;3;4;2;0;1;1;0;0;0;0;294150,356399999930000;5628589,748400000900000;6,080400144000066;50,772489870000072;0
204413;5200310300815741640;5;9;54;36;2020;3;14;3;3;0;7;0;1;0;0;0;0;0;384518,093700000080000;5700218,922199999900000;7,338380173000076;51,441375060000041;1
204414;5200310300800852376;5;9;54;36;2020;3;9;3;3;5;2;0;1;1;0;0;0;0;384355,657499999740000;5700126,434200000000000;7,336074222000036;51,440510634000077;1
204417;5200313601200174324;5;3;15;0;2020;3;16;6;3;5;2;0;1;0;0;0;0;0;354208,215599999760000;5642612,768500000200000;6,925912170000061;50,916721252000059;0
204421;5200309711413587347;5;5;70;28;2020;3;15;2;3;0;3;0;1;0;0;0;0;1;441324,143199999820000;5744098,066600000500000;8,148235232000047;51,844606202000080;0
204423;5200309709700683203;5;5;66;28;2020;3;12;2;3;5;3;0;1;1;0;0;0;0;412627,660000000150000;5792800,066999999800000;7,719295746000057;52,278617741000062;1
204424;5200309706300029209;5;5;58;24;2020;3;5;2;3;8;1;2;1;1;0;0;0;0;393305,393299999650000;5737595,963800000000000;7,453388660000030;51,779054702000053;1
204425;5200309702100703204;5;5;15;0;2020;3;18;2;3;3;6;1;1;0;0;0;0;0;404453,071000000460000;5755175,235999999600000;7,610066398000072;51,939081014000067;0
204426;5200308405108881502;5;7;54;8;2020;3;15;1;2;5;2;0;1;1;0;0;0;0;456392,230000000450000;5751519,862999999900000;8,366015493000020;51,912712930000055;0
204427;5200309702100057448;5;5;15;0;2020;3;19;2;3;0;2;1;1;1;0;0;0;0;406048,376000000160000;5756807,462999999500000;7,632820216000027;51,954023906000032;0
204431;5200309701700603206;5;5;62;16;2020;3;7;2;2;5;2;0;1;1;0;0;0;0;375951,696499999610000;5734992,816299999100000;7,202888618000031;51,752083157000072;1
204432;5200313410110070339;5;7;70;24;2020;3;15;6;3;5;2;0;1;1;0;0;0;0;492738,062599999830000;5794509,457000000400000;8,893503308000049;52,300882836000028;0
204434;5200309608200926200;5;3;34;2;2020;3;17;2;3;3;6;0;1;0;0;0;0;0;296092,246299999770000;5629095,064200000800000;6,107624530000066;50,777714091000064;0
204436;5200308400200348208;5;7;11;0;2020;3;14;1;3;5;3;0;1;1;0;0;0;0;469495,738900000230000;5761503,030400000500000;8,555624708000039;52,003341011000032;0
204438;5200315601700986356;5;3;16;0;2020;3;16;1;3;5;3;0;1;1;0;0;0;0;360033,626699999910000;5659850,339199999300000;7,002088372000060;51,073078539000051;0
204439;5200318302100928814;5;9;14;0;2020;3;13;4;3;0;7;0;1;0;0;0;0;0;393948,039699999620000;5690478,213800000000000;7,476920983000071;51,355662993000067;0
204440;5200316307400302203;5;9;62;4;2020;3;12;2;3;0;1;0;1;0;0;0;0;1;407513,903800000440000;5683356,576899999800000;7,673537055000054;51,294012964000046;0
204443;5200319602300085804;5;3;62;36;2020;3;7;5;3;4;5;0;1;1;0;0;0;0;347182,498700000350000;5654672,252699999100000;6,820970047000060;51,023270817000082;0
204444;5200315601400076589;5;3;15;0;2020;3;14;1;3;0;1;0;1;0;0;0;0;0;353037,539900000210000;5654660,716700000700000;6,904401003000032;51,024693677000073;0
204450;5200317410140753239;5;7;70;12;2020;3;18;3;3;0;6;0;1;0;0;0;0;0;483450,783999999990000;5797430,745100000900000;8,757162144000063;52,326945055000067;0
204454;5200317501213078682;5;1;12;0;2020;3;5;3;3;3;2;1;1;1;0;0;0;0;340853,361200000160000;5698642,710999999200000;6,711280062000071;51,416630159000078;0
204455;5200320702100242519;5;5;15;0;2020;3;14;6;3;5;3;0;1;1;0;0;0;0;404389,894000000320000;5759062,469000000500000;7,608065875000023;51,974010057000044;0
204458;5200315518200379044;5;1;70;24;2020;3;14;1;3;1;7;0;1;1;0;0;0;0;336762,266699999570000;5702959,389799999100000;6,650507899000047;51,454249251000078;0
204459;5200318515111248200;5;1;54;8;2020;3;16;4;3;1;7;0;1;0;1;0;0;0;310132,657700000330000;5746076,398399999400000;6,244271983000033;51,833189433000030;0
204462;5200317316300687437;5;9;74;16;2020;3;15;3;3;0;3;0;1;1;0;0;0;0;455778,576799999920000;5720274,150900000700000;8,361073826000052;51,631742294000048;0
204465;5200316518200497207;5;1;70;24;2020;3;14;2;3;5;2;0;1;1;0;0;0;0;334411,177699999880000;5699071,639200000100000;6,618517689000043;51,418638829000031;0
204466;5200315518100278977;5;1;70;12;2020;3;19;1;2;5;3;2;1;1;0;0;0;0;334817,916100000030000;5738057,778200000500000;6,606009989000029;51,769000688000062;0
204467;5200318500200050578;5;1;11;0;2020;3;12;4;3;5;2;0;1;1;0;0;1;0;345761,215599999760000;5679187,057199999700000;6,790226141000062;51,243172299000037;0
204469;5200315516920976206;5;1;58;26;2020;3;23;1;2;0;7;2;1;1;0;0;0;0;353173,820799999870000;5665334,498500000700000;6,902008463000072;51,120647011000074;0
204470;5200317518200785919;5;1;70;24;2020;3;9;3;3;4;3;0;1;1;0;0;0;0;335771,870299999600000;5703241,872199999200000;6,636134906000052;51,456500716000050;0
204471;5200315513310275523;5;1;62;8;2020;3;13;1;3;0;1;0;1;0;0;0;0;0;333732,715300000270000;5660335,217100000000000;6,626757833000056;51,070418950000033;0
204472;5200318505200176405;5;1;14;0;2020;3;16;4;3;3;3;0;1;1;0;0;0;0;329104,546900000420000;5689856,736999999700000;6,546704042000044;51,334280587000080;0
204474;5200317600360653207;5;3;82;12;2020;3;5;3;2;8;1;1;1;0;0;0;0;0;352482,326100000180000;5629441,130699999600000;6,906684755000072;50,797913121000079;0
204479;5200315513210575925;5;1;62;24;2020;3;15;1;3;5;2;0;1;0;0;1;0;0;342084,744400000200000;5672012,811100000500000;6,740755001000025;51,177704631000040;0
204480;5200318316300612203;5;9;74;16;2020;3;12;4;2;5;3;0;1;1;0;0;0;0;453864,690000000410000;5719720,660000000100000;8,333496244000060;51,626612192000039;0
204482;5200317514210985879;5;1;66;12;2020;3;9;3;3;5;3;0;1;1;0;0;0;0;320646,118800000290000;5692465,963500000500000;6,424092855000026;51,355114156000070;0
204484;5200315501128463478;5;1;12;0;2020;3;15;1;2;0;1;0;1;0;0;0;0;0;342565,197800000200000;5702786,961799999700000;6,734035118000065;51,454343337000068;0
204485;5200316608416475492;5;3;34;16;2020;3;10;2;3;5;3;0;1;1;0;0;0;0;294264,148000000040000;5635596,037000000500000;6,078086503000066;50,835454524000056;0
204488;5200318608100074681;5;3;34;2;2020;3;8;4;3;5;3;0;1;1;0;0;0;0;293861,666799999770000;5626784,271900000100000;6,077322520000053;50,756172107000054;0
204489;5200316505200776119;5;1;14;0;2020;3;8;2;3;0;2;0;1;1;0;0;0;0;326117,212199999950000;5694073,989199999700000;6,501801797000042;51,371260261000032;0
204490;5200315500300186728;5;1;11;0;2020;3;14;1;3;3;6;0;1;0;1;0;0;0;353531,095599999650000;5666686,260500000800000;6,906560601000024;51,132885794000060;0
204492;5200316300500036476;5;9;11;0;2020;3;15;2;3;3;2;0;1;0;0;0;0;1;376540,223500000310000;5704005,057399999400000;7,222325709000074;51,473720128000082;0
204494;5200321400100557434;5;7;11;0;2020;3;10;7;3;5;3;0;1;1;0;0;0;0;466008,729000000280000;5766091,540999999300000;8,504373344000044;52,044391841000049;0
204498;5200315500300000525;5;1;11;0;2020;3;17;1;3;0;3;0;1;1;0;0;0;0;347814,919700000440000;5675684,899700000900000;6,821113706000062;51,212254773000041;0
204503;5200318601620976203;5;3;15;0;2020;3;16;4;2;0;7;0;1;0;1;0;0;0;365130,594200000170000;5643531,998199999300000;7,080861065000022;50,927639026000065;0
204504;5200315400200887113;5;7;11;0;2020;3;19;1;3;5;3;2;1;1;0;0;0;0;468045,229600000200000;5763549,197100000500000;8,534303992000048;52,021655761000034;0
204505;5200317702100970524;5;5;15;0;2020;3;16;3;3;4;2;0;1;1;0;0;0;0;406636,354199999940000;5758239,254200000300000;7,640984659000026;51,966992567000034;0
204506;5200317411220272202;5;7;74;20;2020;3;16;3;2;5;3;0;1;1;0;0;0;0;470147,366000000390000;5736430,337999999500000;8,567287510000028;51,777951155000039;0
204510;5200315317220852446;5;9;78;4;2020;3;12;1;3;4;3;0;1;1;0;0;0;0;401278,224999999630000;5718831,097400000300000;7,574231029000032;51,611847594000039;0
204513;5200317601220349205;5;3;15;0;2020;3;14;3;3;0;1;0;1;0;0;0;0;0;354064,387299999590000;5636562,040200000600000;6,926284231000068;50,862308402000053;0
204515;5200320500300359204;5;1;11;0;2020;3;8;6;3;5;3;0;1;1;0;0;0;0;342061,990299999710000;5674326,543800000100000;6,739412392000077;51,198487714000066;0
204516;5200319405108677380;5;7;54;8;2020;3;5;5;3;5;2;1;1;0;0;1;0;0;457745,855999999680000;5752320,410000000100000;8,385595490000071;51,920014651000031;0
204517;5200317400200268206;5;7;11;0;2020;3;13;3;2;3;5;0;1;1;0;0;0;0;467980,955299999560000;5763076,404400000300000;8,533411545000035;52,017401351000046;0
204518;5200320600320751204;5;3;82;72;2020;3;17;6;3;5;3;0;1;1;0;0;0;0;364726,598899999630000;5612006,969399999800000;7,086719343000027;50,644204321000075;0
204519;5200319500200285209;5;1;11;0;2020;3;16;5;3;3;6;0;1;1;0;0;0;0;345005,317999999970000;5681568,721999999100000;6,778373547000058;51,264367503000074;0
204521;5200314711151876726;5;5;70;32;2020;3;12;7;3;4;2;0;1;1;0;0;0;0;421378,940000000410000;5766001,595000000700000;7,853748056000029;52,039050227000075;0
204522;5200318503100281572;5;1;24;0;2020;3;16;4;3;0;3;0;1;1;0;0;0;0;369881,480000000450000;5680210,591000000000000;7,135209720000034;51,258383580000043;0
204523;5200314709100028203;5;5;66;12;2020;3;10;7;3;0;3;0;1;1;0;0;0;0;404996,434799999930000;5772238,750199999700000;7,613233498000056;52,092546161000030;0
204524;5200317600140849204;5;3;14;0;2020;3;13;3;3;0;1;0;1;0;0;0;0;0;370264,633999999610000;5621084,719499999700000;7,161818118000042;50,727057850000051;0
204525;5200316711114037680;5;5;70;52;2020;3;13;2;3;0;7;0;1;1;0;0;0;0;428855,562599999830000;5753124,245100000900000;7,965403456000047;51,924298939000039;0
204526;5200320313121073396;5;9;58;32;2020;3;6;6;3;0;1;0;1;0;0;0;0;0;450828,327100000340000;5689020,955700000700000;8,293910884000070;51,350332191000064;0
204535;5200315709110072341;5;5;66;12;2020;3;12;1;2;0;7;0;1;0;1;0;0;0;406087,641499999910000;5771774,398399999400000;7,629284798000072;52,088558716000080;0
204536;5200317518100549202;5;1;70;48;2020;3;14;3;3;5;2;0;1;1;0;0;0;0;335861,705000000070000;5726292,925699999600000;6,626665675000027;51,663616271000080;0
204539;5200319705000320955;5;5;54;20;2020;3;13;5;3;0;1;0;1;0;0;0;0;0;364914,108699999750000;5786427,653899999300000;7,022830196000029;52,211707629000045;0
204543;5200315709000570592;5;5;66;8;2020;3;17;1;3;0;7;1;1;0;1;0;0;0;400322,721499999990000;5779527,869100000700000;7,542899038000030;52,157237655000074;0
204544;5200316500200876109;5;1;11;0;2020;3;19;2;3;4;6;2;1;0;0;0;0;0;345423,741000000390000;5683664,623999999800000;6,783459815000072;51,283313523000061;0
204545;5200317501213682293;5;1;12;0;2020;3;10;3;3;4;6;0;1;0;0;0;0;0;338893,382000000220000;5698854,982000000800000;6,683021352000026;51,417983757000059;0
204546;5200320705000621131;5;5;54;56;2020;3;11;6;3;5;3;0;1;1;0;0;0;0;356766,944500000220000;5762377,046900000400000;6,913780119000023;51,993560233000039;0
204547;5200319514210621201;5;1;66;12;2020;3;10;5;3;1;3;0;1;1;0;0;0;0;320553,975700000300000;5693963,289699999600000;6,422015438000074;51,368535297000051;0
204548;5200316500100868120;5;1;11;0;2020;3;16;2;3;5;3;0;1;1;0;0;0;0;340439,265300000090000;5679341,796599999100000;6,713973797000051;51,243098920000079;0
204550;5200321500100930209;5;1;11;0;2020;3;18;7;3;6;6;1;1;0;1;0;0;0;345779,971800000410000;5677537,648800000500000;6,791204761000074;51,228356701000052;0
204552;5200314705000487403;5;5;54;8;2020;3;16;7;3;0;1;0;1;0;0;0;0;0;336126,278800000440000;5745754,689999999500000;6,621316126000068;51,838530494000054;0
204553;5200316607300869205;5;3;82;16;2020;3;17;2;3;5;3;0;1;1;0;0;0;0;391554,225700000300000;5625638,615599999200000;7,461995719000072;50,772360315000071;0
204554;5200314701800416206;5;5;62;4;2020;3;21;7;3;9;7;2;1;0;0;0;0;0;382410,747700000180000;5718749,737299999200000;7,301887191000049;51,607491860000039;0
204556;5200314701800313207;5;5;62;4;2020;3;9;7;3;1;5;0;1;1;0;0;0;0;383594,800900000150000;5716467,877399999600000;7,319735384000069;51,587229204000039;0
204558;5200316411132476103;5;7;74;32;2020;3;9;2;3;0;1;0;1;0;0;0;0;0;486219,926500000060000;5729685,028400000200000;8,800523398000053;51,717928725000036;0
204559;5200317411112478163;5;7;74;12;2020;3;13;3;3;6;4;0;1;0;1;0;0;0;480698,474700000140000;5724155,338600000400000;8,720903206000060;51,668046637000032;0
204564;5200318506100376427;5;1;16;0;2020;3;15;4;3;5;2;0;1;1;0;0;0;0;318156,443799999540000;5675055,316700000300000;6,397233629000027;51,197927301000050;0
204567;5200318516920689201;5;1;58;26;2020;3;15;4;2;4;6;0;1;0;0;0;0;0;351943,238199999560000;5663260,869500000000000;6,885288503000027;51,101696295000067;0
204570;5200316405148081065;5;7;54;48;2020;3;9;2;3;5;3;0;1;1;0;0;0;0;442076,529500000180000;5765825,985099999200000;8,155495522000024;52,040020362000064;0
204573;5200319411112276327;5;7;74;12;2020;3;17;5;3;0;1;0;1;0;0;0;0;0;480820,463999999690000;5724108,666400000500000;8,722669691000021;51,667631168000071;0
204577;5200315706300153113;5;5;58;24;2020;3;21;1;3;9;1;2;1;0;0;0;0;0;393342,574900000360000;5737620,164500000000000;7,453919985000027;51,779279306000035;0
204579;5200317518400179350;5;1;70;8;2020;3;8;3;3;4;7;0;1;1;0;0;0;0;342048,012400000360000;5715858,860300000800000;6,720740965000061;51,571645144000058;0
204580;5200316709500562050;5;5;66;76;2020;3;15;2;3;5;7;0;1;1;0;0;0;0;392954,829300000330000;5792009,846500000000000;7,431288520000067;52,268037221000043;0
204581;5200320307300723202;5;9;62;40;2020;3;10;6;2;0;1;0;1;0;0;0;0;0;416616,778199999590000;5699477,459499999900000;7,800279307000039;51,440345067000067;1
204583;5200317600360868207;5;3;82;12;2020;3;15;3;3;1;6;0;1;1;0;0;0;0;354178,860000000340000;5625293,769999999600000;6,932387086000063;50,761070260000054;0
204584;5200317301303980595;5;9;13;0;2020;3;11;3;3;0;3;0;1;1;0;0;0;0;397546,945500000380000;5706663,539799999400000;7,523907071000053;51,501811039000074;0
204587;5200316515212043540;5;1;54;32;2020;3;14;2;2;0;7;0;1;0;0;0;0;0;309069,624599999750000;5718131,199699999800000;6,244166518000043;51,581852934000040;0
204590;5200315705000377675;5;5;54;48;2020;3;4;1;3;0;1;1;1;0;0;0;0;0;342183,128399999810000;5745498,009899999900000;6,709273183000050;51,837968867000029;0
204593;5200316317210675398;5;9;78;20;2020;3;14;2;3;0;1;0;1;1;0;0;0;0;407402,603600000030000;5716799,052899999500000;7,663190899000028;51,594621999000026;0
204595;5200318601700055278;5;3;16;0;2020;3;14;4;3;5;2;0;1;1;0;0;0;0;362926,355999999680000;5654741,367000000600000;7,045288272000050;51,027861519000055;0
204596;5200318608100431205;5;3;34;2;2020;3;6;4;2;0;1;0;1;0;0;0;0;0;291205,315100000240000;5629434,960599999900000;6,038209469000037;50,779028155000049;0
204598;5200314601120626202;5;3;15;0;2020;3;16;7;3;0;5;0;1;1;0;0;0;0;356624,782300000080000;5642806,077299999100000;6,960191676000022;50,919063953000034;0
204599;5200318301101084985;5;9;13;0;2020;3;11;4;2;3;5;0;1;1;0;0;0;0;393385,411700000060000;5708228,718499999500000;7,463499229000036;51,515109920000043;0
204600;5200315702100009583;5;5;15;0;2020;3;15;1;2;0;7;0;1;0;0;0;0;0;401062,095099999570000;5761506,650800000900000;7,558929579000051;51,995396215000028;0
204602;5200321405108370305;5;7;54;8;2020;3;10;7;2;5;3;0;1;1;0;0;0;0;456824,508200000040000;5751785,122199999200000;8,372266436000075;51,915131437000070;0
204603;5200319518100582164;5;1;70;48;2020;3;17;5;3;5;2;0;1;1;0;0;0;0;334660,366999999620000;5727740,930800000200000;6,608626078000043;51,676272470000072;0
204604;5200314600360206201;5;3;82;12;2020;3;15;7;3;3;2;0;1;0;0;0;0;0;358596,359600000080000;5625184,888100000100000;6,995023531000072;50,761185000000069;0
204607;5200318601100378423;5;3;15;0;2020;3;20;4;3;5;3;2;1;1;0;0;0;0;355800,108599999920000;5644904,992399999900000;6,947636793000072;50,937721073000034;0
204611;5200317405108370301;5;7;54;8;2020;3;11;3;3;5;6;0;1;1;0;0;0;0;456759,592400000430000;5751194,298699999200000;8,371396853000022;51,909814571000027;0
204617;5200319505100376209;5;1;14;0;2020;3;15;5;3;6;6;0;1;0;1;0;0;0;333961,076000000350000;5689718,205600000900000;6,616420978000065;51,334474851000039;0
204618;5200316602300387206;5;3;62;36;2020;3;20;2;2;0;7;2;1;0;0;0;0;0;343157,037899999880000;5647742,135800000300000;6,766609176000031;50,959915049000074;0
204619;5200314502338386128;5;1;13;0;2020;3;12;7;3;5;2;0;1;1;0;0;0;0;364189,345499999820000;5703863,124500000800000;7,044648567000024;51,469614823000029;0
204620;5200318514111882333;5;1;66;32;2020;3;11;4;3;5;3;0;1;1;0;0;0;0;314628,517799999560000;5682228,674900000900000;6,343084759000021;51,261228313000061;0
204621;5200314500200912203;5;1;11;0;2020;3;18;7;3;4;1;2;1;1;0;0;0;0;344037,369400000200000;5682354,433299999700000;6,764167970000074;51,271163293000029;0
204626;5200316516500206208;5;1;58;16;2020;3;16;2;3;0;7;0;1;0;0;0;0;0;355998,027999999930000;5671269,035000000100000;6,939961473000039;51,174694297000030;0
204629;5200319501126082292;5;1;12;0;2020;3;16;5;3;0;3;0;1;1;0;0;0;0;345249,416899999600000;5704227,476900000100000;6,772007082000073;51,468026358000031;0
204630;5200316601400765749;5;3;15;0;2020;3;15;2;2;8;1;0;1;0;0;0;0;0;353213,173600000330000;5651354,328099999600000;6,908241142000065;50,995025745000078;0
204634;5200317600140860205;5;3;14;0;2020;3;14;3;3;0;1;0;1;0;0;0;0;0;367288,686599999670000;5622497,085400000200000;7,119168291000051;50,739080112000067;0
204638;5200318702100568386;5;5;15;0;2020;3;17;4;3;4;6;0;1;0;0;0;0;0;406837,122999999670000;5757694,148000000000000;7,644054078000067;51,962126568000031;0
204639;5200316514113374772;5;1;66;32;2020;3;19;2;3;0;1;2;1;0;0;0;0;0;316607,281700000170000;5684795,469399999800000;6,370097189000035;51,284924740000065;0
204643;5200317514113482333;5;1;66;32;2020;3;8;3;3;5;2;0;1;1;0;0;0;0;316356,425999999980000;5685398,849999999600000;6,366193694000060;51,290263821000053;0
204652;5200317709500974669;5;5;66;76;2020;3;15;3;3;9;7;0;1;0;0;0;0;0;400609,407800000160000;5793549,320900000600000;7,542969272000050;52,283310212000060;0
204656;5200319516500841209;5;1;58;16;2020;3;9;5;3;1;5;0;1;1;0;0;0;0;355997,994699999690000;5669609,175100000600000;6,940625663000049;51,159778081000070;0
204657;5200316603140577527;5;3;66;40;2020;3;7;2;3;5;3;0;1;1;0;0;0;0;347834,607699999590000;5625432,633999999600000;6,842440518000046;50,760689271000047;0