OBJECTID;UIDENTSTLAE;ULAND;UREGBEZ;UKREIS;UGEMEINDE;UJAHR;UMONAT;USTUNDE;UWOCHENTAG;UKATEGORIE;UART;UTYP1;ULICHTVERH;IstRad;IstPKW;IstFuss;IstKrad;IstGkfz;IstSonstige;LINREFX;LINREFY;XGCSWGS84;YGCSWGS84;STRZUSTAND
204660;5200319609128066204;5;3;58;28;2020;3;12;5;2;0;1;0;1;0;0;0;0;0;322502,974399999720000;5625158,782800000200000;6,483737535000046;50,751034773000072;0
204666;5200317702100365857;5;5;15;0;2020;3;17;3;3;1;7;0;1;1;0;0;0;0;405901,827399999830000;5758841,166200000800000;7,630131084000027;51,972278956000082;0
204667;5200317411132277207;5;7;74;32;2020;3;14;3;3;5;2;0;1;1;0;0;0;0;483397,718799999920000;5729058,315899999800000;8,759700107000072;51,712217304000035;0
204669;5200319502401004207;5;1;17;0;2020;3;5;5;3;4;3;2;1;1;0;0;0;0;352668,963200000110000;5698825,591000000000000;6,880996720000042;51,421467232000055;0
204670;5200316601700053385;5;3;16;0;2020;3;12;2;3;5;3;0;1;1;0;0;0;0;362306,405100000090000;5654954,892999999200000;7,036372015000040;51,029632342000070;0
204673;5200314301401129201;5;9;13;0;2020;3;12;7;2;1;5;0;1;1;0;0;0;0;395505,888700000010000;5707773,817299999300000;7,494182352000053;51,511417213000072;0
204678;5200320514210574763;5;1;66;12;2020;3;9;6;3;5;3;0;1;1;0;0;0;0;320763,239099999890000;5693381,428799999900000;6,425311835000059;51,363374607000026;1
204681;5200314300510505201;5;9;54;36;2020;3;14;7;2;4;5;0;1;1;0;0;0;0;384210,173000000420000;5697786,304999999700000;7,334746884000026;51,419447755000078;0
204684;5200317600110914208;5;3;14;0;2020;3;20;3;3;0;5;2;1;1;0;0;0;0;365581,556900000200000;5622091,034199999600000;7,095136520000040;50,735037915000078;0
204685;5200316711113181965;5;5;70;52;2020;3;9;2;3;5;3;0;1;1;0;0;0;0;431923,289900000210000;5755096,198400000100000;8,009617368000022;51,942409836000081;0
204687;5200318610111456722;5;3;70;16;2020;3;6;4;3;0;5;2;1;0;0;0;0;1;296642,474600000310000;5660605,965700000500000;6,097853109000027;51,060911371000032;0
204688;5200316513210348203;5;1;62;24;2020;3;11;2;2;5;3;0;1;1;0;0;0;0;337778,897599999790000;5671065,206199999900000;6,679633592000073;51,167985191000071;0
204690;5200320410220072272;5;7;70;8;2020;3;5;6;3;7;2;2;1;0;0;1;0;0;473245,024000000210000;5804663,289000000800000;8,606832538000049;52,391564335000055;0
204691;5200319315210281061;5;9;70;24;2020;3;16;5;3;1;5;0;1;1;0;0;0;0;428831,597500000150000;5646878,282199999300000;7,986427941000045;50,969105092000063;0
204692;5200316516300578610;5;1;58;28;2020;3;7;2;3;0;1;0;1;0;0;0;0;0;349595,642199999650000;5684681,628000000500000;6,842808190000028;51,293568807000042;0
204695;5200315605120474236;5;3;74;20;2020;3;14;1;3;5;6;0;1;1;0;0;0;0;386016,215599999760000;5653601,318700000600000;7,374758973000041;51,022656796000035;0
204696;5200316313110174727;5;9;58;4;2020;3;15;2;3;0;3;0;1;1;0;0;0;0;430027,985000000340000;5697561,838999999700000;7,993583652000041;51,424938448000034;0
204697;5200317518100285882;5;1;70;48;2020;3;13;3;3;8;1;0;1;0;0;0;0;0;337785,841799999590000;5726430,672000000300000;6,654398254000057;51,665412450000076;0
204702;5200317709300025047;5;5;66;84;2020;3;15;3;2;0;1;0;1;0;0;0;0;0;385855,321200000120000;5779249,015599999600000;7,331596566000030;52,151930292000031;0
204703;5200323709700342411;5;5;66;28;2020;3;13;2;2;0;7;0;1;0;0;0;0;0;413333,593299999830000;5791927,210100000700000;7,729864863000046;52,270883971000046;0
204708;5200323701120233203;5;5;62;32;2020;3;5;2;3;0;1;1;1;0;0;0;0;0;373830,679800000040000;5717654,418199999300000;7,178441134000025;51,595791073000044;0
204714;5200329608200169719;5;3;34;2;2020;3;9;1;3;0;1;0;1;0;0;0;0;0;299402,894999999550000;5624783,078500000800000;6,156872420000070;50,740139190000036;0
204715;5200329600380819207;5;3;14;0;2020;3;3;1;3;0;1;2;1;0;0;0;0;0;366938,299700000320000;5620695,985700000100000;7,114855406000061;50,722811570000033;0
204720;5200328705000565798;5;5;54;20;2020;3;14;7;3;1;5;0;1;0;0;1;0;0;364202,533699999560000;5786381,347200000700000;7,012440655000034;52,211116662000052;0
204722;5200328705000480992;5;5;54;20;2020;3;16;7;3;0;7;0;1;0;0;0;0;0;367032,190000000410000;5781950,215399999200000;7,055568437000034;52,171990859000061;0
204727;5200331600110766269;5;3;14;0;2020;3;7;3;3;5;3;0;1;1;0;0;0;0;366209,532700000330000;5620046,100500000600000;7,104772341000057;50,716803051000056;0
204732;5200323601420723803;5;3;15;0;2020;3;10;2;3;5;2;0;1;1;0;0;0;0;356093,828599999660000;5650124,375399999300000;6,949750208000069;50,984700014000055;0
204733;5200328701110789205;5;5;62;32;2020;3;17;7;2;5;2;0;1;1;0;0;0;0;376256,621000000280000;5718732,126000000200000;7,213066712000057;51,606014784000081;0
204734;5200323601110702202;5;3;15;0;2020;3;8;2;3;0;1;0;1;0;0;0;0;0;355938,311099999580000;5642776,164200000500000;6,950443685000039;50,918624155000032;0
204735;5200328607400378238;5;3;82;44;2020;3;14;7;3;0;7;0;1;0;0;0;0;0;364234,994400000200000;5626757,341600000900000;7,074344806000056;50,776664548000042;0
204737;5200328605136078595;5;3;74;36;2020;3;11;7;3;0;1;0;1;0;0;0;0;0;382361,499200000430000;5675744,756200000600000;7,315446475000044;51,220955501000049;0
204741;5200328601210617205;5;3;15;0;2020;3;21;7;3;8;1;2;1;0;0;0;0;0;356715,366999999620000;5642290,759999999800000;6,961681962000057;50,914455331000056;0
204742;5200323518310428264;5;1;70;32;2020;3;13;2;3;5;3;0;1;0;0;0;0;1;333053,992300000040000;5712654,352700000600000;6,592597800000021;51,540265685000065;0
204744;5200330606220076558;5;3;78;8;2020;3;14;2;3;0;1;0;1;0;0;0;0;0;367788,506799999620000;5660622,800499999900000;7,112434535000034;51,081860038000059;0
204747;5200328600120675574;5;3;82;24;2020;3;13;7;2;0;1;0;1;0;0;0;0;0;373710,416000000200000;5616388,645999999700000;7,212221097000054;50,685606149000080;0
204748;5200328600110065629;5;3;14;0;2020;3;19;7;3;5;7;2;1;1;0;0;0;0;365889,817900000140000;5617932,836200000700000;7,101013725000030;50,697735327000032;0
204751;5200328508000376244;5;1;19;0;2020;3;15;7;3;0;1;0;1;0;0;0;0;0;349435,569699999880000;5707756,634800000100000;6,830724609000072;51,500866170000052;0
204753;5200328505200878949;5;1;14;0;2020;3;16;7;3;7;7;0;1;0;0;0;0;0;330178,804800000040000;5689678,397800000400000;6,562195576000022;51,333000254000069;0
204757;5200323513210359206;5;1;62;24;2020;3;15;2;3;0;7;0;1;0;0;0;0;0;338202,758399999700000;5674367,284499999100000;6,684204131000058;51,197773989000041;0
204760;5200328502307122209;5;1;13;0;2020;3;16;7;3;2;6;0;1;0;0;0;0;0;359481,656999999660000;5703627,060000000500000;6,977007532000073;51,466344075000052;0
204763;5200323502101975231;5;1;13;0;2020;3;14;2;3;3;3;0;1;0;0;0;0;1;361931,217799999750000;5701961,337099999200000;7,012900333000061;51,451978184000041;0
204764;5200328500300245201;5;1;11;0;2020;3;19;7;2;0;1;1;1;0;0;0;0;0;341901,857900000180000;5675672,137900000400000;6,736529499000028;51,210533810000072;0
204766;5200328500300202200;5;1;11;0;2020;3;9;7;3;1;5;0;1;1;0;0;0;0;343994,167999999600000;5675646,780999999500000;6,766471288000048;51,210881334000078;0
204768;5200328310220165172;5;9;54;8;2020;3;12;7;3;1;5;0;1;1;0;0;0;0;386394,288700000380000;5684800,299200000200000;7,370292996000046;51,303167698000038;0
204771;5200327709110142391;5;5;66;12;2020;3;11;6;3;5;3;0;1;1;0;0;0;0;405692,171000000090000;5772285,372300000900000;7,623373072000049;52,093084217000069;0
204772;5200323500200501154;5;1;11;0;2020;3;13;2;3;0;5;0;1;1;0;0;0;0;345027,902999999930000;5678113,731000000600000;6,780192850000049;51,233329319000063;0
204777;5200327609224885822;5;3;58;24;2020;3;7;6;3;5;3;0;1;1;0;0;0;0;315950,055399999950000;5643443,287300000000000;6,381762818000027;50,913251317000061;0
204778;5200331601700932201;5;3;16;0;2020;3;16;3;3;5;3;0;1;1;0;0;0;0;359914,535400000400000;5659244,939400000500000;7,000624072000051;51,067608807000056;0
204779;5200327608408485206;5;3;34;8;2020;3;11;6;3;0;3;0;1;0;0;0;0;0;301388,653199999590000;5644575,060900000900000;6,174260168000046;50,918590450000067;0
204784;5200327603144478293;5;3;66;44;2020;3;14;6;3;5;2;0;1;0;0;0;0;0;340433,004999999890000;5620669,792999999600000;6,739640225000073;50,715902924000034;0
204786;5200331515211327548;5;1;54;16;2020;3;15;3;3;0;1;0;1;0;0;0;0;0;296321,789599999790000;5730436,676300000400000;6,053262919000076;51,687890210000035;0
204787;5200327601520348201;5;3;15;0;2020;3;17;6;3;4;2;0;1;1;0;0;0;0;358215,601200000380000;5646194,729399999600000;6,981490879000035;50,949910909000039;0
204792;5200327601310293209;5;3;15;0;2020;3;14;6;3;1;3;0;1;1;0;0;0;0;350105,504999999890000;5649363,544099999600000;6,864809659000059;50,976334997000038;0
204794;5200327601110266203;5;3;15;0;2020;3;14;6;3;0;1;0;1;0;0;0;0;0;355940,675800000320000;5642774,136399999300000;6,950478105000059;50,918606522000061;0
204801;5200327516340275202;5;1;58;28;2020;3;10;6;3;1;5;0;1;1;0;0;0;0;348410,233400000260000;5688184,775299999900000;6,824330682000039;51,324732137000069;0
204802;5200330601310512201;5;3;15;0;2020;3;16;2;3;5;3;0;1;1;0;0;0;0;353592,861600000410000;5646533,925799999400000;6,915588832000026;50,951803536000057;0
204804;5200327516310361207;5;1;58;28;2020;3;15;6;2;3;6;0;1;0;0;0;0;0;351287,772400000130000;5685944,455900000400000;6,866533413000070;51,305360757000074;0
204808;5200327514111082333;5;1;66;32;2020;3;9;6;3;0;3;0;1;1;0;0;0;0;314249,213399999770000;5681370,020099999400000;6,338100274000055;51,253392092000070;0
204810;5200327513210999202;5;1;62;24;2020;3;18;6;3;6;7;0;1;0;1;0;0;0;341154,539599999790000;5671143,750099999800000;6,727842033000059;51,169638329000065;0
204811;5200323301401316203;5;9;13;0;2020;3;7;2;3;5;3;0;1;0;0;1;0;0;397223,474999999630000;5707881,427999999400000;7,518893372000036;51,512699553000061;0
204812;5200327508103558203;5;1;19;0;2020;3;17;6;3;5;3;0;1;1;0;0;0;0;352093,246399999600000;5704716,633800000000000;6,870260245000054;51,474251846000072;0
204815;5200331500100000463;5;1;11;0;2020;3;13;3;3;6;5;0;1;0;1;0;0;0;344575,770499999630000;5677005,470300000200000;6,774202430000059;51,223248241000078;0
204817;5200327500300369201;5;1;11;0;2020;3;18;6;3;5;3;1;1;1;0;0;0;0;353580,230800000020000;5667526,520800000100000;6,906920856000056;51,140449176000061;0
204822;5200327410220663205;5;7;70;8;2020;3;18;6;3;0;7;0;1;1;0;0;0;0;474529,544999999930000;5799965,608999999200000;8,626065085000050;52,349392528000067;0
204825;5200322701300189200;5;5;62;14;2020;3;15;1;3;0;1;0;1;0;0;0;0;0;360787,162200000140000;5714677,094599999500000;6,991425578000076;51,565964372000053;0
204828;5200327316100719355;5;9;74;40;2020;3;13;6;2;5;3;0;1;0;0;0;0;0;436816,322999999860000;5712152,128000000500000;8,088595213000076;51,556911519000039;0
204833;5200326702100950181;5;5;15;0;2020;3;8;5;3;5;3;0;1;1;0;0;0;0;405037,280799999830000;5758542,132600000100000;7,617631792000054;51,969444076000059;0
204834;5200330600380060202;5;3;14;0;2020;3;13;2;3;0;3;0;1;1;0;0;0;0;369792,745500000190000;5616076,822499999800000;7,156901798000035;50,681939819000036;0
204836;5200326702100279175;5;5;15;0;2020;3;17;5;3;4;3;0;1;1;0;0;0;0;407030,306499999950000;5758712,548100000200000;7,646589187000075;51,971312795000074;0
204840;5200326518410382336;5;1;70;16;2020;3;7;5;3;0;7;0;1;0;1;0;0;0;343689,202300000000000;5717928,838099999400000;6,743482196000059;51,590700494000032;0
204843;5200326514211076261;5;1;66;12;2020;3;17;5;1;5;3;0;1;0;0;0;0;1;323735,412999999710000;5693787,345000000700000;6,467759939000075;51,367951039000047;0
204845;5200326513310776520;5;1;62;8;2020;3;15;5;3;5;2;0;1;0;0;0;0;0;329771,315700000150000;5662740,059599999300000;6,569135352000046;51,090863585000079;0
204847;5200331317210264203;5;9;78;20;2020;3;22;3;3;1;5;2;1;1;0;0;0;0;407178,138799999840000;5717359,107699999600000;7,659803108000062;51,599619454000049;0
204856;5200326411132496204;5;7;74;32;2020;3;17;5;2;6;6;0;1;0;1;0;0;0;483387,609600000080000;5729428,641499999900000;8,759536131000061;51,715546720000077;0
204857;5200330518302072108;5;1;70;40;2020;3;10;2;3;0;1;0;1;0;0;0;0;0;318574,552799999710000;5720135,808399999500000;6,380163232000029;51,602998259000060;0
204858;5200326411112551319;5;7;74;12;2020;3;16;5;3;1;5;0;1;1;0;0;0;0;481499,678199999970000;5724551,271299999200000;8,732467364000058;51,671633569000051;0
204862;5200322505200477200;5;1;14;0;2020;3;16;1;3;0;3;0;1;0;0;0;0;1;331040,504700000400000;5692848,455000000100000;6,573048654000047;51,361736392000068;0
204864;5200322505100483205;5;1;14;0;2020;3;22;1;3;6;4;2;1;0;1;0;0;0;331524,455799999650000;5690102,885399999100000;6,581293231000075;51,337214101000029;0
204865;5200326400100066184;5;7;11;0;2020;3;14;5;3;4;6;0;1;0;0;0;0;0;467557,702700000260000;5765407,493899999200000;8,527022991000024;52,038334679000059;0
204868;5200322500300697206;5;1;11;0;2020;3;14;1;3;5;3;0;1;1;0;0;0;0;344521,199000000020000;5674082,543999999800000;6,774688356000070;51,196969768000031;0
204869;5200326303100077976;5;9;15;0;2020;3;14;5;3;5;3;0;1;1;0;0;0;0;420519,446800000030000;5721286,516799999400000;7,851493824000045;51,636966700000073;0
204871;5200325705000481393;5;5;54;20;2020;3;16;4;3;7;1;0;1;0;0;0;0;0;364972,530899999660000;5787137,170600000800000;7,023401671000045;52,218097150000062;0
204873;5200322500300691202;5;1;11;0;2020;3;12;1;3;0;7;0;1;0;0;0;0;0;351352,860000000340000;5670005,571000000500000;6,874079989000052;51,162152151000043;0
204877;5200325608100332773;5;3;34;2;2020;3;16;4;3;6;4;0;1;0;1;0;0;0;292651,435600000430000;5629210,327099999400000;6,058820655000034;50,777529501000060;0
204878;5200325607500078287;5;3;82;56;2020;3;7;4;3;4;6;0;1;0;0;0;0;0;374568,030799999830000;5626605,943600000800000;7,220879001000071;50,777630719000058;0
204879;5200331600110313200;5;3;14;0;2020;3;15;3;3;0;7;0;1;0;0;0;0;0;366613,476099999620000;5618801,157800000200000;7,110941055000069;50,705706290000080;0
204880;5200325603236778207;5;3;66;36;2020;3;5;4;3;0;1;2;1;0;0;0;0;0;320714,696000000460000;5600684,182000000000000;6,470252503000040;50,530599517000041;2
204882;5200325600140304207;5;3;14;0;2020;3;14;4;3;5;3;0;1;0;0;0;0;0;368601,797899999660000;5623518,512700000800000;7,137403311000071;50,748559447000048;0
204883;5200325516610868207;5;1;58;4;2020;3;14;4;3;5;3;0;1;1;0;0;0;0;353720,454699999650000;5676450,350900000000000;6,905291237000029;51,220676488000038;0
204884;5200331602400369648;5;3;62;32;2020;3;16;3;3;5;3;0;1;0;0;0;0;0;336139,192999999970000;5642170,491599999400000;6,669269008000072;50,907900159000064;0
204885;5200325516500076207;5;1;58;16;2020;3;17;4;3;2;6;0;1;0;0;1;0;0;355122,587000000290000;5671530,213300000900000;6,927341225000021;51,176820207000048;0
204886;5200321706000576677;5;5;58;24;2020;3;16;7;2;0;1;0;1;0;0;0;0;0;392586,760800000280000;5736175,336200000700000;7,443415148000042;51,766148649000058;0
204887;5200325516400597208;5;1;58;24;2020;3;11;4;3;5;2;0;1;1;0;0;0;0;358456,216199999680000;5679521,916500000300000;6,971846881000033;51,249472920000073;0
204892;5200325503100090200;5;1;24;0;2020;3;17;4;2;3;6;0;1;0;0;0;0;0;365516,296000000090000;5677005,376000000200000;7,073891440000068;51,228565243000048;0
204897;5200330513130116204;5;1;62;22;2020;3;9;2;3;5;3;0;1;1;0;0;0;0;333957,740699999970000;5682376,990700000900000;6,619788780000022;51,268518515000039;0
204900;5200325500200001154;5;1;11;0;2020;3;14;4;3;5;3;0;1;1;0;0;0;0;346255,946600000370000;5678981,580800000600000;6,797396732000038;51,241459546000044;0
204901;5200325411132443202;5;7;74;32;2020;3;15;4;3;3;6;0;1;1;0;0;0;0;482255,696399999780000;5730181,148399999400000;8,743113556000026;51,722278066000058;0
204907;5200330505200575930;5;1;14;0;2020;3;7;2;3;5;3;0;1;1;0;0;0;0;325910,882799999790000;5694005,945499999400000;6,498873790000062;51,370585788000028;0
204908;5200325317110856209;5;9;78;36;2020;3;12;4;3;6;7;0;1;0;1;0;0;0;409318,636699999680000;5710188,816700000300000;7,692550033000032;51,535512436000033;0
204912;5200325301102066231;5;9;13;0;2020;3;15;4;3;0;1;0;1;0;0;0;0;0;396632,249099999670000;5700018,165100000800000;7,512677379000024;51,441910975000042;0
204915;5200324702100579102;5;5;15;0;2020;3;13;3;3;5;3;0;1;1;0;0;0;0;408207,787200000140000;5761589,313100000800000;7,662955493000027;51,997366413000066;0
204916;5200321518120475292;5;1;70;44;2020;3;9;7;3;5;3;0;1;0;0;0;0;0;339450,768099999990000;5718715,889100000300000;6,681988853000064;51,596579816000030;0
204918;5200321516210222207;5;1;58;12;2020;3;16;7;2;0;6;0;1;0;1;0;0;0;357549,937099999750000;5688446,884500000600000;6,955309572000033;51,329449999000076;0
204920;5200324608332770203;5;3;34;32;2020;3;13;3;3;4;6;0;1;1;0;0;0;0;302702,830199999730000;5630392,920700000600000;6,200575838000020;50,791657906000069;0
204921;5200324608200841201;5;3;34;2;2020;3;15;3;3;5;3;0;1;0;0;0;0;0;299394,292299999860000;5625812,984500000300000;6,156189910000023;50,749386640000068;0
204922;5200324608100742208;5;3;34;2;2020;3;11;3;3;1;5;0;1;0;0;0;0;1;293898,773400000300000;5628650,533700000500000;6,076802799000063;50,772946470000079;0
204923;5200321513320136203;5;1;62;4;2020;3;13;7;3;1;5;0;1;1;0;0;0;0;346441,680499999780000;5663171,657700000300000;6,806807636000031;51,099447571000042;0
204924;5200324603116281185;5;3;66;16;2020;3;16;3;2;0;7;0;1;0;0;0;0;0;349668,665799999610000;5608280,906199999200000;6,875401415000056;50,607028485000058;0
204925;5200321513110556929;5;1;62;16;2020;3;16;7;3;1;5;0;1;1;0;0;0;0;334380,698400000110000;5678005,143999999400000;6,627869072000067;51,229363177000039;0
204929;5200324600380215209;5;3;14;0;2020;3;16;3;3;0;1;0;1;0;0;0;0;0;368742,057500000110000;5617058,009099999400000;7,141689053000050;50,690522916000077;0
204930;5200324516110704203;5;1;58;32;2020;3;15;3;3;0;1;0;1;0;0;0;0;0;361235,294700000440000;5689600,823499999900000;7,007723843000065;51,340731124000058;0
204931;5200331601420800208;5;3;15;0;2020;3;12;3;3;5;2;0;1;1;0;0;0;0;353349,883000000380000;5653289,596899999300000;6,909406059000048;51,012451901000077;0
204938;5200324500100767245;5;1;11;0;2020;3;11;3;3;0;7;0;1;0;0;0;0;0;340872,475999999790000;5678623,230000000400000;6,720494408000036;51,236763600000074;0
204940;5200324404302078116;5;7;66;8;2020;3;6;3;3;0;3;1;1;1;0;0;0;0;482098,309000000360000;5771017,617000000600000;8,738713306000022;52,089434176000054;0
204943;5200331518210275888;5;1;70;28;2020;3;8;3;3;5;3;0;1;1;0;0;0;0;330105,093200000000000;5702570,118100000500000;6,554969614000072;51,448793873000056;0
204944;5200324317120809201;5;9;78;16;2020;3;15;3;3;4;2;0;1;1;0;0;0;0;404925,430999999870000;5708389,365000000200000;7,629713273000050;51,518614139000078;0
204946;5200324316200860204;5;9;74;52;2020;3;12;3;3;3;5;0;1;1;0;0;0;0;424305,836400000380000;5711877,149399999500000;7,908226894000052;51,552899341000057;0
204947;5200330501112421200;5;1;12;0;2020;3;13;2;3;5;1;0;1;1;0;0;0;0;343840,561599999670000;5708568,070399999600000;6,749820278000072;51,506638777000035;0
204956;5200406502213773565;5;1;13;0;2020;4;18;2;3;0;7;0;1;0;0;0;0;0;364850,850899999960000;5699517,284199999600000;7,055826805000038;51,430718793000040;0
204957;5200403610212775203;5;3;70;40;2020;4;12;6;3;1;5;0;1;1;0;0;0;0;313173,298499999570000;5667448,759899999900000;6,329941116000043;51,127994228000034;0
204959;5200407601700151204;5;3;16;0;2020;4;16;3;3;0;5;0;1;1;0;0;0;0;355946,792999999600000;5657766,763299999800000;6,944621294000058;51,053342995000037;0
204963;5200407300200965618;5;9;11;0;2020;4;18;3;3;0;7;0;1;0;1;0;0;0;373821,877700000070000;5706486,798100000200000;7,182318869000028;51,495424376000074;0
204964;5200402702100968125;5;5;15;0;2020;4;18;5;2;5;3;0;1;0;0;0;0;0;405210,225800000130000;5757221,458300000100000;7,620513079000034;51,957602841000039;0
204966;5200408411132076352;5;7;74;32;2020;4;21;4;3;4;6;2;1;0;0;0;0;1;483637,596900000240000;5732178,798699999200000;8,763025396000046;51,740281557000060;0
204967;5200405503200080512;5;1;24;0;2020;4;17;1;2;0;1;0;1;1;0;0;0;0;373981,525399999690000;5676198,953700000400000;7,195349413000031;51,223249383000052;0
204968;5200407516500869202;5;1;58;16;2020;4;13;3;3;0;1;0;1;0;0;0;0;0;357396,585799999540000;5670346,554999999700000;6,960320943000056;51,166754885000046;0
204969;5200404513310981592;5;1;62;8;2020;4;12;7;3;0;5;0;1;1;0;0;0;0;329856,807699999770000;5663323,573899999300000;6,570080106000034;51,096131397000079;0
204970;5200405516910566209;5;1;58;26;2020;4;13;1;3;0;7;0;1;0;0;0;0;0;353135,986800000070000;5663301,897600000700000;6,902295694000031;51,102371767000079;0
204971;5200407601220199200;5;3;15;0;2020;4;18;3;3;0;6;0;1;1;0;0;0;0;357102,197999999860000;5636656,806700000500000;6,969384632000072;50,863918830000046;0
204972;5200404518100176645;5;1;70;48;2020;4;16;7;3;3;3;0;1;1;0;0;0;0;335793,346599999820000;5725030,091399999300000;6,626271294000048;51,652251302000082;0
204974;5200406701910755843;5;5;62;8;2020;4;12;2;3;5;3;0;1;0;0;1;0;0;385709,684399999680000;5725069,532900000000000;7,347442085000068;51,664972069000044;0
204977;5200408316000078048;5;9;74;28;2020;4;19;4;3;0;6;0;1;0;1;0;0;0;455528,542200000030000;5725163,512599999100000;8,356839580000042;51,675682464000033;0
204981;5200402608436780839;5;3;34;36;2020;4;17;5;3;5;3;0;1;1;0;0;0;0;300245,032999999820000;5633632,844000000500000;6,163985140000023;50,819916559000035;0
204982;5200406601210093201;5;3;15;0;2020;4;8;2;2;4;2;0;1;1;0;0;0;0;354709,959099999630000;5642252,483300000400000;6,933188664000056;50,913609989000065;0
204985;5200405610111432738;5;3;70;16;2020;4;16;1;3;0;3;0;1;1;0;0;0;0;301985,135700000450000;5655693,800300000200000;6,176683312000023;51,018659982000031;0
204994;5200402601420956202;5;3;15;0;2020;4;17;5;3;1;5;0;1;1;0;0;0;0;356770,669999999930000;5649000,698799999400000;6,959829471000035;50,974770520000050;0
204995;5200406505200676213;5;1;14;0;2020;4;9;2;3;5;3;0;1;1;0;0;0;0;330381,431200000460000;5689839,974099999300000;6,565024544000039;51,334512307000068;0
204998;5200402601310848207;5;3;15;0;2020;4;10;5;3;1;5;0;1;1;0;0;0;0;349148,985399999660000;5645430,414599999800000;6,852824876000057;50,940741191000029;0
205001;5200404700200177491;5;5;13;0;2020;4;9;7;3;1;5;0;1;1;0;0;0;0;362704,341300000440000;5717102,575500000300000;7,018120747000069;51,588230322000072;0
205008;5200407601610126206;5;3;15;0;2020;4;16;3;3;1;5;0;1;1;0;0;0;0;359784,485100000170000;5644845,675000000700000;7,004331013000069;50,938170569000079;0
205009;5200402600380741203;5;3;14;0;2020;4;20;5;3;5;3;2;1;1;0;0;0;0;371331,546099999920000;5613919,942500000800000;7,179422165000062;50,662895086000049;0
205012;5200406709500074722;5;5;66;68;2020;4;16;2;3;0;1;0;1;0;0;0;0;0;376685,487900000070000;5784926,040200000600000;7,195570527000029;52,200973896000050;0
205014;5200406301301817201;5;9;78;24;2020;4;15;2;3;3;7;0;1;1;0;0;0;0;398485,051599999890000;5717558,259500000600000;7,534273738000024;51,599909800000034;0
205023;5200406700100964204;5;5;13;0;2020;4;19;2;2;6;4;0;1;0;1;0;0;0;366677,562599999830000;5709166,792600000300000;7,078447575000041;51,517868924000027;0
205027;5200405405232577378;5;7;54;32;2020;4;9;1;3;7;1;0;1;0;0;0;0;0;461061,435800000090000;5745474,656199999200000;8,434576572000026;51,858708358000058;0
205028;5200407502401750209;5;1;17;0;2020;4;15;3;2;8;7;0;1;0;0;0;0;0;355222,371299999770000;5699059,938200000700000;6,917599328000051;51,424230978000026;0
205029;5200408405108880644;5;7;54;8;2020;4;17;4;3;5;2;0;1;1;0;0;0;0;454427,958300000060000;5751238,242900000900000;8,337497524000071;51,910023756000044;0
205033;5200402406110055586;5;7;58;12;2020;4;12;5;3;2;6;0;1;1;0;0;0;0;479976,493300000210000;5773076,490800000700000;8,707623454000043;52,107872168000029;0
205035;5200402405108681502;5;7;54;8;2020;4;12;5;3;8;3;0;1;1;0;0;0;0;458439,739000000060000;5749658,262000000100000;8,396005566000042;51,896132572000056;0
205036;5200405700200861205;5;5;13;0;2020;4;17;1;3;6;6;0;1;0;0;0;0;1;365665,919700000440000;5712314,825400000400000;7,062674986000047;51,545919169000058;0
205037;5200407706100581078;5;5;58;16;2020;4;8;3;3;5;3;0;1;1;0;0;0;0;381111,994300000370000;5743957,698000000800000;7,274536739000041;51,833771338000076;0
205038;5200404709500835185;5;5;66;76;2020;4;17;7;2;5;7;0;1;0;0;0;0;0;394260,745199999770000;5794921,037399999800000;7,449505545000022;52,294453428000054;0
205039;5200407501131226207;5;1;12;0;2020;4;16;3;3;5;2;0;1;1;0;0;0;0;341888,256500000130000;5712691,251299999700000;6,719861898000033;51,543140957000048;0
205040;5200404406220576059;5;7;58;24;2020;4;21;7;3;0;1;2;1;0;0;0;0;0;477763,833999999800000;5781318,002000000300000;8,674776148000035;52,181883690000063;0
205041;5200402400200455572;5;7;11;0;2020;4;10;5;3;1;5;0;1;1;0;0;0;0;473121,213499999610000;5764170,709499999900000;8,608228479000047;52,027512766000029;0
205042;5200406502339494203;5;1;13;0;2020;4;16;2;3;5;7;0;1;0;0;0;0;0;364279,920099999760000;5707096,911900000600000;7,044708907000029;51,498697033000042;0
205044;5200404500300769465;5;1;11;0;2020;4;17;7;3;0;1;0;1;0;0;0;0;0;343654,805399999950000;5675471,656199999200000;6,761692941000035;51,209214983000038;0
205048;5200405607200081292;5;3;82;20;2020;4;18;1;2;4;6;1;1;0;0;0;0;1;379981,025000000370000;5624956,241000000400000;7,298157960000026;50,763947296000026;0
205050;5200404608436721203;5;3;34;36;2020;4;17;7;3;5;3;0;1;1;0;0;0;0;298743,395700000230000;5632540,768300000600000;6,143292784000039;50,809588114000064;0
205055;5200403513320382130;5;1;62;4;2020;4;13;6;3;0;1;0;1;0;0;0;0;0;347531,089999999850000;5662727,009999999800000;6,822542786000042;51,095742760000064;0
205056;5200405516910588209;5;1;58;26;2020;4;19;1;3;0;1;0;1;0;0;0;0;0;351736,469100000340000;5661106,582599999400000;6,883221708000065;51,082283980000057;0
205058;5200407601310106204;5;3;15;0;2020;4;13;3;2;0;1;0;1;0;0;0;0;0;351301,455400000330000;5645624,348500000300000;6,883360910000022;50,943043081000042;0