OBJECTID;UIDENTSTLAE;ULAND;UREGBEZ;UKREIS;UGEMEINDE;UJAHR;UMONAT;USTUNDE;UWOCHENTAG;UKATEGORIE;UART;UTYP1;ULICHTVERH;IstRad;IstPKW;IstFuss;IstKrad;IstGkfz;IstSonstige;LINREFX;LINREFY;XGCSWGS84;YGCSWGS84;STRZUSTAND
205059;5200405601610870201;5;3;15;0;2020;4;15;1;3;5;2;0;1;1;0;0;0;0;359520,968100000170000;5644686,325500000300000;7,000644285000021;50,936674340000081;0
205060;5200404310140816858;5;9;54;28;2020;4;9;7;3;1;5;0;1;1;0;0;0;0;376940,637199999760000;5692684,886700000600000;7,232019467000043;51,372066738000058;0
205063;5200404601400881750;5;3;15;0;2020;4;20;7;3;4;6;2;1;1;0;0;0;0;352406,052899999540000;5654097,588099999400000;6,895632061000072;51,019471404000058;0
205064;5200402310210380466;5;9;54;24;2020;4;15;5;3;1;7;0;1;0;0;0;0;1;381003,683100000020000;5682744,500399999300000;7,293684413000051;51,283588653000038;0
205067;5200406313110467534;5;9;58;4;2020;4;16;2;3;0;1;0;1;0;0;0;0;0;427536,765800000170000;5697391,468200000000000;7,957793237000033;51,423093682000058;0
205069;5200405508000677495;5;1;19;0;2020;4;13;1;3;0;5;0;1;1;0;0;0;0;352128,893699999900000;5704720,089400000900000;6,870771710000042;51,474292215000048;0
205070;5200404307300761201;5;9;62;8;2020;4;18;7;3;4;6;0;1;1;0;0;0;0;420778,135200000370000;5686873,775499999500000;7,862951696000039;51,327633659000071;0
205071;5200407518310967304;5;1;70;32;2020;4;17;3;3;5;3;0;1;1;0;0;0;0;331223,661000000310000;5718065,727000000000000;6,563631297000029;51,588334492000058;0
205072;5200404514116882255;5;1;66;16;2020;4;12;7;2;0;3;0;1;1;0;0;0;0;304698,306900000200000;5688904,774599999200000;6,197283013000060;51,317873522000070;0
205077;5200406705000376761;5;5;54;8;2020;4;16;2;3;5;2;0;1;1;0;0;0;0;335630,101499999870000;5745619,074400000300000;6,614185097000075;51,837166399000068;0
205078;5200402300510422206;5;9;54;36;2020;4;10;5;2;5;2;0;1;1;0;0;0;0;384322,598000000230000;5699087,745999999300000;7,335938099000032;51,431168123000077;0
205080;5200408400100876097;5;7;11;0;2020;4;22;4;3;5;2;2;1;1;0;0;0;0;468300,807599999940000;5764819,269300000700000;8,537910876000069;52,033089166000082;0
205081;5200405500200758202;5;1;11;0;2020;4;14;1;2;0;1;0;1;0;0;0;0;0;345695,820399999620000;5678551,931800000400000;6,789563633000057;51,237447739000061;0
205083;5200407513130076161;5;1;62;22;2020;4;18;3;3;0;7;0;1;0;1;0;0;0;337871,001299999650000;5686219,740399999500000;6,674090818000025;51,304170872000043;0
205085;5200401711213581052;5;5;70;4;2020;4;14;4;3;7;3;0;1;1;0;0;0;0;424491,675900000150000;5735319,933700000900000;7,905842750000033;51,763671371000044;0
205088;5200401706100472192;5;5;58;16;2020;4;11;4;2;0;1;0;1;0;0;0;0;0;375370,868599999700000;5745999,789200000500000;7,190521742000044;51,850871541000060;0
205092;5200401706000127953;5;5;58;20;2020;4;17;4;3;4;6;0;1;1;0;0;0;0;391665,486800000070000;5758497,039899999300000;7,423068163000039;51,966593498000066;0
205094;5200408301404454203;5;9;13;0;2020;4;17;4;3;5;3;0;1;1;0;0;0;0;396455,249599999750000;5705723,656899999800000;7,508459991000052;51,493163778000053;0
205097;5200404500200694208;5;1;11;0;2020;4;15;7;3;1;5;0;1;1;0;0;0;0;347158,663599999620000;5678405,216099999800000;6,810565253000050;51,236523150000039;0
205103;5200404607400378238;5;3;82;68;2020;4;19;7;2;0;1;0;1;0;0;0;0;0;368149,713600000370000;5631318,785299999600000;7,128200531000061;50,818566100000055;0
205106;5200407500300419208;5;1;11;0;2020;4;14;3;3;5;3;0;1;1;0;0;0;0;345578,956399999560000;5673386,837700000000000;6,790114731000074;51,191005337000036;0
205107;5200404404302221757;5;7;66;8;2020;4;9;7;2;5;3;0;1;0;0;0;0;1;484623,766999999990000;5768372,134999999800000;8,775692903000049;52,065725187000055;0
205108;5200401702100360729;5;5;15;0;2020;4;11;4;2;0;5;0;1;1;0;0;1;0;405606,439500000330000;5757271,467100000000000;7,626263688000051;51,958119743000054;0
205109;5200406501213882259;5;1;12;0;2020;4;8;2;2;0;7;0;1;0;0;0;0;0;340952,982499999930000;5698724,286900000600000;6,712674910000033;51,417391048000070;0
205110;5200403411224776352;5;7;74;24;2020;4;14;6;2;0;7;0;1;0;0;0;0;0;477315,516800000330000;5741127,306700000500000;8,670880042000022;51,820518646000039;0
205112;5200407601620229205;5;3;15;0;2020;4;17;3;3;3;6;0;1;1;0;0;0;0;361153,530000000260000;5640523,172000000300000;7,025449419000040;50,899654311000063;0
205114;5200404601200557560;5;3;15;0;2020;4;16;7;3;0;1;0;1;0;0;0;0;0;353771,011599999850000;5642213,788100000500000;6,919856632000062;50,913025118000064;0
205117;5200401607200957201;5;3;82;20;2020;4;16;4;3;5;2;0;1;1;0;0;0;0;378750,795599999840000;5626455,025000000400000;7,280227882000077;50,777163780000080;0
205118;5200406301303835205;5;9;13;0;2020;4;16;2;3;5;2;0;1;1;0;0;0;0;397855,700000000190000;5714034,671000000100000;7,526215262000051;51,568123817000071;0
205120;5200405502321232205;5;1;13;0;2020;4;14;1;2;0;1;0;1;0;0;0;0;0;357477,161500000390000;5705237,558800000700000;6,947519686000021;51,480314760000056;0
205122;5200401607111881192;5;3;82;40;2020;4;13;4;2;0;7;0;1;0;0;0;0;0;383358,492200000210000;5634260,293500000600000;7,343071658000042;50,848270668000055;0
205124;5200405514213782482;5;1;66;8;2020;4;20;1;3;9;1;1;1;0;0;0;0;0;314763,043800000100000;5691104,093900000700000;6,340404211000021;51,340994206000062;0
205125;5200407601100481248;5;3;15;0;2020;4;13;3;3;0;7;0;1;1;0;0;0;0;356518,440499999560000;5643501,334799999400000;6,958406230000037;50,925285735000045;0
205126;5200404516500490206;5;1;58;16;2020;4;15;7;3;0;7;0;1;0;0;0;0;0;355864,036999999550000;5670075,919999999900000;6,938524244000064;51,163938717000065;0
205131;5200408315110976516;5;9;70;40;2020;4;20;4;3;0;1;0;1;0;0;0;0;0;432593,757000000220000;5635259,266000000800000;8,042147177000061;50,865086846000054;0
205132;5200405500100200428;5;1;11;0;2020;4;20;1;3;0;7;0;1;1;0;0;0;0;344665,334400000050000;5677515,591399999300000;6,775262941000051;51,227856244000066;0
205135;5200401601110551209;5;3;15;0;2020;4;17;4;3;1;5;0;1;0;0;0;0;1;356915,699599999930000;5642561,519200000900000;6,964423709000073;50,916938332000029;0
205136;5200406601100569647;5;3;15;0;2020;4;13;2;3;0;5;0;1;1;0;0;0;0;356621,308799999770000;5642514,594200000200000;6,960256861000062;50,916443553000079;0
205137;5200407516400933207;5;1;58;24;2020;4;17;3;3;3;2;0;1;1;0;0;0;0;357574,083899999970000;5679171,997300000900000;6,959354782000048;51,246108789000061;0
205140;5200406601520223208;5;3;15;0;2020;4;8;2;3;1;5;0;1;1;0;0;0;0;360085,841900000350000;5645264,723700000000000;7,008456475000060;50,942009823000035;0
205141;5200401600110477204;5;3;14;0;2020;4;12;4;3;0;1;0;1;0;0;0;0;0;365574,691499999720000;5622031,157099999500000;7,095061124000040;50,734498154000050;0
205142;5200405701700468204;5;5;62;16;2020;4;19;1;2;5;3;0;1;1;0;0;0;0;374837,150799999940000;5734330,935599999500000;7,186988889000077;51,745887026000048;0
205146;5200407501222582373;5;1;12;0;2020;4;9;3;3;2;6;0;1;1;0;0;0;0;340387,249800000340000;5702325,610899999700000;6,702922869000076;51,449588525000081;0
205147;5200404410120076225;5;7;70;32;2020;4;15;7;3;1;5;0;1;1;0;0;0;0;495266,472400000320000;5790645,939300000700000;8,930636792000030;52,266175425000029;0
205149;5200406503000376612;5;1;22;0;2020;4;10;2;2;5;2;0;1;1;0;0;0;0;361680,349899999800000;5668868,843599999300000;7,022120724000047;51,154526828000030;0
205152;5200403405244472225;5;7;54;44;2020;4;11;6;3;5;3;0;1;1;0;0;0;0;465511,285500000230000;5748241,986600000400000;8,498913161000075;51,883881691000056;0
205155;5200404610221176006;5;3;70;20;2020;4;10;7;3;0;1;0;1;0;0;0;0;0;304678,661999999550000;5660249,158500000800000;6,212583098000039;51,060496422000028;0
205156;5200407411220924209;5;7;74;20;2020;4;18;3;2;4;1;0;1;1;0;0;0;0;462869,350999999790000;5733290,324999999300000;8,462133156000050;51,749283951000052;0
205157;5200404316400375859;5;9;74;44;2020;4;15;7;3;7;7;0;1;0;1;0;0;0;449897,842400000430000;5698071,258099999300000;8,279273151000041;51,431623850000051;0
205158;5200401516300178230;5;1;58;28;2020;4;17;4;3;5;3;0;1;1;0;0;0;0;348135,768000000160000;5684325,831000000200000;6,822037261000048;51,289984312000058;0
205159;5200406410110679180;5;7;70;24;2020;4;14;2;3;5;2;0;1;1;0;0;0;0;491705,198400000110000;5792585,146500000700000;8,878403717000026;52,283567714000071;0
205161;5200405518100900464;5;1;70;48;2020;4;14;1;2;1;5;0;1;1;0;0;0;0;336287,687500000000000;5726119,215500000900000;6,632900803000041;51,662179945000048;0
205162;5200407601310227207;5;3;15;0;2020;4;21;3;3;5;2;1;1;1;0;0;0;0;354974,268799999730000;5646038,059900000700000;6,935439828000028;50,947696564000069;0
205163;5200404600140988204;5;3;14;0;2020;4;14;7;3;0;7;0;1;0;0;0;0;0;367541,648699999790000;5622583,814799999800000;7,122720129000072;50,739917396000067;0
205165;5200406705000554279;5;5;54;56;2020;4;8;2;2;0;1;0;1;0;0;0;0;0;356362,037399999800000;5762033,572699999400000;6,908030688000054;51,990369556000076;0
205166;5200407608100289204;5;3;34;2;2020;4;15;3;3;5;3;0;1;1;0;0;0;0;291492,558000000190000;5628145,398000000000000;6,043009201000075;50,767550102000030;0
205167;5200401513210458202;5;1;62;24;2020;4;16;4;3;3;6;0;1;1;0;0;0;0;338759,549899999980000;5674872,613299999400000;6,691939523000031;51,202471704000061;0
205169;5200401506100893206;5;1;16;0;2020;4;16;4;3;5;3;0;1;1;0;0;0;0;320974,054899999870000;5674767,644899999700000;6,437662574000058;51,196232811000073;0
205170;5200407314210778526;5;9;66;4;2020;4;19;3;3;0;7;0;1;0;0;0;0;0;421719,241999999620000;5663331,937999999200000;7,881597663000036;51,116112643000065;0
205172;5200406316300397203;5;9;74;28;2020;4;15;2;3;5;3;0;1;1;0;0;0;0;454591,442300000230000;5723048,140799999200000;8,343562824000060;51,656588427000031;0
205174;5200407518320378237;5;1;70;52;2020;4;11;3;3;3;7;0;1;1;0;0;0;0;324279,279299999590000;5726056,670800000400000;6,459481531000051;51,657992243000081;0
205175;5200404516310510200;5;1;58;28;2020;4;21;7;2;1;5;2;1;1;0;0;0;0;350137,886099999770000;5684503,724600000300000;6,850654175000045;51,292113183000026;0
205177;5200406607400478184;5;3;82;68;2020;4;16;2;3;0;5;0;1;1;0;0;0;0;369877,071399999780000;5631035,393100000900000;7,152809612000056;50,816409666000027;0
205179;5200405709700534934;5;5;66;28;2020;4;17;1;2;6;1;0;1;0;1;0;0;0;412277,465800000350000;5792297,196000000500000;7,714294813000038;52,274042027000064;0
205182;5200408400300103654;5;7;11;0;2020;4;21;4;3;0;1;2;1;1;0;0;0;0;466918,790400000290000;5759544,272099999700000;8,518275046000042;51,985582914000076;0
205183;5200405500200775207;5;1;11;0;2020;4;17;1;3;0;7;0;1;0;0;0;0;0;343420,886500000020000;5687215,562300000300000;6,753205704000038;51,314672144000042;0
205184;5200407513210863496;5;1;62;24;2020;4;16;3;3;5;3;0;1;1;0;0;0;0;337884,731999999840000;5670807,879000000700000;6,681262085000071;51,165703145000066;0
205186;5200401310110080517;5;9;54;16;2020;4;9;4;3;5;3;0;1;1;0;0;0;0;370072,051799999550000;5696235,097799999600000;7,132095031000063;51,402442834000055;0
205188;5200401301401469203;5;9;13;0;2020;4;7;4;2;5;3;0;1;1;0;0;0;0;396905,324199999680000;5707405,949400000300000;7,514449213000034;51,508367658000054;0
205191;5200404702100134200;5;5;15;0;2020;4;15;7;3;8;5;0;1;0;0;0;0;1;406510,815700000150000;5751622,276000000500000;7,640956425000070;51,907494626000073;0
205194;5200408301501443203;5;9;13;0;2020;4;19;4;3;2;6;0;1;1;0;0;0;0;389825,747999999670000;5706691,414999999100000;7,412699479000025;51,500609222000037;0
205197;5200404500300675205;5;1;11;0;2020;4;15;7;3;2;1;0;1;0;0;0;0;0;344274,713000000450000;5674611,474999999600000;6,770933891000027;51,201655292000055;0
205198;5200331705000076646;5;5;54;48;2020;3;13;3;2;0;3;0;1;1;0;0;0;0;340713,790500000120000;5744791,878499999600000;6,688289284000064;51,831207945000074;0
205199;5200406513210362143;5;1;62;24;2020;4;6;2;2;5;3;0;1;0;0;0;1;0;338095,691300000060000;5677005,675899999200000;6,681482344000074;51,221449109000048;0
205200;5200403316100282205;5;9;74;40;2020;4;12;6;2;5;2;0;1;1;0;0;0;0;437422,386599999850000;5712876,648900000400000;8,097207341000058;51,563492903000054;1
205201;5200405606110030200;5;3;78;4;2020;4;11;1;3;0;7;0;1;1;0;0;0;0;369452,314500000330000;5651047,570399999600000;7,139625699000021;50,996181895000063;0
205202;5200403702100968375;5;5;15;0;2020;4;14;6;3;0;6;0;1;1;0;0;0;0;405266,636300000360000;5758835,100999999800000;7,620888615000069;51,972116531000040;0
205203;5200404608100713200;5;3;34;2;2020;4;15;7;3;0;2;0;1;1;0;0;0;0;293810,477099999790000;5627714,654100000900000;6,076076641000043;50,764509832000044;0
205204;5200403701500259208;5;5;62;24;2020;4;15;6;2;5;3;0;1;1;0;0;0;0;366414,627999999560000;5724996,142000000900000;7,068635588000063;51,660057153000082;0
205205;5200407317110765202;5;9;78;36;2020;4;17;3;3;1;6;0;1;1;0;0;0;0;411613,963299999940000;5708386,962999999500000;7,726087467000070;51,519678811000063;0
205206;5200331702100897204;5;5;15;0;2020;3;9;3;2;0;1;0;1;0;0;0;0;0;405790,542000000370000;5755014,978000000100000;7,629560604000062;51,937868597000033;2
205207;5200406405244006736;5;7;54;44;2020;4;16;2;3;0;3;0;1;0;0;0;0;0;466120,110999999570000;5747641,698899999300000;8,507817378000027;51,878521951000039;0
205208;5200409505200875930;5;1;14;0;2020;4;16;5;3;0;5;0;1;1;0;0;0;0;336186,185300000010000;5691882,243899999200000;6,647338718000071;51,354562785000041;0
205209;5200412705000176771;5;5;54;8;2020;4;20;1;3;0;7;1;1;0;0;0;0;0;336343,113800000400000;5745034,176899999400000;6,624801399000035;51,832121361000077;0
205211;5200412610112277581;5;3;70;8;2020;4;15;1;3;7;5;0;1;1;0;0;0;0;293586,952999999750000;5654669,090299999300000;6,057689556000071;51,006504700000050;0
205212;5200412608312065205;5;3;34;12;2020;4;17;1;3;2;6;0;1;0;0;1;0;0;304102,459200000390000;5635680,101399999100000;6,217587423000055;50,839622970000050;0
205213;5200414601700776209;5;3;16;0;2020;4;15;3;3;5;3;0;1;1;0;0;0;0;356272,179899999870000;5657508,038899999100000;6,949363516000062;51,051099454000052;0
205214;5200409505100779382;5;1;14;0;2020;4;16;5;3;1;6;0;1;1;0;0;0;0;328632,611999999730000;5688822,857000000800000;6,540433110000038;51,324850495000078;0
205217;5200412607500614207;5;3;82;56;2020;4;17;1;1;0;7;0;1;0;0;0;0;0;369958,133000000380000;5628291,193000000000000;7,154931711000074;50,791762636000044;0
205218;5200409505100179045;5;1;14;0;2020;4;16;5;3;5;3;0;1;1;0;0;0;0;330415,158999999990000;5688336,278999999200000;6,566223879000063;51,321013363000077;0
205219;5200412607200619202;5;3;82;20;2020;4;17;1;3;4;6;0;1;1;0;0;0;0;377773,469399999830000;5625309,047000000300000;7,266753269000049;50,766657728000041;0
205223;5200412601700974339;5;3;16;0;2020;4;14;1;3;1;5;0;1;1;0;0;0;0;353690,394500000400000;5658748,929899999900000;6,912052183000071;51,061598771000035;0
205224;5200412601700047201;5;3;16;0;2020;4;17;1;3;0;1;0;1;0;0;0;0;0;359502,786999999550000;5655445,760800000300000;6,996225644000049;51,033365283000080;0
205227;5200412601520001203;5;3;15;0;2020;4;16;1;3;0;1;0;1;0;0;0;0;0;359952,911999999550000;5645966,304999999700000;7,006295793000049;50,948282757000072;0
205228;5200409503100468203;5;1;24;0;2020;4;18;5;3;5;3;0;1;1;0;0;0;0;369395,749400000090000;5680172,467199999800000;7,128266381000060;51,257929885000067;0
205230;5200409502209192202;5;1;13;0;2020;4;18;5;2;3;1;0;1;1;0;0;0;0;360406,238400000150000;5700168,201899999800000;6,991674301000046;51,435490655000081;0
205231;5200412600110137200;5;3;14;0;2020;4;12;1;3;5;3;0;1;1;0;0;0;0;363746,102099999790000;5621018,045099999800000;7,069538200000068;50,724966409000046;0
205232;5200412516400556201;5;1;58;24;2020;4;13;1;3;0;1;0;1;0;0;0;0;0;357038,385999999940000;5680687,092399999500000;6,951079402000062;51,259589958000049;0
205233;5200412516300278652;5;1;58;28;2020;4;16;1;3;5;2;0;1;0;0;0;0;1;349771,963899999860000;5684837,344599999500000;6,845269659000053;51,295014571000081;0
205237;5200412502111877683;5;1;13;0;2020;4;20;1;3;0;7;1;1;0;0;0;0;0;366224,298200000080000;5702613,889599999400000;7,074401856000065;51,458873076000032;0
205240;5200412501128074203;5;1;12;0;2020;4;15;1;3;3;7;0;1;1;0;0;0;0;342584,500599999910000;5702825,385800000300000;6,734295611000050;51,454693935000080;0
205241;5200409500300368205;5;1;11;0;2020;4;15;5;3;5;3;0;1;0;0;0;0;0;343897,698300000280000;5675900,193900000300000;6,764980980000075;51,213131971000053;0
205243;5200409500200965207;5;1;11;0;2020;4;16;5;3;1;7;0;1;1;0;0;0;0;343836,517300000410000;5679898,910000000100000;6,762362954000025;51,249044846000061;0
205244;5200412500300252208;5;1;11;0;2020;4;13;1;3;0;1;0;1;0;0;0;0;0;343753,522400000130000;5675659,787100000300000;6,763023124000029;51,210932412000034;0
205245;5200412500200867276;5;1;11;0;2020;4;0;1;3;0;1;2;1;0;0;0;0;0;345973,875799999570000;5678415,299200000200000;6,793602412000041;51,236295161000044;0
205246;5200412405232579138;5;7;54;32;2020;4;13;1;2;0;7;0;1;0;0;0;0;0;461796,645299999970000;5741387,574799999600000;8,445703381000044;51,822013120000065;0
205248;5200412314220480996;5;9;66;12;2020;4;11;1;2;0;1;0;1;0;0;0;0;0;428691,058699999940000;5669895,308900000500000;7,979886677000025;51,176033051000047;0
205249;5200409500200853206;5;1;11;0;2020;4;10;5;2;0;1;0;1;0;0;0;0;0;346488,430700000380000;5677430,157099999500000;6,801389581000024;51,227581819000079;0
205251;5200413502104439205;5;1;13;0;2020;4;14;2;3;5;3;0;1;1;0;0;0;0;361435,005099999720000;5703018,958100000400000;7,005349077000062;51,461361112000077;0
205252;5200412313110173345;5;9;58;4;2020;4;19;1;3;2;6;0;1;1;0;0;0;0;429382,985799999910000;5701665,701799999900000;7,983489247000023;51,461753809000072;0
205253;5200409500200369603;5;1;11;0;2020;4;20;5;3;0;1;0;1;0;0;0;0;0;344405,027300000190000;5678527,432399999400000;6,771098367000036;51,236877070000048;0
205254;5200412307000556201;5;9;62;4;2020;4;21;1;3;0;1;2;1;0;0;0;0;0;407805,838000000450000;5685567,310000000500000;7,677151576000028;51,313933989000077;0
205257;5200412301403166209;5;9;13;0;2020;4;19;1;2;6;7;0;1;0;1;0;0;0;402479,562300000340000;5708781,143200000700000;7,594364399000028;51,521718839000073;0
205259;5200412301401131201;5;9;13;0;2020;4;13;1;3;5;2;0;1;1;0;0;0;0;396794,934999999590000;5706923,409000000000000;7,513000347000059;51,504010101000063;0
205263;5200414601320344200;5;3;15;0;2020;4;7;3;3;0;1;0;1;0;0;0;0;0;349147,699000000020000;5645829,852000000000000;6,852641163000044;50,944330306000040;0
205266;5200409410110366299;5;7;70;24;2020;4;17;5;3;0;1;0;1;0;0;0;0;0;495680,897900000210000;5793731,306800000400000;8,936670083000024;52,293917906000047;0
205267;5200411711311548079;5;5;70;8;2020;4;12;7;3;5;2;0;1;1;0;0;0;0;433106,611200000160000;5734412,816099999500000;8,030832031000045;51,756611904000067;0
205271;5200411709110972341;5;5;66;4;2020;4;13;7;2;5;3;0;1;1;0;0;0;0;396679,921199999750000;5766971,787000000500000;7,493475244000024;52,043717848000028;0
205273;5200411705000064134;5;5;54;8;2020;4;11;7;3;5;1;0;1;1;0;0;0;0;335842,407999999820000;5744548,096999999100000;6,617771800000071;51,827607781000040;0
205274;5200411702100876642;5;5;15;0;2020;4;16;7;3;5;3;0;1;1;0;0;0;0;404612,572100000460000;5754278,694900000500000;7,612634551000042;51,931049892000033;0
205275;5200411701910555843;5;5;62;8;2020;4;17;7;2;0;6;0;1;0;1;0;0;0;382378,449400000270000;5723043,238199999600000;7,299978971000030;51,646073272000081;0
205277;5200411701700903206;5;5;62;16;2020;4;11;7;2;5;3;0;1;1;0;0;0;0;377595,749699999580000;5737206,839299999200000;7,225914016000047;51,772342263000041;0
205278;5200409317210988205;5;9;78;20;2020;4;14;5;2;4;6;0;1;0;0;0;0;0;407366,483500000090000;5715803,558700000900000;7,662932365000074;51,585667426000043;0
205282;5200411610111071791;5;3;70;16;2020;4;9;7;3;8;1;0;1;0;0;0;0;0;295578,323499999940000;5665363,261199999600000;6,079996828000049;51,103257368000072;0
205283;5200411608404942201;5;3;34;4;2020;4;10;7;3;1;1;0;1;1;0;0;0;0;300040,377000000330000;5639610,852600000800000;6,157820166000022;50,873538476000078;0
205284;5200414405228476383;5;7;54;28;2020;4;16;3;3;5;1;0;1;0;0;0;0;0;452527,975999999790000;5743284,668999999800000;8,310972493000065;51,838358450000044;0
205285;5200411608200977209;5;3;34;2;2020;4;16;7;3;0;1;0;1;0;0;0;0;0;294912,277999999930000;5630504,909399999300000;6,090123485000049;50,789960230000077;0
205286;5200411608200976200;5;3;34;2;2020;4;14;7;3;5;3;0;1;1;0;0;0;0;295517,209300000220000;5629650,083100000400000;6,099170288000039;50,782496451000043;0
205288;5200411608200944979;5;3;34;2;2020;4;8;7;3;1;5;0;1;1;0;0;0;0;295670,486999999730000;5628217,452700000300000;6,102137638000045;50,769683547000056;0
205289;5200409316100281575;5;9;74;40;2020;4;13;5;2;8;2;0;1;0;0;0;0;0;439630,763299999760000;5712154,479499999400000;8,129187066000043;51,557240915000079;0
205292;5200411607400591206;5;3;82;44;2020;4;15;7;3;5;3;0;1;1;0;0;0;0;361262,769199999980000;5633111,996099999200000;7,029812435000054;50,833073530000036;0
205297;5200411603140180738;5;3;66;40;2020;4;18;7;2;0;7;0;1;0;0;0;0;0;347710,800599999730000;5624779,639900000800000;6,840956517000052;50,754788673000064;0
205299;5200411602500262784;5;3;62;24;2020;4;16;7;3;4;6;0;1;0;0;0;0;0;345306,342199999840000;5643854,337799999900000;6,798841238000023;50,925560544000064;0
205300;5200409301504736205;5;9;13;0;2020;4;17;5;3;0;6;0;1;1;0;0;0;0;387205,547799999830000;5711155,199999999300000;7,373537044000045;51,540213235000067;0
205301;5200411601620781202;5;3;15;0;2020;4;14;7;3;5;3;0;1;0;0;0;0;0;359271,425999999980000;5634075,609799999700000;7,001181850000023;50,841253047000066;0
205302;5200413411132376098;5;7;74;32;2020;4;17;2;3;0;7;0;1;0;1;0;0;0;481932,827100000340000;5731461,950400000400000;8,738372919000028;51,733783808000055;0
205304;5200411601220783200;5;3;15;0;2020;4;14;7;3;5;2;0;1;1;0;0;0;0;354769,286299999800000;5641451,853399999400000;6,934350647000031;50,906429828000057;0
205306;5200411601220744205;5;3;15;0;2020;4;11;7;3;5;3;0;1;1;0;0;0;0;359478,138000000270000;5639550,211999999400000;7,002013208000051;50,890504853000039;0
205307;5200409301302726204;5;9;78;24;2020;4;18;5;3;5;3;0;1;1;0;0;0;0;392789,093000000340000;5717428,119999999200000;7,452103723000050;51,597684620000052;0
205308;5200411600110969556;5;3;14;0;2020;4;8;7;3;5;3;0;1;1;0;0;0;0;366924,039599999790000;5619260,367000000600000;7,115171266000061;50,709904867000034;0
205309;5200413410110078205;5;7;70;24;2020;4;14;2;3;5;2;0;1;1;0;0;0;0;492940,606999999840000;5792109,773000000000000;8,896523907000074;52,279311120000045;0
205310;5200411518400268321;5;1;70;8;2020;4;18;7;3;5;3;0;1;1;0;0;0;0;345052,521700000390000;5715342,892200000600000;6,764287904000071;51,567842975000076;0
205312;5200411518200678700;5;1;70;24;2020;4;17;7;3;0;7;0;1;0;1;0;0;0;335249,426900000310000;5702615,349400000600000;6,628913655000076;51,450720191000073;0
205313;5200414601310461207;5;3;15;0;2020;4;10;3;3;4;6;0;1;0;0;0;0;0;354761,610999999570000;5646620,110999999600000;6,932182401000034;50,952873752000073;0
205316;5200411516800180813;5;1;58;20;2020;4;17;7;3;1;5;0;1;1;0;0;0;0;355982,744800000450000;5666562,902400000000000;6,941626213000063;51,132399027000076;0
205317;5200414606800981856;5;3;78;16;2020;4;15;3;3;5;3;0;1;1;0;0;0;0;360921,864299999550000;5663306,258099999300000;7,013428520000048;51,104352675000030;0
205320;5200409300500077731;5;9;11;0;2020;4;15;5;3;5;2;0;1;1;0;0;0;0;376354,263700000010000;5703977,756200000600000;7,219659051000065;51,473434150000060;0
205321;5200411515110579066;5;1;54;36;2020;4;8;7;3;1;3;0;1;1;0;0;0;0;302584,718000000340000;5741604,641000000800000;6,137413640000034;51,790416893000042;0
205322;5200408711311182312;5;5;70;8;2020;4;13;4;3;5;3;0;1;0;0;0;0;0;433972,970099999570000;5734191,598400000500000;8,043424177000077;51,754725951000069;0
205324;5200411513210951130;5;1;62;24;2020;4;7;7;3;5;3;0;1;1;0;0;0;0;341343,317699999550000;5670433,778000000900000;6,730853288000049;51,163311497000052;0
205326;5200411513110434207;5;1;62;16;2020;4;16;7;3;4;2;0;1;1;0;0;0;0;333896,342699999920000;5677311,724400000600000;6,621259502000044;51,222992470000065;0
205329;5200408711113972431;5;5;70;52;2020;4;7;4;3;5;2;0;1;1;0;0;0;0;430960,481900000010000;5755811,440600000300000;7,995469068000034;51,948720972000046;0
205332;5200408706200579112;5;5;58;40;2020;4;17;4;3;5;3;0;1;1;0;0;0;0;376802,536399999630000;5764204,628799999100000;7,204778215000033;52,014790058000074;0
205333;5200411502320328203;5;1;13;0;2020;4;18;7;3;1;6;0;1;1;0;0;0;0;356625,496600000190000;5705220,504400000000000;6,935270268000068;51,479946284000050;0
205335;5200411500300100525;5;1;11;0;2020;4;14;7;3;5;3;0;1;1;0;0;0;0;350422,718100000170000;5672669,003100000300000;6,859678970000061;51,185843198000043;0
205336;5200411500200654342;5;1;11;0;2020;4;15;7;3;3;2;0;1;1;0;0;0;0;349071,453800000250000;5678247,475600000500000;6,838011163000033;51,235614905000034;0
205337;5200413602100480763;5;3;62;8;2020;4;14;2;3;0;3;0;1;1;0;0;0;0;334358,906000000420000;5647829,356499999800000;6,641397560000030;50,958236926000041;0
205339;5200414500300201983;5;1;11;0;2020;4;11;3;2;5;3;0;1;0;0;0;0;1;345643,155899999660000;5676264,066400000800000;6,789795181000045;51,216875996000056;0
205340;5200411500200270549;5;1;11;0;2020;4;16;7;3;0;7;0;1;0;0;0;0;0;343174,403199999590000;5681370,042099999300000;6,752238669000064;51,262081560000070;0
205344;5200408702100161966;5;5;15;0;2020;4;17;4;2;0;7;0;1;1;0;0;0;0;404658,258100000210000;5757228,548100000200000;7,612480798000036;51,957572200000072;0
205350;5200411405116478114;5;7;54;16;2020;4;14;7;3;5;3;0;1;1;0;0;0;0;445252,314000000250000;5758702,544999999900000;8,202930993000052;51,976302824000072;0