OBJECTID;UIDENTSTLAE;ULAND;UREGBEZ;UKREIS;UGEMEINDE;UJAHR;UMONAT;USTUNDE;UWOCHENTAG;UKATEGORIE;UART;UTYP1;ULICHTVERH;IstRad;IstPKW;IstFuss;IstKrad;IstGkfz;IstSonstige;LINREFX;LINREFY;XGCSWGS84;YGCSWGS84;STRZUSTAND
205352;5200411405108382150;5;7;54;8;2020;4;13;7;2;5;2;0;1;1;0;0;0;0;457693,644700000060000;5753117,612099999600000;8,384738364000043;51,927177977000042;0
205353;5200408610211976597;5;3;70;4;2020;4;11;4;3;1;2;0;1;1;0;0;0;0;312341,289699999620000;5663173,571499999600000;6,320287464000046;51,089320480000026;0
205354;5200411404101376171;5;7;66;20;2020;4;15;7;3;5;3;0;1;1;0;0;0;0;490793,545599999840000;5755695,972699999800000;8,866037461000076;51,951891741000054;0
205356;5200411317110066200;5;9;78;36;2020;4;22;7;3;0;7;2;1;0;0;0;0;0;405850,780299999750000;5711872,753399999800000;7,642114543000048;51,550081837000050;0
205357;5200413601420166206;5;3;15;0;2020;4;12;2;2;0;1;0;1;0;0;0;0;0;353836,925200000410000;5657792,075500000300000;6,914528269000073;51,053037371000073;0
205358;5200411315240373386;5;9;70;20;2020;4;15;7;3;0;7;0;1;0;0;0;0;0;433543,815899999810000;5647568,790999999300000;8,053402452000057;50,975876682000035;0
205359;5200413601300880369;5;3;15;0;2020;4;18;2;2;8;7;0;1;0;0;0;0;0;350487,327999999750000;5646148,642500000100000;6,871565568000051;50,947544041000072;0
205365;5200413302221075656;5;9;14;0;2020;4;18;2;3;6;2;0;1;0;1;0;0;0;394863,894899999720000;5689073,874099999700000;7,490484151000032;51,343209840000043;0
205369;5200408609224975612;5;3;58;24;2020;4;11;4;3;4;2;0;1;1;0;0;0;0;314480,347400000320000;5644524,782800000200000;6,360328861000028;50,922495986000058;0
205371;5200408609224665703;5;3;58;24;2020;4;13;4;2;0;7;0;1;0;0;0;0;0;314351,121700000020000;5644213,814200000800000;6,358650533000059;50,919660977000035;0
205372;5200410700100881231;5;5;13;0;2020;4;18;6;3;4;6;0;1;1;0;0;0;0;369697,701000000350000;5706524,531400000700000;7,122927132000029;51,494827966000059;0
205374;5200410610221471703;5;3;70;40;2020;4;16;6;3;0;1;0;1;0;0;0;0;0;309254,673000000420000;5669206,505000000800000;6,273074283000028;51,142491104000044;0
205377;5200408601420588208;5;3;15;0;2020;4;10;4;3;5;3;0;1;1;0;0;0;0;355595,913599999620000;5648374,810599999500000;6,943356161000054;50,968852460000051;0
205380;5200410601110603200;5;3;15;0;2020;4;16;6;2;0;1;0;1;0;0;0;0;0;355295,507100000050000;5644187,042400000600000;6,940744944000073;50,931142608000073;0
205382;5200410600110369587;5;3;14;0;2020;4;21;6;2;0;1;2;1;0;0;0;0;0;366530,399000000210000;5619158,767999999200000;7,109635884000056;50,708901444000048;0
205384;5200410516910401209;5;1;58;26;2020;4;11;6;3;0;1;0;1;0;0;0;0;0;353815,648299999540000;5662301,015300000100000;6,912401842000065;51,093551171000058;0
205385;5200408601400526330;5;3;15;0;2020;4;16;4;3;5;3;0;1;0;0;0;0;0;350087,500799999570000;5658867,641300000300000;6,860624911000059;51,061736102000054;0
205386;5200410514215660209;5;1;66;28;2020;4;17;6;3;0;1;0;1;0;0;0;0;0;325593,763700000010000;5688468,431500000900000;6,497035456000049;51,320742956000061;0
205388;5200410502241245206;5;1;13;0;2020;4;15;6;2;0;1;0;1;0;0;0;0;0;359577,729000000280000;5699970,867300000000000;6,979840782000053;51,433512617000076;0
205389;5200414407101170270;5;7;62;20;2020;4;6;3;3;6;4;1;1;0;1;0;0;0;526365,832999999630000;5736517,757999999400000;9,382179411000038;51,778912303000027;0
205390;5200410501323872208;5;1;12;0;2020;4;15;6;3;5;3;0;1;1;0;0;0;0;345322,971699999650000;5694845,943000000000000;6,777160695000021;51,383752853000033;0
205391;5200408601110612209;5;3;15;0;2020;4;12;4;3;0;7;0;1;0;0;0;0;0;355043,492899999950000;5643969,769300000700000;6,937247474000060;50,929126744000030;0
205393;5200410500300974344;5;1;11;0;2020;4;18;6;3;1;5;0;1;1;0;0;0;0;348861,424399999900000;5674414,738600000700000;6,836620404000030;51,201119327000072;0
205395;5200410500200930203;5;1;11;0;2020;4;16;6;2;6;4;0;1;0;1;0;0;0;350656,139100000260000;5678885,892599999900000;6,860427844000071;51,241768589000060;0
205399;5200410410220440220;5;7;70;8;2020;4;15;6;3;0;7;0;1;0;0;0;0;1;479179,728799999690000;5798700,447000000600000;8,694412268000065;52,338214646000040;0
205403;5200410405108482050;5;7;54;8;2020;4;16;6;3;0;7;0;1;0;0;0;0;0;461628,431599999780000;5754651,583100000400000;8,441787802000022;51,941254503000039;0
205404;5200408600110532200;5;3;14;0;2020;4;5;4;3;0;1;2;1;0;0;0;0;0;365514,325299999680000;5620745,814300000700000;7,094674992000023;50,722931593000055;0
205406;5200413301503253203;5;9;13;0;2020;4;16;2;3;5;3;0;1;1;0;0;0;0;385217,600899999960000;5706609,889599999400000;7,346364735000066;51,498959455000033;0
205407;5200410400100485200;5;7;11;0;2020;4;17;6;3;4;6;0;1;1;0;0;0;0;472026,514299999920000;5766118,919900000100000;8,592113755000071;52,044974361000072;0
205413;5200408518400844428;5;1;70;8;2020;4;9;4;3;5;3;0;1;1;0;0;0;0;342963,259399999860000;5715406,154799999700000;6,734139211000070;51,567833427000039;0
205415;5200412709500679230;5;5;66;76;2020;4;11;1;3;5;3;0;1;1;0;0;0;0;393652,741700000130000;5794295,945000000300000;7,440791038000043;52,288718257000028;0
205418;5200414601310792205;5;3;15;0;2020;4;15;3;2;0;1;0;1;0;0;0;0;0;351937,503700000230000;5649304,623199999300000;6,890910754000061;50,976279445000046;0
205420;5200408518400182155;5;1;70;8;2020;4;14;4;2;5;3;0;1;1;0;0;0;0;347243,541500000280000;5714182,407700000300000;6,796380710000051;51,558013838000079;0
205422;5200409610211832769;5;3;70;4;2020;4;12;5;2;5;3;0;1;1;0;0;0;0;312149,502100000160000;5661940,075999999400000;6,318193193000070;51,078177822000043;0
205423;5200408518120682246;5;1;70;44;2020;4;22;4;3;2;6;2;1;1;0;0;0;0;335051,170699999670000;5720077,544600000600000;6,617885384000033;51,607541646000072;0
205424;5200409609108473663;5;3;58;8;2020;4;12;5;3;3;6;0;1;1;0;0;0;0;321868,949599999930000;5630024,971599999800000;6,472402148000072;50,794558913000060;0
205427;5200408516500107207;5;1;58;16;2020;4;12;4;3;2;6;0;1;0;0;0;0;0;355990,549899999980000;5672206,546800000600000;6,939478885000028;51,183117274000040;0
205428;5200409608100727200;5;3;34;2;2020;4;11;5;3;6;4;0;1;0;1;0;0;0;294718,396999999880000;5629177,436000000700000;6,088117647000047;50,777969302000031;0
205433;5200408516114468156;5;1;58;32;2020;4;17;4;3;0;1;0;1;0;0;0;0;0;369550,440000000410000;5691968,515000000600000;7,126167456000076;51,363978944000053;0
205435;5200408513210213202;5;1;62;24;2020;4;16;4;2;1;5;0;1;1;0;0;0;0;341199,240500000310000;5665788,484099999100000;6,730842707000022;51,121532557000080;0
205438;5200409601610239209;5;3;15;0;2020;4;15;5;3;5;3;0;1;1;0;0;0;0;358668,784900000320000;5641563,313200000700000;6,989733948000037;50,908399368000062;0
205440;5200409601400981802;5;3;15;0;2020;4;8;5;2;0;1;0;1;0;0;0;0;0;352531,398000000040000;5652740,618000000700000;6,897969499000055;51,007309261000046;0
205441;5200414500300617207;5;1;11;0;2020;4;17;3;3;1;7;0;1;1;0;0;0;0;343792,030000000260000;5674970,528999999200000;6,763874073000068;51,204749739000079;0
205443;5200408503100781524;5;1;24;0;2020;4;19;4;2;0;1;0;1;0;1;0;0;0;368231,823200000450000;5678699,725999999800000;7,112137689000065;51,244426212000064;0
205445;5200408502317935206;5;1;13;0;2020;4;13;4;3;0;7;0;1;1;0;0;0;0;356562,057699999770000;5704564,464999999900000;6,934623697000063;51,474035086000072;0
205446;5200409601220189202;5;3;15;0;2020;4;13;5;3;1;3;0;1;1;0;0;0;0;355260,561499999840000;5642339,101299999300000;6,940981434000037;50,914526752000029;0
205449;5200409600140678250;5;3;14;0;2020;4;18;5;3;0;1;0;1;0;0;0;0;0;367280,442999999970000;5622494,164999999100000;7,119052579000027;50,739051979000067;0
205454;5200408502214868204;5;1;13;0;2020;4;10;4;3;5;2;0;1;1;0;0;0;0;362090,422000000250000;5699176,430999999900000;7,016274981000038;51,426990636000028;0
205458;5200413515212078916;5;1;54;32;2020;4;18;2;3;8;1;0;1;1;0;0;0;0;309335,116799999960000;5717084,066500000700000;6,248562153000023;51,572538254000051;0
205459;5200409515111522076;5;1;54;8;2020;4;9;5;3;0;7;0;1;0;0;0;0;0;310074,284799999560000;5745670,317399999100000;6,243648628000074;51,829522657000041;0
205461;5200409513210978615;5;1;62;24;2020;4;12;5;3;0;7;0;1;0;0;0;0;0;338627,566700000320000;5670059,474500000500000;6,692213337000055;51,159188806000031;0
205462;5200408500200473993;5;1;11;0;2020;4;11;4;2;4;2;0;1;1;0;0;0;0;345014,600700000300000;5679484,628799999100000;6,779409199000043;51,245643733000065;0
205463;5200414303100579090;5;9;15;0;2020;4;19;3;3;0;7;0;1;1;0;0;0;0;415619,041000000200000;5725120,969000000500000;7,779773611000053;51,670722495000064;0
205466;5200416405116579097;5;7;54;16;2020;4;13;5;2;0;1;0;1;0;0;0;0;0;450585,206100000070000;5755619,302600000100000;8,281008998000061;51,949083383000072;0
205467;5200418700100681206;5;5;13;0;2020;4;15;7;3;6;4;0;1;0;1;0;0;0;365675,852800000460000;5708807,970599999700000;7,064155690000064;51,514407039000048;0
205468;5200416600110545499;5;3;14;0;2020;4;16;5;2;0;1;0;1;0;0;0;0;0;365836,610500000420000;5621613,123400000900000;7,098922733000052;50,730801445000054;0
205469;5200418316300902201;5;9;74;28;2020;4;17;7;3;0;1;0;1;0;0;0;0;0;455302,656600000340000;5723615,017799999600000;8,353771108000046;51,661742179000044;1
205470;5200415609220377577;5;3;58;24;2020;4;21;4;2;5;4;2;1;0;1;0;0;0;315496,986399999820000;5644953,718399999700000;6,374560843000040;50,926675148000072;0
205471;5200415608408475204;5;3;34;8;2020;4;12;4;3;5;3;0;1;1;0;0;0;0;303671,942099999640000;5645403,847300000500000;6,206257986000026;50,926815790000035;0
205472;5200417518100665788;5;1;70;48;2020;4;11;6;2;5;7;0;1;0;0;0;0;0;326469,991999999620000;5728522,953999999900000;6,489896362000025;51,680827007000062;0
205474;5200416706100572207;5;5;58;32;2020;4;17;5;3;0;1;0;1;0;0;0;0;0;386968,378800000060000;5753951,349899999800000;7,356220747000066;51,924804635000044;0
205476;5200419600120178206;5;3;82;24;2020;4;14;1;3;4;6;0;1;0;0;0;0;0;371748,304899999870000;5616092,967100000000000;7,184562428000049;50,682519241000080;0
205477;5200416503400178201;5;1;22;0;2020;4;11;5;2;6;6;0;1;0;1;0;0;0;363542,755300000310000;5671912,030500000300000;7,047580357000072;51,182323149000069;0
205478;5200417705000247427;5;5;54;68;2020;4;18;6;3;5;3;0;1;1;0;0;0;0;350203,501000000160000;5768843,579900000200000;6,815425739000034;52,049926722000066;0
205480;5200416513320074313;5;1;62;4;2020;4;5;5;3;0;1;1;1;0;0;0;0;0;349555,567800000310000;5664420,091000000000000;6,850727357000039;51,111491502000035;0
205483;5200417515110784201;5;1;54;36;2020;4;14;6;3;3;6;0;1;0;0;0;0;0;303498,206699999980000;5742392,964400000900000;6,150195269000051;51,797817714000075;0
205484;5200415602500473722;5;3;62;24;2020;4;15;4;3;6;4;0;1;0;1;0;0;0;342415,594999999740000;5641424,167999999600000;6,758791300000041;50,902941321000071;0
205486;5200418513000478772;5;1;62;22;2020;4;14;7;3;5;5;0;1;1;0;0;0;0;338176,337199999950000;5680245,404500000200000;6,681172651000054;51,250580188000072;0
205487;5200419513210152619;5;1;62;24;2020;4;16;1;2;0;7;0;1;0;0;0;0;0;340425,372999999670000;5669674,352900000300000;6,718072576000054;51,156232667000040;0
205488;5200417610111474201;5;3;70;16;2020;4;17;6;3;5;3;0;1;1;0;0;0;0;297536,558000000190000;5660792,628900000800000;6,110490861000073;51,062903715000061;0
205489;5200415601420062201;5;3;15;0;2020;4;10;4;3;1;2;0;1;1;0;0;0;0;356754,169999999930000;5648829,643300000600000;6,959661991000075;50,973229169000035;0
205490;5200417500100384204;5;1;11;0;2020;4;11;6;3;3;6;0;1;1;0;0;0;0;345685,104399999600000;5676671,736099999400000;6,790219905000072;51,220550437000043;0
205492;5200419300511079440;5;9;11;0;2020;4;12;1;3;0;1;0;1;0;0;0;0;0;376888,977699999700000;5702841,018899999600000;7,227750245000038;51,463334364000048;0
205496;5200419405228081992;5;7;54;28;2020;4;3;1;3;7;5;2;1;1;0;0;0;0;450232,126899999570000;5745662,241100000200000;8,277310155000066;51,859534054000051;0
205497;5200415601220378202;5;3;15;0;2020;4;14;4;3;3;6;0;1;1;0;0;0;0;355566,689699999990000;5641459,201199999100000;6,945681575000037;50,906695913000078;0
205499;5200418503200907360;5;1;24;0;2020;4;18;7;3;0;6;0;1;0;0;0;0;0;375691,650200000030000;5682015,375900000300000;7,217806333000056;51,275900995000029;0
205501;5200417602100645209;5;3;62;8;2020;4;16;6;3;4;2;0;1;1;0;0;0;0;334438,428000000310000;5647253,174000000600000;6,642790930000047;50,953082807000044;0
205502;5200415601210481202;5;3;15;0;2020;4;18;4;3;0;1;0;1;1;0;0;0;0;353212,958999999800000;5642872,848400000500000;6,911658646000035;50,918806209000081;0
205505;5200418705000340603;5;5;54;48;2020;4;20;7;3;8;1;0;1;0;0;0;0;0;344751,701700000090000;5751102,607999999100000;6,744006215000070;51,889041598000063;1
205506;5200416600380826204;5;3;14;0;2020;4;20;5;3;5;3;1;1;1;0;0;0;0;369054,208599999550000;5618381,025000000400000;7,145636929000034;50,702484873000060;0
205507;5200418317240436205;5;9;78;40;2020;4;18;7;3;0;7;0;1;1;0;0;0;0;406838,996799999850000;5724243,650299999900000;7,653076032000058;51,661448908000068;0
205508;5200415601210127204;5;3;15;0;2020;4;10;4;3;0;7;0;1;0;1;0;0;0;352855,640900000000000;5641476,714999999900000;6,907141695000064;50,906168673000082;0
205510;5200418500200595208;5;1;11;0;2020;4;13;7;3;0;7;0;1;0;0;0;0;0;351288,359299999660000;5680645,776100000400000;6,868747390000067;51,257747864000066;0
205511;5200419501128369399;5;1;12;0;2020;4;14;1;3;1;2;0;1;1;0;0;0;0;342840,349100000230000;5702647,625499999200000;6,738053962000038;51,453167872000051;0
205512;5200417601210775206;5;3;15;0;2020;4;14;6;3;5;5;0;1;0;0;0;0;1;355506,519999999550000;5642298,414599999800000;6,944494068000040;50,914222739000081;0
205513;5200415601110483200;5;3;15;0;2020;4;18;4;3;1;5;0;1;1;0;0;0;0;355473,941800000150000;5643422,748400000900000;6,943585442000028;50,924318777000053;0
205514;5200417307200692208;5;9;62;32;2020;4;16;6;2;0;1;0;1;0;0;0;0;0;404558,466300000440000;5673703,300699999600000;7,633736516000056;51,206746616000032;0
205517;5200416516500580458;5;1;58;16;2020;4;8;5;3;0;1;0;1;0;0;0;0;0;356951,670099999760000;5669495,015900000900000;6,954300229000069;51,158991426000057;0
205519;5200415600110611204;5;3;14;0;2020;4;13;4;3;0;1;0;1;0;0;0;0;0;366093,399400000460000;5621362,262099999900000;7,102650376000042;50,728605960000039;0
205520;5200415516910052202;5;1;58;26;2020;4;19;4;2;8;7;0;1;0;0;0;0;0;352425,177500000220000;5661660,335000000900000;6,892821181000045;51,087437723000050;0
205522;5200415516910032200;5;1;58;26;2020;4;15;4;2;0;1;0;1;0;0;0;0;0;352792,691999999810000;5662303,475099999500000;6,897802918000025;51,093311609000068;0
205523;5200416705000020950;5;5;54;20;2020;4;16;5;3;5;3;0;1;1;0;0;0;0;365973,465400000100000;5783119,065600000300000;7,039634297000021;52,182237356000030;0
205525;5200417600110281229;5;3;14;0;2020;4;9;6;3;1;5;0;1;1;0;0;0;0;366317,881299999540000;5622452,076500000400000;7,105434019000029;50,738452904000042;0
205526;5200415516340039203;5;1;58;28;2020;4;17;4;3;6;4;0;1;0;1;0;0;0;348556,313199999740000;5690113,857799999400000;6,825605487000075;51,342104832000075;0
205527;5200416709500002281;5;5;66;76;2020;4;14;5;3;1;5;0;1;0;0;0;0;1;395087,237200000320000;5793728,760399999100000;7,461991162000061;52,283896558000038;0
205528;5200418602700686202;5;3;62;28;2020;4;12;7;3;5;3;0;1;1;0;0;0;0;351535,337000000290000;5641091,235799999900000;6,888533133000067;50,902366525000048;0
205529;5200419601310514200;5;3;15;0;2020;4;18;1;3;0;7;0;1;0;0;0;0;0;353030,307199999690000;5645911,346400000200000;6,907836677000034;50,946065507000071;0
205534;5200415514111848203;5;1;66;32;2020;4;16;4;3;5;3;0;1;1;0;0;0;0;314028,320700000040000;5681730,255500000000000;6,334751233000077;51,256555871000046;0
205538;5200418601200681744;5;3;15;0;2020;4;20;7;3;0;1;2;1;0;0;0;0;0;351568,583599999550000;5647507,315899999800000;6,886392896000075;50,960033111000030;0
205539;5200419515210675207;5;1;54;12;2020;4;17;1;3;4;2;0;1;0;0;0;0;0;314653,291100000030000;5710370,907700000300000;6,328751524000040;51,514014808000070;0
205542;5200415514111681683;5;1;66;32;2020;4;19;4;2;4;2;0;1;1;0;0;0;0;312063,085799999540000;5681128,155600000200000;6,306935904000056;51,250503411000068;0
205547;5200418501319425202;5;1;12;0;2020;4;16;7;3;1;1;0;1;1;0;0;0;0;344745,705000000070000;5697138,087999999500000;6,767869117000032;51,404190324000069;1
205550;5200415508000168085;5;1;19;0;2020;4;13;4;3;1;5;0;1;0;0;0;0;1;352643,279099999930000;5708709,575799999800000;6,876507420000053;51,510274203000051;0
205551;5200417317210175439;5;9;78;20;2020;4;14;6;3;5;2;0;1;1;0;0;0;0;410802,680100000460000;5714760,348500000300000;7,712781540000037;51,576844087000040;0
205553;5200417609224919204;5;3;58;24;2020;4;16;6;2;3;6;0;1;0;0;0;0;0;314205,607200000440000;5644861,163000000600000;6,356252787000074;50,925429307000059;0
205554;5200415506100497863;5;1;16;0;2020;4;15;4;3;5;2;0;1;1;0;0;0;0;322211,249699999580000;5671013,282099999500000;6,457208615000070;51,162892304000081;0
205556;5200416301101371202;5;9;13;0;2020;4;20;5;3;0;7;0;1;1;0;0;0;0;392422,720800000240000;5706708,697300000100000;7,450094367000077;51,501264823000042;0
205558;5200416601210011200;5;3;15;0;2020;4;13;5;3;5;2;0;1;1;0;0;0;0;352979,072900000030000;5643124,245899999500000;6,908232178000048;50,921005882000031;0
205562;5200417601200150801;5;3;15;0;2020;4;15;6;3;3;1;0;1;1;0;0;0;0;359953,850999999790000;5639688,562999999200000;7,008719646000031;50,891863780000051;0
205563;5200415505200978949;5;1;14;0;2020;4;16;4;3;0;7;0;1;0;0;0;0;0;330023,996799999850000;5689733,937699999700000;6,559948950000035;51,333452963000070;0
205565;5200416300800579506;5;9;54;36;2020;4;14;5;3;8;6;0;1;0;1;0;0;0;381084,538499999790000;5698475,827199999200000;7,289584843000057;51,424997989000076;0
205568;5200416502339778749;5;1;13;0;2020;4;10;5;3;5;3;0;1;1;0;0;0;0;364249,032399999910000;5707536,462999999500000;7,044095053000035;51,502639635000037;0
205569;5200416514120898208;5;1;66;16;2020;4;16;5;3;0;1;0;1;0;0;0;0;0;309262,596900000240000;5691816,253900000800000;6,261143840000045;51,345571927000037;1
205571;5200418700200694204;5;5;13;0;2020;4;22;7;3;0;6;2;1;1;0;0;0;0;362899,143000000160000;5711260,677699999900000;7,023209300000076;51,535780885000065;0
205572;5200416502316142200;5;1;13;0;2020;4;15;5;3;8;1;0;1;0;0;0;0;0;356443,532700000330000;5702308,979900000600000;6,933834098000034;51,453737396000065;0
205573;5200416600110811208;5;3;14;0;2020;4;17;5;3;0;1;0;1;0;0;0;0;0;366627,558199999850000;5621577,833300000100000;7,110136599000043;50,730666398000039;0
205574;5200418316400120202;5;9;74;44;2020;4;10;7;2;0;1;0;1;0;0;0;0;1;455286,419900000100000;5700725,189999999500000;8,356447734000028;51,455936915000052;0
205575;5200415505100766209;5;1;14;0;2020;4;10;4;3;5;3;0;1;0;0;0;0;1;330333,909799999560000;5686211,647299999400000;6,566069636000066;51,301901670000063;0
205577;5200417518120472056;5;1;70;44;2020;4;11;6;3;0;1;0;1;0;0;0;0;0;337086,913099999540000;5721461,959200000400000;6,646614294000074;51,620571803000075;0
205578;5200415502338381137;5;1;13;0;2020;4;14;4;3;0;7;0;1;1;0;0;0;0;363760,499800000340000;5704370,982300000300000;7,038282288000062;51,474075597000081;0
205579;5200416709100396201;5;5;66;8;2020;4;16;5;2;5;3;0;1;1;0;0;0;0;400978,412700000220000;5779835,668600000400000;7,552390966000075;52,160122099000034;0
205580;5200418601610102203;5;3;15;0;2020;4;13;7;3;0;1;0;1;0;0;0;0;0;361526,603400000370000;5645293,157900000000000;7,028940477000049;50,942613197000071;0
205583;5200416505100876119;5;1;14;0;2020;4;21;5;3;1;7;2;1;1;0;0;0;0;331777,408999999990000;5687033,271999999900000;6,586370038000041;51,309711560000039;0
205585;5200415502229841202;5;1;13;0;2020;4;16;4;3;3;6;0;1;1;0;0;0;0;360915,076200000010000;5695070,257700000000000;7,000989815000025;51,389803740000048;0
205586;5200417508000476288;5;1;19;0;2020;4;12;6;3;5;3;0;1;1;0;0;0;0;351947,451299999840000;5712657,921000000100000;6,864828050000028;51,545569937000039;0
205587;5200415501324733204;5;1;12;0;2020;4;21;4;3;5;3;2;1;1;0;0;0;0;343872,424399999900000;5694815,137000000100000;6,756345738000050;51,383078933000036;0
205588;5200417515111469813;5;1;54;44;2020;4;8;6;3;5;3;0;1;1;0;0;0;0;324522,626000000160000;5738797,358999999200000;6,456580247000034;51,772512156000062;0
205589;5200415501314703201;5;1;12;0;2020;4;16;4;3;0;6;0;1;1;0;0;0;0;345887,455799999650000;5700698,660299999600000;6,782722921000072;51,436493851000080;0
205590;5200416702100372460;5;5;15;0;2020;4;15;5;3;5;2;0;1;1;0;0;0;0;405321,150500000450000;5760414,911000000300000;7,621246038000038;51,986325762000035;0
205591;5200418515211853112;5;1;54;16;2020;4;16;7;3;0;1;0;1;0;0;0;0;0;303835,628200000150000;5728602,017200000600000;6,162854496000023;51,674089273000050;1
205592;5200419513310775920;5;1;62;8;2020;4;18;1;3;0;3;0;1;0;0;0;0;0;336756,593899999750000;5667021,423100000200000;6,666857503000074;51,131361763000029;0
205595;5200417700000508171;5;5;13;0;2020;4;7;6;3;4;2;0;1;1;0;0;0;0;364752,678600000220000;5712937,174100000400000;7,049273434000043;51,551293737000037;0
205596;5200415501223682208;5;1;12;0;2020;4;16;4;2;5;2;0;1;1;0;0;0;0;338901,095999999900000;5703050,869000000900000;6,681223276000026;51,455683733000058;0
205599;5200419301404127204;5;9;13;0;2020;4;15;1;3;0;1;0;1;0;0;0;0;0;395093,824900000360000;5700674,709000000700000;7,490355108000074;51,447529586000030;0
205600;5200415500200873201;5;1;11;0;2020;4;13;4;3;5;7;0;1;1;0;0;0;0;346997,827899999920000;5676661,788200000300000;6,809007470000040;51,220814363000045;0
205601;5200416601300155778;5;3;15;0;2020;4;19;5;3;5;3;0;1;1;0;0;0;0;351684,521599999630000;5648532,936699999500000;6,887624489000075;50,969279644000039;0
205604;5200419410110840135;5;7;70;24;2020;4;14;1;3;3;6;0;1;0;0;0;0;1;496950,474700000140000;5793055,821900000800000;8,955291678000037;52,287853467000048;0
205607;5200418505200958200;5;1;14;0;2020;4;12;7;3;1;5;0;1;1;0;0;0;0;328603,405199999920000;5691910,101600000600000;6,538528463000034;51,352576502000034;0
205609;5200417603116837202;5;3;66;16;2020;4;18;6;2;0;3;0;1;1;0;0;0;0;344873,887500000190000;5612840,643400000400000;6,805782807000071;50,646749428000078;0
205610;5200415500100806201;5;1;11;0;2020;4;11;4;2;3;6;0;1;0;1;0;0;1;340979,522699999620000;5679227,288000000600000;6,721758341000054;51,242220914000029;0
205611;5200417405140006407;5;7;54;40;2020;4;15;6;2;0;1;0;1;0;0;0;0;0;459730,512000000100000;5762095,366200000000000;8,413305789000049;52,008043895000071;0
205612;5200415711221976765;5;5;70;16;2020;4;12;4;3;1;7;0;1;1;0;0;0;0;412660,830699999820000;5739720,109400000400000;7,733342024000024;51,801504549000072;0
205613;5200418705000738824;5;5;54;12;2020;4;16;7;3;5;3;0;1;1;0;0;0;0;353920,328999999910000;5746391,785900000500000;6,879131232000020;51,849192930000072;1
205616;5200418404102321438;5;7;66;56;2020;4;13;7;2;5;3;0;1;1;0;0;0;0;476975,214999999850000;5756574,432000000000000;8,664911530000040;51,959389431000034;0
205617;5200416500300164201;5;1;11;0;2020;4;13;5;3;3;6;0;1;1;0;0;0;0;350408,521999999880000;5670288,192700000500000;6,860466789000043;51,164445637000028;0
205618;5200417600360088205;5;3;82;12;2020;4;16;6;3;1;5;0;1;1;0;0;0;0;355553,680499999780000;5625325,397099999700000;6,951855039000066;50,761698354000032;0
205620;5200415411216170368;5;7;74;16;2020;4;16;4;3;0;1;0;1;0;0;0;0;0;475900,441700000320000;5717434,878599999500000;8,651988512000060;51,607435298000041;0
205621;5200417316100845200;5;9;74;40;2020;4;8;6;3;3;3;0;1;1;0;0;0;0;438854,649000000210000;5715145,132999999400000;8,117472698000029;51,584044938000034;0
205624;5200416600110073846;5;3;14;0;2020;4;18;5;2;0;1;0;1;0;0;0;0;0;364623,820199999960000;5624566,512399999400000;7,080662614000062;50,757064687000081;0
205627;5200415405244078112;5;7;54;44;2020;4;11;4;2;5;3;0;1;1;0;0;0;0;462733,795699999670000;5748517,547199999900000;8,458531093000033;51,886180436000075;0
205628;5200417518100276430;5;1;70;48;2020;4;12;6;3;5;2;0;1;1;0;0;0;0;336105,885099999610000;5726042,423000000400000;6,630310569000073;51,661437072000069;0
205629;5200415405112082109;5;7;54;12;2020;4;13;4;3;2;6;0;1;1;1;0;0;0;456436,919200000350000;5767272,515599999600000;8,364664501000050;52,054339584000047;0
205630;5200416705000064040;5;5;54;44;2020;4;14;5;3;0;1;0;1;0;1;0;0;0;364702,618499999870000;5741154,778999999200000;7,037618348000024;51,804850901000066;0
205631;5200418601200761137;5;3;15;0;2020;4;13;7;3;0;1;0;1;0;0;0;0;0;352480,646399999970000;5642778,129000000700000;6,901285783000049;50,917768259000070;0
205635;5200415405104080328;5;7;54;4;2020;4;17;4;3;5;3;0;1;0;0;0;0;0;452075,343999999580000;5772766,349999999600000;8,300287162000075;52,103370010000049;0
205636;5200416711131304297;5;5;70;12;2020;4;16;5;3;5;3;0;1;1;0;0;0;0;442112,024000000210000;5752182,778799999500000;8,158314811000025;51,917371405000040;0
205639;5200416513310814203;5;1;62;8;2020;4;6;5;3;5;3;1;1;1;0;0;0;0;331214,099299999890000;5662528,294800000300000;6,589817637000067;51,089387392000049;0
205640;5200418300711067605;5;9;16;0;2020;4;10;7;2;0;2;0;1;1;0;0;0;0;372502,849100000230000;5710894,204500000900000;7,161733614000070;51,534738139000069;0
205641;5200415400100566209;5;7;11;0;2020;4;11;4;3;5;2;0;1;1;0;0;0;0;468411,683299999680000;5765346,381500000100000;8,539478399000075;52,037834555000074;0
205644;5200416608100074681;5;3;34;2;2020;4;11;5;3;1;5;0;1;1;0;0;0;0;292886,412899999880000;5629251,685200000200000;6,062125769000033;50,777984889000038;0
205646;5200419508000776384;5;1;19;0;2020;4;12;1;3;1;5;0;1;1;0;0;0;0;350487,296500000170000;5709882,561899999200000;6,844964447000052;51,520247535000067;0
205647;5200417610111345525;5;3;70;16;2020;4;21;6;3;9;1;2;1;0;0;0;0;0;296348,114500000140000;5661645,119999999200000;6,093073068000024;51,070139510000047;0