OBJECTID;UIDENTSTLAE;ULAND;UREGBEZ;UKREIS;UGEMEINDE;UJAHR;UMONAT;USTUNDE;UWOCHENTAG;UKATEGORIE;UART;UTYP1;ULICHTVERH;IstRad;IstPKW;IstFuss;IstKrad;IstGkfz;IstSonstige;LINREFX;LINREFY;XGCSWGS84;YGCSWGS84;STRZUSTAND
205648;5200415313110571240;5;9;58;4;2020;4;10;4;3;0;1;0;1;0;0;0;0;0;426787,663999999870000;5701059,069800000600000;7,946262645000047;51,455970245000060;0
205649;5200417702100460669;5;5;15;0;2020;4;16;6;3;3;6;0;1;1;0;0;0;0;404729,544999999930000;5754310,873999999800000;7,614326419000065;51,931359166000050;0
205652;5200419400200070263;5;7;11;0;2020;4;19;1;3;1;1;0;1;1;0;0;0;0;470147,469999999740000;5763937,948799999400000;8,564906299000029;52,025268008000069;0
205653;5200415310110673442;5;9;54;16;2020;4;12;4;2;0;1;0;1;0;0;0;0;0;371257,423299999910000;5694677,723200000800000;7,149691814000050;51,388716698000053;0
205654;5200416601610381203;5;3;15;0;2020;4;17;5;3;1;5;0;1;1;0;0;0;0;361094,170500000010000;5644314,675100000600000;7,023162087000060;50,933715318000054;0
205655;5200418502100962138;5;1;13;0;2020;4;14;7;3;0;7;0;1;0;0;0;0;0;361978,444400000390000;5701970,822699999400000;7,013575883000044;51,452074939000056;1
205656;5200419502402586208;5;1;17;0;2020;4;19;1;3;3;6;0;1;0;0;0;0;0;353053,253899999890000;5699979,468599999300000;6,886041194000029;51,431935402000079;0
205657;5200416411220217204;5;7;74;20;2020;4;14;5;2;0;1;0;1;0;0;0;0;0;470049,337500000370000;5734782,587700000000000;8,566008747000069;51,763130907000061;0
205659;5200415301103010100;5;9;13;0;2020;4;11;4;3;5;2;0;1;1;0;0;0;0;391588,375000000000000;5703685,446000000500000;7,439006834000054;51,473931194000045;0
205661;5200415709110247851;5;5;66;8;2020;4;11;4;3;5;7;0;1;1;0;0;0;0;399926,461799999700000;5780385,345499999800000;7,536855724000077;52,164872780000053;0
205662;5200418702100942451;5;5;15;0;2020;4;12;7;3;5;3;0;1;0;0;0;0;0;409105,447599999610000;5753893,661900000600000;7,678063770000051;51,928340826000067;0
205663;5200416600380743207;5;3;14;0;2020;4;10;5;3;5;3;0;1;0;0;0;0;1;369063,434999999590000;5617044,720000000700000;7,146241187000044;50,690475897000056;0
205664;5200417411132876191;5;7;74;32;2020;4;19;6;2;0;1;0;1;0;0;0;0;0;483313,172199999910000;5729394,372199999200000;8,758460304000039;51,715236384000036;0
205665;5200415709100352201;5;5;66;64;2020;4;19;4;3;8;1;0;1;0;0;0;0;0;398803,522900000210000;5774037,310799999200000;7,522332929000072;52,107613472000082;0
205669;5200419500300402363;5;1;11;0;2020;4;17;1;3;3;1;0;1;0;0;0;0;0;346535,720800000240000;5672196,328700000400000;6,804304536000075;51,180565610000031;0
205670;5200417601210707207;5;3;15;0;2020;4;12;6;3;5;2;0;1;1;0;0;0;0;354801,816899999980000;5641467,135600000600000;6,934806937000076;50,906575349000036;0
205673;5200415702100757476;5;5;15;0;2020;4;15;4;2;0;7;0;1;0;0;0;0;0;410092,052699999880000;5761668,943000000000000;7,690372964000062;51,998390474000075;0
205674;5200418610121080723;5;3;70;12;2020;4;14;7;3;4;1;0;1;1;0;0;0;0;300995,018799999730000;5653812,073999999100000;6,163616427000022;51,001417583000034;0
205679;5200417515212044821;5;1;54;64;2020;4;8;6;3;5;3;0;1;0;0;1;0;0;306143,942699999550000;5723548,706900000600000;6,198997360000021;51,629508064000049;0
205680;5200418317110575376;5;9;78;36;2020;4;20;7;3;0;1;1;1;0;0;0;0;0;407030,376400000420000;5710769,652699999500000;7,659413929000039;51,540361461000032;1
205682;5200414709000462076;5;5;66;76;2020;4;12;3;3;0;6;0;1;0;0;0;0;0;393676,076999999580000;5793437,859999999400000;7,441403716000025;52,281010998000056;0
205687;5200419601300976460;5;3;15;0;2020;4;9;1;3;0;1;0;1;0;0;0;0;0;352388,484500000250000;5646579,653300000400000;6,898435754000047;50,951907283000025;0
205693;5200416607400936846;5;3;82;68;2020;4;14;5;2;4;6;0;1;0;0;0;0;0;367875,637900000440000;5631782,235300000800000;7,124144927000032;50,822669099000052;0
205694;5200414701300543205;5;5;62;14;2020;4;20;3;3;1;5;1;1;1;0;0;0;0;360787,282899999990000;5714657,156400000700000;6,991435216000070;51,565785236000067;0
205695;5200416702100612200;5;5;15;0;2020;4;16;5;3;0;7;0;1;0;1;0;0;0;398487,422799999830000;5753505,676599999900000;7,523806119000028;51,923018533000061;0
205697;5200419514215994204;5;1;66;28;2020;4;4;1;2;0;1;2;1;0;0;0;0;0;325776,758799999950000;5688544,242200000200000;6,499621946000048;51,321480066000049;0
205699;5200417700100652202;5;5;13;0;2020;4;18;6;2;1;5;0;1;1;0;0;0;0;368624,365199999880000;5707591,732699999600000;7,107076803000041;51,504170307000038;0
205700;5200414700200499205;5;5;13;0;2020;4;17;3;3;5;3;0;1;1;0;0;0;0;362771,139800000000000;5710985,446599999400000;7,021472139000025;51,533276472000068;0
205704;5200416601420284208;5;3;15;0;2020;4;16;5;3;0;1;0;1;0;0;0;0;0;356703,611299999990000;5648390,441299999100000;6,959115400000030;50,969269557000075;0
205706;5200419501212782277;5;1;12;0;2020;4;16;1;3;0;2;0;1;0;0;1;0;0;338930,963000000450000;5697989,071000000500000;6,683954712000059;51,410214652000036;0
205709;5200419503400674193;5;1;22;0;2020;4;15;1;3;0;7;0;1;1;0;0;0;0;366408,359699999910000;5669396,545399999200000;7,089491211000052;51,160392757000068;0
205710;5200417608436977202;5;3;34;36;2020;4;14;6;3;3;6;0;1;0;0;0;0;1;302614,553999999540000;5635401,129200000300000;6,196631264000075;50,836611711000046;0
205713;5200415701920767207;5;5;62;28;2020;4;16;4;3;0;1;0;1;0;0;0;0;0;378887,885999999940000;5721319,132999999400000;7,250150377000068;51,629837208000026;0
205714;5200418706000365763;5;5;58;32;2020;4;16;7;2;5;3;0;1;1;0;0;0;0;386299,934700000100000;5754721,630699999600000;7,346249670000020;51,931591281000067;0
205715;5200416410110036408;5;7;70;24;2020;4;16;5;2;5;3;0;1;1;0;0;0;0;492727,596499999990000;5793058,557099999900000;8,893381148000060;52,287838394000062;0
205716;5200416601200424876;5;3;15;0;2020;4;13;5;3;3;6;0;1;0;0;0;0;0;356909,264000000430000;5640858,700300000600000;6,964999853000052;50,901633568000079;0
205717;5200418407140892437;5;7;62;16;2020;4;13;7;2;5;3;0;1;0;0;0;0;0;513007,522699999620000;5729657,581900000600000;9,188292408000052;51,717700395000065;0
205718;5200416406110231879;5;7;58;12;2020;4;15;5;3;5;3;0;1;1;0;0;0;0;479172,744599999860000;5773382,723899999600000;8,695868828000073;52,110595722000028;0
205721;5200416711314680621;5;5;70;8;2020;4;16;5;3;5;2;0;1;1;0;0;0;0;432783,370799999680000;5739245,395199999200000;8,025213801000064;51,800018078000051;0
205722;5200418607100117201;5;3;82;60;2020;4;16;7;3;1;7;0;1;1;0;0;0;0;377192,828200000340000;5629047,826199999100000;7,257274314000028;50,800141775000043;0
205723;5200423505200071920;5;1;14;0;2020;4;7;5;3;3;2;0;1;1;0;0;0;0;332277,053999999540000;5690349,123999999800000;6,591971611000076;51,339648821000026;0
205724;5200422600110691205;5;3;14;0;2020;4;9;4;3;5;3;0;1;1;0;0;0;0;364000,615299999710000;5622370,097699999800000;7,072643236000033;50,737178051000058;0
205726;5200422518400779396;5;1;70;8;2020;4;15;4;3;5;3;0;1;0;0;0;1;0;343360,845200000330000;5716172,909199999600000;6,739529286000050;51,574832998000034;0
205727;5200422518400444358;5;1;70;8;2020;4;13;4;3;5;3;0;1;1;0;0;0;0;343318,079099999740000;5715118,276300000000000;6,739382897000041;51,565345646000026;0
205728;5200423702100980205;5;5;15;0;2020;4;10;5;2;5;2;0;1;0;0;0;0;0;405836,094100000340000;5757566,994400000200000;7,629523871000060;51,960815013000058;0
205729;5200422516800403207;5;1;58;20;2020;4;16;4;3;5;3;0;1;1;0;0;0;0;356498,798999999650000;5664876,316999999800000;6,949668263000035;51,117371998000067;0
205730;5200423503400425208;5;1;22;0;2020;4;15;5;3;5;3;0;1;1;0;0;0;0;363660,366200000050000;5672018,555199999400000;7,049221655000054;51,183308548000070;0
205732;5200422516300967191;5;1;58;28;2020;4;18;4;3;0;7;0;1;0;0;0;0;0;351049,703200000340000;5684449,554600000400000;6,863744411000027;51,291865651000080;0
205734;5200422516110381205;5;1;58;32;2020;4;15;4;3;0;1;0;1;0;0;0;0;0;363757,098799999800000;5689558,746799999800000;7,043923188000065;51,340962991000026;0
205735;5200422514116187207;5;1;66;16;2020;4;15;4;3;0;1;0;1;0;0;0;0;0;305181,929999999700000;5689375,245999999300000;6,203957380000077;51,322264750000045;0
205736;5200422513210574206;5;1;62;24;2020;4;15;4;3;6;7;0;1;0;1;0;0;0;341226,451200000010000;5670454,458900000900000;6,729174113000056;51,163464896000050;0
205737;5200423607100731201;5;3;82;28;2020;4;19;5;3;7;7;0;1;0;0;0;0;1;378073,069199999790000;5633002,311100000500000;7,268445131000021;50,835873240000069;0
205738;5200422513210263487;5;1;62;24;2020;4;10;4;2;3;6;0;1;0;0;0;0;1;338899,572999999860000;5674607,348500000300000;6,694061190000070;51,200127829000053;0
205740;5200423700000720537;5;5;13;0;2020;4;16;5;3;1;5;0;1;1;0;0;0;0;364374,571700000200000;5714873,209899999200000;7,043076412000062;51,568600944000082;0
205741;5200422505100162204;5;1;14;0;2020;4;16;4;3;0;7;0;1;0;0;0;0;0;333624,535600000060000;5688187,840900000200000;6,612308785000039;51,320627415000047;0
205744;5200423501315374209;5;1;12;0;2020;4;6;5;3;0;1;0;1;0;0;0;0;0;346641,733000000010000;5699898,198000000800000;6,793912934000048;51,429506246000074;0
205746;5200422502338372264;5;1;13;0;2020;4;12;4;3;5;2;0;1;1;0;0;0;0;363814,736999999730000;5704441,749199999500000;7,039035483000021;51,474724602000038;0
205748;5200422502210213201;5;1;13;0;2020;4;8;4;3;0;1;0;1;0;0;0;0;0;361903,040900000370000;5700584,501100000000000;7,013032332000023;51,439598516000046;0
205749;5200423501135974756;5;1;12;0;2020;4;7;5;3;5;3;0;1;1;0;0;0;0;344826,454900000240000;5710894,621999999500000;6,762990545000037;51,527814044000081;0
205751;5200423518200162101;5;1;70;24;2020;4;13;5;3;5;3;0;1;1;0;0;0;0;331742,578700000420000;5698580,816500000700000;6,580407583000067;51,413443648000055;0
205752;5200422501312236201;5;1;12;0;2020;4;11;4;3;3;2;0;1;0;0;0;0;1;341536,123999999840000;5700748,470000000700000;6,720148868000024;51,435741056000040;0
205755;5200422500200002247;5;1;11;0;2020;4;11;4;2;3;2;0;1;1;0;0;0;0;349282,347000000070000;5676934,519500000400000;6,841582059000075;51,223872744000062;0
205756;5200422500100768120;5;1;11;0;2020;4;11;4;3;5;2;0;1;1;0;0;0;0;346591,323499999940000;5675911,067900000100000;6,803512072000046;51,213959642000077;0
205759;5200422410230578198;5;7;70;4;2020;4;19;4;2;7;1;1;1;0;0;0;0;0;487124,504399999980000;5782702,476700000500000;8,811630653000066;52,194628916000056;0
205760;5200422405148506741;5;7;54;48;2020;4;18;4;2;5;2;0;1;1;0;0;0;0;440563,990899999630000;5765272,495899999500000;8,133542126000066;52,034884471000055;0
205762;5200422404101276381;5;7;66;20;2020;4;9;4;2;5;2;0;1;1;0;0;0;0;489992,531299999920000;5755443,395600000400000;8,854389347000051;51,949606982000034;0
205763;5200423518100145103;5;1;70;48;2020;4;16;5;2;5;2;0;1;1;0;0;0;0;335222,209099999630000;5725407,215299999300000;6,617845052000064;51,655472178000082;0
205764;5200422404101079107;5;7;66;64;2020;4;22;4;3;0;1;2;1;0;0;0;0;0;489262,257699999960000;5739803,711699999900000;8,844250412000065;51,808975235000048;0
205765;5200422400300703279;5;7;11;0;2020;4;14;4;3;5;3;0;1;1;0;0;0;0;463007,476300000210000;5758097,698899999300000;8,461477464000041;51,972330652000039;0
205769;5200422315210064479;5;9;70;24;2020;4;16;4;3;1;1;0;1;1;0;0;0;0;427850,786600000230000;5648633,831299999700000;7,972113288000060;50,984767357000067;0
205770;5200422310130480489;5;9;54;20;2020;4;15;4;2;0;1;0;1;0;0;0;0;0;390981,026499999690000;5695330,158900000200000;7,432837875000075;51,398713371000042;0
205771;5200422303100058254;5;9;15;0;2020;4;13;4;3;1;5;0;1;1;0;0;0;0;418046,419400000010000;5725900,159199999600000;7,814684671000066;51,678086415000053;0
205772;5200423500200502247;5;1;11;0;2020;4;12;5;3;0;1;0;1;0;0;0;0;0;344632,661399999630000;5679570,040200000600000;6,773904229000038;51,246307279000064;0
205773;5200422302120229225;5;9;14;0;2020;4;20;4;2;5;3;0;1;1;0;0;0;0;390464,109500000250000;5689902,668299999100000;7,427083191000065;51,349828648000027;0
205775;5200422301401140206;5;9;13;0;2020;4;17;4;3;5;2;0;1;1;0;0;0;0;396492,578499999830000;5708801,008199999100000;7,508094215000028;51,520831902000054;0
205777;5200423701700972412;5;5;62;16;2020;4;13;5;3;5;3;0;1;0;0;0;0;0;377556,353799999690000;5737157,548000000400000;7,225360700000067;51,771890666000047;0
205779;5200423500200474074;5;1;11;0;2020;4;7;5;3;0;6;0;1;0;0;0;0;0;344946,475300000050000;5678464,429199999200000;6,778875633000041;51,236458355000082;0
205781;5200421706300953202;5;5;58;24;2020;4;9;3;3;5;3;0;1;1;0;0;0;0;393689,507199999880000;5735857,423599999400000;7,459486677000029;51,763501707000046;0
205783;5200421706100034204;5;5;58;32;2020;4;16;3;3;3;3;0;1;0;0;0;0;0;386928,647300000300000;5754369,994300000400000;7,355505665000067;51,928559077000045;0
205784;5200423411232576103;5;7;74;32;2020;4;16;5;3;1;5;0;1;1;0;0;0;0;478208,715400000100000;5732019,767200000600000;8,684410683000067;51,738666846000058;0
205785;5200421705000531358;5;5;54;4;2020;4;15;3;2;5;3;0;1;1;0;0;0;0;360519,982599999760000;5770254,965099999700000;6,965194582000038;52,065300500000035;0
205787;5200421705000180974;5;5;54;8;2020;4;12;3;2;5;3;0;1;1;0;0;0;0;335284,375000000000000;5746397,194000000100000;6,608801121000056;51,844054684000071;0
205791;5200421700100381235;5;5;13;0;2020;4;17;3;3;5;3;0;1;1;0;0;0;0;366357,365600000140000;5708345,255799999500000;7,074146897000048;51,510410421000074;0
205792;5200423410220840221;5;7;70;8;2020;4;16;5;3;5;2;0;1;1;0;0;0;0;474105,524000000210000;5803166,849099999300000;8,619593028000054;52,378152463000049;0
205794;5200423407101982069;5;7;62;20;2020;4;12;5;3;5;2;0;1;0;0;0;0;1;526724,998399999920000;5736150,588600000400000;9,387357209000072;51,775594010000077;0
205796;5200421609248047204;5;3;58;48;2020;4;21;3;3;1;6;2;1;1;0;0;0;0;320551,322599999610000;5636853,929999999700000;6,450383896000062;50,855502984000054;0
205797;5200421609108088450;5;3;58;8;2020;4;14;3;3;2;6;0;1;1;0;0;0;0;322554,958200000230000;5629964,032199999300000;6,482155675000058;50,794221839000045;0
205798;5200421608408669206;5;3;34;8;2020;4;11;3;3;0;3;0;1;1;0;0;0;0;301740,328200000340000;5642990,665200000600000;6,180117827000061;50,904480745000058;0
205799;5200423605112924384;5;3;74;12;2020;4;15;5;2;0;1;0;1;0;0;0;0;0;396203,309000000360000;5647952,775299999900000;7,521572419000052;50,973808829000063;0
205802;5200421607200281238;5;3;82;20;2020;4;17;3;3;4;1;0;1;0;0;0;0;0;381200,616999999620000;5626573,668999999800000;7,314921070000025;50,778737301000035;0
205804;5200423404103682143;5;7;66;52;2020;4;19;5;3;5;3;0;1;1;0;0;0;0;519465,936800000260000;5747855,977000000000000;9,282802970000034;51,881138046000046;0
205810;5200423515212244821;5;1;54;32;2020;4;13;5;3;4;6;0;1;0;0;0;0;0;308908,976099999620000;5716982,011800000400000;6,242475779000074;51,571477428000037;0
205811;5200421601700447201;5;3;16;0;2020;4;10;3;3;5;3;0;1;0;0;0;0;1;358879,510200000370000;5654644,832100000200000;6,987654152000062;51,026014706000069;0
205813;5200421601610762204;5;3;15;0;2020;4;14;3;3;3;6;0;1;1;0;0;0;0;359080,955599999990000;5645320,157500000700000;6,994140779000077;50,942263283000045;0
205814;5200423514215079025;5;1;66;28;2020;4;19;5;3;0;1;1;1;1;0;0;0;0;326686,313299999570000;5688843,961200000700000;6,512516512000047;51,324450417000037;0
205816;5200421601410557204;5;3;15;0;2020;4;12;3;2;5;3;0;1;1;0;0;0;0;352335,220499999820000;5653283,072899999100000;6,894954443000074;51,012133659000028;0
205817;5200421601300374386;5;3;15;0;2020;4;9;3;3;4;2;0;1;1;0;0;0;0;348315,691700000320000;5646157,583399999900000;6,840670145000047;50,947057067000060;0
205820;5200423313110974650;5;9;58;4;2020;4;16;5;3;5;2;0;1;1;0;0;0;0;428431,404500000180000;5700199,771800000200000;7,970090529000061;51,448455063000040;0
205821;5200421600140587206;5;3;14;0;2020;4;15;3;3;5;3;0;1;1;0;0;0;0;369578,048000000420000;5624745,024299999700000;7,150799670000026;50,759803721000026;0
205824;5200423601520927202;5;3;15;0;2020;4;14;5;3;0;6;0;1;1;0;0;0;0;361299,194000000130000;5651994,116000000400000;7,023149588000024;51,002781330000062;0
205826;5200423700100158209;5;5;13;0;2020;4;20;5;3;3;6;1;1;1;0;0;0;0;368374,349999999630000;5709644,357300000300000;7,102710166000065;51,522558609000043;0
205827;5200421515110753209;5;1;54;36;2020;4;4;3;3;5;3;2;1;1;0;0;0;0;302960,931300000290000;5741700,952700000300000;6,142806838000070;51,791414394000071;0
205828;5200421514211674763;5;1;66;12;2020;4;20;3;3;5;3;0;1;1;0;0;0;0;322539,120400000360000;5695528,803099999200000;6,449722430000065;51,383222054000043;0
205830;5200421513320449206;5;1;62;4;2020;4;16;3;3;5;3;0;1;1;0;0;0;0;347954,211400000380000;5662490,064300000700000;6,828680628000029;51,093725936000055;0
205831;5200423705000872375;5;5;54;68;2020;4;20;5;3;5;3;0;1;1;0;0;0;0;351550,444699999880000;5767155,274399999500000;6,835786891000055;52,035120571000050;0
205837;5200421508215270203;5;1;19;0;2020;4;16;3;3;2;2;0;1;0;0;0;0;0;352314,228299999610000;5707063,647199999500000;6,872458235000067;51,495398777000048;0
205840;5200421505200077208;5;1;14;0;2020;4;8;3;3;1;5;0;1;1;0;0;0;0;329743,384399999860000;5690677,479100000100000;6,555473543000062;51,341845593000073;0
205842;5200421505100072114;5;1;14;0;2020;4;18;3;3;0;1;0;1;0;0;0;1;0;337374,006000000050000;5690763,576999999600000;6,664893881000069;51,344853342000079;0
205843;5200423301303569243;5;9;13;0;2020;4;14;5;3;5;2;0;1;0;0;0;0;1;398985,809999999590000;5706199,024000000200000;7,544763286000034;51,497894590000044;0
205844;5200421503400084663;5;1;22;0;2020;4;13;3;3;0;7;0;1;0;0;0;0;0;361604,187800000420000;5670608,904999999300000;7,020362877000025;51,170146133000060;0
205847;5200423300410806207;5;9;16;0;2020;4;16;5;3;5;2;0;1;1;0;0;0;0;377069,481200000270000;5710521,346300000300000;7,227671415000032;51,532400017000043;0
205848;5200421501323063720;5;1;12;0;2020;4;14;3;3;3;6;0;1;1;0;0;0;0;344268,190000000410000;5695638,471999999100000;6,761667417000069;51,390585345000034;0
205849;5200421501222043201;5;1;12;0;2020;4;16;3;3;5;3;0;1;1;0;0;0;0;339772,164300000300000;5702351,769400000600000;6,694066674000055;51,449649849000082;0
205850;5200423601300178670;5;3;15;0;2020;4;9;5;3;5;2;2;1;1;0;0;0;0;352339,528599999850000;5645926,405300000700000;6,898004164000042;50,946024317000081;0
205855;5200421500200872336;5;1;11;0;2020;4;0;3;2;0;1;2;1;0;0;0;0;0;346086,959699999540000;5678645,687200000500000;6,795122033000041;51,238395820000051;0
205857;5200421411220870343;5;7;74;20;2020;4;15;3;2;0;7;0;1;0;0;0;0;0;469860,335900000300000;5735278,171900000400000;8,563227162000032;51,767576590000033;0
205860;5200421405108564129;5;7;54;8;2020;4;15;3;2;5;3;0;1;0;0;0;0;0;458870,619199999610000;5748901,088099999400000;8,402357484000049;51,889357068000038;0
205862;5200422705000520896;5;5;54;20;2020;4;18;4;3;5;3;0;1;1;0;0;0;0;366546,936999999920000;5786722,380999999100000;7,046597566000060;52,214753719000043;0
205864;5200421314210175679;5;9;66;4;2020;4;15;3;3;5;3;0;1;1;0;0;0;0;422462,416100000030000;5663595,978499999300000;7,892156529000033;51,118587590000061;0
205866;5200422705000276761;5;5;54;8;2020;4;12;4;3;5;3;0;1;1;0;0;0;0;335279,080500000160000;5744258,050599999700000;6,609742540000070;51,824836386000072;0
205867;5200421313110073343;5;9;58;4;2020;4;13;3;2;0;1;0;1;0;0;0;0;0;427537,557099999860000;5697391,484500000300000;7,957804613000064;51,423093930000050;0
205870;5200423601220970204;5;3;15;0;2020;4;16;5;2;0;6;0;1;0;0;0;0;0;361708,697999999860000;5637554,553999999500000;7,034462981000047;50,873107450000077;0
205871;5200421310140973296;5;9;54;28;2020;4;12;3;2;0;1;0;1;0;0;0;0;0;377038,719899999910000;5686998,538699999500000;7,235392403000049;51,320980846000054;0
205872;5200423709100698205;5;5;66;8;2020;4;17;5;2;8;1;0;1;0;0;0;0;0;399804,549499999730000;5781442,892200000600000;7,534761644000071;52,174355635000040;0
205875;5200421301502682205;5;9;13;0;2020;4;10;3;3;5;3;0;1;1;0;0;0;0;392230,781700000170000;5702999,359400000400000;7,448462278000022;51,467887062000045;0
205877;5200422702100314075;5;5;15;0;2020;4;19;4;3;7;5;0;1;1;0;0;0;0;406015,832000000400000;5759046,509999999800000;7,631734009000070;51,974143966000042;0
205879;5200423513110711207;5;1;62;16;2020;4;17;5;3;1;5;0;1;1;0;0;0;0;334222,828499999830000;5677566,303899999700000;6,625813003000076;51,225374621000071;0
205880;5200420709500510203;5;5;66;16;2020;4;14;2;3;4;1;0;1;0;0;1;0;0;406133,798399999740000;5791834,296000000100000;7,624406196000052;52,268866939000077;0
205881;5200420709300538479;5;5;66;68;2020;4;17;2;3;0;7;0;1;0;0;0;0;1;377071,542600000280000;5784625,999399999200000;7,201325428000075;52,198363887000028;0
205882;5200423701800636203;5;5;62;4;2020;4;9;5;3;5;3;0;1;1;0;0;0;0;384701,019700000060000;5715791,008199999100000;7,335918244000027;51,581373082000027;0
205883;5200420706100777206;5;5;58;16;2020;4;13;2;3;7;7;0;1;0;0;0;0;1;380918,660500000230000;5743255,019600000200000;7,271973961000072;51,827415094000060;0
205884;5200422701910572209;5;5;62;8;2020;4;22;4;3;0;7;2;1;1;0;0;0;0;385273,189100000080000;5723689,383800000000000;7,341586481000036;51,652478735000045;0
205886;5200420702100732204;5;5;15;0;2020;4;7;2;2;5;3;0;1;1;0;0;0;0;406498,787100000310000;5751367,774700000900000;7,640850680000028;51,905205005000028;0
205887;5200422701200548296;5;5;62;20;2020;4;16;4;3;8;6;0;1;0;0;0;0;0;370736,626699999910000;5719323,786299999800000;7,133180917000061;51,610091856000054;0
205894;5200420610121773702;5;3;70;12;2020;4;11;2;3;4;2;0;1;1;0;0;0;0;297527,074699999760000;5649637,494000000900000;6,116580100000022;50,962715446000061;0
205895;5200420609108878426;5;3;58;8;2020;4;6;2;3;5;7;0;1;1;0;0;0;0;318944,537200000140000;5630903,281300000800000;6,430517324000050;50,801543379000066;0
205896;5200420609100781356;5;3;58;8;2020;4;17;2;3;4;3;0;1;1;0;0;0;0;322860,314399999570000;5632682,606000000600000;6,485172345000024;50,818739267000069;0
205898;5200420608200575518;5;3;34;2;2020;4;10;2;3;0;5;0;1;1;0;0;0;0;300004,705599999990000;5626269,692600000600000;6,164583879000077;50,753699312000037;0
205902;5200420608100490204;5;3;34;2;2020;4;17;2;2;0;5;0;1;1;0;0;0;0;292881,158800000320000;5627930,114700000700000;6,062795386000062;50,766113956000027;0
205903;5200420607500243200;5;3;82;56;2020;4;15;2;3;0;1;0;1;0;0;0;0;0;372915,531000000420000;5627181,206599999200000;7,197253471000067;50,782441629000061;0
205908;5200420602900810205;5;3;62;40;2020;4;11;2;3;0;7;0;1;0;0;0;0;0;357883,020800000060000;5631174,556600000700000;6,982599315000073;50,814841412000078;0
205909;5200420602800864206;5;3;62;12;2020;4;18;2;2;8;1;0;1;0;0;0;0;0;352856,446999999690000;5632872,779699999800000;6,910613830000045;50,828847803000031;0
205910;5200422608200152205;5;3;34;2;2020;4;21;4;3;0;1;2;1;0;0;0;0;0;296899,317699999550000;5629227,720599999700000;6,118983874000037;50,779188700000077;1
205915;5200422606210494200;5;3;78;32;2020;4;16;4;2;4;3;0;1;1;0;0;0;0;374595,610999999570000;5666414,875499999200000;7,207553225000027;51,135447188000057;0
205917;5200423508000175485;5;1;19;0;2020;4;16;5;3;5;3;0;1;1;0;0;0;0;351662,282800000160000;5712253,339700000400000;6,860889049000036;51,541859734000070;0
205918;5200420601300274386;5;3;15;0;2020;4;14;2;3;0;3;0;1;0;0;0;0;0;349820,544999999930000;5650306,337999999500000;6,860364001000050;50,984732942000051;0
205922;5200423505200718014;5;1;14;0;2020;4;18;5;3;5;3;0;1;0;0;1;0;0;328353,878899999890000;5695848,733599999900000;6,533046676000026;51,387884252000049;0
205923;5200420514124082174;5;1;66;20;2020;4;9;2;2;0;1;0;1;0;0;0;0;0;299439,529000000100000;5677578,793999999800000;6,128267919000052;51,214328406000050;0
205925;5200420508000075485;5;1;19;0;2020;4;15;2;3;5;3;0;1;1;0;0;0;0;350393,234100000000000;5709219,951500000400000;6,843890948000023;51,514268857000047;0
205926;5200420505200069427;5;1;14;0;2020;4;6;2;3;0;1;0;1;0;0;0;0;0;330020,275000000370000;5690265,184299999800000;6,559642044000043;51,338224474000071;0
205927;5200422602800065202;5;3;62;12;2020;4;9;4;3;5;3;0;1;1;0;0;0;0;351545,156200000080000;5632833,716600000900000;6,892023183000049;50,828161968000074;0
205928;5200420505100617923;5;1;14;0;2020;4;15;2;3;6;4;0;1;0;1;0;0;0;330525,498399999920000;5689006,386700000600000;6,567487235000044;51,327066417000026;0
205930;5200420503400770317;5;1;22;0;2020;4;19;2;3;5;3;0;1;1;0;0;0;0;367648,669099999590000;5670846,861800000100000;7,106684806000033;51,173715505000075;0
205931;5200420503400078845;5;1;22;0;2020;4;18;2;3;1;5;0;1;1;0;0;0;0;366407,455900000410000;5670650,913899999100000;7,089012330000060;51,171665854000082;0
205932;5200423701610792205;5;5;62;12;2020;4;16;5;3;0;1;0;1;0;0;0;0;0;360923,420400000180000;5726076,196799999100000;6,988866059000031;51,668430503000081;0
205934;5200422602300147200;5;3;62;36;2020;4;14;4;3;5;3;0;1;1;0;0;0;0;343292,143000000160000;5650605,276000000500000;6,767297639000049;50,985679161000064;0
205935;5200420502400571805;5;1;17;0;2020;4;13;2;3;3;7;0;1;1;0;0;0;0;351226,234400000420000;5696798,602000000000000;6,861112440000056;51,402876722000030;0
205938;5200422602200161208;5;3;62;4;2020;4;17;4;3;0;3;0;1;1;0;0;0;0;329815,795400000180000;5652001,694700000800000;6,574815313000045;50,994399505000047;0
205945;5200420500200942204;5;1;11;0;2020;4;19;2;3;0;1;0;1;0;0;0;0;0;343800,088100000280000;5679874,018100000900000;6,761852256000054;51,248811210000042;0
205948;5200422601400865728;5;3;15;0;2020;4;18;4;3;0;3;0;1;1;0;0;0;0;356001,924499999730000;5651879,812300000300000;6,947745805000068;51,000452688000053;0
205950;5200422601310292200;5;3;15;0;2020;4;14;4;3;1;5;0;1;1;0;0;0;0;350876,548700000160000;5646397,413200000300000;6,877000492000036;50,949880411000038;0