OBJECTID;UIDENTSTLAE;ULAND;UREGBEZ;UKREIS;UGEMEINDE;UJAHR;UMONAT;USTUNDE;UWOCHENTAG;UKATEGORIE;UART;UTYP1;ULICHTVERH;IstRad;IstPKW;IstFuss;IstKrad;IstGkfz;IstSonstige;LINREFX;LINREFY;XGCSWGS84;YGCSWGS84;STRZUSTAND
205951;5200420411232568195;5;7;74;32;2020;4;14;2;3;5;3;0;1;1;0;0;0;0;481245,866600000300000;5732471,728599999100000;8,728370870000049;51,742840421000039;0
205952;5200420411132310203;5;7;74;32;2020;4;12;2;3;5;3;0;1;1;0;0;0;0;481577,075799999760000;5728811,071000000500000;8,733361651000053;51,709937406000051;0
205953;5200420406220744987;5;7;58;24;2020;4;15;2;3;5;2;0;1;1;0;0;0;0;480106,758000000380000;5783118,498999999800000;8,708937315000071;52,198160627000050;0
205956;5200422601300072520;5;3;15;0;2020;4;19;4;3;0;4;0;1;0;1;0;0;0;354507,791600000110000;5646322,920499999100000;6,928689957000074;50,950138975000073;0
205957;5200420406110982115;5;7;58;12;2020;4;17;2;3;0;1;0;1;1;1;0;0;0;478659,160899999550000;5773933,450799999800000;8,688334787000031;52,115527534000080;0
205958;5200420314210775679;5;9;66;4;2020;4;16;2;3;1;5;0;1;1;0;0;0;0;423215,236499999650000;5665496,608500000100000;7,902505630000064;51,135776887000077;0
205959;5200422601220330208;5;3;15;0;2020;4;14;4;3;6;4;0;1;0;1;0;0;0;356766,899899999610000;5641959,697300000100000;6,962544515000047;50,911492881000072;0
205961;5200420300110902200;5;9;11;0;2020;4;6;2;3;5;3;0;1;1;0;0;0;0;377978,663900000040000;5704292,095300000200000;7,242927871000063;51,476611959000081;0
205962;5200419711421037680;5;5;70;20;2020;4;15;1;3;7;7;0;1;0;0;0;0;0;435065,073800000360000;5741813,143300000600000;8,057817241000066;51,823371837000082;0
205963;5200419711215576638;5;5;70;4;2020;4;14;1;3;0;7;0;1;0;1;0;0;0;422417,257799999790000;5734526,124199999500000;7,875966670000025;51,756251749000057;0
205964;5200419709500276769;5;5;66;76;2020;4;14;1;3;1;5;0;1;1;0;0;0;0;391481,742700000290000;5793947,074999999300000;7,409086475000038;52,285158509000041;0
205965;5200422600380788209;5;3;14;0;2020;4;19;4;3;5;6;0;1;1;0;0;0;1;369979,389999999660000;5614531,428700000000000;7,160085612000046;50,668090997000036;0
205966;5200419705000865897;5;5;54;48;2020;4;16;1;2;5;3;0;1;0;0;0;0;0;339223,803000000310000;5748934,274000000200000;6,664758250000034;51,867995252000071;0
205968;5200419702100710204;5;5;15;0;2020;4;16;1;3;0;7;0;1;0;0;0;0;0;407870,469600000420000;5749964,438200000700000;7,661158824000040;51,892819427000063;0
205970;5200419700200902189;5;5;13;0;2020;4;14;1;2;2;6;0;1;0;0;0;0;0;366330,576899999750000;5714172,112600000600000;7,071548697000026;51,562767597000061;0
205973;5200423600140234501;5;3;14;0;2020;4;19;5;3;3;2;0;1;0;0;0;0;1;367355,669499999840000;5623868,000000000000000;7,119623408000052;50,751417262000075;0
205974;5200419608404168207;5;3;34;4;2020;4;18;1;3;0;1;0;1;0;0;0;0;0;299354,936300000180000;5637267,506300000500000;6,149375051000050;50,852254044000063;0
205976;5200419607100669591;5;3;82;60;2020;4;13;1;2;0;1;0;1;0;0;0;0;0;374461,184399999680000;5629369,949599999900000;7,218419903000040;50,802451801000075;0
205978;5200425313110568179;5;9;58;4;2020;4;11;7;3;5;3;0;1;1;0;0;0;0;431918,038999999870000;5698061,528000000900000;8,020668173000047;51,429661135000060;0
205981;5200426608200133122;5;3;34;2;2020;4;18;1;3;0;3;0;1;0;0;0;0;0;300927,271499999800000;5623404,537699999300000;6,179194235000068;50,728281629000037;0
205984;5200426316100279200;5;9;74;8;2020;4;15;1;3;5;2;0;1;1;0;0;0;0;443036,559000000360000;5709864,213899999900000;8,178680169000074;51,537004005000028;0
205988;5200427400200741042;5;7;11;0;2020;4;18;2;2;5;3;0;1;0;0;0;0;0;473325,987999999900000;5762895,427200000700000;8,611312488000067;52,016056949000074;0
205989;5200426601120008201;5;3;15;0;2020;4;0;1;3;0;1;2;1;0;0;0;0;0;356465,722400000320000;5643870,181399999200000;6,957511405000048;50,928587407000066;0
205990;5200428407220076222;5;7;62;32;2020;4;17;3;2;1;7;0;1;1;0;0;0;0;506188,270999999720000;5746518,950999999400000;9,089880347000076;51,869422137000072;1
205992;5200428609108969655;5;3;58;8;2020;4;15;3;3;5;2;0;1;1;0;0;0;0;322861,263199999930000;5632680,827500000600000;6,485186660000068;50,818723579000050;1
205994;5200428500300828200;5;1;11;0;2020;4;16;3;3;0;3;0;1;1;0;0;0;0;349005,411000000310000;5675940,191800000100000;6,838037842000063;51,214864777000059;1
205996;5200428702100072433;5;5;15;0;2020;4;11;3;2;0;1;0;1;0;0;0;0;0;406201,142599999900000;5756163,504300000100000;7,635218343000076;51,948261483000067;0
205997;5200424711214781146;5;5;70;4;2020;4;19;6;3;0;6;0;1;0;0;0;0;0;423856,690499999560000;5734220,677500000200000;7,896884143000023;51,753703437000070;0
206000;5200427307000037475;5;9;62;12;2020;4;16;2;3;5;3;0;1;1;0;0;0;0;395303,494599999860000;5671670,820200000000000;7,501889062000032;51,186854879000066;0
206001;5200426516400981207;5;1;58;24;2020;4;12;1;2;0;1;0;1;0;0;0;0;0;358147,221900000240000;5680133,046199999700000;6,967180104000022;51,254888033000043;0
206003;5200425701200254202;5;5;62;20;2020;4;22;7;3;0;7;2;1;0;0;0;0;0;372523,301099999810000;5718686,663899999100000;7,159201242000052;51,604773454000053;0
206005;5200424705000681625;5;5;54;8;2020;4;10;6;3;5;3;0;1;1;0;0;0;0;335626,457000000400000;5747541,166500000300000;6,613218680000045;51,854432230000043;0
206006;5200427516210252202;5;1;58;12;2020;4;18;2;2;5;2;0;1;1;0;0;0;0;359071,394999999550000;5687887,778999999200000;6,977354614000035;51,324804732000075;0
206007;5200425500200374053;5;1;11;0;2020;4;20;7;3;0;7;1;1;1;0;0;0;0;345922,478900000450000;5679107,880300000300000;6,792568785000071;51,242504438000026;0
206009;5200426702100164206;5;5;15;0;2020;4;15;1;2;0;7;0;1;0;0;0;0;0;408937,961600000040000;5754738,364399999400000;7,675405046000037;51,935906193000051;0
206010;5200424705000021197;5;5;54;56;2020;4;11;6;3;3;6;0;1;1;0;0;0;0;356769,821000000460000;5762380,826700000100000;6,913820407000060;51,993594936000079;0
206011;5200427601120077202;5;3;15;0;2020;4;16;2;3;0;7;0;1;1;0;0;0;0;355534,491200000050000;5644634,591299999500000;6,943966126000021;50,935224550000044;0
206013;5200427301202669199;5;9;13;0;2020;4;16;2;3;4;6;0;1;1;0;0;0;0;394323,163399999960000;5709318,740199999900000;7,476681788000064;51,525083800000061;0
206016;5200425608200814203;5;3;34;2;2020;4;10;7;3;0;7;0;1;0;1;0;0;0;299170,270499999630000;5630312,940899999800000;6,150562098000023;50,789726617000042;0
206017;5200428601320733206;5;3;15;0;2020;4;15;3;3;0;7;0;1;1;0;0;0;0;354976,581899999640000;5647026,590199999500000;6,935078959000066;50,956580800000040;1
206018;5200424702100070524;5;5;15;0;2020;4;13;6;3;5;3;0;1;0;0;0;0;1;406209,710900000300000;5757438,474700000100000;7,634994969000047;51,959722969000040;0
206019;5200427513310052209;5;1;62;8;2020;4;16;2;3;5;7;0;1;1;0;0;0;0;332232,847699999810000;5662700,359600000100000;6,604271305000054;51,091232176000062;0
206025;5200427608436250202;5;3;34;36;2020;4;15;2;3;5;3;0;1;1;0;0;0;0;297617,212700000030000;5635098,267400000200000;6,125917875000027;50,832165900000064;0
206026;5200425601410904206;5;3;15;0;2020;4;14;7;2;0;1;0;1;0;0;0;0;0;356478,495299999600000;5651358,539799999400000;6,954739270000061;50,995887205000031;0
206029;5200427502324370209;5;1;13;0;2020;4;23;2;3;0;7;2;1;0;0;0;0;0;361596,917000000370000;5707107,377000000300000;7,006076263000068;51,498140540000065;0
206031;5200426607500637203;5;3;82;56;2020;4;13;1;3;0;1;0;1;0;0;0;0;0;371955,039800000380000;5625105,738500000900000;7,184358351000071;50,763575321000076;0
206034;5200426315110778211;5;9;70;40;2020;4;12;1;3;1;5;0;1;1;0;0;0;0;429730,429999999700000;5635608,979499999400000;8,001398160000065;50,867890270000032;0
206036;5200424608436484202;5;3;34;36;2020;4;7;6;3;4;2;0;1;1;0;0;0;0;297916,565000000410000;5633811,899399999500000;6,130872163000049;50,820716983000068;0
206037;5200427601700601200;5;3;16;0;2020;4;6;2;2;5;3;0;1;1;0;0;0;0;360610,023900000380000;5659127,612700000400000;7,010589257000049;51,066723708000040;0
206038;5200424608200763649;5;3;34;2;2020;4;15;6;3;5;3;0;1;0;0;0;0;1;299782,970499999820000;5628394,618899999200000;6,160288458000025;50,772708579000039;0
206041;5200427607500630200;5;3;82;68;2020;4;14;2;3;6;4;0;1;0;1;0;0;0;370174,821200000120000;5630886,326899999800000;7,157086799000069;50,815136664000079;0
206043;5200427410220174208;5;7;70;8;2020;4;18;2;3;5;3;0;1;1;0;0;0;0;472958,917600000280000;5804460,586600000000000;8,602644645000055;52,389727953000033;0
206044;5200426601620138206;5;3;15;0;2020;4;16;1;3;0;1;0;1;0;0;0;0;0;362719,646999999880000;5637572,889000000400000;7,048815801000046;50,873513241000069;0
206045;5200428500300526206;5;1;11;0;2020;4;5;3;3;1;7;1;1;1;0;0;0;0;345367,207899999800000;5675934,016400000100000;6,785989406000056;51,213835685000049;0
206046;5200426300310188206;5;9;11;0;2020;4;1;1;3;0;1;2;1;0;0;0;0;0;384626,981800000180000;5704399,052799999700000;7,338582274000032;51,478968300000076;0
206048;5200424605148876785;5;3;74;48;2020;4;10;6;3;5;2;0;1;1;0;0;0;0;399142,139999999660000;5644912,550000000700000;7,564260088000026;50,947000219000074;0
206049;5200427601220081209;5;3;15;0;2020;4;16;2;3;5;2;0;1;1;0;0;0;0;357184,797000000250000;5641525,450999999400000;6,968654932000050;50,907693868000081;0
206051;5200427301504432202;5;9;13;0;2020;4;13;2;3;2;6;0;1;0;0;0;0;0;387700,331699999980000;5716003,676000000900000;7,379119657000047;51,583890166000060;0
206052;5200426515110021936;5;1;54;4;2020;4;13;1;3;2;7;0;1;0;0;0;0;1;307648,778400000180000;5739381,068499999100000;6,211981170000058;51,772211698000035;0
206053;5200427711113581020;5;5;70;52;2020;4;18;2;2;5;3;0;1;0;0;0;0;0;430340,443500000050000;5755175,061200000300000;7,986577928000031;51,942922847000034;0
206054;5200426600110318207;5;3;14;0;2020;4;18;1;2;5;3;0;1;1;0;0;0;0;362609,506199999710000;5623689,717100000000000;7,052448693000031;50,748710968000069;0
206055;5200428404103273204;5;7;66;52;2020;4;11;3;3;5;3;0;1;1;0;0;0;0;517380,555900000040000;5757249,707499999600000;9,252981035000062;51,965665879000028;0
206060;5200424601420747203;5;3;15;0;2020;4;22;6;2;1;5;2;1;1;0;0;0;0;356872,679999999700000;5647608,407500000700000;6,961829401000045;50,962283565000064;0
206061;5200426709800074652;5;5;66;88;2020;4;15;1;2;8;1;0;1;0;0;0;0;0;414369,341900000350000;5786679,814899999600000;7,746370519000038;52,223880442000052;0
206062;5200426505200331206;5;1;14;0;2020;4;11;1;3;5;3;0;1;0;0;1;0;0;332955,310100000350000;5693975,897900000200000;6,599997331000054;51,372431666000068;0
206065;5200428600360703209;5;3;82;12;2020;4;18;3;3;0;2;0;1;1;0;0;0;0;360904,378600000400000;5625058,326999999600000;7,027776133000032;50,760605371000054;0
206066;5200424601310723205;5;3;15;0;2020;4;20;6;2;0;1;0;1;0;0;0;0;0;349626,893000000160000;5649865,991200000000000;6,857789260000061;50,980725333000066;0
206076;5200425518400057116;5;1;70;8;2020;4;13;7;2;5;2;0;1;1;0;0;0;0;344929,807000000030000;5714907,903000000900000;6,762710644000038;51,563900967000052;0
206078;5200424601200665721;5;3;15;0;2020;4;21;6;3;0;1;2;1;0;0;0;0;0;354887,010800000280000;5643834,214299999200000;6,935076214000048;50,927869199000042;0
206081;5200426605152376543;5;3;74;52;2020;4;16;1;2;5;3;0;1;1;0;0;0;0;394047,826600000260000;5664464,865000000200000;7,486049969000021;51,121848325000030;0
206082;5200425518100819208;5;1;70;48;2020;4;17;7;3;0;1;0;1;0;0;0;0;0;335866,759499999690000;5726288,471999999100000;6,626740784000049;51,663577736000036;0
206084;5200426609128980618;5;3;58;28;2020;4;15;1;3;0;1;0;1;0;0;0;0;0;322102,706699999980000;5623594,019999999600000;6,478824577000069;50,736854144000063;0
206085;5200425518100576426;5;1;70;48;2020;4;19;7;3;8;5;0;1;1;0;0;0;0;335324,546799999660000;5726151,236099999400000;6,618972683000038;51,662186235000036;0
206086;5200428505200504204;5;1;14;0;2020;4;17;3;3;1;7;0;1;1;0;0;0;0;330623,324099999850000;5689811,023099999900000;6,568507468000064;51,334324318000029;1
206087;5200424601120729209;5;3;15;0;2020;4;20;6;2;0;1;0;1;0;0;0;0;0;355146,345999999900000;5644383,190800000000000;6,938545783000052;50,932867910000027;0
206089;5200424601100678214;5;3;15;0;2020;4;10;6;3;1;5;0;1;1;0;0;0;0;354788,011699999680000;5645205,380000000800000;6,933122119000075;50,940166606000048;0
206090;5200427606130825010;5;3;78;20;2020;4;17;2;3;5;2;0;1;1;0;0;0;0;366917,815999999640000;5654855,497999999700000;7,102131877000034;51,029825265000056;0
206091;5200424600120167205;5;3;82;24;2020;4;18;6;2;4;6;0;1;1;0;0;0;0;383026,147699999620000;5616859,408199999500000;7,343886237000049;50,691785545000073;0
206092;5200427400300866130;5;7;11;0;2020;4;17;2;3;5;2;0;1;1;0;0;0;0;464938,451999999580000;5759884,588800000000000;8,489403984000035;51,988521102000050;0
206093;5200426601210108203;5;3;15;0;2020;4;13;1;3;5;3;0;1;1;0;0;0;0;355541,303199999970000;5641073,106399999900000;6,945473532000051;50,903219781000075;0
206095;5200428500200554024;5;1;11;0;2020;4;9;3;3;5;2;0;1;1;0;0;0;0;346113,771900000050000;5677776,552400000400000;6,795879175000039;51,230593461000069;0
206096;5200425709800979157;5;5;66;40;2020;4;18;7;3;5;1;0;1;1;0;0;0;0;421318,929999999700000;5782660,275000000400000;7,849023031000058;52,188786156000049;0
206099;5200427601210048208;5;3;15;0;2020;4;14;2;3;0;1;0;1;0;0;0;0;0;352163,128700000230000;5643752,209499999900000;6,896376936000024;50,926440632000038;0
206100;5200426310220278374;5;9;54;8;2020;4;14;1;3;3;6;0;1;0;0;0;0;0;388874,358000000010000;5685896,518999999400000;7,405513837000058;51,313510712000038;0
206102;5200424518310578570;5;1;70;32;2020;4;12;6;3;5;3;0;1;1;0;0;0;0;333052,724000000390000;5712652,699999999300000;6,592580312000052;51,540250462000074;0
206103;5200427601510066005;5;3;15;0;2020;4;18;2;3;0;1;0;1;0;0;0;0;0;358637,496500000360000;5650610,455000000100000;6,985776883000028;50,989698612000041;0
206105;5200427307000078635;5;9;62;36;2020;4;17;2;3;0;7;0;1;1;0;0;0;0;406273,139000000430000;5662987,974999999600000;7,661066790000064;51,110702038000056;0
206106;5200426516920969207;5;1;58;26;2020;4;10;1;2;0;7;0;1;0;0;0;0;0;353361,703400000000000;5664729,922800000800000;6,904937012000062;51,115262230000042;0
206110;5200428607100780207;5;3;82;28;2020;4;19;3;2;0;1;0;1;0;0;0;0;0;373730,886400000190000;5636833,526399999900000;7,205489699000054;50,869378318000031;1
206111;5200424518200858120;5;1;70;24;2020;4;17;6;3;3;6;0;1;1;0;0;0;0;337742,970900000070000;5703043,537300000000000;6,664572001000067;51,455287149000071;0
206114;5200424514218280206;5;1;66;36;2020;4;8;6;2;5;3;0;1;1;0;0;0;0;322800,018600000070000;5683747,262900000400000;6,459327275000021;51,277468555000041;0
206115;5200426705000501676;5;5;54;60;2020;4;20;1;3;5;3;1;1;0;0;0;0;0;348956,288999999870000;5756277,466000000000000;6,802787056000057;51,936690074000069;0
206124;5200427513320051200;5;1;62;4;2020;4;17;2;3;5;3;0;1;1;0;0;0;0;343144,096300000320000;5665139,401499999700000;6,758892810000020;51,116236034000053;0
206125;5200425405112170390;5;7;54;12;2020;4;16;7;3;5;3;0;1;1;0;0;0;0;455003,701000000350000;5768182,228000000100000;8,343643668000027;52,062403621000044;0
206127;5200425503100681524;5;1;24;0;2020;4;16;7;3;1;5;0;1;1;0;0;0;0;365825,306300000290000;5678029,466900000300000;7,077930935000040;51,237841556000035;0
206128;5200426411132068195;5;7;74;32;2020;4;9;1;3;1;5;0;1;1;0;0;0;0;484278,647499999960000;5729461,017999999200000;8,772432305000052;51,715863513000045;0
206130;5200427608200225204;5;3;34;2;2020;4;15;2;2;0;1;0;1;0;0;0;0;0;297131,809000000360000;5631663,057000000000000;6,120933002000072;50,801142959000060;0
206131;5200427609224667461;5;3;58;24;2020;4;14;2;3;5;3;0;1;1;0;0;0;0;314634,681800000370000;5644668,480599999400000;6,362449288000050;50,923836434000066;0
206133;5200428518120476419;5;1;70;44;2020;4;18;3;3;4;1;0;1;0;0;0;0;0;339403,336900000460000;5719059,143100000900000;6,681147513000042;51,599650161000056;1
206134;5200424505100274205;5;1;14;0;2020;4;14;6;2;0;1;0;1;0;0;0;0;0;337385,313000000080000;5690765,285199999800000;6,665055310000071;51,344871924000074;0
206135;5200427502350358209;5;1;13;0;2020;4;19;2;3;5;6;0;1;1;0;0;0;0;360619,059999999590000;5706543,186499999800000;6,992220736000036;51,492830348000041;0
206136;5200425404301221305;5;7;66;44;2020;4;11;7;3;1;7;0;1;1;0;0;0;0;492364,479899999690000;5763911,375800000500000;8,888713037000059;52,025779879000027;0
206137;5200426608100975200;5;3;34;2;2020;4;17;1;3;8;1;0;1;0;0;0;0;0;292507,259999999780000;5631116,589999999900000;6,055702432000032;50,794598001000054;0
206138;5200428503400215206;5;1;22;0;2020;4;16;3;3;0;7;0;1;1;0;0;0;0;364174,893000000160000;5672865,005400000100000;7,056258998000033;51,191038108000043;0
206140;5200426315210564479;5;9;70;24;2020;4;19;1;3;0;1;0;1;0;0;0;0;0;433519,651999999770000;5647000,973999999500000;8,053162139000051;50,970768472000032;0
206142;5200427602900369567;5;3;62;40;2020;4;12;2;3;5;3;0;1;1;0;0;0;0;356963,335400000210000;5632570,332699999200000;6,969008485000074;50,827159025000071;0
206145;5200426600140309205;5;3;14;0;2020;4;19;1;3;0;1;0;1;0;0;0;0;0;370307,652599999680000;5621105,282400000800000;7,162420069000063;50,727252281000062;0
206148;5200427500200483203;5;1;11;0;2020;4;17;2;3;5;3;0;1;1;0;0;0;0;344479,460199999620000;5679609,471200000500000;6,771693820000053;51,246619829000053;0
206150;5200428500300734203;5;1;11;0;2020;4;11;3;3;5;2;0;1;0;0;1;0;0;347234,916799999770000;5673790,898700000700000;6,813622319000046;51,195081125000058;0
206151;5200426300400571482;5;9;11;0;2020;4;11;1;3;5;3;0;1;1;0;0;0;0;372527,895399999800000;5700147,593599999300000;7,165974556000037;51,438162626000064;0
206152;5200428610222411825;5;3;70;36;2020;4;17;3;2;0;1;0;1;0;0;0;0;0;300702,225899999960000;5666162,872400000700000;6,152648150000061;51,112242794000053;1
206154;5200427601220208208;5;3;15;0;2020;4;19;2;3;0;1;0;1;0;0;0;0;0;360554,400799999940000;5636885,989600000900000;7,018322256000033;50,866821512000058;0
206155;5200424501316810207;5;1;12;0;2020;4;13;6;3;5;3;0;1;1;0;0;0;0;345816,355499999600000;5699117,758800000000000;6,782388871000023;51,422269958000072;0
206163;5200428405108397337;5;7;54;8;2020;4;16;3;3;5;3;0;1;1;0;0;0;0;457703,532599999570000;5752908,767400000200000;8,384907822000059;51,925301099000080;0
206166;5200424500300469074;5;1;11;0;2020;4;18;6;3;0;7;0;1;0;1;0;0;0;343846,438299999570000;5676757,443399999300000;6,763874364000060;51,220820611000079;0
206167;5200427601110211206;5;3;15;0;2020;4;17;2;3;0;1;0;1;0;0;0;0;0;355343,575000000190000;5645936,546000000100000;6,940733893000072;50,946877074000042;0
206172;5200427610211077592;5;3;70;4;2020;4;17;2;3;0;1;0;1;0;0;0;0;0;313970,446000000460000;5662216,183000000200000;6,344017349000069;51,081251203000079;0
206173;5200425606100676548;5;3;78;4;2020;4;18;7;2;0;1;0;1;0;0;0;0;0;368547,704699999650000;5650285,994300000400000;7,127017496000065;50,989131145000044;0
206174;5200428601210592209;5;3;15;0;2020;4;13;3;3;1;5;0;1;1;0;0;0;0;353628,519299999810000;5642466,559000000400000;6,917729668000050;50,915260573000069;0
206175;5200424406110982038;5;7;58;12;2020;4;11;6;3;0;3;0;1;0;0;0;0;0;476619,707799999970000;5773848,019700000100000;8,658556686000054;52,114676973000030;0
206178;5200426609152183204;5;3;58;52;2020;4;15;1;1;5;3;0;1;1;0;0;0;0;334726,322999999860000;5630893,691999999800000;6,654281863000051;50,806173532000059;0
206179;5200425404101441138;5;7;66;20;2020;4;17;7;2;0;7;0;1;0;0;0;0;0;490936,728199999780000;5753861,946200000100000;8,868169245000047;51,935404322000068;0
206180;5200426701800367202;5;5;62;4;2020;4;21;1;3;0;7;2;1;0;0;0;0;0;382436,192200000400000;5713221,106799999300000;7,304105678000042;51,557807756000045;0
206181;5200426500300116207;5;1;11;0;2020;4;13;1;3;1;3;0;1;1;0;0;0;0;344946,510700000450000;5675959,105100000300000;6,779959919000021;51,213947044000065;0
206182;5200427608416699205;5;3;34;16;2020;4;19;2;3;5;3;0;1;1;0;0;0;0;294512,071899999860000;5634437,048000000400000;6,082252225000048;50,825133603000040;0
206183;5200425600330248208;5;3;82;48;2020;4;19;7;3;2;6;0;1;1;0;0;0;0;354405,772400000130000;5610884,652200000400000;6,941281348000075;50,631630424000036;0
206185;5200424405228082048;5;7;54;28;2020;4;17;6;3;0;7;0;1;0;0;0;0;0;453753,794300000180000;5743446,921099999900000;8,328741470000068;51,839920059000065;0
206187;5200425400100103946;5;7;11;0;2020;4;14;7;3;5;3;0;1;1;0;0;0;0;467763,734000000170000;5767395,960000000900000;8,529839041000059;52,056224166000050;0
206188;5200426607100315200;5;3;82;60;2020;4;17;1;2;0;6;0;1;1;0;0;0;0;375936,875900000330000;5629834,528500000000000;7,239194513000030;50,806945550000080;0
206190;5200426314110478269;5;9;66;24;2020;4;7;1;2;1;5;0;1;1;0;0;0;0;419545,152099999600000;5654093,162799999100000;7,852599127000076;51,032749562000049;0
206191;5200428705000176646;5;5;54;8;2020;4;16;3;3;5;2;0;1;1;0;0;0;0;332221,405600000170000;5743272,539899999300000;6,565892980000058;51,815073724000058;1
206192;5200424405108376105;5;7;54;8;2020;4;12;6;3;5;3;0;1;0;0;0;0;0;458247,786999999550000;5748799,259700000300000;8,393320109000058;51,888395260000038;0
206195;5200424400100903237;5;7;11;0;2020;4;20;6;2;4;2;0;1;1;0;0;0;0;467137,856499999760000;5764803,302699999900000;8,520960335000041;52,032877917000064;0
206198;5200427606300874376;5;3;78;20;2020;4;16;2;2;0;1;0;1;0;0;0;0;0;372911,009899999950000;5653518,331900000600000;7,188021960000071;51,019163337000066;0
206202;5200428500200813204;5;1;11;0;2020;4;17;3;3;0;7;0;1;1;0;0;0;0;351020,830299999560000;5677997,790799999600000;6,866018101000066;51,233883560000038;1
206203;5200425711212477896;5;5;70;4;2020;4;13;7;3;5;2;0;1;1;0;0;0;0;425689,785000000150000;5736427,210999999200000;7,922963771000070;51,773785784000040;0
206208;5200427301503533203;5;9;13;0;2020;4;17;2;3;5;2;0;1;1;0;0;0;0;388263,495000000110000;5705897,721999999100000;7,390452646000028;51,493168684000068;0
206211;5200426518100876426;5;1;70;48;2020;4;19;1;3;5;2;0;1;1;0;0;0;0;336503,348000000230000;5725053,136800000400000;6,636514688000034;51,652665256000034;0
206213;5200425702100966481;5;5;15;0;2020;4;16;7;3;0;7;0;1;0;1;0;0;0;404106,958499999720000;5748567,785499999300000;7,606872228000043;51,879630840000061;0
206216;5200427600110373208;5;3;14;0;2020;4;8;2;3;0;1;0;1;0;0;0;0;0;367055,177299999630000;5619004,102800000500000;7,117119866000053;50,707631546000073;0
206217;5200424301101821207;5;9;13;0;2020;4;14;6;3;0;3;0;1;1;0;0;0;0;394248,451999999580000;5708360,459499999900000;7,475892852000072;51,516456298000037;0
206218;5200426705000615757;5;5;54;40;2020;4;16;1;3;5;3;0;1;0;1;0;0;0;350800,489500000140000;5737196,890399999900000;6,837828312000056;51,765753249000056;0
206219;5200426503300378391;5;1;20;0;2020;4;17;1;3;0;1;0;1;0;0;0;0;0;372904,466000000010000;5671596,481399999900000;7,181563623000045;51,181645180000032;0
206220;5200427609236567495;5;3;58;36;2020;4;7;2;2;5;2;0;1;1;0;0;0;0;309212,196999999690000;5653321,234999999400000;6,280848200000037;50,999791905000052;0
206221;5200425602250515333;5;3;62;16;2020;4;12;7;3;5;3;0;1;1;0;0;0;0;329184,110399999660000;5645072,739099999900000;6,569075072000032;50,931959550000045;0
206222;5200428518300082222;5;1;70;20;2020;4;17;3;3;0;3;0;1;1;0;0;0;0;328494,187400000170000;5707077,871500000400000;6,529622179000057;51,488803361000066;0
206223;5200426514113344200;5;1;66;32;2020;4;10;1;2;0;1;0;1;0;0;0;0;0;315572,731900000010000;5685043,906500000500000;6,355150103000028;51,286822325000060;0
206224;5200427705000068294;5;5;54;8;2020;4;7;2;3;4;2;0;1;1;0;0;0;0;335284,375000000000000;5746397,194000000100000;6,608801121000056;51,844054684000071;0
206226;5200428601620301207;5;3;15;0;2020;4;6;3;3;0;1;0;1;0;0;0;0;0;359064,275000000370000;5642499,800000000700000;6,994993914000077;50,916912386000035;0
206228;5200427514110574257;5;1;66;32;2020;4;15;2;2;0;7;0;1;0;0;0;0;0;319566,979000000280000;5680956,309000000400000;6,414430563000053;51,251383049000026;0
206229;5200425314310014093;5;9;66;20;2020;4;16;7;3;5;3;0;1;1;0;0;0;0;434699,365600000140000;5664035,691900000000000;8,066889116000027;51,124066630000073;0
206235;5200423711213550795;5;5;70;4;2020;4;18;5;2;5;3;0;1;1;0;0;0;0;424822,677000000140000;5734414,983699999700000;7,910833973000024;51,755580682000073;0
206238;5200504600110414206;5;3;14;0;2020;5;12;2;2;0;1;0;1;0;0;0;0;0;365440,489199999720000;5622174,338899999900000;7,093108197000049;50,735753986000077;1
206240;5200504518400069629;5;1;70;8;2020;5;12;2;2;5;3;0;1;0;0;0;0;1;343001,146999999880000;5714471,575999999400000;6,735102836000067;51,559447163000073;0
206242;5200504516800243203;5;1;58;20;2020;5;10;2;3;2;3;0;1;1;0;0;0;0;357489,563900000420000;5664616,485099999200000;6,963917280000032;51,115284254000073;1
206244;5200504516500386206;5;1;58;16;2020;5;17;2;3;6;4;0;1;0;1;0;0;0;355389,049800000150000;5672290,658099999700000;6,930844628000045;51,183721285000047;0
206249;5200505518200690560;5;1;70;24;2020;5;16;3;3;5;3;0;1;1;0;0;0;0;336370,806200000460000;5703568,139599999400000;6,644597068000053;51,459605382000063;0
206250;5200504515110022281;5;1;54;24;2020;5;15;2;2;5;3;0;1;1;0;0;0;0;312921,358799999580000;5738418,360300000800000;6,288828985000066;51,765352080000071;0
206251;5200504514218502180;5;1;66;36;2020;5;18;2;2;5;3;0;1;1;0;0;0;0;322534,810499999670000;5683858,572100000500000;6,455473498000060;51,278385929000081;0
206252;5200504513330709201;5;1;62;12;2020;5;15;2;3;0;1;0;1;0;0;0;0;0;322173,495099999940000;5664316,604100000100000;6,459973853000065;51,102721371000030;0
206254;5200504503000669115;5;1;24;0;2020;5;13;2;3;0;1;0;1;0;0;0;0;0;374997,458200000230000;5680958,391300000300000;7,208228615000053;51,266249277000043;0