OBJECTID;UIDENTSTLAE;ULAND;UREGBEZ;UKREIS;UGEMEINDE;UJAHR;UMONAT;USTUNDE;UWOCHENTAG;UKATEGORIE;UART;UTYP1;ULICHTVERH;IstRad;IstPKW;IstFuss;IstKrad;IstGkfz;IstSonstige;LINREFX;LINREFY;XGCSWGS84;YGCSWGS84;STRZUSTAND
206255;5200504502407552202;5;1;17;0;2020;5;15;2;2;1;5;0;1;1;0;0;0;0;351261,642199999650000;5697977,344599999500000;6,861126787000046;51,413477717000035;0
206256;5200430502321948466;5;1;13;0;2020;4;14;5;2;0;1;0;1;0;0;0;0;0;357481,410099999980000;5705266,444599999100000;6,947569173000034;51,480575398000042;0
206257;5200504502401514206;5;1;17;0;2020;5;12;2;3;6;4;0;1;0;1;0;0;0;354663,079300000330000;5700741,862500000700000;6,908870382000032;51,439201344000026;1
206261;5200504500100041209;5;1;11;0;2020;5;19;2;3;3;2;0;1;1;0;0;0;0;344870,963600000370000;5676958,502200000000000;6,778446743000075;51,222906508000051;0
206262;5200504405152006299;5;7;54;52;2020;5;17;2;3;0;7;0;1;0;0;0;0;0;460089,300599999730000;5769347,547299999700000;8,417686112000069;52,073270051000065;0
206263;5200504405108540402;5;7;54;8;2020;5;17;2;3;0;1;0;1;0;0;0;0;0;457984,157999999820000;5751481,097999999300000;8,389162762000069;51,912486787000034;0
206265;5200504400200468097;5;7;11;0;2020;5;6;2;3;3;7;0;1;1;0;0;0;0;469922,833700000310000;5763903,429899999900000;8,561635414000023;52,024945525000078;1
206266;5200504607500075200;5;3;82;56;2020;5;11;2;3;0;5;0;1;1;0;0;0;0;371832,771999999880000;5626139,334599999700000;7,182265467000036;50,772838628000045;1
206268;5200504400200441042;5;7;11;0;2020;5;17;2;3;5;2;0;1;1;0;0;0;0;467526,468000000340000;5763512,210999999200000;8,526747555000043;52,021293109000055;0
206270;5200504400100203946;5;7;11;0;2020;5;18;2;2;0;1;0;1;0;0;0;0;0;468381,855999999680000;5765276,994999999200000;8,539049983000041;52,037209028000063;0
206278;5200504313121013606;5;9;58;32;2020;5;18;2;3;5;2;0;1;1;0;0;0;0;450356,358300000430000;5689693,835799999500000;8,287040227000034;51,356341189000034;0
206281;5200505500100121209;5;1;11;0;2020;5;8;3;3;2;7;0;1;1;0;0;0;0;343108,534300000410000;5677872,055099999500000;6,752828344000022;51,230633350000062;0
206282;5200430500100800209;5;1;11;0;2020;4;15;5;3;3;6;0;1;1;0;0;0;0;345767,702899999920000;5677623,248999999800000;6,790992340000059;51,229122542000027;0
206284;5200505502209910208;5;1;13;0;2020;5;13;3;3;1;5;0;1;1;0;0;0;0;360601,780100000090000;5700272,846200000500000;6,994444497000075;51,436479167000073;0
206289;5200504301301064201;5;9;78;24;2020;5;7;2;3;3;6;0;1;1;0;0;0;0;397962,384399999860000;5719523,596500000000000;7,526157832000024;51,617480946000057;1
206292;5200504301101861862;5;9;13;0;2020;5;7;2;3;5;2;0;1;1;0;0;0;0;395161,921600000000000;5706388,831399999600000;7,489639163000049;51,498904418000052;0
206294;5200504301101066209;5;9;13;0;2020;5;13;2;3;0;1;0;1;0;0;0;0;0;394478,159699999730000;5707934,079800000400000;7,479329824000047;51,512666725000031;0
206296;5200503709300542538;5;5;66;68;2020;5;17;1;3;8;1;0;1;0;0;0;0;0;376813,318199999630000;5785616,354100000100000;7,197188931000028;52,207205769000041;1
206298;5200503705000544446;5;5;54;32;2020;5;14;1;3;3;6;0;1;0;0;0;0;0;325353,613900000230000;5744582,566500000700000;6,465698614000075;51,824737489000029;0
206302;5200503610113867469;5;3;70;24;2020;5;12;1;2;0;7;0;1;0;1;0;0;0;283238,068900000300000;5658048,010900000100000;5,908376672000031;51,033039848000044;0
206303;5200503610113263883;5;3;70;24;2020;5;16;1;2;0;7;0;1;0;0;0;0;0;285678,267699999730000;5653320,170499999100000;5,945919643000025;50,991500336000058;1
206304;5200503609220981094;5;3;58;20;2020;5;13;1;2;5;3;0;1;1;0;0;0;0;315202,604500000370000;5636109,674499999700000;6,374848589000067;50,847133010000050;0
206306;5200430302000828814;5;9;14;0;2020;4;19;5;3;1;6;0;1;1;0;0;0;0;392664,364000000060000;5690361,636199999600000;7,458527606000075;51,354374040000039;1
206310;5200505513210478680;5;1;62;24;2020;5;14;3;2;2;2;0;1;1;0;0;0;0;339392,859299999660000;5668672,528999999200000;6,703767237000022;51,146942382000077;0
206312;5200503601410735200;5;3;15;0;2020;5;13;1;2;0;1;0;1;0;0;0;0;0;353836,018000000160000;5657791,235999999600000;6,914515673000039;51,053029596000044;0
206314;5200503601310748208;5;3;15;0;2020;5;13;1;2;5;3;0;1;1;0;0;0;0;354537,235999999570000;5645319,209000000700000;6,929509737000046;50,941126346000033;0
206315;5200503601310715208;5;3;15;0;2020;5;11;1;3;0;5;0;1;1;0;0;0;0;350288,695899999700000;5646411,870899999500000;6,868631747000052;50,949857952000059;0
206316;5200503600380387208;5;3;14;0;2020;5;15;1;3;4;7;0;1;0;0;0;0;0;370816,149299999700000;5617128,283099999700000;7,171012777000044;50,691618872000049;0
206317;5200429709100939204;5;5;66;12;2020;4;17;4;3;5;3;0;1;1;0;0;0;0;404844,149899999610000;5772191,636099999800000;7,611024455000063;52,092096527000081;0
206318;5200503600380255205;5;3;14;0;2020;5;9;1;3;0;1;0;1;0;0;0;0;0;367608,998599999580000;5620394,525699999200000;7,124460250000027;50,720255220000070;0
206319;5200429706100456202;5;5;58;16;2020;4;10;4;2;8;1;0;1;0;0;0;0;0;380613,612800000240000;5744894,642899999400000;7,266983785000036;51,842085443000030;0
206321;5200505502300869178;5;1;13;0;2020;5;7;3;3;6;7;0;1;0;1;0;0;0;364521,781000000420000;5705935,248999999800000;7,048637100000065;51,488315748000048;0
206323;5200503516400146208;5;1;58;24;2020;5;18;1;3;0;1;0;1;0;0;0;0;0;357116,992600000460000;5680361,768699999900000;6,952335151000057;51,256686190000039;0
206324;5200503514210602204;5;1;66;12;2020;5;14;1;3;3;5;0;1;1;0;0;0;0;321231,030399999580000;5693473,857300000300000;6,431977809000046;51,364352289000067;0
206325;5200429705000072449;5;5;54;8;2020;4;8;4;3;5;3;0;1;0;0;0;0;0;335633,074799999590000;5745228,275699999200000;6,614413840000054;51,833656569000027;0
206326;5200503513330580204;5;1;62;12;2020;5;13;1;2;5;3;0;1;1;0;0;0;0;328342,972599999980000;5667628,859400000400000;6,546432402000050;51,134359278000034;0
206328;5200503508112406204;5;1;19;0;2020;5;11;1;3;0;1;0;1;0;0;0;0;0;348357,759999999780000;5704696,531999999700000;6,816522316000032;51,473082388000080;0
206330;5200503508000077779;5;1;19;0;2020;5;18;1;3;0;1;0;1;0;0;0;0;0;349272,944699999880000;5712860,553300000700000;6,826199880000047;51,546682662000080;0
206331;5200504601400781662;5;3;15;0;2020;5;12;2;3;0;5;0;1;1;0;0;0;0;356861,011400000190000;5646679,680800000200000;6,962028621000059;50,953934320000030;0
206332;5200503503400976829;5;1;22;0;2020;5;12;1;3;3;6;0;1;0;0;0;0;1;365502,178500000390000;5667811,870400000400000;7,077131824000048;51,145938661000059;0
206336;5200503502321245202;5;1;13;0;2020;5;12;1;3;0;7;0;1;0;0;0;0;0;357493,872499999590000;5705301,589999999900000;6,947734341000057;51,480894354000043;0
206338;5200503502231241206;5;1;13;0;2020;5;11;1;3;4;6;0;1;1;0;0;0;0;364994,657300000080000;5696610,739600000900000;7,059001238000064;51,404632866000043;0
206343;5200503501112473208;5;1;12;0;2020;5;18;1;2;0;6;0;1;0;0;0;0;0;343996,974600000310000;5708402,870699999900000;6,752145316000053;51,505197690000045;0
206344;5200505301202467206;5;9;13;0;2020;5;17;3;3;5;3;0;1;1;0;0;0;0;394931,088899999860000;5712449,487500000700000;7,484507087000054;51,553338025000073;0
206346;5200503500300676206;5;1;11;0;2020;5;12;1;3;5;3;0;1;1;0;0;0;0;349073,419599999670000;5675576,325799999800000;6,839163968000037;51,211613140000054;0
206348;5200503410110668166;5;7;70;24;2020;5;12;1;3;5;3;0;1;1;0;0;0;0;492826,516800000330000;5792147,842499999300000;8,894850774000076;52,279651908000062;0
206350;5200503410110370394;5;7;70;24;2020;5;17;1;3;0;7;0;1;0;0;0;0;0;492731,035799999720000;5794511,940099999300000;8,893400206000024;52,300905068000077;0
206352;5200503302241029075;5;9;14;0;2020;5;14;1;2;8;1;0;1;0;0;0;0;0;391063,792299999860000;5688902,723300000700000;7,435997124000039;51,340955810000025;0
206353;5200505518400178904;5;1;70;8;2020;5;11;3;3;0;3;0;1;1;0;0;0;0;346272,763000000270000;5713997,206000000200000;6,782468763000054;51,556086104000030;0
206357;5200503300413040494;5;9;11;0;2020;5;13;1;3;0;1;0;1;0;0;0;0;0;370571,270800000060000;5699661,942399999100000;7,138016677000053;51,433354381000072;0
206358;5200429608200747204;5;3;34;2;2020;4;15;4;3;0;1;0;1;0;0;0;0;0;295577,239000000060000;5628049,032999999800000;6,100910543000055;50,768138066000063;1
206359;5200503300310528201;5;9;11;0;2020;5;15;1;2;0;1;0;1;0;0;0;0;0;379683,271200000310000;5709165,819700000800000;7,265799496000057;51,520780213000080;0
206361;5200429608100700207;5;3;34;2;2020;4;12;4;3;0;1;0;1;0;0;0;0;0;292664,990699999970000;5633387,110899999700000;6,056655440000043;50,815045830000031;0
206364;5200502705000881625;5;5;54;8;2020;5;14;7;2;5;3;0;1;1;0;0;0;0;332037,600999999790000;5742912,393999999400000;6,563403555000036;51,811783295000055;1
206365;5200505515000573975;5;1;54;36;2020;5;19;3;3;1;3;0;1;0;0;0;0;0;301657,802400000390000;5743369,476600000600000;6,122982016000037;51,805937184000072;0
206366;5200502705000268294;5;5;54;8;2020;5;13;7;3;5;3;0;1;1;0;0;0;0;335377,846800000410000;5745456,622099999300000;6,610604363000050;51,835632735000047;1
206367;5200505300512477650;5;9;11;0;2020;5;16;3;3;5;3;0;1;1;0;0;0;0;378711,287200000140000;5700678,103199999800000;7,254711833000044;51,444288358000051;0
206368;5200502701120769227;5;5;62;32;2020;5;15;7;2;5;3;0;1;1;0;0;0;0;375469,160000000150000;5713940,732000000800000;7,203400859000055;51,562780119000081;1
206369;5200502610111278206;5;3;70;16;2020;5;13;7;3;0;6;0;1;1;0;0;0;0;296585,566800000150000;5654708,009899999900000;6,100352427000075;51,007922215000065;1
206370;5200429603144842790;5;3;66;44;2020;4;16;4;2;0;7;0;1;0;0;0;0;0;335157,513899999670000;5618824,452099999400000;6,665798821000067;50,697849456000029;1
206372;5200504601220390206;5;3;15;0;2020;5;17;2;3;0;1;0;1;0;0;0;0;0;355245,222699999810000;5642068,766200000400000;6,940870629000074;50,912093452000079;0
206377;5200429602300275613;5;3;62;36;2020;4;17;4;3;5;3;0;1;1;0;0;0;0;347100,232099999670000;5652007,413200000300000;6,820920854000065;50,999302777000025;0
206378;5200502601700053385;5;3;16;0;2020;5;19;7;3;5;3;0;1;1;0;0;0;0;364145,059000000360000;5657107,555999999900000;7,061769297000069;51,049416481000037;0
206380;5200502601620486208;5;3;15;0;2020;5;12;7;2;0;1;0;1;0;0;0;0;0;359731,762400000360000;5643965,822399999900000;7,003919754000037;50,930250389000037;1
206381;5200502601310477206;5;3;15;0;2020;5;10;7;3;0;1;0;1;0;0;0;0;0;353630,843100000170000;5647654,962200000900000;6,915678373000048;50,961887502000081;1
206383;5200429602200115079;5;3;62;4;2020;4;12;4;3;0;7;0;1;0;0;0;0;1;330344,689500000330000;5652217,032099999500000;6,582244460000027;50,996490350000045;0
206385;5200504601210425994;5;3;15;0;2020;5;19;2;3;5;2;0;1;0;0;0;0;0;354105,191999999810000;5642724,946300000000000;6,924402682000050;50,917703327000027;0
206386;5200502601120490205;5;3;15;0;2020;5;13;7;3;3;3;0;1;0;0;0;0;0;355279,941700000320000;5644984,409700000700000;6,940206942000032;50,938304471000038;0
206389;5200502516130062202;5;1;58;32;2020;5;14;7;3;0;1;0;1;0;0;0;0;0;369413,284400000240000;5690848,635700000500000;7,124609603000067;51,353882934000069;1
206398;5200505400200868101;5;7;11;0;2020;5;13;3;3;9;7;0;1;0;0;0;0;0;474479,007600000130000;5760003,377800000800000;8,628329058000077;51,990109446000076;0
206400;5200429601510475205;5;3;15;0;2020;4;17;4;3;5;3;0;1;1;0;0;0;0;361060,381199999710000;5648840,529600000000000;7,020954089000043;50,974381968000046;1
206402;5200429601510327206;5;3;15;0;2020;4;10;4;3;5;3;0;1;1;0;0;0;0;351598,377799999900000;5648321,404699999800000;6,886484787000029;50,967356541000072;0
206404;5200429601100226366;5;3;15;0;2020;4;9;4;3;5;3;0;1;1;0;0;0;0;356850,656999999660000;5644296,877000000300000;6,962817737000023;50,932517739000048;0
206408;5200504705000820728;5;5;54;20;2020;5;18;2;3;5;6;0;1;0;0;0;0;0;363814,256400000300000;5786731,750399999300000;7,006620496000039;52,214169283000047;0
206410;5200502501115972134;5;1;12;0;2020;5;13;7;3;0;3;0;1;1;0;0;0;0;345102,280899999660000;5706802,599700000100000;6,768761194000035;51,491123425000069;0
206411;5200502500200601204;5;1;11;0;2020;5;13;7;3;5;3;0;1;1;0;0;0;0;348821,276300000030000;5682644,918099999400000;6,832572238000068;51,275062650000052;0
206414;5200429518400372056;5;1;70;8;2020;4;9;4;3;0;7;0;1;0;0;0;0;0;343082,414300000300000;5714582,088600000400000;6,736224907000064;51,560462688000030;0
206418;5200505513310078782;5;1;62;8;2020;5;18;3;3;0;1;0;1;0;0;0;0;0;331974,610999999570000;5656709,935000000500000;6,603369461000057;51,037335508000069;0
206420;5200501711412479196;5;5;70;28;2020;5;15;6;2;1;1;0;1;1;0;0;0;0;440977,662800000050000;5742747,385999999900000;8,143436637000036;51,832426789000067;0
206421;5200501605148940048;5;3;74;48;2020;5;0;6;2;1;5;2;1;1;0;0;0;0;400222,860600000250000;5645126,122199999200000;7,579580842000041;50,949108277000050;1
206423;5200501602700373825;5;3;62;28;2020;5;13;6;2;0;1;0;1;0;0;0;0;0;350990,248900000010000;5638634,638499999400000;6,881788510000035;50,880149862000053;0
206425;5200501601610321205;5;3;15;0;2020;5;16;6;3;5;3;0;1;0;0;0;0;0;358215,924800000150000;5642122,151300000000000;6,983079691000057;50,913310629000080;0
206428;5200429500300020205;5;1;11;0;2020;4;11;4;3;6;4;0;1;0;1;0;0;0;344872,116399999710000;5676245,101099999600000;6,778771900000038;51,216496629000062;0
206431;5200501518400065301;5;1;70;8;2020;5;12;6;3;1;5;0;1;1;0;0;0;0;341227,692599999720000;5715375,913899999100000;6,709132053000076;51,567075749000026;0
206436;5200501501213082259;5;1;12;0;2020;5;12;6;3;5;3;0;1;0;0;0;1;0;339850,115600000140000;5698982,153000000900000;6,696711319000031;51,419397406000030;0
206438;5200501500300512202;5;1;11;0;2020;5;15;6;3;5;3;0;1;0;0;0;0;0;343978,430700000380000;5674900,589299999200000;6,766570642000033;51,204172248000077;0
206439;5200505407120579181;5;7;62;8;2020;5;12;3;2;0;1;0;1;0;0;0;0;0;525626,046799999660000;5724588,343900000700000;9,370578266000052;51,671687018000057;0
206441;5200501500200273993;5;1;11;0;2020;5;20;6;3;2;7;1;1;0;0;0;0;0;343331,769399999640000;5680993,157199999300000;6,754657387000066;51,258738448000031;1
206442;5200505502111956206;5;1;13;0;2020;5;12;3;3;0;1;0;1;0;0;0;0;0;362683,103799999690000;5700533,006100000800000;7,024268819000042;51,439325390000079;0
206443;5200501310130266195;5;9;54;20;2020;5;16;6;2;5;3;0;1;0;0;0;0;1;390918,094300000000000;5696572,410800000700000;7,431551575000071;51,409867259000066;1
206445;5200501300510375205;5;9;54;36;2020;5;12;6;2;8;1;0;1;0;0;0;0;0;380229,895600000400000;5694045,400599999400000;7,278793994000068;51,384998189000044;1
206447;5200501300310362207;5;9;11;0;2020;5;10;6;3;0;1;0;1;0;0;0;0;0;382021,321100000290000;5703691,644300000700000;7,301313496000034;51,472072786000069;0
206450;5200430709700281515;5;5;66;56;2020;4;17;5;3;8;7;0;1;0;0;0;0;0;417071,837199999950000;5798333,811000000700000;7,783059091000041;52,329046033000054;0
206451;5200430709300974203;5;5;66;68;2020;4;15;5;3;5;3;0;1;1;0;0;0;0;376495,733599999920000;5785987,150699999200000;7,192408389000036;52,210466732000043;0
206452;5200429405116378114;5;7;54;16;2020;4;10;4;3;5;3;0;1;1;0;0;0;0;447525,486800000070000;5756582,032700000300000;8,236346851000064;51,957458297000073;0
206454;5200430705000003147;5;5;54;20;2020;4;20;5;3;8;1;0;1;0;0;0;0;0;365640,963000000450000;5786478,706000000200000;7,033441648000064;52,212344048000034;0
206456;5200430702100564164;5;5;15;0;2020;4;17;5;3;7;7;0;1;0;0;0;0;0;404312,907399999910000;5760308,656800000000000;7,606597883000063;51,985197953000068;0
206458;5200430701400425205;5;5;12;0;2020;4;15;5;3;5;3;0;1;1;0;0;0;0;355701,680900000040000;5712204,104199999900000;6,919117647000064;51,542464493000068;0
206461;5200505600380625200;5;3;14;0;2020;5;14;3;3;0;7;0;1;0;1;0;0;0;370913,137299999590000;5614989,666200000800000;7,173131934000026;50,672417626000026;0
206465;5200429315110563798;5;9;70;40;2020;4;17;4;3;0;1;0;1;0;0;0;0;0;428091,046799999660000;5638027,650800000900000;7,977628988000049;50,889435538000043;0
206468;5200430608100060202;5;3;34;2;2020;4;18;5;3;0;7;0;1;0;0;0;0;0;294623,513500000350000;5628554,729499999400000;6,087121294000042;50,772343052000053;1
206469;5200505505200889203;5;1;14;0;2020;5;16;3;3;1;7;0;1;0;0;0;0;1;336010,250400000250000;5692564,981100000400000;6,644499524000025;51,360645982000051;0
206474;5200430601300678518;5;3;15;0;2020;4;7;5;3;0;1;0;1;0;0;0;0;0;348498,887000000100000;5644863,267000000900000;6,843814350000059;50,935474234000026;1
206476;5200429301202063299;5;9;13;0;2020;4;10;4;3;1;5;0;1;1;0;0;0;0;392437,204199999570000;5709071,984899999600000;7,449581880000039;51,522509791000061;1
206477;5200430601210564207;5;3;15;0;2020;4;1;5;3;0;1;2;1;0;0;0;0;0;355507,254999999890000;5642316,027300000200000;6,944497542000022;50,914381205000041;1
206478;5200429300210059203;5;9;11;0;2020;4;18;4;3;0;1;0;1;0;0;0;0;0;371073,716000000010000;5702280,675499999900000;7,144286862000058;51,457003737000036;0
206479;5200430601210032209;5;3;15;0;2020;4;16;5;3;4;6;0;1;1;0;0;0;0;353847,049700000320000;5641435,592599999200000;6,921249176000060;50,906050957000048;1
206480;5200505502230980205;5;1;13;0;2020;5;14;3;3;4;1;0;1;1;0;0;0;0;360262,852199999620000;5693057,839199999300000;6,992413464000038;51,371559141000034;0
206482;5200430600380055201;5;3;14;0;2020;4;20;5;3;0;7;1;1;0;0;0;0;0;370735,956000000240000;5615526,260999999900000;7,170438240000067;50,677201444000048;1
206486;5200430518110345755;5;1;70;12;2020;4;15;5;2;3;5;0;1;1;0;0;0;0;335550,534300000410000;5738585,275399999700000;6,616368164000051;51,773955132000026;0
206489;5200504600110565629;5;3;14;0;2020;5;19;2;3;0;1;0;1;0;0;0;0;0;367077,412800000050000;5618371,170299999400000;7,117662464000034;50,701947771000050;0
206492;5200505500300332203;5;1;11;0;2020;5;17;3;2;1;5;0;1;1;0;0;0;0;344573,020600000400000;5675799,072799999300000;6,774685993000048;51,212407560000031;0
206493;5200430516110909204;5;1;58;32;2020;4;14;5;3;0;1;0;1;0;0;0;0;0;363265,825500000270000;5690558,513900000600000;7,036490231000073;51,349829624000051;0
206496;5200428711211676329;5;5;70;4;2020;4;14;3;3;0;2;0;1;1;0;0;0;0;423241,448099999690000;5735624,168999999800000;7,887662690000070;51,766236332000062;1
206497;5200505316300826200;5;9;74;28;2020;5;12;3;3;0;7;0;1;0;0;0;0;0;454305,775999999610000;5724058,905999999500000;8,339301301000035;51,665652944000044;0
206498;5200506600110810208;5;3;14;0;2020;5;17;4;3;5;3;0;1;1;0;0;0;0;365062,399699999950000;5622603,470699999500000;7,087596207000047;50,739523256000041;0
206499;5200507601310597209;5;3;15;0;2020;5;10;5;3;1;7;0;1;1;0;0;0;0;353044,017900000330000;5647061,959899999200000;6,907567292000067;50,956409077000046;0
206500;5200506602900915206;5;3;62;40;2020;5;6;4;3;5;3;1;1;1;0;0;0;0;356550,041799999770000;5632189,514000000400000;6,963293014000044;50,823634314000060;0
206505;5200506518120576675;5;1;70;44;2020;5;15;4;2;5;3;0;1;1;0;0;0;0;340767,769899999720000;5719279,576400000600000;6,700731319000056;51,602017970000077;0
206507;5200506516630113201;5;1;58;4;2020;5;21;4;3;6;6;1;1;0;1;0;0;0;354922,653400000180000;5674663,038200000300000;6,923217356000066;51,204922006000061;0
206509;5200508700100815749;5;5;13;0;2020;5;17;6;3;5;3;0;1;1;0;0;0;0;369456,523799999620000;5709680,582599999400000;7,118286419000071;51,523135328000080;0
206510;5200507316300000201;5;9;74;28;2020;5;15;5;2;3;2;0;1;1;0;0;0;0;453991,788300000130000;5725663,379200000300000;8,334550273000048;51,680052906000071;0
206512;5200509600380263201;5;3;14;0;2020;5;12;7;3;5;3;0;1;1;0;0;0;0;369972,857900000180000;5616078,861800000100000;7,159449188000053;50,681998424000028;0
206513;5200507405116081065;5;7;54;16;2020;5;17;5;3;3;6;0;1;0;0;0;0;0;446897,460699999700000;5757319,139200000100000;8,227094219000037;51,964025408000055;0
206514;5200508516310215201;5;1;58;28;2020;5;22;6;2;5;3;2;1;1;0;0;0;0;350252,130599999800000;5685056,433900000500000;6,852059611000072;51,297109728000066;0
206515;5200509601220863209;5;3;15;0;2020;5;16;7;3;5;2;0;1;1;0;0;0;0;359611,943400000220000;5636163,379000000700000;7,005214772000045;50,860099127000069;0
206516;5200506516400848200;5;1;58;24;2020;5;20;4;2;6;6;0;1;0;1;0;0;0;359036,948599999770000;5679533,825400000400000;6,980157833000021;51,249723774000074;0
206520;5200508608100391203;5;3;34;2;2020;5;12;6;3;5;2;0;1;1;0;0;0;0;294754,491700000130000;5628491,341099999800000;6,089011779000032;50,771820098000035;0
206521;5200508506100356201;5;1;16;0;2020;5;15;6;3;0;1;0;1;1;0;0;0;0;322035,543700000270000;5675380,281600000300000;6,452535448000049;51,202067873000033;0
206522;5200509516800280203;5;1;58;20;2020;5;16;7;3;5;2;0;1;1;0;0;0;0;356371,381299999540000;5664241,169700000400000;6,948101892000068;51,111632290000045;0
206524;5200507607500053871;5;3;82;56;2020;5;15;5;3;5;2;0;1;0;0;0;0;0;370287,842299999670000;5624418,196599999400000;7,160973180000042;50,757025211000041;0
206525;5200506602800638201;5;3;62;12;2020;5;0;4;3;5;3;2;1;1;0;0;0;0;350577,769600000230000;5629579,528200000500000;6,879621916000076;50,798668926000062;0
206526;5200509411133072216;5;7;74;32;2020;5;12;7;2;0;1;0;1;0;0;0;0;0;485015,974999999630000;5734857,168700000300000;8,782872664000024;51,764402071000063;0
206528;5200506506100882257;5;1;16;0;2020;5;12;4;3;0;1;0;1;0;0;0;0;0;314260,017099999820000;5675680,241200000000000;6,341203580000070;51,202287473000069;0
206529;5200507610211275577;5;3;70;4;2020;5;17;5;3;0;1;0;1;0;0;0;0;0;312755,720999999900000;5663555,097999999300000;6,326000748000070;51,092882992000057;0
206530;5200509501112915203;5;1;12;0;2020;5;12;7;3;4;7;0;1;1;0;0;0;0;344130,294200000350000;5708255,396999999900000;6,754129906000060;51,503909451000027;0
206531;5200506502209285209;5;1;13;0;2020;5;18;4;3;0;7;0;1;0;0;0;0;0;360187,474000000390000;5700730,658399999100000;6,988306931000068;51,440491100000031;0
206532;5200507503300979446;5;1;20;0;2020;5;11;5;2;5;3;0;1;1;0;0;0;0;373558,320000000300000;5671625,846999999100000;7,190903380000066;51,182054104000031;0
206534;5200508502319869205;5;1;13;0;2020;5;20;6;3;6;6;1;1;0;1;0;0;0;355009,105000000450000;5705674,110999999600000;6,911822994000033;51,483610291000048;0
206535;5200509506100385205;5;1;16;0;2020;5;11;7;2;5;1;0;1;0;0;0;0;0;324641,758600000290000;5670803,176200000600000;6,492037007000022;51,161754927000061;0
206540;5200507500200763203;5;1;11;0;2020;5;11;5;2;0;1;0;1;0;0;0;0;1;348137,818099999800000;5677189,352499999100000;6,825095981000061;51,225859259000060;0
206541;5200508601220263207;5;3;15;0;2020;5;11;6;2;0;3;0;1;1;0;0;0;0;357062,312800000420000;5642046,703199999400000;6,966709778000052;50,912348032000068;0
206543;5200507502105514209;5;1;13;0;2020;5;12;5;3;0;7;0;1;0;0;0;0;0;362254,173000000420000;5700889,484999999400000;7,017962566000051;51,442424726000070;0
206544;5200508601310802207;5;3;15;0;2020;5;22;6;3;1;5;2;1;1;0;0;0;0;353751,666699999940000;5647007,283299999300000;6,917657985000062;50,956097740000075;0
206546;5200509502136938205;5;1;13;0;2020;5;12;7;3;5;3;0;1;1;0;0;0;0;363693,196999999690000;5703082,890000000600000;7,037810566000076;51,462483948000056;0
206548;5200507601220692206;5;3;15;0;2020;5;15;5;3;1;1;0;1;1;0;0;0;0;355260,552199999800000;5642339,011800000400000;6,940981337000039;50,914525946000026;0
206549;5200506601700073201;5;3;16;0;2020;5;21;4;3;5;3;1;1;1;0;0;0;0;360337,243300000210000;5655193,040799999600000;7,008216353000023;51,031297479000045;0
206551;5200507406220933614;5;7;58;24;2020;5;17;5;3;5;3;0;1;1;0;0;0;0;477992,989000000060000;5780794,679999999700000;8,678161650000050;52,177187933000027;0
206552;5200508516710157201;5;1;58;8;2020;5;11;6;3;5;2;0;1;0;0;0;1;0;359431,559399999680000;5673090,552300000600000;6,988334781000049;51,191918029000078;0
206553;5200506501128276204;5;1;12;0;2020;5;16;4;3;0;2;0;1;1;0;0;0;0;342991,931499999950000;5702285,648800000500000;6,740394449000064;51,449957635000032;0
206554;5200509601700910209;5;3;16;0;2020;5;17;7;3;5;3;0;1;1;0;0;0;0;359629,640399999920000;5659180,683900000500000;6,996585493000055;51,066961751000065;0
206556;5200508300410205202;5;9;16;0;2020;5;16;6;2;3;7;0;1;1;0;0;0;0;377023,151899999940000;5711021,054300000900000;7,226829273000021;51,536880986000028;0
206557;5200506500300968178;5;1;11;0;2020;5;9;4;3;0;7;0;1;0;0;0;0;0;345537,047199999910000;5676130,747899999800000;6,788334469000063;51,215649373000076;0
206558;5200507515210069460;5;1;54;12;2020;5;16;5;3;0;7;0;1;0;0;0;0;0;315155,622999999670000;5710622,477199999600000;6,335850881000056;51,516438953000034;0
206559;5200506500300593202;5;1;11;0;2020;5;17;4;2;5;3;0;1;0;0;0;1;0;345137,672899999660000;5674734,438200000700000;6,783223381000028;51,202994746000059;0
206560;5200508301301336205;5;9;78;24;2020;5;17;6;3;5;3;0;1;1;0;0;0;0;397504,352500000040000;5719237,233500000100000;7,519628104000049;51,614823738000041;0
206561;5200506500200080467;5;1;11;0;2020;5;15;4;3;3;5;0;1;1;0;0;0;0;342684,614299999550000;5682693,459799999400000;6,744642140000053;51,273837672000070;0
206562;5200507601110703208;5;3;15;0;2020;5;14;5;3;5;2;0;1;1;0;0;0;0;355005,424700000320000;5644604,152699999500000;6,936453772000050;50,934818233000044;0
206563;5200508701300155208;5;5;62;14;2020;5;7;6;3;5;3;0;1;1;0;0;0;0;361223,646800000220000;5714988,710000000900000;6,997596013000020;51,568872172000056;0
206564;5200507405108355668;5;7;54;8;2020;5;18;5;3;0;1;0;1;0;0;0;0;0;457438,381699999790000;5748493,305999999900000;8,381597542000066;51,885583334000046;0
206568;5200507702100339623;5;5;15;0;2020;5;11;5;3;2;6;0;1;1;0;0;0;0;407171,656000000420000;5757931,798000000400000;7,648857361000069;51,964318646000038;0
206569;5200506406150182133;5;7;58;36;2020;5;13;4;2;5;3;0;1;0;0;1;0;0;483231,543700000270000;5777476,560100000400000;8,754935172000046;52,147540059000050;0