OBJECTID;UIDENTSTLAE;ULAND;UREGBEZ;UKREIS;UGEMEINDE;UJAHR;UMONAT;USTUNDE;UWOCHENTAG;UKATEGORIE;UART;UTYP1;ULICHTVERH;IstRad;IstPKW;IstFuss;IstKrad;IstGkfz;IstSonstige;LINREFX;LINREFY;XGCSWGS84;YGCSWGS84;STRZUSTAND
206570;5200507513110165202;5;1;62;16;2020;5;16;5;2;5;3;0;1;1;0;0;0;0;332480,780799999830000;5674197,117900000900000;6,602460709000070;51,194596312000044;0
206573;5200507310120279520;5;9;54;32;2020;5;12;5;3;0;1;0;1;0;0;0;0;0;388126,579900000240000;5693314,237600000600000;7,392457196000066;51,380037797000057;0
206578;5200509500200193207;5;1;11;0;2020;5;13;7;3;3;7;0;1;1;0;0;0;0;346628,090300000270000;5678261,949999999300000;6,803032174000066;51,235093462000066;0
206580;5200507503100781995;5;1;24;0;2020;5;18;5;3;5;3;0;1;0;0;1;0;0;369053,255099999720000;5681742,720899999100000;7,122785792000059;51,271963605000053;0
206584;5200506316300074557;5;9;74;28;2020;5;13;4;3;5;3;0;1;1;0;0;0;0;454228,695799999870000;5723104,428500000400000;8,338311877000024;51,657065078000073;0
206586;5200506601630077207;5;3;15;0;2020;5;21;4;2;5;3;1;1;0;0;0;0;1;367702,686800000260000;5637641,855399999800000;7,119573944000024;50,875295238000035;0
206587;5200508506100171207;5;1;16;0;2020;5;16;6;3;5;3;0;1;1;0;0;0;0;321801,740399999540000;5674647,270400000700000;6,449556084000051;51,195410156000037;0
206588;5200509515110673202;5;1;54;40;2020;5;15;7;3;0;4;0;1;0;1;0;0;0;294048,001000000160000;5741247,151000000500000;6,014018177000025;51,784130059000063;0
206589;5200506316100929209;5;9;74;40;2020;5;17;4;3;5;2;0;1;1;0;0;0;1;438025,816200000230000;5712381,079700000600000;8,105999107000059;51,559104110000078;0
206592;5200509407111688394;5;7;62;20;2020;5;16;7;3;8;1;0;1;0;0;0;0;0;521142,066100000400000;5728859,951500000400000;9,305995386000063;51,710281011000063;0
206593;5200507501113403204;5;1;12;0;2020;5;9;5;3;2;3;0;1;0;0;0;0;1;346136,278800000440000;5707875,288400000000000;6,783175782000058;51,501043837000054;0
206594;5200508601300569669;5;3;15;0;2020;5;19;6;3;0;4;0;1;0;1;0;0;0;354369,299300000070000;5646880,168600000400000;6,926496770000028;50,955111812000041;0
206596;5200508307300425200;5;9;62;40;2020;5;17;6;3;3;2;0;1;1;0;0;0;0;416371,209999999960000;5699354,577999999700000;7,796775930000024;51,439204178000068;0
206598;5200507601210656208;5;3;15;0;2020;5;13;5;3;1;5;0;1;1;0;0;0;0;354087,671799999660000;5641827,897900000200000;6,924512338000056;50,909637368000062;0
206599;5200506601610584208;5;3;15;0;2020;5;10;4;3;5;2;0;1;0;0;0;1;0;363967,765900000000000;5645278,732699999600000;7,063672478000058;50,943064695000032;0
206600;5200508702100761201;5;5;15;0;2020;5;17;6;3;5;5;0;1;1;0;0;0;0;398743,306400000120000;5752877,177400000400000;7,527710685000045;51,917416110000033;0
206601;5200507301101953209;5;9;13;0;2020;5;13;5;3;5;3;0;1;1;0;0;0;0;392316,111399999820000;5708170,392500000100000;7,448112630000026;51,514382845000057;0
206602;5200507405228069523;5;7;54;28;2020;5;17;5;3;2;7;0;1;0;1;0;0;0;451975,202899999920000;5742859,954900000200000;8,303008924000039;51,834492772000033;0
206603;5200508516320181200;5;1;58;28;2020;5;15;6;3;5;3;0;1;1;0;0;0;0;347961,137199999760000;5686589,381699999800000;6,818570440000030;51,310276889000079;0
206605;5200507300713879457;5;9;16;0;2020;5;18;5;3;5;3;0;1;1;0;0;0;0;372802,684799999930000;5709357,841700000700000;7,166609115000028;51,520998366000072;0
206608;5200506313130113687;5;9;58;44;2020;5;12;4;3;0;7;0;1;0;0;0;0;0;429260,809200000020000;5682908,595000000700000;7,985465829000020;51,293102769000029;0
206611;5200506301201075373;5;9;13;0;2020;5;16;4;3;3;6;0;1;1;0;0;0;0;389118,072999999860000;5709651,353000000100000;7,401577043000032;51,527075368000055;0
206612;5200507600360999209;5;3;82;12;2020;5;18;5;3;5;3;0;1;1;0;0;0;0;359374,531800000000000;5624526,188999999300000;7,006301804000032;50,755454099000076;0
206613;5200508700200275209;5;5;13;0;2020;5;15;6;2;0;1;0;1;0;0;0;0;0;363347,257899999620000;5717060,415400000300000;7,027411803000064;51,588007746000073;0
206614;5200507300510776205;5;9;54;36;2020;5;9;5;3;5;2;0;1;1;0;0;0;0;388302,256799999620000;5701124,650499999500000;7,392519575000051;51,450274898000032;0
206615;5200507317120061109;5;9;78;16;2020;5;17;5;3;5;3;0;1;1;0;0;0;0;403798,993999999950000;5706979,153999999200000;7,613868131000061;51,505746918000057;0
206616;5200508514121078962;5;1;66;4;2020;5;21;6;3;0;6;1;1;0;0;1;0;0;301929,300800000320000;5680200,432800000500000;6,162421976000076;51,238742577000039;0
206619;5200507610212975559;5;3;70;40;2020;5;15;5;3;1;6;0;1;1;0;0;0;0;309967,611800000070000;5669443,451700000100000;6,283129243000076;51,144856466000078;0
206620;5200509601510820208;5;3;15;0;2020;5;14;7;3;4;6;0;1;0;0;0;0;0;361180,757199999880000;5648750,892599999900000;7,022701846000075;50,973605413000030;0
206629;5200509518400079062;5;1;70;8;2020;5;18;7;3;5;7;0;1;0;0;0;0;0;345067,124499999920000;5717554,158600000700000;6,763523012000064;51,587714674000040;0
206632;5200506601520975204;5;3;15;0;2020;5;16;4;3;0;1;0;1;0;0;0;0;0;357305,890999999830000;5645162,110500000400000;6,968953066000040;50,940406350000046;0
206633;5200509500100066169;5;1;11;0;2020;5;14;7;2;5;3;0;1;1;0;0;0;0;347090,289699999620000;5675567,437000000800000;6,810797101000048;51,211005738000040;0
206636;5200508601320531202;5;3;15;0;2020;5;19;6;3;0;7;0;1;0;0;0;0;0;351064,455199999730000;5645323,601600000600000;6,880112772000075;50,940279268000040;0
206638;5200505705000572375;5;5;54;68;2020;5;8;3;3;5;3;0;1;1;0;0;0;0;350591,282300000080000;5766883,998800000200000;6,821932859000071;52,032425743000033;0
206640;5200508606210178463;5;3;78;32;2020;5;16;6;2;5;3;0;1;1;0;0;0;0;376197,709300000220000;5667361,745100000900000;7,230115292000050;51,144306272000051;0
206643;5200505705000420997;5;5;54;20;2020;5;13;3;2;0;2;0;1;0;0;1;0;0;366467,272800000380000;5786939,263499999400000;7,045346654000070;52,216683193000051;0
206644;5200507601620818206;5;3;15;0;2020;5;18;5;3;4;6;0;1;0;0;0;0;0;365788,282599999570000;5634399,830800000600000;7,093568245000029;50,845715385000062;0
206645;5200506601510036204;5;3;15;0;2020;5;17;4;3;8;1;0;1;0;0;0;0;0;362087,272099999710000;5649894,167199999100000;7,035172060000036;50,984098091000078;0
206646;5200509400100296209;5;7;11;0;2020;5;16;7;2;5;3;0;1;1;0;0;0;0;466374,949000000020000;5765148,176000000900000;8,509805769000025;52,035932791000050;0
206647;5200506705000065897;5;5;54;8;2020;5;19;4;2;4;6;0;1;0;0;0;0;0;336721,348000000230000;5744489,092000000200000;6,630542859000059;51,827335257000072;0
206648;5200507500300040989;5;1;11;0;2020;5;7;5;3;3;2;0;1;1;0;0;0;0;347343,343000000340000;5675072,041999999400000;6,814628022000022;51,206621999000049;0
206649;5200508601220487209;5;3;15;0;2020;5;17;6;3;3;6;0;1;0;0;0;0;0;355250,099000000390000;5643011,841000000000000;6,940565751000065;50,920569915000044;0
206653;5200509503100914204;5;1;24;0;2020;5;18;7;3;5;3;0;1;1;0;0;0;0;365815,532999999820000;5677674,696000000500000;7,077923921000036;51,234650907000059;0
206654;5200505702100497729;5;5;15;0;2020;5;9;3;3;5;3;0;1;1;0;0;0;0;403941,831000000240000;5758259,220000000700000;7,601769633000060;51,966712927000060;0
206655;5200507601310248202;5;3;15;0;2020;5;18;5;3;5;2;0;1;1;0;0;0;0;354348,609000000170000;5645495,486999999700000;6,926756251000029;50,942662885000061;0
206656;5200506601410098208;5;3;15;0;2020;5;18;4;3;5;3;0;1;1;0;0;0;0;352870,952399999830000;5653841,657600000500000;6,902359573000069;51,017290646000049;0
206657;5200508705000364134;5;5;54;48;2020;5;11;6;3;5;2;0;1;1;0;0;0;0;342168,372000000440000;5745086,031999999700000;6,709247094000034;51,834263480000061;0
206658;5200507406230976367;5;7;58;20;2020;5;14;5;3;2;6;0;1;1;0;0;0;0;474188,476700000460000;5783558,015399999900000;8,622313865000024;52,201866737000046;0
206662;5200505701400443202;5;5;12;0;2020;5;11;3;3;1;5;0;1;1;0;0;0;0;355894,670300000350000;5712799,617200000200000;6,921654840000031;51,547864924000066;0
206663;5200508300513079451;5;9;11;0;2020;5;19;6;3;0;1;1;1;0;0;0;0;0;382932,425999999980000;5705220,534499999100000;7,313918943000033;51,486003494000045;0
206664;5200505700100780893;5;5;13;0;2020;5;12;3;3;1;5;0;1;1;0;0;0;0;367800,069500000220000;5708586,407400000800000;7,094834081000045;51,512916976000042;0
206665;5200507518110757224;5;1;70;12;2020;5;19;5;3;0;5;0;1;1;0;0;0;0;333738,821200000120000;5733536,594399999800000;6,592546830000060;51,728065716000060;0
206666;5200508700100272202;5;5;13;0;2020;5;19;6;3;4;6;0;1;1;0;0;0;0;369729,966900000350000;5709181,028000000900000;7,122410360000060;51,518709038000054;0
206669;5200505610111571751;5;3;70;16;2020;5;16;3;2;5;2;0;1;1;0;0;0;0;296253,533800000320000;5661017,840199999500000;6,092078195000056;51,064472472000034;0
206670;5200507601200457560;5;3;15;0;2020;5;17;5;2;0;1;0;1;0;0;0;0;0;355230,059299999850000;5643306,775000000400000;6,940163755000071;50,923215402000039;0
206671;5200508702100369524;5;5;15;0;2020;5;15;6;3;1;5;0;1;1;0;0;0;0;406747,324900000360000;5761485,683000000200000;7,641717019000055;51,996191588000045;0
206672;5200507405108570324;5;7;54;8;2020;5;9;5;3;5;3;0;1;1;0;0;0;0;457158,121000000280000;5750675,417999999600000;8,377254575000052;51,905180336000058;0
206673;5200508515110698209;5;1;54;36;2020;5;15;6;3;5;3;0;1;1;0;0;0;0;300882,931900000200000;5740084,566900000000000;6,113642765000066;51,776163806000056;0
206674;5200509601210827201;5;3;15;0;2020;5;13;7;3;5;3;0;1;1;0;0;0;0;352689,286000000310000;5642959,194599999100000;6,904178789000071;50,919448722000027;0
206675;5200505609108558204;5;3;58;8;2020;5;12;3;2;0;1;0;1;0;0;0;0;0;321659,865699999970000;5633584,184399999700000;6,467709096000021;50,826470621000055;0
206676;5200507702100672436;5;5;15;0;2020;5;14;5;3;5;3;0;1;1;0;0;0;0;409635,262099999930000;5752374,332699999200000;7,686165804000041;51,914770276000070;0
206679;5200508608100328209;5;3;34;2;2020;5;8;6;3;0;5;0;1;1;0;0;0;0;295014,455099999900000;5627176,397199999500000;6,093426197000042;50,760102131000053;0
206683;5200508513210275912;5;1;62;24;2020;5;9;6;3;5;2;0;1;0;0;1;0;0;338621,772400000130000;5675201,423399999700000;6,689821180000024;51,205387118000033;0
206684;5200509600140274201;5;3;14;0;2020;5;15;7;3;2;2;0;1;1;0;0;0;0;367181,399899999610000;5622236,505000000800000;7,117742576000069;50,736713474000055;0
206685;5200505606210978463;5;3;78;32;2020;5;10;3;2;0;4;0;1;0;1;0;0;0;373246,773599999960000;5661695,455600000900000;7,189942565000024;51,092732862000048;0
206687;5200509500300286205;5;1;11;0;2020;5;20;7;3;5;3;1;1;1;0;0;0;0;351302,373599999580000;5670466,919500000800000;6,873167747000025;51,166284730000029;0
206688;5200505602900626202;5;3;62;40;2020;5;19;3;3;5;2;0;1;1;0;0;0;0;357722,411000000310000;5631018,039899999300000;6,980381602000023;50,813395334000063;0
206689;5200507503200539203;5;1;24;0;2020;5;9;5;2;3;6;0;1;1;0;0;0;0;377689,360999999570000;5681750,672000000300000;7,246523351000064;51,273954231000062;0
206691;5200506701700753209;5;5;62;16;2020;5;16;4;3;5;6;0;1;1;0;0;0;0;377451,652099999600000;5737225,400399999700000;7,223820046000071;51,772477543000036;0
206693;5200509505200376213;5;1;14;0;2020;5;15;7;3;5;3;0;1;1;0;0;0;0;329955,705099999900000;5689617,255999999100000;6,559025256000041;51,332384299000068;0
206695;5200507601610805208;5;3;15;0;2020;5;18;5;3;1;5;0;1;1;0;0;0;0;362744,468700000080000;5645718,765200000300000;7,046104611000033;50,946729495000056;0
206696;5200506601400481662;5;3;15;0;2020;5;16;4;3;0;3;0;1;0;0;1;0;0;356739,774500000290000;5648677,820000000300000;6,959516898000061;50,971861178000040;0
206697;5200509310130844289;5;9;54;20;2020;5;13;7;2;0;1;0;1;0;0;0;0;0;390967,161799999890000;5698983,688699999800000;7,431514954000022;51,431550418000029;0
206698;5200507411132768208;5;7;74;32;2020;5;16;5;3;0;3;0;1;0;0;0;0;0;482570,703999999910000;5732580,890000000600000;8,747553731000039;51,743864698000039;0
206700;5200506601210960208;5;3;15;0;2020;5;16;4;3;5;3;0;1;1;0;0;0;0;354201,925400000070000;5641503,583900000900000;6,926265920000049;50,906751709000048;0
206702;5200507501319073897;5;1;12;0;2020;5;15;5;3;0;5;0;1;1;0;0;0;0;344156,283400000070000;5696473,775100000200000;6,759693573000050;51,398059832000058;0
206706;5200505601700137202;5;3;16;0;2020;5;17;3;3;5;3;0;1;1;0;0;0;0;358254,364500000140000;5657670,559699999200000;6,977561701000070;51,053052615000070;0
206707;5200507601220642201;5;3;15;0;2020;5;12;5;3;5;2;0;1;1;0;0;0;0;355568,336299999620000;5641869,232499999900000;6,945542716000034;50,910381217000065;0
206710;5200507406210578133;5;7;58;4;2020;5;10;5;2;5;3;0;1;0;0;0;0;1;471751,452499999660000;5782895,645400000700000;8,586710402000051;52,195792241000049;0
206712;5200509601700909209;5;3;16;0;2020;5;19;7;3;0;4;0;1;0;1;0;0;0;359421,703099999580000;5654897,524299999700000;6,995282631000066;51,028418485000032;0
206713;5200505601620127201;5;3;15;0;2020;5;18;3;3;4;2;0;1;1;0;0;0;0;359080,896300000140000;5644563,715600000700000;6,994432513000049;50,935465065000074;0
206716;5200505601510924207;5;3;15;0;2020;5;11;3;3;0;1;0;1;1;0;0;0;0;359875,949500000100000;5646276,423900000800000;7,005081523000058;50,951051130000053;0
206718;5200508301202069199;5;9;13;0;2020;5;10;6;3;5;3;0;1;1;0;0;0;0;393600,849999999630000;5709515,420499999100000;7,466214323000031;51,526716023000063;0
206719;5200505601500553368;5;3;15;0;2020;5;18;3;3;0;1;0;1;0;0;0;0;0;359246,516999999990000;5646086,357999999100000;6,996199739000076;50,949189630000035;0
206720;5200507600380913207;5;3;14;0;2020;5;10;5;3;5;2;0;1;1;0;0;0;0;370126,502399999650000;5617616,102000000000000;7,161082608000072;50,695849986000042;0
206721;5200508701200347175;5;5;62;20;2020;5;16;6;3;6;6;0;1;0;1;0;0;0;371133,006000000050000;5717232,823999999100000;7,139670405000061;51,591391604000080;0
206722;5200507405108068069;5;7;54;8;2020;5;7;5;3;5;2;0;1;0;0;0;0;1;457065,913700000380000;5751290,662900000800000;8,375837671000056;51,910704637000038;0
206723;5200508514121177593;5;1;66;4;2020;5;20;6;3;0;7;2;1;0;0;0;0;0;303814,519399999640000;5682249,126199999800000;6,188272043000040;51,257793755000080;0
206725;5200505601410528201;5;3;15;0;2020;5;19;3;3;0;2;0;1;1;0;0;0;0;356557,821700000200000;5648940,417300000800000;6,956823483000051;50,974175806000062;0
206728;5200507505200078947;5;1;14;0;2020;5;15;5;3;5;3;0;1;1;0;0;0;0;326538,914200000460000;5694228,398700000700000;6,507778929000040;51,372776349000048;0
206729;5200505601210918202;5;3;15;0;2020;5;12;3;3;0;1;0;1;0;0;0;0;0;354838,872899999840000;5642470,056700000500000;6,934934677000058;50,915597712000078;0
206730;5200507514110047940;5;1;66;32;2020;5;14;5;3;5;2;0;1;1;0;0;0;0;318129,395100000310000;5681722,228800000600000;6,393463784000062;51,257806543000072;0
206735;5200505601210055204;5;3;15;0;2020;5;15;3;2;0;1;0;1;0;0;0;0;0;354879,416100000030000;5643827,694199999800000;6,934970814000053;50,927808693000031;0
206737;5200509500100163527;5;1;11;0;2020;5;14;7;3;5;3;0;1;1;0;0;0;0;343103,318099999800000;5677908,343100000200000;6,752737804000049;51,230957972000056;0
206738;5200505601110072209;5;3;15;0;2020;5;15;3;3;0;7;0;1;0;1;0;1;0;355306,726300000210000;5644513,134600000500000;6,940775035000058;50,934075945000075;0
206739;5200507503100076481;5;1;24;0;2020;5;17;5;3;1;1;0;1;1;0;0;0;0;366552,462000000290000;5680410,098200000800000;7,087453717000074;51,259407080000074;0
206741;5200508405244582127;5;7;54;44;2020;5;15;6;3;5;3;0;1;1;0;0;0;0;463278,870000000110000;5748933,422599999200000;8,466406240000026;51,889955637000071;0
206742;5200509503200906201;5;1;24;0;2020;5;16;7;3;0;5;0;1;0;0;0;0;1;375528,394999999550000;5682818,904999999300000;7,215187050000054;51,283087233000060;0
206743;5200508607100176796;5;3;82;60;2020;5;15;6;3;5;3;0;1;1;0;0;0;0;373987,049700000320000;5629071,020099999400000;7,211797313000034;50,799661972000081;0
206745;5200509515110522287;5;1;54;36;2020;5;20;7;3;0;1;0;1;0;0;0;0;0;303093,029299999590000;5741635,826799999900000;6,144756737000023;51,790876062000052;0
206746;5200505601100170275;5;3;15;0;2020;5;11;3;3;5;5;0;1;1;0;0;0;0;356328,002700000070000;5645032,208599999500000;6,955094896000048;50,938996111000051;0
206747;5200507601700259207;5;3;15;0;2020;5;7;5;2;0;1;0;1;0;0;0;0;0;358292,244699999690000;5652222,764499999600000;6,980231599000035;51,004103404000034;0
206749;5200509404301782002;5;7;66;44;2020;5;16;7;2;0;6;0;1;0;0;0;0;0;493830,774199999870000;5765269,362400000900000;8,910059608000040;52,038007646000040;0
206750;5200506701300761202;5;5;62;14;2020;5;19;4;2;0;7;0;1;0;1;0;0;0;361545,008500000460000;5711510,494999999200000;7,003599134000069;51,537695311000050;0
206751;5200507500300560579;5;1;11;0;2020;5;15;5;3;5;7;0;1;1;0;0;0;0;348383,736399999820000;5670363,022600000700000;6,831497817000070;51,164584984000044;0
206752;5200508601300281729;5;3;15;0;2020;5;10;6;3;5;3;0;1;1;0;0;0;0;349087,852599999870000;5645957,859899999600000;6,851736860000074;50,945464956000080;0
206756;5200507601210623208;5;3;15;0;2020;5;11;5;3;0;1;0;1;0;0;0;0;0;354860,816100000400000;5642941,878000000500000;6,935058896000044;50,919843386000082;0
206757;5200508702100743207;5;5;15;0;2020;5;7;6;3;5;2;0;1;1;0;0;0;0;407988,817900000140000;5754725,740100000100000;7,661606160000076;51,935636593000027;0
206758;5200514516310175208;5;1;58;28;2020;5;12;5;3;5;2;0;1;0;0;0;0;1;349691,474799999970000;5684769,431600000700000;6,844144669000059;51,294383085000050;0
206760;5200514606100574406;5;3;78;4;2020;5;12;5;3;0;7;0;1;1;0;0;0;0;369579,912100000310000;5649093,155400000500000;7,142144579000046;50,978644965000058;0
206762;5200513601110239201;5;3;15;0;2020;5;20;4;3;5;3;0;1;0;0;0;0;0;355359,350200000220000;5645760,244799999500000;6,941028326000037;50,945296654000060;0
206763;5200515500200917204;5;1;11;0;2020;5;19;6;3;0;1;0;1;0;0;0;0;0;345349,358099999840000;5678494,171599999100000;6,784629409000047;51,236834940000051;0
206765;5200514514114376001;5;1;66;24;2020;5;7;5;3;5;3;0;1;1;0;0;0;0;310880,371500000360000;5676677,316199999300000;6,292357181000057;51,210134656000037;0
206771;5200513518100644089;5;1;70;48;2020;5;14;4;3;5;2;0;1;1;0;0;0;0;336813,472099999900000;5725879,149100000000000;6,640608186000065;51,660176133000050;0
206772;5200513515111086040;5;1;54;8;2020;5;7;4;3;5;3;0;1;1;0;0;0;0;309930,341900000350000;5746411,668500000600000;6,241155118000052;51,836131624000075;0
206773;5200515405108706315;5;7;54;8;2020;5;18;6;3;0;7;1;1;0;0;0;0;0;459421,026899999940000;5755008,417899999800000;8,409635155000046;51,944306026000049;0
206774;5200513514110386030;5;1;66;32;2020;5;14;4;3;0;7;0;1;0;0;0;0;0;318114,704900000240000;5684068,668700000300000;6,392059917000040;51,278879380000035;0
206775;5200513514110191207;5;1;66;32;2020;5;15;4;2;5;7;0;1;1;0;0;0;0;318687,606300000100000;5682613,806099999700000;6,401003199000058;51,265993210000033;0
206776;5200515411132770327;5;7;74;32;2020;5;13;6;3;0;1;0;1;0;0;0;0;0;482476,427699999880000;5729412,624199999500000;8,746347741000022;51,715374974000042;0
206777;5200513513210740207;5;1;62;24;2020;5;5;4;3;5;2;1;1;1;0;0;0;0;343019,197999999860000;5670432,664999999100000;6,754802796000035;51,163763818000064;0
206778;5200514513210275962;5;1;62;24;2020;5;12;5;3;5;3;0;1;1;0;0;0;0;341612,429299999960000;5670722,909900000300000;6,734571639000023;51,165983977000053;0
206782;5200513505100360207;5;1;14;0;2020;5;16;4;3;2;6;0;1;1;0;0;0;0;333322,451899999750000;5688010,120899999500000;6,608060657000067;51,318942326000069;0
206784;5200513503100397200;5;1;24;0;2020;5;7;4;2;7;7;0;1;0;0;0;0;0;368436,526499999690000;5679079,633300000800000;7,114929178000068;51,247887785000046;0
206789;5200514503200986691;5;1;24;0;2020;5;19;5;3;6;7;1;1;0;1;0;0;0;373397,707499999550000;5681579,590099999700000;7,185090266000032;51,271479244000034;0
206791;5200513500200501180;5;1;11;0;2020;5;12;4;3;0;7;0;1;0;0;0;0;0;344706,531800000000000;5681402,653599999800000;6,774166448000074;51,262794009000061;0
206792;5200513500100786764;5;1;11;0;2020;5;15;4;3;1;5;0;1;1;0;0;0;0;346950,622299999930000;5675504,430700000400000;6,808825937000052;51,210402177000049;0
206793;5200514503100785209;5;1;24;0;2020;5;18;5;2;0;1;0;1;0;0;0;0;0;372038,527499999850000;5684341,223999999500000;7,164627083000028;51,295995696000034;0
206797;5200513411132287142;5;7;74;32;2020;5;12;4;3;5;2;0;1;1;0;0;0;0;483392,904900000430000;5730383,236999999700000;8,759567263000065;51,724129941000058;0
206798;5200514503100736203;5;1;24;0;2020;5;12;5;3;1;5;0;1;1;0;0;0;0;370996,874499999920000;5677444,502299999800000;7,152182809000067;51,233777012000076;0
206801;5200513313220035107;5;9;58;24;2020;5;7;4;3;5;2;0;1;1;0;0;0;0;488704,743499999870000;5699881,154999999300000;8,837451767000061;51,450000903000046;0
206802;5200513310240485301;5;9;54;4;2020;5;18;4;3;0;1;0;1;0;0;0;0;0;391132,488300000320000;5681654,403799999500000;7,439195324000025;51,275816153000051;0
206803;5200513303200069762;5;9;15;0;2020;5;22;4;3;5;3;2;1;1;0;0;0;0;414681,222599999980000;5727870,057499999200000;7,765543309000066;51,695293388000039;0
206805;5200514711311935328;5;5;70;8;2020;5;15;5;3;7;1;0;1;1;0;0;0;0;433519,103199999780000;5733889,137499999300000;8,036907558000053;51,751953117000028;0
206808;5200515300510634207;5;9;54;36;2020;5;18;6;3;6;4;0;1;1;1;0;0;0;384640,537499999630000;5699864,234200000800000;7,340256751000027;51,438212060000069;0
206811;5200513301101522205;5;9;13;0;2020;5;13;4;3;5;2;0;1;1;0;0;0;0;393426,105499999600000;5708267,940800000000000;7,464073610000071;51,515470147000030;0
206813;5200513300500778779;5;9;11;0;2020;5;8;4;3;5;2;0;1;1;0;0;0;0;378857,858000000010000;5701166,314999999500000;7,256652738000071;51,448707603000059;0
206814;5200513300420081203;5;9;16;0;2020;5;12;4;3;5;3;0;1;1;0;0;0;0;373416,201000000350000;5708062,266599999700000;7,175912628000049;51,509492680000051;0
206817;5200514502210060204;5;1;13;0;2020;5;7;5;3;0;7;0;1;0;0;0;0;0;361026,921699999830000;5698689,209699999500000;7,001178394000021;51,422352491000026;0
206819;5200512705000987358;5;5;54;64;2020;5;16;3;3;4;6;0;1;0;0;0;0;0;361270,338000000450000;5751254,242000000600000;6,983816070000046;51,894759892000081;0
206824;5200514501315256208;5;1;12;0;2020;5;14;5;3;3;2;0;1;0;0;0;0;0;346050,315200000070000;5700251,220499999800000;6,785258666000061;51,432517835000056;0
206826;5200512610111834208;5;3;70;16;2020;5;19;3;3;0;7;0;1;0;1;0;0;0;293819,142099999820000;5663736,346300000300000;6,055832482000028;51,088017043000036;0
206828;5200515410230311320;5;7;70;4;2020;5;9;6;3;0;1;0;1;0;0;0;0;0;487894,315899999810000;5785936,846400000200000;8,822777322000036;52,223725264000052;0
206830;5200514501000986037;5;1;12;0;2020;5;8;5;2;4;2;0;1;1;0;0;0;0;346420,776100000370000;5700353,578299999200000;6,790539518000060;51,433538064000061;0
206831;5200512603116013195;5;3;66;16;2020;5;13;3;3;4;6;0;1;1;0;0;0;0;344181,245099999940000;5614584,335400000200000;6,795259542000053;50,662234073000036;0
206832;5200514501000186034;5;1;12;0;2020;5;17;5;3;0;7;0;1;0;0;0;0;0;347185,354899999690000;5706651,869899999400000;6,798808305000023;51,490335901000037;0
206833;5200512602800598208;5;3;62;12;2020;5;17;3;3;0;1;0;1;0;0;0;0;0;351299,511400000190000;5633076,460699999700000;6,888439235000021;50,830280380000033;0
206835;5200515316300470388;5;9;74;28;2020;5;15;6;3;5;3;0;1;1;0;0;0;0;455602,959999999960000;5723835,472999999300000;8,358084555000062;51,663748079000072;0
206836;5200512601700529209;5;3;16;0;2020;5;18;3;3;4;3;0;1;0;0;0;0;0;363781,330000000070000;5661752,232999999100000;7,054833548000033;51,091073018000031;0
206837;5200512601620488204;5;3;15;0;2020;5;17;3;3;5;3;0;1;1;0;0;0;0;365652,139200000090000;5636324,120699999900000;7,090929348000032;50,862978785000053;0
206838;5200515404302587075;5;7;66;8;2020;5;6;6;3;0;1;1;1;0;0;0;0;0;483220,917600000280000;5771082,241000000400000;8,755095152000024;52,090050370000029;0
206841;5200512601310252203;5;3;15;0;2020;5;10;3;2;3;6;0;1;1;0;0;0;0;353268,978900000450000;5647178,447599999600000;6,910721159000048;50,957513226000060;0
206842;5200512601110128202;5;3;15;0;2020;5;10;3;3;1;5;0;1;1;0;0;0;0;356292,544700000440000;5645325,096899999300000;6,954475027000058;50,941619421000041;0
206843;5200514500300386814;5;1;11;0;2020;5;18;5;3;3;2;0;1;1;0;0;0;0;352468,968700000080000;5674426,453199999400000;6,888215482000021;51,202167596000038;0
206845;5200512600310736205;5;3;14;0;2020;5;11;3;3;5;3;0;1;1;0;0;0;0;363571,898799999620000;5617182,533900000200000;7,068489023000041;50,690452590000064;0
206846;5200515307000585266;5;9;62;24;2020;5;15;6;3;5;3;0;1;1;0;0;0;0;407657,099000000390000;5697501,353000000100000;7,671917782000037;51,421191184000065;0
206848;5200514411132086991;5;7;74;32;2020;5;7;5;3;4;3;0;1;1;0;0;0;0;485335,300999999980000;5729446,472899999500000;8,787727934000031;51,715761358000066;0
206852;5200514410120278088;5;7;70;32;2020;5;11;5;2;5;3;0;1;1;0;0;0;0;494564,429200000130000;5787665,315899999800000;8,920397326000057;52,239371454000036;0
206853;5200512516320682209;5;1;58;28;2020;5;12;3;3;0;1;0;1;0;0;0;0;0;349313,818900000300000;5685580,047900000600000;6,838389914000061;51,301567173000080;0
206854;5200514601310929204;5;3;15;0;2020;5;19;5;3;0;1;0;1;0;0;0;0;0;354430,402800000270000;5646728,273299999500000;6,927426901000047;50,953762214000051;0
206856;5200512515110085955;5;1;54;36;2020;5;15;3;3;5;3;0;1;1;0;0;0;0;302551,172100000080000;5740403,482699999600000;6,137611175000075;51,779618586000026;0
206858;5200514705000087382;5;5;54;20;2020;5;7;5;2;5;3;0;1;1;0;0;0;0;367205,043800000100000;5782255,297499999400000;7,057975149000072;52,174773804000040;0
206859;5200515300410633208;5;9;16;0;2020;5;16;6;3;0;7;0;1;0;0;0;0;0;371238,989500000140000;5708970,288100000500000;7,144224642000040;51,517161122000061;0