OBJECTID;UIDENTSTLAE;ULAND;UREGBEZ;UKREIS;UGEMEINDE;UJAHR;UMONAT;USTUNDE;UWOCHENTAG;UKATEGORIE;UART;UTYP1;ULICHTVERH;IstRad;IstPKW;IstFuss;IstKrad;IstGkfz;IstSonstige;LINREFX;LINREFY;XGCSWGS84;YGCSWGS84;STRZUSTAND
206860;5200512505200575930;5;1;14;0;2020;5;10;3;3;0;7;0;1;0;0;0;0;0;326827,660199999810000;5694289,693499999100000;6,511893449000070;51,373415114000068;0
206863;5200514601220492208;5;3;15;0;2020;5;8;5;3;0;5;0;1;1;0;0;0;0;361606,332899999800000;5637650,419999999900000;7,032972700000073;50,873944534000032;0
206868;5200512502135705204;5;1;13;0;2020;5;16;3;2;0;5;0;1;1;0;0;0;0;366643,657399999910000;5702461,107799999400000;7,080492173000039;51,457599014000039;0
206870;5200514610211218203;5;3;70;4;2020;5;18;5;3;1;5;0;1;1;0;0;0;0;311601,599600000310000;5661371,669500000800000;6,310676584000021;51,072892516000081;0
206871;5200512500200186876;5;1;11;0;2020;5;12;3;3;0;1;0;1;0;0;0;0;0;341416,533099999650000;5689420,114499999200000;6,723487992000059;51,333924749000062;0
206873;5200512500200086912;5;1;11;0;2020;5;7;3;3;5;2;0;1;1;0;0;0;0;347388,578099999580000;5681606,834000000700000;6,812490977000039;51,265353009000080;0
206874;5200514407313179189;5;7;62;36;2020;5;18;5;3;2;5;0;1;1;0;0;0;0;505452,671900000420000;5706901,282600000500000;9,078577063000068;51,513210534000052;0
206875;5200514705000864191;5;5;54;68;2020;5;18;5;3;5;3;0;1;1;0;0;0;0;350158,397400000130000;5767966,341000000000000;6,815153035000037;52,042033115000038;0
206876;5200514405224376094;5;7;54;24;2020;5;12;5;3;5;3;0;1;1;0;0;0;0;453082,338000000450000;5735977,361999999700000;8,320007344000032;51,772708065000074;0
206881;5200514609128877519;5;3;58;28;2020;5;14;5;3;6;4;0;1;0;1;0;0;0;323098,532899999990000;5624123,901300000000000;6,492668703000049;50,741918901000076;0
206884;5200512404301060981;5;7;66;44;2020;5;16;3;3;5;3;0;1;0;0;0;0;1;492784,447999999860000;5762899,393999999400000;8,894855355000061;52,016686863000075;0
206885;5200514400300392901;5;7;11;0;2020;5;10;5;3;2;6;0;1;1;0;0;0;0;466257,190999999640000;5759809,781600000300000;8,508615163000059;51,987930221000056;0
206887;5200514317220777841;5;9;78;4;2020;5;19;5;3;0;2;0;1;1;0;0;0;0;403810,120600000020000;5717965,664799999400000;7,611023144000058;51,604506601000026;0
206888;5200512301404082201;5;9;13;0;2020;5;7;3;3;0;3;0;1;1;0;0;0;0;394953,286500000390000;5700985,879300000100000;7,488241070000072;51,450300541000047;0
206889;5200514317220571206;5;9;78;4;2020;5;15;5;3;4;6;0;1;1;0;0;0;0;403198,373200000260000;5719232,865800000700000;7,601842421000072;51,615792487000078;0
206892;5200514608436714207;5;3;34;36;2020;5;16;5;3;4;6;0;1;0;0;0;0;0;298411,284099999820000;5634572,675799999400000;6,137468557000034;50,827722339000047;0
206893;5200511711212062090;5;5;70;4;2020;5;14;2;3;0;3;0;1;1;0;0;0;0;423358,123700000350000;5736539,559800000900000;7,889151123000033;51,774481333000040;0
206894;5200515400100587068;5;7;11;0;2020;5;7;6;3;0;2;0;1;0;0;0;1;0;467683,865600000140000;5764135,235600000200000;8,528982465000070;52,026903676000074;0
206896;5200514317110078299;5;9;78;36;2020;5;18;5;3;0;5;0;1;1;0;0;0;0;412506,201899999750000;5710466,596100000700000;7,738427313000045;51,538512599000057;0
206898;5200514601210837205;5;3;15;0;2020;5;13;5;3;0;7;0;1;1;0;0;0;0;353689,179100000300000;5643953,402200000400000;6,917995498000039;50,928637739000067;0
206902;5200511608200796206;5;3;34;2;2020;5;12;2;3;5;3;0;1;1;0;0;0;0;299860,153599999850000;5626987,674100000400000;6,162146913000072;50,760098289000041;0
206904;5200514303100379096;5;9;15;0;2020;5;12;5;3;5;3;0;1;1;0;0;0;0;418789,669400000010000;5726438,392100000800000;7,825306831000034;51,683032857000057;0
206905;5200511607121569547;5;3;82;68;2020;5;9;2;3;5;2;0;1;1;0;0;0;0;368260,918200000190000;5630074,251299999700000;7,130225135000046;50,807405543000073;1
206908;5200511601420741200;5;3;15;0;2020;5;15;2;2;1;5;0;1;1;0;0;0;0;357406,357099999670000;5648650,621600000200000;6,969015433000038;50,971782164000047;0
206910;5200511601410693201;5;3;15;0;2020;5;13;2;3;0;7;0;1;1;0;0;0;0;356144,722799999640000;5646495,587700000000000;6,951910008000027;50,952101564000031;0
206912;5200511601210591201;5;3;15;0;2020;5;12;2;3;1;6;0;1;1;0;0;0;0;354497,573499999940000;5642382,631899999500000;6,930117594000024;50,914726099000063;0
206913;5200514608416749205;5;3;34;16;2020;5;14;5;3;0;3;0;1;1;0;0;0;0;296424,768600000070000;5639389,811699999500000;6,106621150000024;50,870291304000034;0
206918;5200511515211386022;5;1;54;16;2020;5;6;2;2;5;3;0;1;1;0;0;0;0;304973,380599999800000;5730394,220599999700000;6,178287299000033;51,690580313000055;0
206920;5200511513310681453;5;1;62;8;2020;5;14;2;2;0;2;0;1;1;0;0;0;0;332492,541199999860000;5663146,014000000400000;6,607769590000032;51,095312064000041;0
206923;5200514518320085903;5;1;70;52;2020;5;11;5;3;5;3;0;1;1;0;0;0;0;324085,721699999650000;5725839,832699999200000;6,456795196000030;51,655983930000048;0
206929;5200514300511879440;5;9;11;0;2020;5;10;5;3;7;5;0;1;1;0;0;0;0;382360,558500000280000;5703863,384600000500000;7,306138442000076;51,473686996000026;0
206930;5200511502321390200;5;1;13;0;2020;5;17;2;3;0;7;0;1;0;0;0;0;0;357339,272099999710000;5705093,642300000400000;6,945593431000020;51,478986771000052;0
206931;5200514300510549200;5;9;54;36;2020;5;20;5;3;5;3;0;1;1;0;0;0;0;384595,450899999590000;5700487,370200000700000;7,339405203000069;51,443803648000028;0
206932;5200511502106353203;5;1;13;0;2020;5;14;2;2;0;7;0;1;0;0;0;0;0;362875,491499999540000;5702176,963400000700000;7,026398134000033;51,454145370000049;0
206934;5200514608404725207;5;3;34;4;2020;5;17;5;3;0;1;0;1;0;0;0;0;0;302712,645100000310000;5638252,100900000000000;6,196486924000055;50,862252480000052;0
206935;5200511501112330201;5;1;12;0;2020;5;14;2;3;6;7;0;1;0;1;0;0;0;344050,367200000210000;5708339,269799999900000;6,752942137000048;51,504640984000048;0
206936;5200514300210403201;5;9;11;0;2020;5;17;5;3;5;3;0;1;1;0;0;0;0;368955,114900000390000;5705169,876900000500000;7,112738875000048;51,482482233000042;0
206937;5200511500200656200;5;1;11;0;2020;5;15;2;3;1;1;0;1;1;0;0;0;0;345712,210300000380000;5678292,713099999400000;6,789909887000022;51,235122978000049;0
206939;5200511410110684209;5;7;70;24;2020;5;10;2;3;0;7;0;1;0;0;0;0;1;492731,634399999860000;5799053,483100000800000;8,893310830000075;52,341735592000077;0
206940;5200515411132087019;5;7;74;32;2020;5;10;6;2;0;1;0;1;0;0;0;0;0;480709,500900000330000;5728627,532099999500000;8,720815397000024;51,708257989000060;0
206943;5200511405108186990;5;7;54;8;2020;5;13;2;3;0;3;0;1;1;0;0;0;0;457189,639999999660000;5749986,392000000900000;8,377798293000069;51,898988017000079;0
206944;5200513709100536202;5;5;66;12;2020;5;10;4;3;4;6;0;1;1;0;0;0;0;403495,027900000100000;5772575,063600000000000;7,591229357000032;52,095309183000040;0
206945;5200511404103830027;5;7;66;52;2020;5;16;2;3;0;1;0;1;0;0;0;0;0;515994,331000000240000;5757157,221599999800000;9,232799849000060;51,964875960000029;0
206946;5200511404103064089;5;7;66;52;2020;5;17;2;3;5;3;0;1;0;0;0;0;1;516014,781499999580000;5757175,551100000700000;9,233098362000021;51,965040171000055;0
206949;5200513705000068299;5;5;54;48;2020;5;14;4;3;0;6;0;1;1;0;0;0;0;341860,782999999820000;5745392,052999999400000;6,704646786000069;51,836925774000065;1
206950;5200515405108568213;5;7;54;8;2020;5;9;6;3;0;6;0;1;0;0;0;0;0;457707,162700000220000;5752818,798800000900000;8,384971665000023;51,924492507000082;0
206955;5200513702100936207;5;5;15;0;2020;5;8;4;3;0;2;0;1;1;0;0;0;0;400322,383999999610000;5761387,291999999400000;7,548193821000041;51,994191124000054;0
206957;5200511300110601204;5;9;11;0;2020;5;14;2;3;1;5;0;1;1;0;0;0;0;376100,123399999920000;5705118,427100000900000;7,215601548000052;51,483630215000062;0
206962;5200510711215376638;5;5;70;4;2020;5;11;1;2;5;3;0;1;1;0;0;0;0;422743,094499999660000;5735101,427400000400000;7,880558585000074;51,761468544000081;0
206964;5200510709110579197;5;5;66;12;2020;5;10;1;2;0;3;0;1;0;0;0;0;1;409528,707100000230000;5768662,899100000000000;7,680319835000034;52,061164347000044;0
206965;5200510705000320853;5;5;54;48;2020;5;19;1;3;5;3;0;1;1;0;0;0;0;341495,680800000210000;5745750,712899999700000;6,699187704000053;51,840044465000062;1
206966;5200510702100249932;5;5;15;0;2020;5;8;1;3;1;5;0;1;1;0;0;0;0;407783,890200000260000;5757813,782600000500000;7,657797640000069;51,963359754000066;0
206967;5200514516910260204;5;1;58;26;2020;5;12;5;2;5;2;0;1;0;0;0;0;1;351536,741700000130000;5662096,970599999700000;6,879965274000028;51,091132161000075;0
206969;5200510607500523207;5;3;82;56;2020;5;19;1;3;5;2;0;1;1;0;0;0;0;371218,246399999600000;5628169,658099999700000;7,172843379000028;50,790951592000056;0
206970;5200510601700201206;5;3;16;0;2020;5;18;1;2;0;1;0;1;0;0;0;0;0;362711,183899999600000;5661708,837200000900000;7,039578183000060;51,090427847000058;0
206973;5200513609128876204;5;3;58;28;2020;5;13;4;3;5;3;0;1;1;0;0;0;0;322774,719200000170000;5625155,095100000500000;6,487587707000046;50,751084663000029;0
206976;5200510518300175236;5;1;70;20;2020;5;19;1;3;5;3;0;1;1;0;0;0;0;330069,920199999590000;5708262,443000000000000;6,551726387000031;51,499920665000047;0
206978;5200515411232687004;5;7;74;32;2020;5;19;6;3;3;6;0;1;1;0;0;0;0;478825,584999999960000;5730909,403799999500000;8,693411832000038;51,728706952000039;0
206980;5200513608200331204;5;3;34;2;2020;5;12;4;3;5;3;0;1;1;0;0;0;0;296884,425499999900000;5629217,988199999600000;6,118778287000055;50,779096074000051;0
206981;5200510505200274017;5;1;14;0;2020;5;14;1;3;0;1;0;1;0;0;0;0;0;332827,111600000410000;5690529,173299999900000;6,599776903000077;51,341428407000080;1
206984;5200514705000881625;5;5;54;8;2020;5;16;5;3;5;2;0;1;1;0;0;0;0;334331,084599999710000;5743624,232400000100000;6,596302448000074;51,818862341000056;0
206985;5200513607500806208;5;3;82;56;2020;5;13;4;3;1;5;0;1;1;0;0;0;0;370399,687199999580000;5624368,202099999400000;7,162575620000041;50,756600836000075;0
206987;5200513605140481291;5;3;74;40;2020;5;17;4;3;9;1;0;1;0;0;0;0;0;411467,949000000020000;5644246,276000000500000;7,739834864000045;50,943035129000066;0
206989;5200510410130638200;5;7;70;28;2020;5;11;1;3;1;5;0;1;1;0;0;0;0;499303,048499999570000;5802406,131500000100000;8,989762781000025;52,371925002000069;0
206990;5200510407315004727;5;7;62;36;2020;5;16;1;2;0;2;0;1;0;0;0;0;0;501945,841199999680000;5708246,647299999400000;9,028048463000062;51,525330611000072;0
206991;5200515407101878167;5;7;62;20;2020;5;15;6;2;0;7;0;1;0;0;0;0;0;524711,397300000300000;5735623,921299999600000;9,358134849000066;51,770951210000078;0
206992;5200510404301955734;5;7;66;44;2020;5;15;1;3;7;1;0;1;0;0;0;0;0;492277,039499999960000;5763026,243100000500000;8,887458578000064;52,017820522000079;0
206994;5200510400100308200;5;7;11;0;2020;5;15;1;2;0;1;0;1;0;0;0;0;0;466884,609000000170000;5764595,459000000700000;8,517288947000054;52,030994214000032;0
206996;5200509711215970571;5;5;70;4;2020;5;17;7;3;0;1;0;1;0;0;0;0;0;422471,238699999640000;5735454,764000000400000;7,876541403000033;51,764607322000074;0
206997;5200513601620162209;5;3;15;0;2020;5;17;4;3;3;6;0;1;0;0;0;0;0;360930,015399999920000;5640869,799699999400000;7,022140790000037;50,902715767000075;0
206999;5200509709500062050;5;5;66;76;2020;5;19;7;3;4;3;0;1;1;0;0;0;0;394260,817999999970000;5795836,478299999600000;7,449219192000044;52,302680698000074;0
207000;5200509709300074736;5;5;66;84;2020;5;11;7;3;0;7;0;1;0;0;0;0;0;386349,412600000390000;5778073,076799999900000;7,339208513000074;52,141464094000071;0
207005;5200509705000868371;5;5;54;8;2020;5;17;7;3;5;3;0;1;0;0;0;0;0;337315,073200000450000;5745921,024199999900000;6,638477794000039;51,840372314000035;0
207007;5200509705000576767;5;5;54;8;2020;5;16;7;3;0;6;0;1;0;0;0;0;0;335873,794300000180000;5746053,732799999400000;6,617512772000055;51,841142783000066;0
207008;5200509705000381798;5;5;54;12;2020;5;19;7;2;5;3;0;1;0;0;0;0;0;352453,805999999870000;5745773,948000000800000;6,858119000000045;51,843256053000061;0
207013;5200509610211979488;5;3;70;4;2020;5;21;7;2;0;1;2;1;0;0;0;0;0;311425,947300000120000;5660917,388699999100000;6,308409043000040;51,068754275000060;0
207014;5200513601420791208;5;3;15;0;2020;5;9;4;3;5;2;0;1;1;0;0;0;0;357394,451799999920000;5648303,603599999100000;6,968982047000054;50,968660603000046;0
207019;5200509607300272895;5;3;82;76;2020;5;12;7;2;0;1;0;1;1;0;0;0;0;396102,783300000240000;5628701,369500000000000;7,525615263000077;50,800726658000031;0
207020;5200509607111567676;5;3;82;56;2020;5;18;7;3;5;7;0;1;1;0;0;0;0;372151,449500000100000;5624785,065999999600000;7,187253299000076;50,760736313000052;0
207021;5200514607121569580;5;3;82;68;2020;5;19;5;3;0;3;0;1;1;0;0;0;0;367040,060300000010000;5631563,502900000700000;7,112367838000068;50,820511880000026;0
207023;5200509603116809200;5;3;66;16;2020;5;11;7;3;5;2;0;1;1;0;0;0;0;344100,558299999680000;5613860,119699999700000;6,794423756000072;50,655704416000049;0
207024;5200513601320246205;5;3;15;0;2020;5;18;4;2;0;1;0;1;0;0;0;0;0;350841,954800000410000;5644399,619599999900000;6,877326322000045;50,931918463000045;0
207025;5200509602400578368;5;3;62;32;2020;5;16;7;3;5;3;0;1;1;0;0;0;0;341609,474999999630000;5637135,744100000700000;6,749194255000020;50,864186132000043;0
207030;5200517610222885854;5;3;70;36;2020;5;12;1;3;1;6;0;1;1;0;0;0;0;300108,558899999600000;5666292,791300000600000;6,144105766000052;51,113202891000071;0
207032;5200516406220587030;5;7;58;24;2020;5;12;7;3;4;3;0;1;1;0;0;0;0;483768,137000000100000;5782916,468800000800000;8,762516935000065;52,196464229000071;0
207033;5200517400200476097;5;7;11;0;2020;5;20;1;3;5;3;1;1;1;0;0;0;0;468224,786999999550000;5763241,008999999600000;8,536949308000033;52,018895269000041;0
207035;5200518601400186576;5;3;15;0;2020;5;11;2;3;1;5;0;1;1;0;0;0;0;356232,658499999900000;5647664,895899999900000;6,952699215000052;50,962631869000063;0
207039;5200519302100277966;5;9;14;0;2020;5;16;3;3;5;3;0;1;1;0;0;0;0;391894,950199999850000;5689925,490900000600000;7,447614735000059;51,350307803000078;0
207041;5200517607400086242;5;3;82;44;2020;5;14;1;3;6;7;0;1;0;1;0;0;0;361655,184200000020000;5630604,866200000000000;7,036327237000023;50,810634661000051;0
207042;5200519404301487112;5;7;66;44;2020;5;19;3;3;5;3;0;1;1;0;0;0;0;492206,151200000200000;5762157,916799999800000;8,886445339000034;52,010012479000068;0
207045;5200518600380804209;5;3;14;0;2020;5;18;2;3;0;1;0;1;0;0;0;0;0;366898,472099999900000;5620314,710500000000000;7,114429051000059;50,719375525000032;0
207046;5200519601210481775;5;3;15;0;2020;5;9;3;3;0;1;0;1;0;0;0;0;0;354885,816499999720000;5643833,188999999300000;6,935059640000077;50,927859684000055;0
207048;5200518405108586990;5;7;54;8;2020;5;11;2;3;0;3;0;1;0;0;0;0;1;457747,199300000440000;5752320,390799999200000;8,385615024000060;51,920014580000043;0
207051;5200516307000975686;5;9;62;28;2020;5;16;7;2;0;3;0;1;1;0;0;0;0;401843,061400000010000;5664329,370999999300000;7,597435753000070;51,122019036000040;0
207052;5200516601210886204;5;3;15;0;2020;5;13;7;3;0;1;0;1;0;0;0;0;0;354258,438799999650000;5640279,244000000900000;6,927557869000054;50,895763126000077;0
207054;5200519514110444205;5;1;66;32;2020;5;5;3;3;5;2;0;1;1;0;0;0;0;318476,510800000280000;5680491,138199999900000;6,399057478000032;51,246858469000074;0
207055;5200516300110711200;5;9;11;0;2020;5;18;7;3;0;1;0;1;0;0;0;0;0;376102,792799999940000;5705131,707800000900000;7,215635313000064;51,483750158000078;0
207057;5200518515212121952;5;1;54;32;2020;5;11;2;3;5;3;0;1;1;0;0;0;0;309405,996500000360000;5718022,675000000700000;6,249074480000047;51,580992084000059;0
207058;5200519516500175201;5;1;58;16;2020;5;13;3;3;0;7;0;1;0;0;0;0;0;355509,462700000030000;5671077,567299999300000;6,933054066000068;51,172850455000059;0
207059;5200515706100356203;5;5;58;32;2020;5;12;6;3;1;5;0;1;1;0;0;0;0;386736,799100000410000;5754507,532500000700000;7,352671427000075;51,929756178000048;0
207060;5200518314210385234;5;9;66;4;2020;5;16;2;3;0;7;0;1;0;0;0;0;0;423606,082000000400000;5664302,870799999700000;7,908344031000070;51,125096675000066;0
207061;5200519506100248209;5;1;16;0;2020;5;15;3;3;0;1;0;1;0;0;0;0;0;321988,668899999930000;5672822,843900000700000;6,453132703000051;51,179079016000060;0
207062;5200517505100611207;5;1;14;0;2020;5;16;1;3;4;6;0;1;0;0;0;0;0;339265,974000000390000;5689573,807099999900000;6,692573433000064;51,334701806000055;0
207063;5200518702100268269;5;5;15;0;2020;5;16;2;2;3;3;0;1;0;0;0;0;1;405618,123599999580000;5757237,021099999500000;7,626443141000038;51,957812111000067;0
207064;5200515705000120789;5;5;54;20;2020;5;10;6;3;5;3;0;1;1;0;0;0;0;363881,619500000030000;5786978,282099999500000;7,007506706000072;52,216401062000045;0
207065;5200516601110876203;5;3;15;0;2020;5;14;7;3;0;5;0;1;1;0;0;0;0;355181,000199999660000;5644067,941999999800000;6,939163869000026;50,930043539000053;0
207066;5200518503200453205;5;1;24;0;2020;5;18;2;3;4;2;0;1;1;0;0;0;0;379194,332999999630000;5679500,928999999500000;7,268848384000023;51,254054650000057;0
207067;5200517705000187348;5;5;54;68;2020;5;18;1;3;5;3;0;1;1;0;0;0;0;350053,843200000000000;5767133,414599999800000;6,813994943000068;52,034521547000054;0
207070;5200517406230364618;5;7;58;20;2020;5;15;1;3;5;3;0;1;1;0;0;0;0;474590,688299999570000;5782375,120899999500000;8,628287798000031;52,191250651000075;0
207075;5200515702100062595;5;5;15;0;2020;5;14;6;3;5;3;0;1;0;0;0;0;0;405901,031999999660000;5757240,263000000300000;7,630558198000074;51,957889198000032;0
207078;5200517609128556397;5;3;58;28;2020;5;16;1;3;2;2;0;1;0;0;0;0;0;322506,132500000300000;5624535,082200000100000;6,484082796000052;50,745432281000035;0
207079;5200519411132137746;5;7;74;32;2020;5;7;3;3;5;3;0;1;1;0;0;0;0;482632,421799999660000;5732409,281199999200000;8,748456212000065;51,742323634000059;0
207080;5200515701200453205;5;5;62;20;2020;5;13;6;3;6;6;0;1;1;1;0;0;0;371490,382100000050000;5716586,576799999900000;7,145063199000049;51,585665491000043;0
207081;5200517313220161882;5;9;58;24;2020;5;15;1;3;0;1;0;1;0;0;0;0;0;494270,330799999650000;5704875,109099999100000;8,917464123000059;51,494989024000063;0
207082;5200515701120511205;5;5;62;32;2020;5;15;6;2;5;3;0;1;1;0;0;0;0;374096,817999999970000;5713803,987999999900000;7,183661787000062;51,561246491000077;0
207083;5200518601220538204;5;3;15;0;2020;5;7;2;3;5;2;0;1;1;0;0;0;0;359166,562599999830000;5639251,652499999900000;6,997701093000046;50,887745764000044;0
207084;5200515609140085832;5;3;58;40;2020;5;7;6;3;0;6;0;1;0;1;0;0;0;325863,903800000440000;5633353,739199999700000;6,527452511000035;50,825679910000076;0
207086;5200515608312942206;5;3;34;12;2020;5;16;6;3;5;3;0;1;1;0;0;0;0;307764,807599999940000;5633254,380200000500000;6,270813345000022;50,819061901000055;0
207087;5200518605136880206;5;3;74;36;2020;5;10;2;3;1;5;0;1;1;0;0;0;0;381153,662399999800000;5673269,288100000500000;7,298978832000046;51,198455303000060;0
207088;5200515608200947201;5;3;34;2;2020;5;16;6;3;3;6;0;1;1;0;0;0;0;295466,434200000020000;5628020,159299999500000;6,099357326000074;50,767839694000031;0
207089;5200518500300886698;5;1;11;0;2020;5;14;2;3;4;6;0;1;0;0;0;0;0;347330,370799999680000;5673442,034299999500000;6,815135720000058;51,191971859000034;0
207090;5200517607151056426;5;3;82;20;2020;5;19;1;2;7;5;0;1;1;0;0;0;0;377091,426300000400000;5626069,744200000500000;7,256832073000055;50,773351303000027;0
207092;5200517301102787438;5;9;13;0;2020;5;16;1;3;5;2;0;1;0;0;0;0;1;396360,487700000410000;5705405,088400000700000;7,507189010000047;51,490282903000036;0
207093;5200515608100571752;5;3;34;2;2020;5;15;6;3;0;5;0;1;1;0;0;0;0;292377,140100000430000;5631659,786399999600000;6,053551653000056;50,799429813000074;0
207095;5200519601120217206;5;3;15;0;2020;5;17;3;3;0;7;0;1;0;1;0;0;0;357235,805800000210000;5642945,711300000500000;6,968824239000071;50,920470334000072;0
207096;5200515607500384207;5;3;82;56;2020;5;20;6;3;5;6;0;1;0;0;0;0;0;370918,690299999900000;5624980,036299999800000;7,169715268000061;50,762215841000057;0
207097;5200518400200187146;5;7;11;0;2020;5;16;2;3;5;3;0;1;1;0;0;0;0;468509,795699999670000;5763915,119300000400000;8,541040483000074;52,024972199000047;0
207098;5200517516310700208;5;1;58;28;2020;5;14;1;3;0;1;0;1;0;0;0;0;0;349760,018500000240000;5684827,539699999600000;6,845102582000038;51,294923315000062;0
207105;5200515607111071690;5;3;82;60;2020;5;13;6;3;5;2;0;1;1;0;0;0;0;374231,460599999870000;5628111,320599999300000;7,215592458000060;50,791088860000059;0
207106;5200518310110580517;5;9;54;16;2020;5;10;2;3;0;1;0;1;0;0;0;0;0;372666,539599999790000;5696692,240299999700000;7,169209838000029;51,407139685000061;0
207107;5200519503400275368;5;1;22;0;2020;5;17;3;3;0;1;0;1;1;0;0;0;0;364580,321000000460000;5671808,344000000500000;7,062455711000041;51,181638038000074;0
207108;5200517502407724200;5;1;17;0;2020;5;12;1;3;6;7;0;1;0;1;0;0;0;353470,153699999680000;5700395,080399999400000;6,891862337000021;51,435777943000062;0
207110;5200515607100424484;5;3;82;60;2020;5;16;6;3;2;6;0;1;1;0;0;0;0;373694,865000000220000;5628604,412000000500000;7,207813659000067;50,795404294000036;0
207111;5200516518401882246;5;1;70;36;2020;5;21;7;3;0;5;1;1;1;0;0;0;0;352216,764000000430000;5729442,276000000500000;6,861629128000061;51,696452895000050;0
207112;5200518502408093207;5;1;17;0;2020;5;15;2;3;2;7;0;1;1;0;0;0;0;352065,254399999980000;5699270,368499999900000;6,872134561000053;51,425306610000064;0
207113;5200518711121106657;5;5;70;36;2020;5;6;2;3;0;7;0;1;0;0;0;0;0;433963,536999999550000;5766929,843000000300000;8,037014544000044;52,049036630000046;0
207114;5200515607100281202;5;3;82;60;2020;5;16;6;3;2;6;0;1;1;0;0;0;0;373743,514800000000000;5628558,769200000900000;7,208519296000077;50,795004638000080;0
207118;5200517711214662090;5;5;70;4;2020;5;21;1;3;5;7;1;1;0;0;0;0;0;424784,008399999700000;5734351,033900000200000;7,910287692000054;51,755000600000074;0
207120;5200516701930618200;5;5;62;36;2020;5;14;7;2;0;7;0;1;0;0;0;0;0;389043,793200000190000;5719251,616000000400000;7,397474953000028;51,613348959000064;0
207122;5200518608100379203;5;3;34;2;2020;5;13;2;3;0;1;0;1;0;0;0;0;0;294767,677099999970000;5629111,394700000100000;6,088852567000060;50,777393609000057;0
207123;5200515606400686363;5;3;78;24;2020;5;14;6;3;8;1;0;1;0;0;0;0;0;381169,780000000260000;5646820,606000000600000;7,307905890000029;50,960726484000077;0
207127;5200517608332112200;5;3;34;32;2020;5;12;1;3;0;7;0;1;0;0;0;0;0;309220,735500000420000;5624239,358300000400000;6,296135725000056;50,738563160000069;0
207128;5200519405236287081;5;7;54;36;2020;5;13;3;3;5;3;0;1;1;0;0;0;0;472781,907399999910000;5752039,878100000300000;8,604245075000051;51,918430524000030;0
207129;5200516610221885854;5;3;70;20;2020;5;10;7;3;0;3;0;1;1;0;0;0;0;303921,772699999620000;5660673,376800000700000;6,201565465000044;51,064048665000030;0
207130;5200517700100902209;5;5;13;0;2020;5;16;1;3;5;3;0;1;1;0;0;0;0;369863,830500000160000;5710422,713800000000000;7,123879959000021;51,529898758000058;0
207132;5200515602500190205;5;3;62;24;2020;5;13;6;3;5;3;0;1;0;0;0;0;1;345943,833200000230000;5641875,399399999500000;6,808740774000057;50,907948299000054;0
207134;5200515601610538201;5;3;15;0;2020;5;12;6;3;0;7;0;1;1;0;0;0;0;363028,957399999720000;5646409,100299999100000;7,049892234000026;50,953001454000059;0
207137;5200518500300086882;5;1;11;0;2020;5;12;2;3;5;2;0;1;1;0;0;0;0;344456,715400000100000;5676553,104699999100000;6,772695111000076;51,219151148000037;0
207141;5200517300220784204;5;9;11;0;2020;5;13;1;2;0;1;0;1;0;0;0;0;0;375258,886900000270000;5699013,739900000400000;7,205645577000041;51,428580174000047;0
207142;5200515601510529209;5;3;15;0;2020;5;13;6;3;5;3;0;1;1;0;0;0;0;362164,057799999600000;5650587,282400000800000;7,036002384000028;50,990345667000042;0
207143;5200518516500901201;5;1;58;16;2020;5;16;2;3;5;3;0;1;1;0;0;0;0;356233,078200000340000;5668369,590900000200000;6,944480469000041;51,148697717000061;0
207144;5200517303100823280;5;9;15;0;2020;5;12;1;2;5;3;0;1;1;0;0;0;0;420423,855899999850000;5721224,561499999800000;7,850126907000060;51,636396224000066;0
207146;5200518601000778549;5;3;15;0;2020;5;17;2;3;1;3;0;1;1;0;0;0;0;356723,969600000420000;5645534,556099999700000;6,960529355000062;50,943609174000073;0
207147;5200519601410611204;5;3;15;0;2020;5;13;3;3;0;5;0;1;0;0;0;0;1;349187,449400000270000;5657488,272900000200000;6,848364874000026;51,049105291000046;0
207148;5200515601400486536;5;3;15;0;2020;5;10;6;3;0;2;0;1;1;0;0;0;0;353943,159699999730000;5649652,267500000100000;6,919320533000075;50,979915766000033;0
207149;5200518405108587166;5;7;54;8;2020;5;15;2;3;5;3;0;1;1;0;0;0;0;457537,994199999610000;5749917,034299999500000;8,382869465000056;51,898391106000076;0
207152;5200519300410297205;5;9;16;0;2020;5;12;3;3;0;1;0;1;0;0;0;0;0;376553,941599999550000;5711288,228000000100000;7,219973666000044;51,539179749000027;0
207153;5200515601110499204;5;3;15;0;2020;5;13;6;2;4;6;0;1;1;0;0;0;0;356018,066599999550000;5645951,948400000100000;6,950322988000039;50,947184351000033;0
207154;5200516515211586022;5;1;54;16;2020;5;22;7;3;0;1;1;1;0;0;0;0;0;303591,716500000100000;5728949,176100000700000;6,159136236000052;51,677121685000031;0
207157;5200515601110407207;5;3;15;0;2020;5;12;6;2;5;2;0;1;1;0;0;0;0;355751,781499999580000;5644073,806800000400000;6,947278425000036;50,930239267000047;0
207159;5200519503100386795;5;1;24;0;2020;5;18;3;3;1;1;0;1;1;0;0;0;0;369391,938400000330000;5679727,980100000300000;7,128374057000031;51,253934272000038;0