OBJECTID;UIDENTSTLAE;ULAND;UREGBEZ;UKREIS;UGEMEINDE;UJAHR;UMONAT;USTUNDE;UWOCHENTAG;UKATEGORIE;UART;UTYP1;ULICHTVERH;IstRad;IstPKW;IstFuss;IstKrad;IstGkfz;IstSonstige;LINREFX;LINREFY;XGCSWGS84;YGCSWGS84;STRZUSTAND
207160;5200519601110251200;5;3;15;0;2020;5;7;3;3;0;7;0;1;1;0;0;0;0;355407,959999999960000;5644612,041999999400000;6,942175522000071;50,934990194000079;0
207161;5200515600380331205;5;3;14;0;2020;5;17;6;3;3;6;0;1;1;0;0;0;0;370436,599799999970000;5615516,023700000700000;7,166207147000023;50,677042860000029;0
207163;5200519508000072209;5;1;19;0;2020;5;16;3;3;5;2;0;1;1;0;0;0;0;353066,918999999760000;5707848,509199999300000;6,882966562000036;51,502647345000071;0
207164;5200517505100982351;5;1;14;0;2020;5;16;1;3;0;3;0;1;0;0;1;0;0;333749,638299999760000;5689891,469900000800000;6,613307628000030;51,335969708000050;0
207165;5200518702100644586;5;5;15;0;2020;5;14;2;3;5;3;0;1;1;0;0;0;0;408532,046000000090000;5753973,948999999100000;7,669705513000054;51,928968570000052;0
207167;5200516514110986051;5;1;66;32;2020;5;11;7;3;1;5;0;1;1;0;0;0;0;318637,479899999690000;5681705,123700000300000;6,400746184000070;51,257814722000035;0
207168;5200518503400377201;5;1;22;0;2020;5;12;2;3;0;1;0;1;1;0;0;0;0;366142,110000000340000;5673037,110999999600000;7,084329937000064;51,193049014000053;0
207169;5200516607100040205;5;3;82;60;2020;5;15;7;3;0;1;0;1;0;0;0;0;0;373342,359000000170000;5628807,944800000600000;7,202744270000039;50,797156795000035;0
207172;5200516606000881187;5;3;78;32;2020;5;15;7;3;5;3;0;1;1;0;0;0;0;374951,300599999730000;5666759,361099999400000;7,212514974000044;51,138621180000030;0
207174;5200518606100732236;5;3;78;4;2020;5;17;2;3;9;2;0;1;1;0;0;0;0;368246,102800000460000;5646433,639299999900000;7,124118379000038;50,954438314000072;0
207177;5200515518400486048;5;1;70;8;2020;5;18;6;3;3;6;0;1;1;0;0;0;0;342451,932699999770000;5715668,008600000300000;6,726650195000048;51,570043439000074;0
207178;5200516505200778970;5;1;14;0;2020;5;18;7;3;1;5;0;1;1;0;0;0;0;329470,575899999590000;5689579,564500000300000;6,552086114000076;51,331900419000078;0
207180;5200517610211614231;5;3;70;4;2020;5;16;1;3;0;7;0;1;0;0;0;0;0;311926,382699999960000;5661950,426300000400000;6,315006235000055;51,078197714000055;0
207182;5200515518210478645;5;1;70;28;2020;5;12;6;2;2;7;0;1;1;0;0;0;0;328283,489000000060000;5700421,066099999500000;6,529822425000020;51,428938567000046;0
207184;5200515515210082191;5;1;54;12;2020;5;11;6;3;5;3;0;1;1;0;0;0;0;314243,967000000180000;5710026,405799999800000;6,323040690000028;51,510786115000030;0
207185;5200518601220799203;5;3;15;0;2020;5;11;2;3;0;1;0;1;0;0;0;0;1;356958,016200000420000;5640522,739800000600000;6,965824336000026;50,898626377000028;0
207187;5200518500100326207;5;1;11;0;2020;5;10;2;3;1;5;0;1;1;0;0;0;0;343156,574000000020000;5678264,453199999400000;6,753344076000076;51,234172338000064;0
207189;5200517602900261203;5;3;62;40;2020;5;21;1;3;0;1;1;1;0;0;0;0;0;357568,014000000430000;5631907,906999999700000;6,977845929000068;50,821354781000082;0
207190;5200515515110585993;5;1;54;40;2020;5;14;6;3;0;3;0;1;1;0;0;0;0;293989,313599999990000;5741903,236199999200000;6,012779100000046;51,789999486000056;0
207191;5200518501126045207;5;1;12;0;2020;5;17;2;3;8;1;0;1;0;0;0;0;0;344988,367200000210000;5704156,331700000900000;6,768282931000044;51,467315677000045;0
207192;5200517607300072206;5;3;82;52;2020;5;13;1;2;8;1;0;1;0;0;0;0;0;392678,285000000150000;5631432,939999999500000;7,476238023000065;50,824658242000055;0
207193;5200519400200587046;5;7;11;0;2020;5;17;3;2;8;2;0;1;0;0;0;0;0;471210,450799999760000;5763195,717100000000000;8,580460978000076;52,018651028000079;0
207194;5200517301502395208;5;9;13;0;2020;5;12;1;3;0;1;0;1;0;0;0;0;0;392268,991299999880000;5703701,656800000000000;7,448798048000072;51,474206920000029;0
207195;5200515515110427547;5;1;54;36;2020;5;23;6;3;0;1;2;1;1;0;0;0;0;301516,895999999720000;5740190,115000000200000;6,122759722000069;51,777336758000047;0
207197;5200519601120302206;5;3;15;0;2020;5;9;3;2;5;2;0;1;0;0;0;0;1;357252,397599999790000;5642726,350600000500000;6,969145990000072;50,918503051000073;0
207198;5200515515110086193;5;1;54;36;2020;5;15;6;3;4;6;0;1;0;0;0;0;0;300859,159199999650000;5739701,652499999900000;6,113518193000061;51,772716822000064;0
207199;5200518400300678073;5;7;11;0;2020;5;16;2;2;0;1;0;1;0;0;0;0;0;466153,749800000340000;5755780,137099999900000;8,507506157000023;51,951694714000041;0
207200;5200517518400585982;5;1;70;8;2020;5;15;1;3;0;1;0;1;0;0;0;0;0;344108,771999999880000;5717343,919999999900000;6,749793875000023;51,585561448000078;0
207202;5200515515110085884;5;1;54;36;2020;5;15;6;3;5;7;0;1;0;0;0;0;1;303539,917500000450000;5742230,734200000800000;6,150891272000024;51,796375514000033;0
207203;5200519301502987207;5;9;13;0;2020;5;14;3;3;5;3;0;1;1;0;0;0;0;391959,689199999910000;5703865,321399999800000;7,444296167000061;51,475619027000050;0
207204;5200516711312681132;5;5;70;8;2020;5;15;7;3;0;3;0;1;1;0;0;0;0;432356,894399999640000;5733867,855499999600000;8,020077698000023;51,751622646000044;0
207205;5200515515110085878;5;1;54;36;2020;5;23;6;3;0;7;2;1;0;0;0;0;0;304121,626400000420000;5741859,521700000400000;6,159525759000076;51,793245939000030;0
207206;5200518515211022410;5;1;54;16;2020;5;9;2;3;5;3;0;1;1;0;0;0;0;303448,379900000060000;5729181,794800000300000;6,156934837000051;51,679160558000035;0
207207;5200519516320025204;5;1;58;28;2020;5;10;3;3;0;1;0;1;0;0;0;0;0;349313,404500000180000;5685583,657299999100000;6,838382450000040;51,301599496000051;0
207208;5200515514118886030;5;1;66;16;2020;5;10;6;3;5;3;0;1;1;0;0;0;0;310143,138899999670000;5688364,214500000700000;6,275611810000044;51,314861147000045;0
207210;5200519505100376540;5;1;14;0;2020;5;13;3;3;5;3;0;1;1;0;0;0;0;329823,566100000400000;5689004,062500000000000;6,557423131000064;51,326835957000071;0
207211;5200516603224478207;5;3;66;24;2020;5;11;7;2;0;7;0;1;0;0;0;0;0;327939,397199999540000;5601991,852299999400000;6,571491228000070;50,544518448000076;0
207212;5200517505100165663;5;1;14;0;2020;5;18;1;2;0;1;0;1;0;0;0;0;0;337375,765999999830000;5690763,903799999500000;6,664918980000039;51,344856782000079;0
207213;5200518702100088934;5;5;15;0;2020;5;7;2;3;3;2;0;1;1;0;0;0;0;407294,122999999670000;5756461,954900000200000;7,651036013000066;51,951127355000040;0
207215;5200516503200480468;5;1;24;0;2020;5;16;7;2;5;3;0;1;1;0;0;0;0;377497,260900000110000;5681709,029999999300000;7,243785015000071;51,273538691000056;0
207218;5200516501215772037;5;1;12;0;2020;5;13;7;3;0;3;0;1;1;0;0;0;0;339163,832399999720000;5696419,513699999100000;6,688011784000025;51,396178983000027;0
207220;5200519513340537208;5;1;62;28;2020;5;14;3;2;0;1;0;1;0;0;0;0;0;337303,461000000130000;5663061,178999999500000;6,676452776000076;51,095934904000046;0
207221;5200518300411371416;5;9;11;0;2020;5;16;2;3;1;5;0;1;1;0;0;0;0;375206,497299999930000;5701097,403999999200000;7,204157932000044;51,447295371000052;0
207223;5200517500300124205;5;1;11;0;2020;5;14;1;3;0;7;0;1;0;0;0;0;0;343802,742999999780000;5676819,429500000600000;6,763222151000036;51,221365621000075;0
207226;5200516500200197209;5;1;11;0;2020;5;11;7;3;0;7;0;1;1;0;0;0;0;347747,440399999730000;5681359,291200000800000;6,817736234000051;51,263224665000052;0
207227;5200518501325035206;5;1;12;0;2020;5;15;2;3;2;7;0;1;1;0;0;0;0;344885,636099999770000;5693561,823300000300000;6,771441526000047;51,372095557000080;0
207228;5200517609108575502;5;3;58;20;2020;5;13;1;2;0;7;0;1;1;0;0;0;0;314616,763299999760000;5635239,869899999400000;6,366975872000069;50,839131936000058;0
207229;5200519410110587060;5;7;70;24;2020;5;7;3;3;3;6;0;1;0;0;0;0;0;493466,760900000110000;5795285,441299999100000;8,904174630000057;52,307868459000076;0
207232;5200518601210957205;5;3;15;0;2020;5;18;2;3;5;6;0;1;1;0;0;0;0;354035,644600000230000;5642783,573899999300000;6,923390489000042;50,918212609000079;0
207236;5200515505200546203;5;1;14;0;2020;5;16;6;3;0;1;0;1;0;0;0;0;0;329909,625400000250000;5690551,953999999900000;6,557918048000033;51,340767665000044;0
207238;5200515505100539209;5;1;14;0;2020;5;14;6;3;6;4;0;1;0;1;0;0;0;330514,121700000020000;5689047,541099999100000;6,567304526000044;51,327432753000039;0
207240;5200517607000362693;5;3;82;68;2020;5;12;1;3;5;3;0;1;1;0;0;0;0;370284,607599999760000;5629824,686100000500000;7,159019623000063;50,805619081000032;0
207245;5200519601110735204;5;3;15;0;2020;5;17;3;3;1;3;0;1;1;0;0;0;0;356466,992200000210000;5646280,817700000500000;6,956579753000028;50,950251803000072;0
207248;5200519601700569209;5;3;16;0;2020;5;13;3;3;5;7;0;1;1;0;0;0;0;359475,166899999600000;5654876,963400000700000;6,996052523000060;51,028246778000039;0
207249;5200515503100886755;5;1;24;0;2020;5;9;6;3;0;3;0;1;1;0;0;0;0;370218,825899999590000;5679815,982899999200000;7,140184795000039;51,254913988000055;0
207251;5200517601220120203;5;3;15;0;2020;5;13;1;2;0;1;0;1;0;0;0;0;0;358960,365000000220000;5639860,172000000300000;6,994536481000068;50,893164318000061;0
207252;5200519301101897741;5;9;13;0;2020;5;13;3;3;0;1;0;1;0;0;0;0;0;394015,201000000350000;5706907,631999999300000;7,472969213000056;51,503353821000076;0
207253;5200516705000020854;5;5;54;20;2020;5;14;7;3;2;6;0;1;0;0;0;0;0;365363,026600000450000;5786211,015399999900000;7,029482674000064;52,209870927000054;0
207254;5200515502401387205;5;1;17;0;2020;5;8;6;3;5;3;0;1;1;0;0;0;0;354516,925800000320000;5700861,900800000900000;6,906719683000063;51,440242470000044;0
207266;5200516500200001695;5;1;11;0;2020;5;23;7;3;1;1;2;1;1;0;0;0;0;344439,360799999910000;5681635,653200000500000;6,770238827000071;51,264814731000058;0
207267;5200518503400686904;5;1;22;0;2020;5;13;2;2;0;1;0;1;0;0;0;0;0;367018,476599999700000;5669864,901300000000000;7,098038244000065;51,164744148000068;0
207269;5200516602300272484;5;3;62;36;2020;5;15;7;3;1;5;0;1;1;0;0;0;0;346223,778699999680000;5651323,294399999100000;6,808729347000053;50,992921781000064;0
207270;5200517706200587342;5;5;58;20;2020;5;11;1;3;3;6;0;1;1;0;0;0;0;393916,527999999930000;5761695,138000000300000;7,454832727000053;51,995771238000032;0
207273;5200517500100186817;5;1;11;0;2020;5;13;1;3;5;3;0;1;0;0;0;0;0;343466,263700000010000;5677542,331599999200000;6,758091954000065;51,227768929000035;0
207276;5200518501317185989;5;1;12;0;2020;5;19;2;3;5;7;0;1;1;0;0;0;0;344851,957000000400000;5699420,282199999300000;6,768396826000071;51,424724995000076;0
207277;5200520601420480201;5;3;15;0;2020;5;9;4;3;5;2;0;1;0;0;0;0;0;355698,419200000350000;5649947,574500000100000;6,944190837000065;50,983012177000035;0
207278;5200523711422276177;5;5;70;20;2020;5;1;7;1;8;1;2;1;0;0;0;0;0;433484,958700000310000;5743840,989000000100000;8,034504012000070;51,841416166000045;0
207279;5200523601300886647;5;3;15;0;2020;5;17;7;3;5;3;0;1;1;0;0;0;0;349862,519000000320000;5650253,394999999600000;6,860983440000041;50,984268130000032;0
207282;5200520601220671203;5;3;15;0;2020;5;20;4;3;0;1;0;1;1;0;0;0;0;353770,708999999800000;5642213,306099999700000;6,919852523000031;50,913020710000069;0
207283;5200523600110569207;5;3;14;0;2020;5;16;7;3;1;5;0;1;0;0;0;0;0;366442,549599999560000;5619932,883400000600000;7,108112234000032;50,715839048000078;0
207284;5200520600380181209;5;3;14;0;2020;5;16;4;3;5;2;0;1;1;0;0;0;0;369886,258299999870000;5616677,931299999400000;7,158013162000032;50,687363705000053;0
207286;5200525405108766249;5;7;54;8;2020;5;1;2;3;5;3;2;1;1;0;0;0;0;456902,124499999920000;5751239,184100000200000;8,373463149000031;51,910229163000054;0
207288;5200523516800768209;5;1;58;20;2020;5;9;7;3;5;3;0;1;1;0;0;0;0;356507,648699999790000;5665435,249399999200000;6,949572200000034;51,122397089000060;0
207289;5200523514210616204;5;1;66;12;2020;5;0;7;3;3;6;2;1;1;0;0;0;0;320919,417899999770000;5693000,451500000400000;6,427744703000030;51,360001594000039;0
207290;5200523514118186031;5;1;66;16;2020;5;18;7;3;1;5;0;1;1;0;0;0;0;310640,207399999720000;5688287,382200000800000;6,282776766000040;51,314336668000067;0
207294;5200523513130846206;5;1;62;22;2020;5;11;7;1;5;3;0;1;0;0;0;0;1;337372,396999999880000;5685718,915999999300000;6,667172407000066;51,299528949000035;0
207295;5200520518200085979;5;1;70;24;2020;5;11;4;3;8;6;0;1;1;0;0;0;0;335162,996100000110000;5706414,268999999400000;6,625899333000064;51,484824751000076;0
207303;5200523709800281039;5;5;66;40;2020;5;10;7;2;0;7;0;1;0;0;0;0;0;422196,285099999980000;5781286,975600000500000;7,862169692000066;52,176566181000055;0
207304;5200523502231855836;5;1;13;0;2020;5;18;7;3;6;1;0;1;0;1;0;0;0;364336,525000000370000;5697218,269999999600000;7,049312642000075;51,409935494000081;0
207309;5200525301304666328;5;9;13;0;2020;5;14;2;3;5;3;0;1;1;0;0;0;0;400173,224000000390000;5709513,962999999500000;7,560924886000066;51,527903100000060;0
207310;5200520515211522410;5;1;54;16;2020;5;16;4;3;5;3;0;1;1;0;0;0;0;304272,313699999820000;5732516,041400000500000;6,166966702000025;51,709391232000030;0
207311;5200523500100900503;5;1;11;0;2020;5;16;7;3;0;5;0;1;1;0;0;0;0;345754,385499999860000;5677528,353199999800000;6,790842598000040;51,228266261000044;0
207314;5200523405236406702;5;7;54;36;2020;5;15;7;3;3;6;0;1;1;0;0;0;0;473012,584999999960000;5747818,861500000600000;8,607929565000063;51,880491005000067;0
207316;5200523706100676624;5;5;58;16;2020;5;8;7;3;0;3;0;1;1;0;0;0;0;383831,973899999630000;5742519,534499999100000;7,314476734000039;51,821418432000030;0
207318;5200523317240479522;5;9;78;40;2020;5;12;7;3;1;6;0;1;1;0;0;0;0;405753,097900000400000;5724536,118400000000000;7,637301962000038;51,663896818000069;0
207319;5200523315230778219;5;9;70;28;2020;5;8;7;2;4;1;0;1;1;0;0;0;0;458310,751299999650000;5641085,622999999700000;8,406897149000031;50,919905346000064;1
207321;5200523315110785320;5;9;70;40;2020;5;22;7;3;8;1;2;1;0;0;0;0;0;426904,871299999770000;5637929,431500000900000;7,960787039000024;50,888403532000041;0
207322;5200523302100985268;5;9;14;0;2020;5;18;7;3;0;3;0;1;1;0;0;0;0;393595,472000000070000;5691095,445000000300000;7,471674808000046;51,361145204000081;0
207323;5200523301302185011;5;9;13;0;2020;5;15;7;2;0;1;0;1;0;0;0;0;0;396822,917999999600000;5706372,224999999600000;7,513564608000024;51,499060785000040;0
207331;5200520513210644204;5;1;62;24;2020;5;12;4;3;5;3;0;1;0;0;0;0;0;344967,722199999730000;5669975,192500000800000;6,782845957000063;51,160184570000069;0
207332;5200522608200533183;5;3;34;2;2020;5;18;6;3;4;6;0;1;1;0;0;0;0;296581,569099999960000;5628057,673299999900000;6,115129693000029;50,768568638000033;1
207333;5200520513210278615;5;1;62;24;2020;5;9;4;3;5;2;0;1;0;0;1;0;0;337939,310999999750000;5674568,518999999400000;6,680345886000055;51,199507385000061;0
207337;5200522605136542234;5;3;74;36;2020;5;17;6;2;0;1;0;1;0;0;0;0;0;381430,826700000090000;5673860,186200000300000;7,302748739000037;51,203824026000063;1
207339;5200522602900171782;5;3;62;40;2020;5;12;6;3;8;1;0;1;0;0;0;0;0;357737,964599999600000;5631034,041999999400000;6,980596034000030;50,813542968000036;0
207341;5200522601700482202;5;3;16;0;2020;5;13;6;3;0;2;0;1;1;0;0;0;0;359149,281600000340000;5654404,579299999400000;6,991591837000044;51,023921733000066;0
207343;5200522601400525905;5;3;15;0;2020;5;15;6;3;5;3;0;1;1;0;0;0;0;350888,745000000110000;5652431,676999999200000;6,874699040000053;51,004109577000065;0
207345;5200520505100884205;5;1;14;0;2020;5;10;4;2;0;7;0;1;0;0;0;0;0;329268,195100000130000;5689754,766799999400000;6,549099865000073;51,333413670000027;0
207351;5200522601200386596;5;3;15;0;2020;5;17;6;3;5;3;0;1;0;0;0;0;0;354414,247499999590000;5641623,430999999900000;6,929235935000065;50,907882331000053;0
207353;5200522600380490207;5;3;14;0;2020;5;17;6;2;0;1;0;1;0;0;0;0;0;367494,969999999740000;5620467,017000000900000;7,122819729000071;50,720880789000034;1
207355;5200522600140463201;5;3;14;0;2020;5;15;6;3;5;3;0;1;1;0;0;0;0;368628,160699999890000;5621252,518600000100000;7,138584604000073;50,728198312000075;0
207357;5200520501115969481;5;1;12;0;2020;5;19;4;2;0;1;0;1;0;0;0;0;0;345237,224799999970000;5706699,895199999200000;6,770748451000031;51,490237582000077;0
207359;5200522516800712200;5;1;58;20;2020;5;13;6;2;0;7;0;1;0;0;0;0;0;356390,398900000380000;5663665,481699999400000;6,948602527000048;51,106463600000041;0
207363;5200523702100424843;5;5;15;0;2020;5;13;7;3;1;7;0;1;1;0;0;0;0;405226,597000000070000;5756545,084000000700000;7,620937815000048;51,951526095000077;0
207366;5200520500300386828;5;1;11;0;2020;5;8;4;3;0;1;0;1;0;0;0;0;0;342807,661999999550000;5675773,320299999800000;6,749442682000051;51,211692983000034;0
207368;5200522506100549204;5;1;16;0;2020;5;17;6;3;1;3;0;1;0;0;0;0;0;321623,270100000310000;5676050,709300000200000;6,446307014000070;51,207961921000049;1
207369;5200524702100462207;5;5;15;0;2020;5;12;1;3;5;3;0;1;1;0;0;0;0;406195,159900000320000;5752282,602199999600000;7,636189358000024;51,913376934000041;0
207372;5200524608200546200;5;3;34;2;2020;5;11;1;3;5;6;0;1;0;0;0;0;0;295354,791699999940000;5628303,233300000400000;6,097618766000039;50,770342705000076;0
207374;5200522502102077679;5;1;13;0;2020;5;13;6;3;5;3;0;1;1;0;0;0;0;362598,773299999540000;5702337,462400000500000;7,022355594000032;51,455520597000032;0
207375;5200520500200281636;5;1;11;0;2020;5;10;4;3;0;5;0;1;0;0;0;0;1;347124,676599999890000;5677356,920499999100000;6,810526058000050;51,227094513000054;0
207377;5200522501317771208;5;1;12;0;2020;5;0;6;3;6;6;2;1;0;1;0;0;0;344360,211500000210000;5699594,889200000100000;6,761252802000058;51,426159016000042;0
207378;5200524601420145202;5;3;15;0;2020;5;19;1;3;1;3;0;1;1;0;0;0;0;355386,065999999640000;5647250,914000000800000;6,940816246000054;50,958699647000060;1
207380;5200522501132365234;5;1;12;0;2020;5;9;6;3;1;5;0;1;1;0;0;0;0;341827,644299999810000;5713170,081199999900000;6,718773322000061;51,547426034000068;0
207381;5200524601200986637;5;3;15;0;2020;5;15;1;3;1;5;0;1;1;0;0;0;0;354265,473799999800000;5643518,523299999500000;6,926364253000031;50,924875487000065;0
207385;5200522500200462204;5;1;11;0;2020;5;23;6;3;1;5;2;1;1;0;0;0;0;345988,849000000390000;5678333,094000000500000;6,793852074000029;51,235560551000049;1
207388;5200520500200001154;5;1;11;0;2020;5;16;4;3;0;7;0;1;1;0;0;0;0;345319,550999999980000;5678426,690300000800000;6,784231905000070;51,236220513000035;0
207395;5200522404101021626;5;7;66;20;2020;5;12;6;3;5;3;0;1;1;0;0;0;0;492373,442400000060000;5752991,650699999200000;8,889086366000072;51,927601000000038;0
207397;5200520410120326208;5;7;70;32;2020;5;13;4;3;5;3;0;1;1;0;0;0;0;493044,825799999760000;5790210,462600000200000;8,898090700000068;52,262236644000041;0
207398;5200522400200087057;5;7;11;0;2020;5;17;6;2;5;3;0;1;1;0;0;0;0;472489,711299999620000;5762349,936300000200000;8,599170603000061;52,011111761000052;1
207399;5200525315150535886;5;9;70;44;2020;5;12;2;3;5;3;0;1;1;0;0;0;0;436887,467000000180000;5634885,390000000600000;8,103217679000068;50,862209828000061;0
207400;5200520407201579419;5;7;62;4;2020;5;14;4;2;0;1;0;1;0;0;0;0;0;502438,359000000170000;5731474,210999999200000;9,035309665000057;51,734179946000040;0
207401;5200522316100604209;5;9;74;40;2020;5;17;6;2;5;3;0;1;1;0;0;0;0;437252,903699999680000;5712537,988600000700000;8,094823035000047;51,560429341000031;1
207404;5200522316100595205;5;9;74;40;2020;5;15;6;3;6;1;0;1;0;1;0;0;0;437965,626000000160000;5714158,358999999200000;8,104817194000077;51,575076169000056;0
207405;5200520406220687002;5;7;58;24;2020;5;11;4;2;5;2;0;1;1;0;0;0;0;480070,138899999670000;5781674,054899999900000;8,708486493000066;52,185172960000045;0
207407;5200522314130045424;5;9;66;28;2020;5;14;6;3;5;2;0;1;1;0;0;0;0;420134,037200000140000;5647362,119500000000000;7,862476729000036;50,972314782000069;0
207408;5200524705000687338;5;5;54;48;2020;5;2;1;2;3;6;2;1;0;0;0;0;0;341003,093700000080000;5745561,855599999400000;6,692130469000063;51,838207766000039;0
207409;5200520406140587122;5;7;58;32;2020;5;17;4;3;0;3;0;1;1;0;0;0;0;464527,994900000280000;5775045,577700000300000;8,481852241000070;52,124799982000070;0
207411;5200522307200519200;5;9;62;32;2020;5;16;6;3;0;6;0;1;1;0;0;0;0;405309,714399999940000;5675425,104399999600000;7,644032887000037;51,222350073000030;0
207416;5200522300512577873;5;9;11;0;2020;5;14;6;2;0;1;0;1;0;0;0;0;0;378926,444500000220000;5702089,907999999800000;7,257323158000077;51,457023191000076;0
207417;5200521711112245696;5;5;70;52;2020;5;18;5;3;4;1;0;1;0;0;0;0;0;429668,787899999880000;5756580,839199999300000;7,976520551000021;51,955475726000032;0
207418;5200520400300686993;5;7;11;0;2020;5;19;4;3;1;7;0;1;1;0;0;0;0;466454,700600000100000;5760043,673900000800000;8,511468432000072;51,990045028000054;0
207422;5200521705000887403;5;5;54;8;2020;5;19;5;3;6;2;0;1;0;1;0;0;0;336720,086500000210000;5745289,981499999800000;6,630146766000053;51,834529697000050;0
207423;5200521705000787298;5;5;54;60;2020;5;19;5;3;7;5;0;1;1;0;0;0;0;349437,758000000380000;5755641,951600000300000;6,810063493000030;51,931110767000064;0
207425;5200521705000520896;5;5;54;20;2020;5;16;5;3;0;3;0;1;1;0;0;0;0;366004,389999999660000;5785954,340800000400000;7,038965139000027;52,207720928000072;0
207426;5200521705000087283;5;5;54;4;2020;5;17;5;3;0;2;0;1;0;0;0;0;0;357420,457799999970000;5771269,778699999700000;6,919585147000021;52,073629452000034;0
207431;5200521602800586144;5;3;62;12;2020;5;19;5;3;5;3;0;1;1;0;0;0;0;351834,031000000420000;5634142,540200000600000;6,895593005000023;50,839997963000030;0
207432;5200521602700085849;5;3;62;28;2020;5;18;5;3;0;1;0;1;0;0;0;0;0;351580,972199999730000;5639357,003200000200000;6,889886361000038;50,886793477000026;0
207433;5200521601620970200;5;3;15;0;2020;5;18;5;2;0;1;0;1;0;0;0;0;0;361345,768899999560000;5636006,388100000100000;7,029894658000046;50,859106536000070;0
207434;5200520315110080354;5;9;70;40;2020;5;9;4;2;5;3;0;1;1;0;0;0;0;430154,212199999950000;5635554,198899999300000;8,007430026000066;50,867449082000064;0
207435;5200521601600826274;5;3;15;0;2020;5;12;5;3;3;6;0;1;1;0;0;0;0;362769,453999999910000;5637014,232400000100000;7,049732888000051;50,868504151000081;0
207437;5200521601400181680;5;3;15;0;2020;5;14;5;3;5;3;0;1;1;0;0;0;0;357613,295400000180000;5647506,797700000900000;6,972408639000037;50,961553912000056;0
207438;5200525400200986996;5;7;11;0;2020;5;17;2;3;1;5;0;1;1;0;0;0;0;471329,671900000420000;5763037,676300000400000;8,582211527000027;52,017236306000029;0
207439;5200520313110273372;5;9;58;4;2020;5;11;4;3;0;3;0;1;1;0;0;0;0;427968,354799999860000;5700750,504899999100000;7,963316030000044;51,453347619000056;0
207440;5200521601310932204;5;3;15;0;2020;5;19;5;3;5;3;0;1;1;0;0;0;0;354479,278900000270000;5645362,218399999700000;6,928668182000024;50,941498235000040;0
207442;5200521601100868341;5;3;15;0;2020;5;19;5;3;5;3;0;1;1;0;0;0;0;355132,072499999780000;5645922,333799999200000;6,937730773000055;50,946696241000041;0
207444;5200521601000086620;5;3;15;0;2020;5;12;5;3;0;7;0;1;0;0;0;0;0;355785,746100000110000;5648738,184900000700000;6,945913858000040;50,972165577000055;0
207445;5200521600330282200;5;3;82;48;2020;5;15;5;2;8;1;0;1;0;0;0;0;0;352756,156399999750000;5611412,418899999900000;6,917762298000071;50,635959197000034;0
207446;5200521600140283209;5;3;14;0;2020;5;15;5;3;2;6;0;1;1;0;0;0;0;367886,188599999990000;5621258,106699999400000;7,128075525000043;50,728080278000050;0
207449;5200521600110278203;5;3;14;0;2020;5;14;5;3;0;1;0;1;0;0;0;0;0;366552,536199999970000;5618914,079399999200000;7,110037690000070;50,706707251000068;0
207450;5200525310110177604;5;9;54;16;2020;5;19;2;2;0;1;0;1;0;0;0;0;0;372257,911799999890000;5697182,009800000100000;7,163161442000046;51,411449466000079;0
207451;5200520301502349202;5;9;13;0;2020;5;14;4;3;0;1;0;1;0;0;0;0;0;391796,274400000460000;5703697,587400000500000;7,441995418000033;51,474080127000036;0
207452;5200521518310185956;5;1;70;32;2020;5;13;5;3;0;6;0;1;0;0;1;0;0;339008,588700000200000;5711126,639200000100000;6,679085801000042;51,528270003000046;0
207453;5200521515000786201;5;1;54;28;2020;5;15;5;3;0;1;0;1;0;0;0;0;0;319868,710799999540000;5700117,873400000900000;6,409058142000049;51,423603143000037;0
207456;5200521513210695208;5;1;62;24;2020;5;18;5;3;1;7;0;1;1;0;0;0;0;337990,542999999600000;5675757,210999999200000;6,680541901000026;51,210202086000038;0
207457;5200521513210578699;5;1;62;24;2020;5;19;5;2;5;3;0;1;1;0;0;0;0;337882,497899999840000;5676626,666099999100000;6,678603405000047;51,217983293000032;0
207459;5200521513130700206;5;1;62;22;2020;5;21;5;3;8;1;0;1;0;0;0;0;0;339483,700400000440000;5680699,953600000600000;6,699686169000074;51,255033704000027;0
207460;5200525301201684965;5;9;13;0;2020;5;17;2;3;0;2;0;1;1;0;0;0;0;388061,520399999800000;5714407,404999999300000;7,384839404000047;51,569614691000027;0
207461;5200520300310646209;5;9;11;0;2020;5;14;4;2;1;5;0;1;1;0;0;0;0;376201,336400000380000;5700053,176500000100000;7,218831936000072;51,438128769000059;0
207462;5200521506100597863;5;1;16;0;2020;5;19;5;3;0;1;0;1;0;0;0;0;0;320892,413300000130000;5674466,402799999300000;6,436645579000071;51,193501113000082;0
207463;5200521505200946201;5;1;14;0;2020;5;17;5;2;0;1;0;1;0;0;0;0;0;332424,485200000000000;5690397,412200000100000;6,594063578000032;51,340126119000047;0
207464;5200524411132487143;5;7;74;32;2020;5;9;1;3;5;3;0;1;0;0;0;0;0;480462,618400000040000;5727973,399800000700000;8,717279063000035;51,702367944000059;0
207466;5200521501353585968;5;1;12;0;2020;5;0;5;2;0;7;2;1;1;0;0;0;0;345534,322399999950000;5699665,616399999700000;6,778096864000077;51,427115716000060;0
207467;5200519709000070516;5;5;66;8;2020;5;10;3;3;5;3;0;1;1;0;0;0;0;399660,238900000230000;5781458,253900000800000;7,532647480000037;52,174467477000064;0