OBJECTID;UIDENTSTLAE;ULAND;UREGBEZ;UKREIS;UGEMEINDE;UJAHR;UMONAT;USTUNDE;UWOCHENTAG;UKATEGORIE;UART;UTYP1;ULICHTVERH;IstRad;IstPKW;IstFuss;IstKrad;IstGkfz;IstSonstige;LINREFX;LINREFY;XGCSWGS84;YGCSWGS84;STRZUSTAND
207469;5200521501316757200;5;1;12;0;2020;5;19;5;2;0;1;0;1;0;0;0;0;0;345791,458200000230000;5698773,635700000500000;6,782180790000041;51,419171202000030;0
207471;5200523602600171205;5;3;62;20;2020;5;12;7;3;2;6;0;1;1;0;0;0;0;343439,874699999580000;5629602,267999999200000;6,778401273000043;50,796988956000064;0
207472;5200521501127482179;5;1;12;0;2020;5;19;5;3;0;1;0;1;0;0;0;0;0;347164,229000000280000;5705841,028999999200000;6,798855227000047;51,483044700000050;0
207475;5200521500200160200;5;1;11;0;2020;5;12;5;3;0;5;0;1;1;0;0;0;0;341288,990299999710000;5683562,675599999700000;6,724264545000040;51,281260560000078;0
207476;5200521500100763545;5;1;11;0;2020;5;14;5;3;5;3;0;1;1;0;0;0;0;346907,579800000410000;5675577,224800000000000;6,808179124000048;51,211044739000045;0
207477;5200521411132970369;5;7;74;32;2020;5;21;5;2;5;2;2;1;1;0;0;0;0;483822,461299999620000;5732064,519799999900000;8,765708053000026;51,739259411000035;0
207479;5200523601700837200;5;3;16;0;2020;5;16;7;2;5;7;0;1;0;1;0;0;0;359116,008399999700000;5655959,224199999100000;6,990513376000024;51,037885047000032;0
207480;5200521410220344202;5;7;70;8;2020;5;19;5;2;0;7;0;1;0;0;0;0;0;473489,103299999610000;5800817,767799999600000;8,610723305000022;52,357004293000045;0
207481;5200521410110335200;5;7;70;24;2020;5;16;5;3;0;1;0;1;0;0;0;0;0;494244,098899999630000;5792478,827199999200000;8,915624074000050;52,282644304000030;0
207482;5200521407220587120;5;7;62;32;2020;5;19;5;3;0;7;0;1;0;0;0;0;0;506715,689000000250000;5747271,967900000500000;9,097555365000062;51,876186517000065;0
207483;5200521407140074508;5;7;62;16;2020;5;21;5;3;8;1;1;1;0;0;0;0;0;512001,390300000090000;5730171,929199999200000;9,173745782000026;51,722347505000073;0
207484;5200519705000587229;5;5;54;4;2020;5;15;3;3;0;7;0;1;1;0;0;0;0;363298,149400000460000;5771290,929700000200000;7,005282141000066;52,075301598000067;0
207485;5200521407101076222;5;7;62;20;2020;5;21;5;3;0;1;2;1;0;0;0;0;0;526396,765499999750000;5736727,020400000700000;9,382643690000066;51,780792344000076;0
207488;5200521316200543202;5;9;74;48;2020;5;17;5;3;0;1;0;1;0;0;0;0;0;434806,786500000390000;5719090,303899999700000;8,058323636000068;51,619059659000072;0
207489;5200519702100787529;5;5;15;0;2020;5;13;3;3;0;6;0;1;1;0;0;0;0;405192,524500000290000;5759645,565899999800000;7,619586147000064;51,979388663000066;0
207490;5200521316100084961;5;9;74;40;2020;5;2;5;3;3;6;2;1;0;0;0;0;0;438691,599899999800000;5714051,863299999400000;8,115310547000036;51,574198144000036;0
207491;5200519702100565912;5;5;15;0;2020;5;14;3;3;5;7;0;1;0;0;1;0;0;411482,326000000350000;5761478,928999999500000;7,710667602000058;51,996905880000043;0
207492;5200521302130853469;5;9;14;0;2020;5;14;5;2;9;1;0;1;0;0;0;0;0;402074,358199999670000;5689265,230200000100000;7,593922686000042;51,346218055000065;0
207494;5200521301202542203;5;9;13;0;2020;5;20;5;3;9;1;0;1;0;0;0;0;0;393957,463499999610000;5714805,834799999400000;7,469758151000065;51,574335694000069;0
207496;5200519702100069780;5;5;15;0;2020;5;17;3;3;0;2;0;1;1;0;0;0;0;406042,438500000160000;5756997,988500000900000;7,632681741000056;51,955735435000065;0
207497;5200520711111987328;5;5;70;52;2020;5;22;4;2;0;1;2;1;0;0;0;0;0;429687,414300000300000;5755699,251299999700000;7,976971937000030;51,947552960000053;0
207500;5200520709800012392;5;5;66;40;2020;5;17;4;2;5;3;0;1;1;0;0;0;0;421706,252000000330000;5781321,201999999600000;7,854996912000047;52,176804515000072;0
207501;5200525316200419035;5;9;74;52;2020;5;16;2;3;4;2;0;1;0;0;0;0;0;423769,451100000180000;5711625,574100000800000;7,900546408000025;51,550565455000026;0
207502;5200519610111183203;5;3;70;16;2020;5;18;3;3;6;2;0;1;0;1;0;0;0;299943,513000000270000;5660459,825500000300000;6,144980406000059;51,060758394000061;0
207503;5200520705000568647;5;5;54;56;2020;5;10;4;3;0;1;0;1;0;0;0;0;0;357136,714100000450000;5763144,492300000000000;6,918842198000050;52,000550989000033;0
207505;5200520702100444592;5;5;15;0;2020;5;14;4;3;0;7;0;1;0;1;0;0;0;406195,050300000240000;5757031,426500000100000;7,634892814000068;51,956061756000054;0
207506;5200520701920985435;5;5;62;28;2020;5;18;4;3;5;3;0;1;0;0;0;0;0;379035,001000000160000;5723065,355000000400000;7,251671319000025;51,645562726000037;0
207507;5200519609108365639;5;3;58;8;2020;5;6;3;3;5;3;0;1;1;0;0;0;0;320420,690799999980000;5630295,477099999800000;6,451741398000024;50,796542242000044;0
207509;5200525300100637276;5;9;11;0;2020;5;18;2;2;0;4;0;1;0;1;0;0;0;375955,357099999670000;5705394,044999999900000;7,213420895000070;51,486075564000032;0
207512;5200520610114235208;5;3;70;32;2020;5;17;4;3;0;7;0;1;0;0;0;0;0;292514,536199999970000;5664175,560200000200000;6,036977658000069;51,091490988000032;0
207513;5200520607400464428;5;3;82;68;2020;5;19;4;2;5;3;0;1;1;0;0;0;0;367340,331000000240000;5633357,987999999900000;7,115979005000042;50,836709405000079;0
207516;5200520606400078496;5;3;78;28;2020;5;17;4;2;1;5;0;1;1;0;0;0;0;373013,587600000200000;5638261,854399999600000;7,194804933000057;50,882059319000064;0
207520;5200520602900185849;5;3;62;40;2020;5;16;4;3;5;3;0;1;1;0;0;0;0;357187,239099999890000;5631389,039699999600000;6,972645550000038;50,816597857000033;0
207522;5200524316200184918;5;9;74;56;2020;5;9;1;2;0;1;0;1;0;0;0;0;0;421009,969100000340000;5705293,242399999900000;7,862175144000048;51,493258713000046;0
207523;5200520602600743209;5;3;62;20;2020;5;8;4;3;0;7;0;1;0;0;0;0;0;342946,429200000130000;5629926,563799999700000;6,771266222000065;50,799769572000059;0
207528;5200519602900679204;5;3;62;40;2020;5;17;3;2;5;3;0;1;1;0;0;0;0;356975,757699999960000;5632404,835400000200000;6,969249304000073;50,825674751000065;0
207530;5200527600130362203;5;3;82;8;2020;5;13;4;3;5;3;0;1;1;0;0;0;0;374688,256000000050000;5611965,503499999600000;7,227554392000059;50,646059250000064;0
207533;5200527317110382377;5;9;78;36;2020;5;15;4;2;5;3;0;1;0;0;0;1;0;410001,309799999930000;5713947,544299999300000;7,701428283000041;51,569410160000075;0
207534;5200528601210910206;5;3;15;0;2020;5;10;5;3;0;1;0;1;0;0;0;0;0;353007,537200000140000;5641349,814500000300000;6,909351703000027;50,905066957000031;0
207535;5200528502101845202;5;1;13;0;2020;5;17;5;2;0;7;0;1;0;0;0;0;0;362015,830000000070000;5703067,297000000300000;7,013685807000059;51,461937393000028;0
207536;5200526701110715205;5;5;62;32;2020;5;10;3;3;5;3;0;1;0;0;0;0;1;376643,438000000080000;5717691,039000000800000;7,219015852000041;51,596743174000039;0
207537;5200526500200186912;5;1;11;0;2020;5;20;3;3;5;2;0;1;1;0;0;0;0;345271,991000000390000;5679038,576999999600000;6,783286815000054;51,241705663000062;0
207538;5200527701110012207;5;5;62;32;2020;5;10;4;3;5;7;0;1;1;0;0;0;0;380551,887400000360000;5717924,964400000900000;7,275337215000036;51,599687958000061;0
207540;5200527515110085952;5;1;54;36;2020;5;13;4;2;4;1;0;1;1;0;0;0;0;301756,237599999640000;5740669,113800000400000;6,125951044000033;51,781722969000043;0
207542;5200527310110287640;5;9;54;16;2020;5;16;4;2;0;1;0;1;0;0;0;0;0;372899,048000000420000;5697104,265000000600000;7,172403329000076;51,410894828000039;0
207544;5200528410230376228;5;7;70;4;2020;5;16;5;3;0;1;0;1;0;0;0;0;0;487034,803700000050000;5782911,768799999700000;8,810310325000046;52,196508477000066;0
207546;5200527601510189208;5;3;15;0;2020;5;12;4;3;5;2;0;1;1;0;0;0;0;362339,906999999660000;5648507,896999999900000;7,039294021000046;50,971699781000041;0
207548;5200528600110513201;5;3;14;0;2020;5;13;5;3;1;5;0;1;0;0;0;0;1;365090,430399999950000;5620650,592399999500000;7,088707851000038;50,721977480000078;0
207549;5200528500100859200;5;1;11;0;2020;5;14;5;3;0;1;0;1;0;0;0;0;0;343882,226599999700000;5675711,050200000400000;6,764841964000027;51,211428224000031;0
207551;5200527605140171670;5;3;74;40;2020;5;21;4;3;4;1;1;1;0;0;0;0;0;406571,250000000000000;5640750,560799999200000;7,671050678000029;50,910835211000062;0
207553;5200527513210262203;5;1;62;24;2020;5;8;4;2;5;3;0;1;1;0;0;0;0;341287,893600000070000;5669727,044700000400000;6,730373037000049;51,156945990000054;0
207554;5200526407201078156;5;7;62;4;2020;5;7;3;3;3;6;0;1;0;0;0;0;1;501599,398500000130000;5731473,390699999400000;9,023160748000066;51,734175593000032;0
207556;5200528314210380532;5;9;66;4;2020;5;9;5;2;5;3;0;1;1;0;0;0;0;423258,241999999620000;5664795,051000000900000;7,903269626000053;51,129475198000080;0
207558;5200527601300478518;5;3;15;0;2020;5;12;4;3;0;7;0;1;0;0;0;0;0;352335,996500000360000;5645968,742100000400000;6,897936754000057;50,946403873000065;0
207559;5200526407101987120;5;7;62;20;2020;5;10;3;2;0;1;0;1;0;0;0;0;0;525690,278199999590000;5735324,865000000200000;9,372299036000072;51,768218286000035;0
207560;5200526513130201660;5;1;62;22;2020;5;18;3;3;5;3;0;1;1;0;0;0;0;339082,961199999790000;5679461,122300000900000;6,694505208000066;51,243790073000071;0
207561;5200527500200808203;5;1;11;0;2020;5;20;4;3;1;1;0;1;1;0;0;0;0;345207,495600000020000;5678301,086799999700000;6,782682298000054;51,235061529000063;0
207562;5200526406220644988;5;7;58;24;2020;5;7;3;3;5;3;0;1;1;0;0;0;0;478283,980399999770000;5784442,032400000800000;8,682183375000022;52,209991071000047;0
207563;5200526404101670345;5;7;66;4;2020;5;14;3;3;0;1;0;1;1;0;0;0;0;481351,190000000410000;5750828,154999999300000;8,728907417000073;51,907888888000059;0
207568;5200526601400186477;5;3;15;0;2020;5;17;3;3;0;1;0;1;0;0;0;0;0;351879,139100000260000;5652718,711600000000000;6,888687823000055;51,006944821000047;0
207570;5200526314210260173;5;9;66;4;2020;5;20;3;2;9;1;0;1;0;0;0;0;0;423999,280000000260000;5664851,393999999400000;7,913846002000071;51,130080583000051;0
207572;5200527406220804123;5;7;58;24;2020;5;10;4;3;5;3;0;1;1;0;0;0;0;484422,010099999610000;5783500,337099999200000;8,772056601000031;52,201732409000044;0
207577;5200527701200168208;5;5;62;20;2020;5;20;4;2;0;1;0;1;0;0;0;0;0;370488,903800000440000;5717883,533500000800000;7,130137253000044;51,597091701000068;0
207578;5200526709100076750;5;5;66;64;2020;5;10;3;3;5;3;0;1;1;0;0;0;0;395772,444600000050000;5771415,051799999500000;7,478891854000040;52,083482669000034;0
207579;5200527705000517282;5;5;54;8;2020;5;19;4;3;0;7;0;1;0;1;0;0;0;333589,027200000360000;5748257,256100000800000;6,583317669000053;51,860261305000051;0
207580;5200527600120346207;5;3;82;24;2020;5;18;4;3;4;6;0;1;0;0;0;0;0;371922,417899999770000;5615734,510800000300000;7,187149905000069;50,679335611000056;0
207582;5200526505100222202;5;1;14;0;2020;5;14;3;3;5;2;0;1;1;0;0;0;0;330515,275600000280000;5688805,761299999400000;6,567436060000034;51,325260975000049;0
207584;5200528601100786594;5;3;15;0;2020;5;18;5;3;2;7;0;1;1;0;0;0;0;355669,635800000280000;5643799,186799999300000;6,946218982000062;50,927750756000080;0
207587;5200526300410685207;5;9;16;0;2020;5;13;3;2;0;7;0;1;0;0;0;0;0;376863,728400000370000;5711490,361800000100000;7,224367599000061;51,541064061000043;0
207588;5200527608200484207;5;3;34;2;2020;5;17;4;3;8;1;0;1;0;0;0;0;0;299484,482400000100000;5625007,217299999700000;6,157905312000025;50,742180539000060;0
207589;5200526300410633204;5;9;16;0;2020;5;11;3;3;5;3;0;1;1;0;0;0;0;379585,891599999740000;5711353,778999999200000;7,263648469000032;51,540423854000039;0
207590;5200527514216086047;5;1;66;28;2020;5;15;4;2;0;7;0;1;0;0;0;0;0;320142,205799999650000;5686199,857999999100000;6,420025942000052;51,298667333000026;0
207592;5200525706300281019;5;5;58;36;2020;5;19;2;2;8;1;0;1;0;0;0;0;0;388328,404600000010000;5730604,866699999200000;7,383518972000047;51,715249395000058;0
207596;5200528502405815209;5;1;17;0;2020;5;15;5;3;5;2;0;1;0;0;0;0;0;352965,998200000260000;5699866,591800000500000;6,884833719000028;51,430898490000061;0
207600;5200527602250704207;5;3;62;16;2020;5;8;4;3;5;3;0;1;1;0;0;0;0;329198,746500000360000;5646384,144300000700000;6,568668458000047;50,943746197000053;0
207601;5200525705000781237;5;5;54;8;2020;5;10;2;3;5;2;0;1;0;0;0;0;1;335215,477900000290000;5746047,043899999900000;6,607968683000024;51,840888833000065;0
207602;5200527505200319206;5;1;14;0;2020;5;18;4;3;0;7;0;1;0;0;0;0;0;326479,822999999860000;5694094,288000000600000;6,506996265000055;51,371553525000081;0
207603;5200525702100670298;5;5;15;0;2020;5;13;2;3;5;3;0;1;1;0;0;0;0;404397,351300000210000;5759053,811599999700000;7,608176818000061;51,973933524000074;0
207606;5200526601410402200;5;3;15;0;2020;5;11;3;2;5;2;0;1;0;0;0;1;0;354121,235200000000000;5648886,480200000100000;6,922162827000022;50,973079072000075;0
207612;5200525702100066481;5;5;15;0;2020;5;11;2;3;3;6;0;1;1;0;0;0;0;403795,336600000040000;5757413,120999999300000;7,599874948000036;51,959082578000050;0
207613;5200527502215170131;5;1;13;0;2020;5;16;4;2;0;7;0;1;0;1;0;0;0;359527,735000000340000;5701786,394899999700000;6,978401578000046;51,449814951000064;0
207614;5200525701800523204;5;5;62;4;2020;5;15;2;3;5;3;0;1;1;0;0;0;0;383409,856499999760000;5713332,117599999500000;7,318107735000069;51,559007589000032;0
207618;5200525701700563208;5;5;62;16;2020;5;19;2;3;5;3;0;1;1;0;0;0;0;373212,567599999720000;5733212,349099999300000;7,163877032000073;51,735469328000079;0
207620;5200527601110557205;5;3;15;0;2020;5;19;4;3;3;6;0;1;1;0;0;0;0;354883,621600000190000;5644873,430299999200000;6,934614252000074;50,937207528000044;0
207621;5200525701700526201;5;5;62;16;2020;5;15;2;1;5;3;0;1;0;0;0;1;0;374097,186999999920000;5734234,661000000300000;7,176311040000030;51,744856043000027;0
207624;5200526705000721214;5;5;54;56;2020;5;8;3;3;5;3;0;1;1;0;0;0;0;355669,805999999870000;5762359,131999999300000;6,897819189000074;51,993115241000055;0
207625;5200526601210681203;5;3;15;0;2020;5;16;3;3;5;3;0;1;1;0;0;0;0;356098,955799999650000;5642218,589800000200000;6,952947542000061;50,913653381000074;0
207627;5200527518200572018;5;1;70;24;2020;5;9;4;3;2;5;0;1;1;0;0;0;0;335219,745400000360000;5706254,957000000400000;6,626790260000064;51,483410023000033;0
207628;5200525701500504201;5;5;62;24;2020;5;14;2;3;5;3;0;1;0;0;0;0;1;368945,096800000410000;5725966,428400000600000;7,104835206000075;51,669372442000054;0
207629;5200526502103238206;5;1;13;0;2020;5;16;3;3;3;3;0;1;1;0;0;0;0;363416,207000000400000;5702384,209000000700000;7,034095567000065;51,456138484000064;0
207636;5200526601200086538;5;3;15;0;2020;5;15;3;3;1;7;0;1;1;0;0;0;0;353702,148500000130000;5643338,952299999100000;6,918426466000028;50,923119167000038;0
207637;5200528601220233204;5;3;15;0;2020;5;15;5;3;6;6;0;1;0;1;0;0;0;357367,497899999840000;5641208,407199999300000;6,971375740000042;50,904889765000064;0
207640;5200525700200726206;5;5;13;0;2020;5;17;2;3;5;3;0;1;1;0;0;0;0;365307,646099999550000;5719431,010999999900000;7,054782165000063;51,609782863000078;0
207641;5200527701110148206;5;5;62;32;2020;5;17;4;3;0;6;0;1;1;0;0;0;0;371574,084800000300000;5722093,582699999200000;7,144253166000055;51,635175166000067;0
207643;5200527516220749209;5;1;58;36;2020;5;22;4;3;0;1;2;1;0;0;0;0;0;362358,880699999630000;5683020,383899999800000;7,026384684000050;51,281868034000070;0
207648;5200528411108287105;5;7;74;8;2020;5;20;5;3;5;3;0;1;1;0;0;0;0;487728,965099999680000;5737117,220300000200000;8,822105380000039;51,784788823000042;0
207650;5200527601510198200;5;3;15;0;2020;5;11;4;3;3;6;0;1;1;0;0;0;1;364692,634300000030000;5649000,186899999200000;7,072600490000070;50,976681738000082;0
207651;5200525610211285793;5;3;70;4;2020;5;12;2;3;5;2;0;1;1;0;0;0;0;311240,716199999680000;5661367,368799999400000;6,305533434000040;51,072735317000081;0
207652;5200527503100081572;5;1;24;0;2020;5;17;4;3;6;4;0;1;0;1;0;0;0;370332,611499999650000;5679095,351500000800000;7,142075578000060;51,248463288000039;0
207653;5200527608200416208;5;3;34;2;2020;5;12;4;3;1;5;0;1;1;0;0;0;0;299275,354299999770000;5629222,596500000000000;6,152646451000067;50,779969843000060;0
207655;5200527514110005825;5;1;66;32;2020;5;19;4;3;5;3;0;1;1;0;0;0;0;317553,851999999960000;5681206,173000000400000;6,385487520000027;51,252987088000054;0
207658;5200526601000986555;5;3;15;0;2020;5;9;3;3;1;5;0;1;1;0;0;0;0;355819,709499999880000;5645193,392799999600000;6,947801447000074;50,940317777000075;0
207662;5200527601310482201;5;3;15;0;2020;5;16;4;3;5;3;0;1;1;0;0;0;0;353679,975999999790000;5648396,475500000600000;6,916079298000057;50,968563666000080;0
207663;5200525606000081203;5;3;78;4;2020;5;17;2;3;5;3;0;1;1;0;0;0;0;365043,045500000010000;5652063,569199999800000;7,076450852000050;51,004295948000049;0
207666;5200525602900477205;5;3;62;40;2020;5;20;2;3;5;3;0;1;1;0;0;0;0;358582,078700000420000;5630869,336500000200000;6,992633798000043;50,812269431000061;0
207667;5200526709100842437;5;5;66;8;2020;5;13;3;3;5;3;0;1;0;0;0;0;0;400083,524000000210000;5781567,812000000800000;7,538803078000058;52,175528973000041;0
207668;5200525601700086427;5;3;16;0;2020;5;15;2;3;0;7;0;1;0;1;0;0;0;358363,338999999690000;5655233,610500000400000;6,980068492000044;51,031179031000079;0
207669;5200527300713693136;5;9;16;0;2020;5;20;4;3;5;3;0;1;0;0;0;0;0;371457,574500000100000;5708699,287499999600000;7,147472070000049;51,514775422000071;0
207671;5200526601400486430;5;3;15;0;2020;5;13;3;3;1;5;0;1;0;0;0;1;0;357939,229500000370000;5648339,404100000900000;6,976721718000022;50,969116952000036;0
207673;5200525601620779203;5;3;15;0;2020;5;15;2;3;0;7;0;1;0;0;0;0;0;363920,356200000270000;5638507,101399999100000;7,065523486000075;50,882193482000048;0
207684;5200527600130022852;5;3;82;8;2020;5;15;4;3;1;2;0;1;1;0;0;0;0;374571,850499999710000;5610279,082000000400000;7,226479511000036;50,630875386000071;0
207685;5200525601600586367;5;3;15;0;2020;5;13;2;3;4;5;0;1;1;0;0;0;0;359424,439600000160000;5644626,014000000400000;6,999294614000064;50,936108792000027;0
207686;5200526501320485937;5;1;12;0;2020;5;19;3;3;3;6;0;1;0;0;0;0;0;338852,513899999670000;5691660,994300000400000;6,685698381000066;51,353337385000032;0
207690;5200526609224206097;5;3;58;24;2020;5;16;3;3;0;5;0;1;1;0;0;0;0;314799,246899999680000;5643462,962500000400000;6,365400232000070;50,913059977000046;0
207691;5200525601420838202;5;3;15;0;2020;5;15;2;3;5;2;0;1;1;0;0;0;0;357890,849899999800000;5648125,763699999100000;6,976116608000041;50,967185046000054;0
207692;5200527608416460209;5;3;34;16;2020;5;13;4;3;4;6;0;1;0;0;0;0;1;295580,754800000230000;5639411,478900000500000;6,094629667000049;50,870188090000056;0
207693;5200525600380928202;5;3;14;0;2020;5;18;2;2;0;1;0;1;0;0;0;0;0;367924,923000000420000;5620245,259999999800000;7,128986737000048;50,718985490000080;0
207694;5200527515000458072;5;1;54;40;2020;5;7;4;3;5;3;0;1;1;0;0;0;0;293771,836500000210000;5742221,715700000500000;6,009440949000066;51,792779009000071;0
207698;5200528514213578946;5;1;66;8;2020;5;12;5;3;0;1;0;1;0;0;0;0;0;314884,510800000280000;5690604,960100000700000;6,342405643000063;51,336550403000047;0
207699;5200528410110355610;5;7;70;24;2020;5;17;5;3;5;2;0;1;1;0;0;0;0;493690,188500000160000;5793004,344900000800000;8,907494457000041;52,287362896000047;0
207700;5200525518400660516;5;1;70;8;2020;5;13;2;3;4;6;0;1;0;0;0;0;0;343703,916600000110000;5714920,180400000900000;6,745033224000054;51,563672885000074;0
207703;5200528518100256164;5;1;70;48;2020;5;15;5;3;3;6;0;1;1;0;0;0;0;335666,203400000000000;5725713,753599999500000;6,624113746000035;51,658356006000076;0
207705;5200526608200238204;5;3;34;2;2020;5;18;3;3;4;2;0;1;1;0;0;0;0;295840,535600000060000;5627163,944100000000000;6,105130450000047;50,760281453000061;0
207706;5200527602700585847;5;3;62;28;2020;5;16;4;3;1;5;0;1;1;0;0;0;0;349653,225200000220000;5637290,342800000700000;6,863349110000058;50,867723112000078;0
207713;5200527601200762761;5;3;15;0;2020;5;11;4;2;0;1;0;1;0;0;0;0;0;354205,579300000330000;5643377,361300000900000;6,925569060000044;50,923591771000076;0
207714;5200525516400104208;5;1;58;24;2020;5;17;2;2;0;1;0;1;0;0;0;0;0;357093,421000000090000;5679739,239000000100000;6,952246196000033;51,251086008000073;0
207715;5200526607100574786;5;3;82;40;2020;5;6;3;3;8;7;0;1;0;0;0;0;0;380471,952399999830000;5634768,274000000200000;7,301920659000075;50,852247550000072;0
207716;5200527601420926647;5;3;15;0;2020;5;7;4;3;3;6;0;1;0;0;0;0;0;355046,855700000190000;5648409,765399999900000;6,935527811000043;50,969028684000079;0
207717;5200525516330126208;5;1;58;28;2020;5;17;2;2;5;6;0;1;0;0;0;0;0;348309,561099999580000;5685096,242799999200000;6,824200461000032;51,296953209000037;0
207718;5200527502307371203;5;1;13;0;2020;5;19;4;3;8;7;0;1;0;0;0;0;0;359881,150999999610000;5702357,643999999400000;6,983258094000064;51,455035885000029;0
207719;5200525516000575296;5;1;58;36;2020;5;14;2;2;0;1;0;1;0;0;0;0;0;366454,600999999790000;5683211,452999999700000;7,085005432000060;51,284560095000074;0
207721;5200526516800361201;5;1;58;20;2020;5;16;3;2;1;3;0;1;0;0;0;0;0;356373,273000000040000;5664243,646400000900000;6,948127913000064;51,111655021000047;0
207722;5200528300110250204;5;9;11;0;2020;5;12;5;3;5;2;0;1;1;0;0;0;0;377525,359899999570000;5704941,558399999500000;7,236178539000036;51,482351047000066;0
207723;5200527600130450538;5;3;82;8;2020;5;13;4;3;5;3;0;1;1;0;0;0;0;374791,643799999730000;5612709,650699999200000;7,228764430000069;50,652770426000075;0
207724;5200525515210085913;5;1;54;20;2020;5;18;2;3;5;3;0;1;1;0;0;0;0;321852,416400000450000;5707862,058399999500000;6,433659325000065;51,493794342000058;0
207726;5200527405112874526;5;7;54;12;2020;5;16;4;2;5;3;0;1;1;0;0;0;0;457429,403099999760000;5765443,112600000600000;8,379366096000069;52,037969733000068;0
207727;5200528601220727206;5;3;15;0;2020;5;7;5;2;5;2;0;1;0;0;0;1;0;360079,068699999710000;5636801,113199999600000;7,011604056000067;50,865943853000033;0
207728;5200528502214768209;5;1;13;0;2020;5;13;5;3;0;1;0;1;0;0;0;0;0;362759,147099999710000;5698279,024800000700000;7,026235491000023;51,419088428000066;0
207729;5200526500300725206;5;1;11;0;2020;5;14;3;3;5;2;0;1;1;0;0;0;0;349935,204699999650000;5672089,196000000500000;6,852950487000044;51,180505334000031;0
207730;5200527500200573993;5;1;11;0;2020;5;17;4;3;3;2;0;1;1;0;0;0;0;341813,864000000060000;5680964,266000000800000;6,732933980000041;51,258059744000036;0
207731;5200526706100766202;5;5;58;16;2020;5;16;3;3;4;2;0;1;0;0;0;0;0;381159,890499999750000;5743571,838800000000000;7,275364036000042;51,830313760000081;0
207732;5200527705000169813;5;5;54;8;2020;5;18;4;2;5;2;0;1;1;0;0;0;0;334271,907300000080000;5746285,265699999400000;6,594170566000059;51,842749630000071;0
207733;5200527518400744428;5;1;70;8;2020;5;13;4;3;0;7;0;1;0;1;0;0;0;341490,137699999850000;5714971,481200000300000;6,713097915000049;51,563515970000026;0
207736;5200527316300475448;5;9;74;16;2020;5;16;4;3;0;1;0;1;0;0;0;0;0;454309,944899999540000;5720382,282999999800000;8,339841912000054;51,632597133000047;0
207737;5200528600380559209;5;3;14;0;2020;5;16;5;3;3;6;0;1;1;0;0;0;0;371817,429800000040000;5613341,054199999200000;7,186493905000020;50,657798904000060;0
207738;5200528500200032209;5;1;11;0;2020;5;11;5;3;5;2;0;1;1;0;0;0;0;346173,533400000070000;5683436,941800000100000;6,794300899000064;51,281470676000026;0
207741;5200525514215885946;5;1;66;28;2020;5;12;2;3;5;3;0;1;1;0;0;0;0;325722,205199999730000;5688528,744000000900000;6,498847393000062;51,321324130000050;0
207746;5200527516310747201;5;1;58;28;2020;5;23;4;2;0;1;2;1;0;0;0;0;0;351773,549499999730000;5685435,300499999900000;6,873708850000071;51,300912283000059;0
207747;5200525513210471931;5;1;62;24;2020;5;15;2;3;3;2;0;1;0;0;0;0;1;337874,248499999750000;5676461,575699999900000;6,678560023000046;51,216497651000054;0
207748;5200527313110173345;5;9;58;4;2020;5;10;4;3;0;7;0;1;0;0;0;0;0;429964,991200000050000;5698267,217800000700000;7,992538290000027;51,431272338000042;0
207750;5200528516500884200;5;1;58;16;2020;5;10;5;3;0;7;0;1;0;1;0;1;0;355385,537800000050000;5672356,003000000500000;6,930768109000042;51,184307609000030;1
207751;5200528411236372196;5;7;74;36;2020;5;16;5;3;0;1;0;1;0;0;0;0;0;470767,663200000300000;5724831,529100000900000;8,577252254000030;51,673697452000056;0
207752;5200526608100973204;5;3;34;2;2020;5;8;3;2;3;6;0;1;0;0;0;0;1;294525,960400000210000;5628562,911000000300000;6,085735027000055;50,772381989000053;0
207753;5200527601510556206;5;3;15;0;2020;5;19;4;3;5;3;0;1;1;0;0;0;0;362950,282100000420000;5649417,348799999800000;7,047639416000038;50,980018871000027;0
207754;5200525513130031207;5;1;62;22;2020;5;13;2;3;5;3;0;1;1;0;0;0;0;334202,791299999690000;5682349,263100000100000;6,623311185000034;51,268340737000074;0
207758;5200527514113924203;5;1;66;32;2020;5;8;4;3;0;3;0;1;1;0;0;0;0;316783,999499999920000;5684258,006400000300000;6,372904126000037;51,280153788000064;0
207762;5200528405108887104;5;7;54;8;2020;5;17;5;2;5;2;0;1;1;0;0;0;0;457895,932300000450000;5750672,067399999100000;8,387979071000075;51,905206466000038;0
207763;5200526606100869902;5;3;78;4;2020;5;15;3;3;2;6;0;1;1;0;0;0;0;366640,367999999780000;5650106,308000000200000;7,099922865000053;50,987077455000076;0
207764;5200527601410506201;5;3;15;0;2020;5;16;4;3;5;2;0;1;1;0;0;0;0;354977,157899999990000;5651193,478499999300000;6,933425107000062;50,994027472000028;0
207767;5200525500300010206;5;1;11;0;2020;5;16;2;3;5;3;0;1;1;0;0;0;0;350417,923799999990000;5675558,276399999900000;6,858406458000047;51,211804690000065;0
207770;5200528302120077939;5;9;14;0;2020;5;17;5;3;0;7;0;1;0;1;0;0;0;390148,984699999910000;5690123,202099999400000;7,422491807000029;51,351750095000057;0