OBJECTID;UIDENTSTLAE;ULAND;UREGBEZ;UKREIS;UGEMEINDE;UJAHR;UMONAT;USTUNDE;UWOCHENTAG;UKATEGORIE;UART;UTYP1;ULICHTVERH;IstRad;IstPKW;IstFuss;IstKrad;IstGkfz;IstSonstige;LINREFX;LINREFY;XGCSWGS84;YGCSWGS84;STRZUSTAND
207771;5200526601400786430;5;3;15;0;2020;5;9;3;3;5;3;0;1;1;0;0;0;0;354488,394899999720000;5648983,863299999400000;6,927349864000064;50,974047100000064;0
207780;5200527518200078645;5;1;70;24;2020;5;12;4;2;5;3;0;1;1;0;0;0;0;337916,742300000040000;5703126,888399999600000;6,667032736000067;51,456085776000066;0
207781;5200525405112787174;5;7;54;12;2020;5;13;2;3;5;2;0;1;0;0;0;0;0;455988,472599999980000;5767475,966800000500000;8,358098464000022;52,056133236000051;0
207783;5200531516300567191;5;1;58;28;2020;5;10;1;2;0;1;0;1;0;0;0;0;0;351628,433500000280000;5686214,389599999400000;6,871304742000064;51,307875233000061;0
207784;5200529500100286764;5;1;11;0;2020;5;16;6;2;4;2;0;1;1;0;0;0;0;344999,267799999560000;5676968,999600000700000;6,780278128000020;51,223035682000045;0
207786;5200531515210585933;5;1;54;52;2020;5;15;1;2;7;1;0;1;0;0;0;0;0;311060,127999999560000;5702615,881999999300000;6,281175929000028;51,443172120000042;0
207791;5200601513310181414;5;1;62;8;2020;6;11;2;3;5;3;0;1;1;0;0;0;0;331665,838000000450000;5661247,529999999300000;6,596858790000056;51,078013171000066;0
207802;5200531411220210204;5;7;74;20;2020;5;14;1;2;9;1;0;1;0;0;0;0;0;462731,782700000330000;5734294,753200000200000;8,460032778000027;51,758305566000047;0
207803;5200601505200541201;5;1;14;0;2020;6;12;2;3;1;6;0;1;1;0;0;0;0;329065,896399999970000;5689296,693800000500000;6,546418450000033;51,329237690000070;0
207806;5200529405108786990;5;7;54;8;2020;5;12;6;3;5;3;0;1;1;0;0;0;0;458458,457899999800000;5749679,619300000400000;8,396275018000040;51,896325983000054;0
207807;5200531404000087041;5;7;66;20;2020;5;12;1;3;0;6;0;1;1;0;0;0;0;488642,110600000250000;5752581,542899999800000;8,834835049000049;51,923850074000029;0
207809;5200531310110885312;5;9;54;16;2020;5;17;1;2;0;1;0;1;0;0;0;0;0;371098,821100000290000;5694906,832100000200000;7,147330457000066;51,390739740000072;0
207813;5200531609116105715;5;3;58;16;2020;5;7;1;3;9;1;0;1;0;0;0;0;0;318076,229000000280000;5623568,115199999900000;6,421834735000061;50,735374264000029;0
207821;5200531300420755209;5;9;16;0;2020;5;5;1;3;0;1;0;1;0;0;0;0;0;373821,227300000380000;5709534,937899999300000;7,181218726000054;51,522818418000043;0
207822;5200531300310803208;5;9;11;0;2020;5;17;1;3;0;5;0;1;1;0;0;0;0;376711,640100000430000;5697796,912599999500000;7,226955442000076;51,417961828000045;0
207823;5200531300310787200;5;9;11;0;2020;5;14;1;3;6;6;0;1;0;1;0;0;0;380976,760999999940000;5703820,059000000400000;7,286237604000064;51,473008169000082;0
207824;5200601307000839783;5;9;62;60;2020;6;14;2;2;8;1;0;1;0;0;0;0;0;413701,984400000420000;5679154,842800000700000;7,763280047000023;51,257211059000042;0
207825;5200529314210547073;5;9;66;4;2020;5;18;6;2;0;1;0;1;0;0;0;0;0;422391,809999999590000;5664082,294999999900000;7,891043238000066;51,122950320000029;0
207826;5200531609108385784;5;3;58;8;2020;5;10;1;3;1;5;0;1;1;0;0;0;1;323584,098899999630000;5630658,577899999900000;6,496410095000044;50,800775925000039;0
207829;5200530709100838292;5;5;66;12;2020;5;9;7;3;5;3;0;1;0;0;0;0;0;405201,774799999780000;5772801,048200000100000;7,616073489000030;52,097635416000060;0
207830;5200529307000485278;5;9;62;16;2020;5;20;6;3;8;1;0;1;0;0;0;0;0;412503,141900000160000;5695433,744200000500000;7,742105612000046;51,403372842000067;0
207831;5200530706200803122;5;5;58;12;2020;5;11;7;3;0;7;0;1;1;0;0;0;0;373903,640499999750000;5757005,864600000900000;7,165204852000045;51,949448219000033;0
207832;5200601514118585967;5;1;66;16;2020;6;8;2;2;0;7;0;1;0;0;0;0;0;309621,751600000080000;5687017,108699999700000;6,268858049000073;51,302587529000050;0
207833;5200530705000520854;5;5;54;20;2020;5;23;7;3;8;1;2;1;0;0;0;0;0;366429,532700000330000;5786172,785000000100000;7,045097023000039;52,209786935000068;0
207834;5200530705000070633;5;5;54;8;2020;5;11;7;3;2;2;0;1;1;0;0;0;0;336762,998700000350000;5748113,997999999700000;6,629435938000029;51,859911778000026;0
207835;5200530702100062595;5;5;15;0;2020;5;11;7;3;0;6;0;1;0;0;0;0;0;404889,768000000160000;5757235,598899999600000;7,615846972000043;51,957675222000034;0
207836;5200529307000180550;5;9;62;24;2020;5;8;6;2;0;1;0;1;0;0;0;0;0;409518,375000000000000;5691933,202999999700000;7,700098989000026;51,371436107000079;0
207837;5200531608100184204;5;3;34;2;2020;5;4;1;3;8;1;2;1;0;0;0;0;0;293635,985899999740000;5627329,106399999900000;6,073821824000049;50,760985154000082;0
207838;5200530701700833204;5;5;62;16;2020;5;18;7;3;1;7;0;1;1;0;0;0;0;378708,172199999910000;5734155,696100000300000;7,243093706000025;51,745163494000053;0
207840;5200530700200187202;5;5;13;0;2020;5;11;7;2;5;3;0;1;1;0;0;0;0;362621,231999999840000;5711370,424000000600000;7,019161986000029;51,536699536000071;0
207843;5200601513210673902;5;1;62;24;2020;6;19;2;2;3;6;0;1;0;0;0;0;0;339834,377199999990000;5677052,632700000000000;6,706338351000056;51,222361445000047;0
207844;5200529301404838202;5;9;13;0;2020;5;17;6;2;0;6;0;1;0;1;0;0;0;395426,858400000260000;5706001,508800000000000;7,493569378000075;51,495471999000074;0
207845;5200530610211350666;5;3;70;4;2020;5;17;7;2;0;1;0;1;0;0;0;0;0;304333,582700000140000;5665050,967299999700000;6,205065176000062;51,103507231000037;0
207850;5200530608320103207;5;3;34;20;2020;5;14;7;3;7;7;0;1;0;0;0;0;0;303838,918999999760000;5604260,576700000100000;6,230533085000047;50,557311301000027;0
207854;5200530603116942206;5;3;66;16;2020;5;13;7;3;0;1;0;1;0;0;0;0;0;345011,794099999590000;5615246,790200000600000;6,806724658000064;50,668408818000046;0
207857;5200530602500585826;5;3;62;24;2020;5;14;7;3;0;7;0;1;0;0;0;0;0;346909,290699999780000;5642252,753900000800000;6,822304290000034;50,911596098000075;0
207858;5200529300600877624;5;9;16;0;2020;5;13;6;3;5;3;0;1;1;0;0;0;0;376773,874099999670000;5709658,534199999600000;7,223713625000073;51,524581174000048;0
207860;5200530601600186568;5;3;15;0;2020;5;18;7;3;0;1;0;1;0;0;0;0;0;359355,000000000000000;5643115,714099999500000;6,998889680000048;50,922518617000037;0
207863;5200530601110135202;5;3;15;0;2020;5;0;7;3;1;5;2;1;1;0;0;0;0;356166,150899999770000;5646257,751599999100000;6,952308833000075;50,949969520000082;0
207864;5200530600330785200;5;3;82;48;2020;5;9;7;2;5;3;0;1;1;0;0;0;0;354560,095499999820000;5610435,245600000000000;6,943638262000036;50,627630005000071;0
207865;5200530600310797209;5;3;14;0;2020;5;13;7;3;2;6;0;1;1;0;0;0;0;362914,908300000240000;5620309,092700000900000;7,058032413000035;50,718398996000076;0
207867;5200529300410603204;5;9;16;0;2020;5;21;6;3;5;3;1;1;1;0;0;0;0;376358,653400000180000;5712131,213800000000000;7,216863005000050;51,546713175000036;0
207870;5200530518100786202;5;1;70;48;2020;5;11;7;3;5;3;0;1;1;0;0;0;0;334823,130099999720000;5725533,235899999700000;6,612021518000063;51,656487189000075;0
207871;5200530516500167204;5;1;58;16;2020;5;11;7;2;0;5;0;1;1;0;0;0;0;355043,707700000140000;5672000,369899999400000;6,926023905000022;51,181025197000054;0
207872;5200530516370212206;5;1;58;28;2020;5;14;7;2;0;1;0;1;0;0;0;0;0;352842,683199999850000;5692696,930400000900000;6,886034185000028;51,366441696000038;0
207873;5200528709700069191;5;5;66;28;2020;5;19;5;2;0;1;0;1;0;0;0;0;0;412647,440999999640000;5792562,074899999400000;7,719647272000032;52,276481743000033;0
207876;5200601315260773860;5;9;70;32;2020;6;7;2;3;0;1;0;1;0;0;0;0;0;439753,164200000460000;5636961,752200000000000;8,143590058000029;50,881185581000068;0
207877;5200528709300872411;5;5;66;84;2020;5;17;5;3;0;3;0;1;0;0;0;0;0;386193,699699999760000;5778925,260500000800000;7,336648698000033;52,149090565000051;0
207878;5200531606110081799;5;3;78;4;2020;5;14;1;3;2;6;0;1;0;0;0;0;0;366212,171099999920000;5653192,643999999400000;7,092688257000020;51,014716585000031;0
207880;5200530514210485971;5;1;66;12;2020;5;17;7;3;5;3;0;1;1;0;0;0;0;320981,016699999570000;5693739,480000000400000;6,428256506000025;51,366659607000031;0
207881;5200601300600661865;5;9;16;0;2020;6;13;2;2;0;1;0;1;0;0;0;0;0;376362,640999999830000;5713500,562100000700000;7,216439115000071;51,559020774000032;0
207885;5200531605140686629;5;3;74;40;2020;5;13;1;3;0;7;0;1;0;0;0;0;0;408399,356499999760000;5648160,221500000000000;7,695183091000047;50,977742990000081;0
207886;5200530513320181392;5;1;62;4;2020;5;9;7;3;3;2;0;1;1;0;0;0;0;344710,961099999960000;5665735,019600000200000;6,781005115000028;51,122014753000030;0
207887;5200531711112469112;5;5;70;52;2020;5;15;1;3;5;3;0;1;1;0;0;0;0;430337,691999999810000;5755188,677999999400000;7,986535146000051;51,943044913000051;0
207888;5200530513310970200;5;1;62;8;2020;5;19;7;3;5;2;0;1;1;0;0;0;0;329986,745699999850000;5657766,243899999200000;6,574546788000021;51,046241120000047;0
207890;5200530506100897863;5;1;16;0;2020;5;12;7;2;5;2;0;1;1;0;0;0;0;320516,577999999750000;5667656,785700000800000;6,434669989000042;51,132210947000033;0
207891;5200531709500143201;5;5;66;60;2020;5;21;1;3;4;6;0;1;1;0;0;0;0;390488,506000000050000;5786237,292600000300000;7,397031373000061;52,215673314000071;0
207893;5200530506100286217;5;1;16;0;2020;5;9;7;3;0;1;0;1;0;0;0;0;0;319200,904299999590000;5675000,408099999700000;6,412194476000025;51,197765484000058;0
207894;5200528709000352883;5;5;66;48;2020;5;14;5;3;5;3;0;1;0;0;1;0;0;430379,981499999760000;5795725,965900000200000;7,978854183000067;52,307454028000052;0
207895;5200530505100508200;5;1;14;0;2020;5;17;7;3;1;5;0;1;1;0;0;0;0;330137,165300000460000;5688865,559699999200000;6,561985922000076;51,325685409000073;0
207901;5200531705000638824;5;5;54;44;2020;5;13;1;3;5;3;0;1;1;0;0;0;0;368784,953800000250000;5740987,649000000200000;7,096856869000021;51,804321960000038;0
207903;5200530502407200204;5;1;17;0;2020;5;13;7;3;0;7;0;1;0;0;0;0;0;348065,333800000140000;5694218,582399999700000;6,816808066000021;51,378856470000073;0
207904;5200530502339215200;5;1;13;0;2020;5;17;7;3;0;7;0;1;0;0;0;0;0;365895,969600000420000;5706216,129599999600000;7,068311385000072;51,491167478000079;0
207907;5200530502228231206;5;1;13;0;2020;5;20;7;2;0;7;0;1;0;0;0;0;0;358243,846900000240000;5698432,360300000800000;6,961279694000041;51,419355222000036;0
207908;5200530502226173543;5;1;13;0;2020;5;15;7;2;8;7;0;1;0;0;0;0;0;360443,377999999560000;5697197,432000000000000;6,993378166000071;51,408803500000033;0
207909;5200601506100185961;5;1;16;0;2020;6;18;2;3;3;6;0;1;0;0;0;0;0;319011,377199999990000;5674802,278200000500000;6,409584592000044;51,195925685000077;0
207910;5200528705000187346;5;5;54;40;2020;5;14;5;3;2;1;0;1;0;0;0;0;0;350241,320700000040000;5737170,437400000200000;6,829742601000021;51,765366300000039;0
207911;5200530502214373547;5;1;13;0;2020;5;11;7;2;6;7;0;1;0;1;0;0;0;362100,650000000370000;5699150,096000000800000;7,016432259000055;51,426756466000029;0
207912;5200528705000087235;5;5;54;8;2020;5;12;5;3;5;3;0;1;1;0;0;0;0;337204,251400000420000;5745580,674399999900000;6,637030740000057;51,837282470000048;0
207917;5200530411132697194;5;7;74;32;2020;5;14;7;3;5;2;0;1;0;0;0;0;0;479125,281700000170000;5725940,183299999700000;8,698048725000035;51,684038515000054;0
207918;5200601405228676094;5;7;54;28;2020;6;17;2;3;8;1;0;1;0;0;0;0;0;453686,710400000210000;5744000,208900000900000;8,327693731000068;51,844888878000063;0
207919;5200528702100736206;5;5;15;0;2020;5;17;5;3;5;2;0;1;1;0;0;0;0;404403,814899999650000;5755372,511800000400000;7,609295252000038;51,940845747000026;0
207921;5200530411108037585;5;7;74;8;2020;5;12;7;3;8;1;0;1;0;0;0;0;0;485077,604399999600000;5738235,620300000500000;8,783620453000026;51,794780163000041;0
207922;5200528702100353125;5;5;15;0;2020;5;17;5;3;0;1;0;1;1;0;0;0;0;405115,634100000370000;5755200,295199999600000;7,619694843000048;51,939419635000036;0
207924;5200528701610585436;5;5;62;12;2020;5;16;5;3;5;3;0;1;1;0;0;0;0;360415,441300000060000;5726370,873800000200000;6,981407531000059;51,670952470000032;0
207925;5200530404301987176;5;7;66;8;2020;5;3;7;3;8;1;2;1;0;0;0;0;0;482996,679399999790000;5770206,341800000500000;8,751865920000057;52,082168542000034;0
207926;5200530316300487414;5;9;74;28;2020;5;11;7;2;4;2;0;1;1;0;0;0;0;454543,175800000320000;5725160,466700000700000;8,342590293000058;51,675576193000040;0
207930;5200528701200585484;5;5;62;20;2020;5;10;5;3;5;5;0;1;1;0;0;0;0;370414,278800000440000;5718861,560000000500000;7,128699090000055;51,605863840000040;0
207932;5200530307000575686;5;9;62;36;2020;5;16;7;3;0;5;0;1;1;0;0;0;0;406356,121500000360000;5663137,788599999600000;7,662212998000030;51,112062409000032;0
207934;5200530307000476111;5;9;62;24;2020;5;19;7;2;0;1;0;1;0;0;0;0;0;407173,456799999810000;5692356,409700000700000;7,666309933000036;51,374862000000064;0
207935;5200530307000086235;5;9;62;24;2020;5;19;7;3;1;5;0;1;1;0;0;0;0;408185,232400000100000;5698007,147299999400000;7,679380195000022;51,425823798000067;0
207936;5200531702100472433;5;5;15;0;2020;5;2;1;3;3;6;2;1;0;0;0;0;0;403027,151999999770000;5758700,009400000800000;7,588335338000036;51,970516051000061;0
207937;5200530301503978208;5;9;13;0;2020;5;13;7;3;1;2;0;1;1;0;0;0;0;383588,113599999810000;5708939,528100000700000;7,322130799000036;51,519564670000079;0
207941;5200528700200775758;5;5;13;0;2020;5;15;5;3;5;2;0;1;1;0;0;0;0;364497,316999999810000;5713453,453999999900000;7,045393646000036;51,555871969000066;0
207942;5200531601210543203;5;3;15;0;2020;5;11;1;3;0;1;0;1;0;0;0;0;0;357847,102699999700000;5641349,092299999700000;6,978137698000069;50,906272398000056;0
207943;5200529711213774480;5;5;70;4;2020;5;16;6;3;5;3;0;1;1;0;0;0;0;424569,701600000260000;5735055,278400000200000;7,907030619000068;51,761302720000060;0
207944;5200529709800870347;5;5;66;40;2020;5;7;6;3;4;1;0;1;0;0;0;0;0;422182,787899999880000;5781850,028000000900000;7,861843147000059;52,181625504000067;0
207945;5200529709700069191;5;5;66;28;2020;5;18;6;2;0;1;0;1;0;0;0;0;0;417668,509999999780000;5790184,132999999400000;7,793804606000037;52,255882403000044;0
207946;5200528610222685763;5;3;70;36;2020;5;17;5;3;5;2;0;1;1;0;0;0;0;300501,873999999840000;5666659,176000000900000;6,149515076000057;51,116630492000070;0
207947;5200529709500328400;5;5;66;76;2020;5;23;6;3;1;5;2;1;1;0;0;0;0;394025,744199999610000;5794732,074699999800000;7,446120453000049;52,292709904000048;0
207951;5200528610121497206;5;3;70;12;2020;5;10;5;3;5;3;0;1;1;0;0;0;0;297760,060499999670000;5650469,089999999900000;6,119431308000060;50,970265975000075;0
207952;5200529706200827953;5;5;58;12;2020;5;15;6;3;5;3;0;1;1;0;0;0;0;373096,291000000200000;5756777,409000000000000;7,153548233000038;51,947211630000027;0
207953;5200531701700943207;5;5;62;16;2020;5;19;1;3;1;3;0;1;1;0;0;0;0;375109,875000000000000;5733969,040999999300000;7,191067169000064;51,742695583000057;0
207956;5200529701700635208;5;5;62;16;2020;5;13;6;3;3;2;0;1;1;0;0;0;0;374876,140200000260000;5733045,754200000300000;7,188015542000073;51,734345993000034;0
207958;5200529701110668208;5;5;62;32;2020;5;14;6;3;5;3;0;1;1;0;0;0;0;375135,553299999800000;5717262,492100000400000;7,197409517000040;51,592559536000067;0
207961;5200601505100072123;5;1;14;0;2020;6;11;2;3;0;1;0;1;0;0;0;0;0;339387,937699999660000;5689502,677899999500000;6,694354840000074;51,334097195000027;0
207963;5200529700000615749;5;5;13;0;2020;5;17;6;3;2;2;0;1;0;0;0;0;0;367724,965499999930000;5706580,431500000900000;7,094504668000070;51,494872208000061;0
207966;5200529610112785808;5;3;70;8;2020;5;11;6;3;0;1;0;1;0;0;0;0;0;289308,187400000170000;5652632,259800000100000;5,997968187000026;50,986662775000070;0
207967;5200529608328045207;5;3;34;28;2020;5;21;6;2;0;1;1;1;0;0;0;0;0;309150,172799999830000;5606766,641699999600000;6,304144248000057;50,581582037000032;0
207970;5200528607121178252;5;3;82;68;2020;5;17;5;3;5;3;0;1;1;0;0;0;0;371706,090599999760000;5630900,807000000000000;7,178806837000025;50,815608049000048;0
207973;5200601500300774205;5;1;11;0;2020;6;15;2;2;5;2;0;1;0;0;0;0;1;344905,310300000010000;5675049,783199999500000;6,779763613000057;51,205765219000057;0
207975;5200529607200816202;5;3;82;20;2020;5;14;6;3;9;5;0;1;1;0;0;0;0;378408,011699999680000;5625814,024299999700000;7,275580193000053;50,771330200000079;0
207976;5200528603228860208;5;3;66;28;2020;5;16;5;3;0;6;0;1;1;0;0;0;0;331765,159099999820000;5606043,826600000300000;6,623607693000054;50,582040384000038;0
207979;5200529603116478300;5;3;66;16;2020;5;13;6;3;5;3;0;1;1;0;0;0;0;344113,490000000220000;5614579,236999999700000;6,794303753000065;50,662170123000067;0
207983;5200531601110640208;5;3;15;0;2020;5;20;1;3;6;6;1;1;0;1;0;0;0;355373,472400000320000;5644982,411900000600000;6,941538034000075;50,938309983000067;0
207986;5200531601110421201;5;3;15;0;2020;5;0;1;3;0;1;2;1;0;0;0;0;0;354825,664300000300000;5644986,207000000400000;6,933745008000074;50,938206436000030;0
207988;5200529601700486529;5;3;16;0;2020;5;18;6;3;2;1;0;1;1;0;0;0;0;359927,838299999940000;5659340,681600000700000;7,000776733000066;51,068472481000072;0
207989;5200529601700087651;5;3;16;0;2020;5;12;6;3;5;2;0;1;1;0;0;0;0;359622,654900000430000;5658771,129599999600000;6,996644800000070;51,063279421000061;0
207991;5200528602800000200;5;3;62;12;2020;5;11;5;3;4;6;0;1;0;0;0;0;0;351579,095200000330000;5634111,931600000700000;6,891987156000027;50,839657563000060;0
207992;5200531600310961206;5;3;14;0;2020;5;18;1;3;5;3;0;1;0;0;0;0;0;361196,406100000250000;5619516,485300000800000;7,034001186000069;50,710867415000052;0
207993;5200529601520996202;5;3;15;0;2020;5;18;6;3;1;5;0;1;1;0;0;0;0;357766,456000000240000;5644752,146700000400000;6,975664212000027;50,936835809000058;0
207994;5200529601300881661;5;3;15;0;2020;5;9;6;3;5;3;0;1;1;0;0;0;0;354420,125300000420000;5645419,739399999400000;6,927803795000045;50,942000226000062;0
207995;5200529601210743205;5;3;15;0;2020;5;11;6;3;0;7;0;1;0;0;0;0;0;353346,372600000350000;5641647,399700000900000;6,914047921000076;50,907827430000054;0
207996;5200529601200549814;5;3;15;0;2020;5;11;6;3;0;7;0;1;0;0;0;0;0;353786,032499999740000;5642237,703900000100000;6,920060574000047;50,913243848000036;0
207997;5200601513110054203;5;1;62;16;2020;6;18;2;1;5;3;0;1;1;0;0;0;0;331230,963299999940000;5675774,034700000700000;6,583848810000063;51,208395895000081;0
207998;5200528602500106206;5;3;62;24;2020;5;19;5;3;3;3;0;1;1;0;0;0;0;344163,514200000090000;5644906,967900000500000;6,782142750000048;50,934711775000039;0
207999;5200529601200286613;5;3;15;0;2020;5;11;6;3;0;7;0;1;0;0;0;0;0;353755,362399999980000;5642188,871600000200000;6,919644161000065;50,912797236000074;0
208002;5200601514110682333;5;1;66;32;2020;6;10;2;3;5;3;0;1;1;0;0;0;0;318864,977800000460000;5681247,432700000700000;6,404234736000035;51,253775658000052;0
208004;5200529600110728201;5;3;14;0;2020;5;17;6;3;5;3;0;1;1;0;0;0;0;362501,497600000350000;5623398,440899999800000;7,051027317000035;50,746067498000059;0
208005;5200528601700264206;5;3;16;0;2020;5;17;5;3;5;3;0;1;1;0;0;0;0;359785,923499999570000;5657683,233799999600000;6,999394862000031;51,053542485000037;0
208007;5200529515210174010;5;1;54;60;2020;5;12;6;2;0;1;0;1;0;0;0;0;0;312967,758200000040000;5699232,249600000700000;6,310380012000053;51,413413682000055;0
208010;5200529513210224204;5;1;62;24;2020;5;22;6;3;4;6;1;1;1;0;0;0;1;336939,475499999710000;5670470,964299999200000;6,667906764000065;51,162407374000054;0
208011;5200601502317353208;5;1;13;0;2020;6;11;2;3;0;7;0;1;0;0;0;0;0;354171,348500000310000;5704344,128799999100000;6,900315236000040;51,471444066000061;0
208012;5200528601700120204;5;3;16;0;2020;5;11;5;2;1;5;0;1;1;0;0;0;0;360000,000000000000000;5659015,302999999400000;7,001931961000025;51,065565934000062;0
208013;5200529513110891209;5;1;62;16;2020;5;16;6;3;8;1;0;1;0;0;0;0;0;334448,308000000190000;5676469,802400000400000;6,629545555000050;51,215588590000038;0
208014;5200528601700104208;5;3;16;0;2020;5;14;5;3;5;3;0;1;1;0;0;0;0;360607,550599999730000;5658881,512399999400000;7,010648821000075;51,064511411000069;0
208019;5200529502401072205;5;1;17;0;2020;5;8;6;2;5;3;0;1;1;0;0;0;0;353334,337399999610000;5699756,523700000700000;6,890174192000075;51,430004903000054;0
208022;5200601411220082046;5;7;74;20;2020;6;11;2;2;0;1;0;1;0;0;0;0;0;463577,152999999930000;5733772,565999999600000;8,472335232000035;51,753666229000032;0
208024;5200529501212486016;5;1;12;0;2020;5;14;6;3;2;2;0;1;1;0;0;0;0;341140,607400000100000;5698472,932700000700000;6,715483551000034;51,415185310000027;0
208025;5200528601420214201;5;3;15;0;2020;5;14;5;3;1;5;0;1;1;0;0;0;0;356097,936800000260000;5648051,114499999200000;6,950629274000050;50,966069105000031;0
208027;5200529500300575200;5;1;11;0;2020;5;22;6;3;0;1;2;1;0;0;0;0;0;343749,620099999940000;5675645,788400000000000;6,762973398000042;51,210805562000075;0
208028;5200529500300486787;5;1;11;0;2020;5;23;6;3;0;1;2;1;0;0;0;0;0;343781,787600000390000;5675761,362900000100000;6,763383230000045;51,211852835000059;0
208029;5200529500300329207;5;1;11;0;2020;5;11;6;3;5;2;0;1;1;0;0;0;0;349348,500000000000000;5672973,700699999900000;6,844191675000047;51,188299059000030;0
208030;5200529500300313202;5;1;11;0;2020;5;10;6;3;0;1;0;1;0;0;0;0;0;343797,598000000230000;5675787,878000000500000;6,763597860000061;51,212095406000060;0
208031;5200601313240824647;5;9;58;40;2020;6;12;2;3;1;7;0;1;1;0;0;0;0;450438,974899999800000;5667661,936699999500000;8,291279210000027;51,158250546000033;0
208032;5200528601410260200;5;3;15;0;2020;5;16;5;3;0;1;0;1;0;0;0;0;0;356534,397900000210000;5651364,128100000300000;6,955533163000041;50,995951365000053;0
208033;5200531600110947208;5;3;14;0;2020;5;17;1;3;0;1;0;1;0;0;0;0;0;366899,007199999880000;5620314,541200000800000;7,114436688000069;50,719374126000048;0
208035;5200531700100241206;5;5;13;0;2020;5;18;1;3;5;3;0;1;0;0;0;0;0;369073,379399999980000;5707213,052300000600000;7,113683192000053;51,500871363000044;0
208036;5200529500300001983;5;1;11;0;2020;5;9;6;3;1;5;0;1;0;0;0;1;0;345057,024600000120000;5676331,876900000500000;6,781379919000074;51,217326552000031;0
208039;5200529500100413204;5;1;11;0;2020;5;18;6;3;5;2;0;1;1;0;0;0;0;344756,989500000140000;5676621,156600000300000;6,776961952000022;51,219844345000070;0
208042;5200603307000551114;5;9;62;24;2020;6;11;4;2;5;3;0;1;1;0;0;0;0;408868,158999999990000;5692650,061200000300000;7,690576437000061;51,377776366000035;0
208043;5200602501215581421;5;1;12;0;2020;6;13;3;3;5;3;0;1;1;0;0;0;0;337368,172500000340000;5696611,490399999500000;6,662134518000073;51,397391919000029;0
208044;5200602513320546589;5;1;62;4;2020;6;15;3;3;5;3;0;1;0;0;0;0;1;344397,712399999610000;5665375,665300000500000;6,776687639000045;51,118700771000078;0
208045;5200604501316072035;5;1;12;0;2020;6;21;5;3;0;1;2;1;0;0;0;0;0;345533,991000000390000;5697825,302999999400000;6,778894062000063;51,410580247000041;1
208046;5200602602200543166;5;3;62;4;2020;6;16;3;3;5;3;0;1;1;0;0;0;0;329056,893000000160000;5650695,325999999400000;6,564625740000054;50,982437683000057;0
208047;5200604608100131205;5;3;34;2;2020;6;13;5;3;5;5;0;1;0;0;0;1;0;293227,248700000350000;5626008,280400000500000;6,068775803000051;50,748977211000067;1
208048;5200603602300085731;5;3;62;36;2020;6;9;4;2;0;1;0;1;0;0;0;0;0;344409,319400000390000;5650383,674000000600000;6,783296752000069;50,983990911000035;0
208050;5200603501315610204;5;1;12;0;2020;6;15;4;2;5;2;0;1;1;0;0;0;0;345558,470999999900000;5699923,186000000700000;6,778331662000028;51,429436579000026;0
208057;5200604601700311207;5;3;16;0;2020;6;14;5;3;6;6;0;1;0;1;0;0;0;360119,189799999820000;5658778,809900000700000;7,003723373000071;51,063469641000040;1
208058;5200603601410162204;5;3;15;0;2020;6;8;4;2;5;2;0;1;1;0;0;0;0;352858,200799999760000;5651027,118899999200000;6,903318845000058;50,991994635000026;0
208060;5200602500300972204;5;1;11;0;2020;6;19;3;3;3;2;0;1;1;0;0;0;0;350601,172500000340000;5672040,813699999800000;6,862491801000033;51,180244987000037;0
208062;5200602705000338824;5;5;54;44;2020;6;22;3;3;0;1;1;1;0;0;0;0;0;365224,772099999710000;5740572,926200000600000;7,045413209000060;51,799748461000036;0
208067;5200602500300486698;5;1;11;0;2020;6;7;3;3;5;2;0;1;1;0;0;0;0;347162,440799999980000;5673934,862600000600000;6,812524567000025;51,196355352000069;0
208069;5200604513210499200;5;1;62;24;2020;6;13;5;3;5;3;0;1;1;0;0;0;0;337780,474499999550000;5672746,489199999700000;6,678897384000038;51,183091707000074;1
208070;5200602606220076573;5;3;78;8;2020;6;18;3;3;5;3;0;1;1;0;0;0;0;367658,014700000170000;5660583,573799999400000;7,110586967000074;51,081477402000075;0
208072;5200603410230732201;5;7;70;4;2020;6;15;4;2;5;3;0;1;0;0;0;0;0;487115,961000000130000;5785941,789899999300000;8,811382375000051;52,223752050000030;0
208073;5200602500200550578;5;1;11;0;2020;6;12;3;3;2;6;0;1;1;0;0;0;0;346718,501099999990000;5679216,964199999300000;6,803917495000064;51,243699055000036;0
208074;5200604515211653112;5;1;54;16;2020;6;14;5;3;5;2;0;1;1;0;0;0;0;302855,860999999570000;5729670,629200000300000;6,148099644000070;51,683342808000077;1
208076;5200602500100931208;5;1;11;0;2020;6;9;3;3;2;6;0;1;1;0;0;0;0;345873,483699999750000;5677570,985099999200000;6,792528669000035;51,228681502000029;0
208077;5200603705000321097;5;5;54;68;2020;6;15;4;3;5;3;0;1;0;0;0;0;0;350591,327600000430000;5767283,766300000300000;6,821758900000020;52,036017428000036;0
208080;5200602411132064298;5;7;74;32;2020;6;14;3;2;0;1;0;1;0;0;0;0;0;482176,881299999540000;5729626,038000000600000;8,742000960000041;51,717284403000065;0