OBJECTID;UIDENTSTLAE;ULAND;UREGBEZ;UKREIS;UGEMEINDE;UJAHR;UMONAT;USTUNDE;UWOCHENTAG;UKATEGORIE;UART;UTYP1;ULICHTVERH;IstRad;IstPKW;IstFuss;IstKrad;IstGkfz;IstSonstige;LINREFX;LINREFY;XGCSWGS84;YGCSWGS84;STRZUSTAND
208081;5200602513210471974;5;1;62;24;2020;6;15;3;3;0;7;0;1;0;0;0;0;0;338782,128999999720000;5674379,882999999400000;6,692483753000033;51,198050949000049;0
208086;5200602410230640111;5;7;70;4;2020;6;16;3;3;5;3;0;1;1;0;0;0;0;486696,609299999660000;5784195,067700000500000;8,805311928000037;52,208038042000055;0
208087;5200603502134063206;5;1;13;0;2020;6;17;4;3;5;1;0;1;1;0;0;0;0;365621,078900000080000;5701227,189600000200000;7,066251036000040;51,446268380000049;0
208090;5200603505200072141;5;1;14;0;2020;6;15;4;2;3;2;0;1;1;0;0;0;0;329227,564000000250000;5689512,173000000400000;6,548633459000030;51,331222068000045;0
208092;5200602410110368166;5;7;70;24;2020;6;13;3;3;0;3;0;1;1;0;0;0;0;496628,861999999730000;5792743,664000000800000;8,950579720000064;52,285045127000046;0
208093;5200602513110481442;5;1;62;16;2020;6;15;3;3;2;2;0;1;1;0;0;0;0;332461,709999999960000;5674271,945000000300000;6,602153110000074;51,195262991000050;0
208094;5200604500300001652;5;1;11;0;2020;6;7;5;3;5;2;0;1;1;0;0;0;0;347547,898900000380000;5672950,000700000700000;6,818455212000060;51,187608671000078;0
208095;5200602601610743200;5;3;15;0;2020;6;16;3;3;5;2;0;1;1;0;0;0;0;359558,892900000330000;5644285,581499999400000;7,001338135000026;50,933082041000034;0
208097;5200603601620501207;5;3;15;0;2020;6;16;4;2;0;6;0;1;0;0;0;1;0;361329,334099999630000;5641036,522500000900000;7,027752987000042;50,904310203000080;0
208100;5200602405228687107;5;7;54;28;2020;6;22;3;3;0;7;1;1;0;0;0;0;0;451549,845300000160000;5743649,814300000700000;8,296725516000038;51,841557287000057;0
208102;5200602404101378191;5;7;66;20;2020;6;12;3;3;0;1;0;1;0;0;0;0;0;491844,011599999850000;5753628,989900000400000;8,881371721000051;51,933323840000071;0
208103;5200602404101376466;5;7;66;4;2020;6;16;3;2;5;2;0;1;1;0;0;0;0;484145,895999999720000;5751601,207000000400000;8,769497315000024;51,914925973000038;0
208105;5200602400200687058;5;7;11;0;2020;6;11;3;3;0;1;0;1;0;0;0;0;0;467660,888399999590000;5763938,533700000500000;8,528666169000076;52,025133866000033;0
208107;5200602601110689206;5;3;15;0;2020;6;16;3;3;0;5;0;1;1;0;0;0;0;354743,783499999900000;5645110,968599999300000;6,932530676000056;50,939307016000043;0
208108;5200604601420411209;5;3;15;0;2020;6;18;5;3;5;3;1;1;1;0;0;0;0;357891,861899999900000;5648126,176100000700000;6,976130850000061;50,967189002000055;1
208110;5200603500200336204;5;1;11;0;2020;6;11;4;3;5;2;0;1;1;0;0;0;0;347799,122999999670000;5681369,650000000400000;6,818472026000052;51,263331546000074;0
208111;5200602400100987168;5;7;11;0;2020;6;22;3;2;3;6;2;1;0;0;1;0;0;465396,312800000420000;5767546,670499999100000;8,495296699000051;52,057436335000034;0
208112;5200604518400082168;5;1;70;8;2020;6;19;5;3;5;2;0;1;1;0;0;0;0;343090,593899999750000;5714560,085100000700000;6,736352631000045;51,560267271000043;0
208114;5200602400100094200;5;7;11;0;2020;6;17;3;3;3;2;0;1;0;0;0;0;1;468040,644999999550000;5763546,049000000600000;8,534237475000055;52,021627194000075;0
208115;5200603711213668996;5;5;70;4;2020;6;16;4;3;1;5;0;1;1;0;0;0;0;425787,655500000340000;5734637,742499999700000;7,924764307000032;51,757711925000081;0
208116;5200603518301685903;5;1;70;4;2020;6;13;4;3;5;3;0;1;1;0;0;0;0;327511,380199999550000;5716712,158700000500000;6,510761434000074;51,575051201000065;0
208119;5200603600140527205;5;3;14;0;2020;6;17;4;2;0;1;0;1;0;0;0;0;0;367290,154099999930000;5622497,605299999900000;7,119188890000032;50,739085120000027;0
208120;5200603406110582133;5;7;58;12;2020;6;22;4;3;3;6;2;1;0;0;1;0;0;477667,111999999730000;5773915,021999999900000;8,673848196000051;52,115322665000065;0
208126;5200603508217333208;5;1;19;0;2020;6;15;4;3;5;3;0;1;1;0;0;0;0;350242,022300000300000;5711118,232999999100000;6,840906535000045;51,531285435000029;0
208128;5200602316300928203;5;9;74;28;2020;6;9;3;3;5;3;0;1;1;0;0;0;0;454240,601900000130000;5723147,457299999900000;8,338478351000049;51,657452915000079;0
208129;5200602508100255206;5;1;19;0;2020;6;21;3;3;1;7;1;1;0;0;0;1;0;350728,275399999690000;5703145,523399999400000;6,851284016000022;51,459776241000043;0
208132;5200602316300922209;5;9;74;28;2020;6;7;3;3;5;3;0;1;1;0;0;0;0;453234,049700000320000;5726183,989199999700000;8,323521622000044;51,684671024000068;0
208133;5200602506100687468;5;1;16;0;2020;6;17;3;2;6;4;0;1;0;1;0;0;0;321143,396700000390000;5674602,825799999800000;6,440165811000043;51,194805233000068;0
208134;5200604505100565663;5;1;14;0;2020;6;11;5;3;5;3;0;1;1;0;0;0;0;330282,684100000190000;5688860,506300000500000;6,564074910000045;51,325683447000074;1
208135;5200602606110636209;5;3;78;4;2020;6;8;3;3;0;7;0;1;0;0;0;0;1;368439,445399999620000;5649749,755500000000000;7,125670026000023;50,984286855000050;0
208136;5200604702100268057;5;5;15;0;2020;6;13;5;3;0;3;0;1;1;0;0;0;0;399109,804899999870000;5757238,116800000900000;7,531758584000045;51,956679204000068;1
208139;5200603505100365663;5;1;14;0;2020;6;12;4;3;5;3;0;1;1;0;0;0;0;339256,856200000270000;5689579,154100000900000;6,692440243000021;51,334747269000047;0
208142;5200602505200776401;5;1;14;0;2020;6;19;3;3;5;3;0;1;1;0;0;0;0;329751,010800000280000;5690345,342399999500000;6,555741735000026;51,338864033000050;0
208145;5200602600110281201;5;3;14;0;2020;6;18;3;3;0;1;0;1;0;0;0;0;0;365563,449699999760000;5621875,742000000600000;7,094958592000069;50,733098691000066;0
208147;5200603601510356203;5;3;15;0;2020;6;13;4;3;0;1;0;1;0;0;0;0;0;359265,916400000450000;5646081,742699999400000;6,996477516000027;50,949152889000061;0
208149;5200602600110194207;5;3;14;0;2020;6;10;3;3;5;3;0;1;1;0;0;0;0;367004,013899999670000;5618962,767400000200000;7,116410554000026;50,707248318000040;0
208151;5200603602700171782;5;3;62;28;2020;6;16;4;3;4;3;0;1;0;0;0;0;0;351686,353000000120000;5638305,324999999300000;6,891810227000065;50,877369542000054;0
208152;5200602310210485213;5;9;54;24;2020;6;13;3;3;0;6;0;1;1;0;0;0;0;381218,751699999910000;5683225,791200000800000;7,296606802000042;51,287959424000064;0
208153;5200603501316624201;5;1;12;0;2020;6;19;4;3;8;1;0;1;0;0;0;0;0;345867,933000000190000;5698685,039699999600000;6,783318286000053;51,418395954000061;0
208155;5200602711231568996;5;5;70;40;2020;6;15;3;3;5;3;0;1;1;0;0;0;0;419484,501899999570000;5744777,653200000500000;7,831104618000040;51,847992840000074;0
208158;5200602518120086048;5;1;70;44;2020;6;11;3;3;0;1;0;1;0;0;0;0;0;340075,778300000350000;5716438,551200000600000;6,692042291000064;51,576297330000045;0
208160;5200603601210568206;5;3;15;0;2020;6;19;4;3;0;1;0;1;0;0;0;0;0;354249,955500000160000;5642568,014200000100000;6,926523442000075;50,916329600000040;0
208162;5200602301201552207;5;9;13;0;2020;6;15;3;3;5;3;0;1;1;0;0;0;0;392663,600200000220000;5709110,032700000300000;7,452832296000054;51,522894854000072;0
208163;5200604518100885915;5;1;70;48;2020;6;13;5;3;5;3;0;1;1;0;0;0;0;335534,701200000010000;5725435,284499999100000;6,622345282000026;51,655815853000036;1
208164;5200603500300801076;5;1;11;0;2020;6;8;4;3;5;3;0;1;1;0;0;0;0;345247,772900000210000;5674204,143600000100000;6,785026776000052;51,198259639000071;0
208165;5200602301101600206;5;9;13;0;2020;6;19;3;3;0;5;0;1;1;0;0;0;0;393410,552099999970000;5706976,501199999800000;7,464239965000047;51,503859135000027;0
208167;5200602706100887296;5;5;58;16;2020;6;21;3;3;0;7;1;1;0;0;0;0;0;381600,794800000270000;5743800,667999999600000;7,281681148000075;51,832463912000037;0
208171;5200604601110462203;5;3;15;0;2020;6;21;5;3;5;3;1;1;1;0;0;0;0;355611,448599999770000;5643804,716199999700000;6,945389373000069;50,927785886000038;1
208172;5200603600110520202;5;3;14;0;2020;6;16;4;2;5;3;0;1;0;0;0;0;0;364793,529199999760000;5621456,790599999900000;7,084208522000040;50,729154496000035;0
208173;5200603405228062305;5;7;54;28;2020;6;11;4;3;0;7;0;1;0;0;0;0;0;451062,845300000160000;5745120,009099999400000;8,289448978000053;51,854732601000080;0
208174;5200602300600839128;5;9;16;0;2020;6;15;3;3;5;3;0;1;1;0;0;0;0;379243,538700000380000;5711370,958699999400000;7,258708352000042;51,540505114000041;0
208177;5200602608404415202;5;3;34;4;2020;6;9;3;3;5;3;0;1;1;0;0;0;0;298379,963200000110000;5640381,934599999300000;6,133825720000061;50,879887162000045;0
208180;5200603701200676204;5;5;62;20;2020;6;19;4;3;5;7;0;1;1;0;0;0;0;372408,860600000250000;5718014,568800000500000;7,157794113000023;51,598707473000047;0
208181;5200602700200402205;5;5;13;0;2020;6;12;3;3;0;2;0;1;1;0;0;0;0;362946,923200000080000;5717483,452099999400000;7,021471464000058;51,591712019000056;0
208183;5200603709300668304;5;5;66;84;2020;6;9;4;2;9;7;0;1;0;0;0;0;0;385920,381099999880000;5778784,535499999300000;7,332703054000035;52,147769491000076;0
208186;5200601705000380992;5;5;54;20;2020;6;17;2;2;0;7;0;1;0;0;0;0;0;365355,585199999620000;5786563,123900000000000;7,029233785000031;52,213032914000053;0
208189;5200602605120942270;5;3;74;20;2020;6;9;3;2;4;3;0;1;1;0;0;0;0;386534,487599999640000;5656408,745999999300000;7,381266411000070;51,047994877000065;0
208193;5200602516320671201;5;1;58;28;2020;6;19;3;3;4;6;0;1;0;0;0;0;1;348039,525000000370000;5686903,221000000800000;6,819560542000033;51,313117829000078;0
208194;5200603503400086907;5;1;22;0;2020;6;9;4;3;5;3;0;1;1;0;0;0;0;361249,728000000120000;5667504,843900000700000;7,016492777000053;51,142164481000066;0
208195;5200603301101784999;5;9;13;0;2020;6;16;4;3;0;7;0;1;1;0;0;0;0;394620,360000000340000;5706678,951999999600000;7,481753372000071;51,501411480000058;0
208196;5200603506100386027;5;1;16;0;2020;6;16;4;3;0;3;0;1;1;0;0;0;0;323129,083800000140000;5676160,826700000100000;6,467787725000051;51,209419402000037;0
208198;5200601702100845200;5;5;15;0;2020;6;11;2;3;5;2;0;1;1;0;0;0;0;403795,305200000290000;5761083,619100000700000;7,598845544000028;51,992074136000042;0
208202;5200604608100087202;5;3;34;2;2020;6;12;5;3;2;3;0;1;1;0;0;0;0;292097,926099999810000;5630333,193299999500000;6,050345436000043;50,787415740000029;1
208204;5200601701300486110;5;5;62;14;2020;6;13;2;3;0;1;0;1;0;0;0;0;0;360211,368800000290000;5716914,368100000500000;6,982233150000070;51,585926149000045;0
208205;5200603501315582207;5;1;12;0;2020;6;17;4;3;4;2;0;1;1;0;0;0;0;345519,574199999680000;5699008,785299999600000;6,778171235000059;51,421210018000068;0
208207;5200602709500142490;5;5;66;76;2020;6;6;3;2;5;3;0;1;0;0;0;0;1;393553,168499999680000;5793282,965900000200000;7,439651636000065;52,279595147000066;0
208209;5200604313110973374;5;9;58;4;2020;6;10;5;2;0;1;0;1;0;0;0;0;0;429660,990799999800000;5698349,708399999900000;7,988149556000053;51,431976304000045;1
208210;5200602516220661200;5;1;58;36;2020;6;18;3;3;0;7;0;1;1;0;0;0;0;364317,344200000170000;5680740,916099999100000;7,055314549000059;51,261852548000036;0
208212;5200601610222485787;5;3;70;36;2020;6;16;2;1;0;1;0;1;0;0;0;0;0;301420,761599999850000;5666914,712700000000000;6,162486425000054;51,119244671000047;0
208213;5200604316200480575;5;9;74;52;2020;6;18;5;2;2;6;0;1;1;0;0;0;0;424782,227500000040000;5710538,238800000400000;7,915383048000024;51,540926199000069;1
208214;5200602601220645206;5;3;15;0;2020;6;14;3;3;1;7;0;1;1;0;0;0;0;359699,569500000220000;5638910,823999999100000;7,005405055000040;50,884812360000069;0
208215;5200604601610307200;5;3;15;0;2020;6;14;5;3;5;2;0;1;0;0;0;0;1;360430,362999999900000;5645004,944000000100000;7,013456773000030;50,939758637000068;1
208220;5200602705000087252;5;5;54;8;2020;6;15;3;3;0;3;0;1;1;0;0;0;0;336295,593000000340000;5747409,615000000200000;6,622988106000037;51,853447090000031;0
208221;5200601609108073746;5;3;58;8;2020;6;14;2;3;7;7;0;1;0;1;0;0;0;319366,419400000010000;5630724,090500000900000;6,436586275000025;50,800065220000079;0
208223;5200603600110371202;5;3;14;0;2020;6;8;4;3;5;3;0;1;1;0;0;0;0;366174,216000000010000;5619724,536000000300000;7,104388972000038;50,713904694000064;0
208225;5200601607500852558;5;3;82;56;2020;6;17;2;3;8;1;0;1;0;0;0;0;0;370083,797299999740000;5624002,878000000500000;7,158228431000055;50,753246591000050;0
208227;5200603406220344988;5;7;58;24;2020;6;14;4;3;8;5;0;1;1;0;0;0;0;482724,370299999600000;5783017,447399999900000;8,747240933000057;52,197340364000070;0
208228;5200601607400865688;5;3;82;44;2020;6;17;2;3;0;1;0;1;0;0;0;0;0;363897,063000000080000;5626243,367000000600000;7,069744788000037;50,771965870000031;0
208229;5200604515210076393;5;1;54;52;2020;6;16;5;3;5;3;0;1;1;0;0;0;0;310526,487499999810000;5702510,027200000400000;6,273562888000072;51,442043132000038;1
208230;5200602609108565669;5;3;58;8;2020;6;12;3;3;5;3;0;1;1;0;0;0;0;323054,014000000430000;5629761,944000000100000;6,489327053000068;50,792558801000041;0
208231;5200601606600286617;5;3;78;32;2020;6;16;2;3;5;3;0;1;1;0;0;0;0;372584,976400000040000;5663775,173000000400000;7,179762937000021;51,111278295000034;0
208232;5200603705000020950;5;5;54;20;2020;6;13;4;3;5;5;0;1;0;0;0;0;1;365904,385099999610000;5786333,692299999300000;7,037352240000075;52,211105214000042;0
208234;5200603513210286929;5;1;62;24;2020;6;14;4;3;4;6;0;1;0;0;0;0;0;339740,089700000360000;5673071,794299999300000;6,706767019000040;51,186567273000037;0
208235;5200603314220775679;5;9;66;12;2020;6;11;4;3;1;1;0;1;1;0;0;0;0;429231,128999999720000;5668671,105000000400000;7,987852369000052;51,165093544000058;0
208236;5200601606100074414;5;3;78;4;2020;6;12;2;3;5;3;0;1;1;0;0;0;0;369148,912800000050000;5646739,957299999900000;7,136854964000065;50,957397135000065;0
208239;5200602602700776205;5;3;62;28;2020;6;18;3;3;5;3;0;1;1;0;0;0;0;351245,626799999740000;5638375,073100000600000;6,885521742000037;50,877883061000034;0
208241;5200603603116112200;5;3;66;16;2020;6;16;4;3;5;3;0;1;1;0;0;0;0;343904,161100000140000;5613822,045900000300000;6,791663490000076;50,655309672000044;0
208244;5200602606110679200;5;3;78;4;2020;6;7;3;3;2;7;0;1;1;0;0;0;0;366642,736999999730000;5652867,041999999400000;7,098942576000070;51,011890237000046;0
208245;5200604702100668281;5;5;15;0;2020;6;18;5;3;0;3;0;1;1;0;0;0;0;408585,363800000400000;5753207,117799999200000;7,670684402000063;51,922084551000069;1
208246;5200603700200560205;5;5;13;0;2020;6;13;4;3;0;7;0;1;0;0;0;0;0;362571,879999999890000;5717876,140000000600000;7,015906953000069;51,595149430000049;1
208247;5200603505100482351;5;1;14;0;2020;6;12;4;3;5;3;0;1;0;0;0;0;0;333147,270700000230000;5688754,107100000600000;6,605200783000043;51,325575056000048;0
208250;5200602502307986651;5;1;13;0;2020;6;17;3;3;1;5;0;1;1;0;0;0;0;359480,294499999840000;5703537,385999999900000;6,977023577000068;51,465537910000080;0
208252;5200602601510739203;5;3;15;0;2020;6;17;3;3;5;3;0;1;1;0;0;0;0;359953,644000000320000;5647760,425000000700000;7,005615882000029;50,964406900000029;0
208253;5200604607400085207;5;3;82;68;2020;6;12;5;2;0;1;0;1;0;0;0;0;0;368141,027300000190000;5632686,857100000600000;7,127585364000026;50,830860305000044;1
208254;5200603601520116205;5;3;15;0;2020;6;7;4;3;5;3;0;1;0;0;0;0;0;357646,136500000020000;5643296,230799999100000;6,974521485000025;50,923721830000034;0
208255;5200603501131631205;5;1;12;0;2020;6;20;4;2;1;5;0;1;1;0;0;0;0;342217,797399999570000;5712025,881200000600000;6,724908441000025;51,537255113000072;0
208257;5200601601700795200;5;3;16;0;2020;6;13;2;3;0;4;0;1;0;1;0;0;0;363827,917200000030000;5659513,758999999600000;7,056341857000064;51,070966482000074;0
208258;5200603502102988208;5;1;13;0;2020;6;12;4;3;1;3;0;1;1;0;0;0;0;363409,042000000370000;5702578,021999999900000;7,033917651000024;51,457878455000071;0
208259;5200601601400286360;5;3;15;0;2020;6;19;2;3;0;7;0;1;0;0;0;0;0;358863,750400000250000;5647939,510399999100000;6,990035530000057;50,965750373000049;0
208261;5200601601310909201;5;3;15;0;2020;6;20;2;2;5;3;0;1;1;0;0;0;0;352516,697800000200000;5648476,262199999800000;6,899491153000042;50,968984009000053;0
208263;5200602601110518208;5;3;15;0;2020;6;12;3;3;6;4;0;1;0;1;0;0;0;355579,851999999960000;5645141,221300000300000;6,944410451000067;50,939788896000039;0
208264;5200604601420291203;5;3;15;0;2020;6;14;5;3;6;4;0;1;0;1;0;0;0;355971,371299999770000;5647745,694199999800000;6,948948951000034;50,963292728000056;1
208266;5200603411132187145;5;7;74;32;2020;6;16;4;3;5;3;0;1;0;0;0;0;0;482993,095900000070000;5730306,462600000200000;8,753782750000028;51,723427655000080;0
208268;5200604518320344811;5;1;70;52;2020;6;14;5;3;5;3;0;1;1;0;0;0;0;324180,756000000050000;5726157,266899999200000;6,458008031000077;51,658865054000046;1
208270;5200601601200286481;5;3;15;0;2020;6;9;2;3;0;1;0;1;0;0;0;0;0;354732,847799999640000;5643303,105900000800000;6,933095634000040;50,923057455000048;0
208273;5200602709300385207;5;5;66;60;2020;6;10;3;3;5;3;0;1;1;0;0;0;0;388074,957000000400000;5788684,416899999600000;7,360908837000068;52,237180441000078;0
208274;5200601601110786208;5;3;15;0;2020;6;13;2;3;0;1;0;1;0;0;0;0;0;356035,076299999840000;5643159,948200000500000;6,951667928000063;50,922097322000070;0
208275;5200604301501730205;5;9;13;0;2020;6;10;5;3;5;2;0;1;1;0;0;0;0;389350,302600000050000;5706588,486700000200000;7,405884780000065;51,499591201000044;0
208276;5200604601200081744;5;3;15;0;2020;6;19;5;3;1;1;0;1;1;0;0;0;0;353759,432900000360000;5643145,117499999700000;6,919318680000060;50,921391757000038;1
208278;5200603405228082048;5;7;54;28;2020;6;21;4;3;5;3;1;1;0;0;0;0;0;452950,878200000150000;5743025,904100000900000;8,317145381000046;51,836067799000034;0
208279;5200601518120285887;5;1;70;44;2020;6;12;2;3;1;5;0;1;1;0;0;0;0;340645,258200000040000;5718809,386299999400000;6,699177417000044;51,597758984000052;0
208281;5200602609108225807;5;3;58;8;2020;6;19;3;3;0;5;0;1;1;0;0;0;0;321147,034099999820000;5629418,877200000000000;6,462464220000072;50,788891464000073;0
208282;5200601516110408203;5;1;58;32;2020;6;18;2;3;1;5;0;1;1;0;0;0;0;364400,187500000000000;5689249,323400000100000;7,053268290000062;51,338336038000079;0
208283;5200604711112048067;5;5;70;52;2020;6;9;5;3;0;3;0;1;0;0;0;0;0;429980,252000000330000;5756072,482999999100000;7,981155876000059;51,950945109000031;1
208284;5200603701800673207;5;5;62;4;2020;6;18;4;3;6;6;0;1;0;1;0;0;0;383397,037800000050000;5714344,010500000800000;7,317587218000028;51,568099580000080;0
208288;5200601515000086040;5;1;54;8;2020;6;13;2;3;5;3;0;1;1;0;0;0;0;310493,828599999660000;5746101,290799999600000;6,249493850000022;51,833535621000067;0
208289;5200602501222376347;5;1;12;0;2020;6;13;3;3;5;3;0;1;1;0;0;0;0;340488,522900000210000;5702840,312400000200000;6,704147031000048;51,454241436000075;0
208292;5200602515110085955;5;1;54;4;2020;6;9;3;3;5;3;0;1;0;0;0;0;1;305407,402700000440000;5738087,022399999200000;6,180260637000060;51,759816101000069;0
208295;5200602513330205201;5;1;62;8;2020;6;17;3;3;0;7;0;1;0;0;0;0;0;331606,294700000440000;5662195,346699999600000;6,595567904000063;51,086511312000027;0
208296;5200603505100174034;5;1;14;0;2020;6;18;4;3;5;2;0;1;1;0;0;0;0;330594,470099999570000;5688173,176100000700000;6,568872259000045;51,319601485000078;0
208298;5200601514211685971;5;1;66;12;2020;6;16;2;3;5;7;0;1;1;0;0;0;0;322093,034199999650000;5695179,118899999200000;6,443493725000053;51,379941229000053;0
208299;5200604400200687058;5;7;11;0;2020;6;14;5;2;5;2;0;1;1;0;0;0;0;473271,627999999560000;5764820,820000000300000;8,610369991000027;52,033364986000038;0
208300;5200602601320437202;5;3;15;0;2020;6;9;3;3;5;2;0;1;1;0;0;0;0;352493,023000000040000;5644787,983400000300000;6,900648591000049;50,935833128000070;0
208301;5200608405108966249;5;7;54;8;2020;6;19;2;3;5;3;0;1;1;0;0;0;0;465075,941200000230000;5754150,361199999200000;8,491989277000073;51,936975265000058;0
208302;5200609405108780333;5;7;54;8;2020;6;8;3;3;4;6;0;1;0;0;0;0;0;458476,063000000080000;5749415,160800000700000;8,396562709000023;51,893949650000081;0
208303;5200609514118356205;5;1;66;16;2020;6;15;3;3;5;3;0;1;0;0;0;0;0;310458,799899999980000;5687201,155400000500000;6,280753935000064;51,304519912000046;0
208305;5200608317250935148;5;9;78;32;2020;6;11;2;3;5;7;0;1;1;0;0;0;0;394463,491399999710000;5725080,149299999700000;7,473962418000042;51,666779855000073;0
208310;5200609317110380590;5;9;78;36;2020;6;22;3;3;4;2;2;1;1;0;0;0;0;408986,505499999970000;5712773,775599999400000;7,687093959000038;51,558695938000028;1
208313;5200609607400436209;5;3;82;68;2020;6;19;3;3;5;7;0;1;1;0;0;0;0;371106,004200000320000;5630858,327600000400000;7,170307875000049;50,815092991000029;1
208315;5200608301302585087;5;9;13;0;2020;6;13;2;3;5;3;0;1;1;0;0;0;0;396929,964700000360000;5706888,719699999300000;7,514955317000045;51,503722933000063;0
208316;5200608301201698203;5;9;13;0;2020;6;23;2;2;4;6;2;1;1;0;0;0;0;396346,166100000030000;5710283,751299999700000;7,505548310000052;51,534132872000043;1
208317;5200608301101461203;5;9;13;0;2020;6;10;2;3;0;2;0;1;1;0;0;0;0;393988,913200000300000;5708466,268999999400000;7,472121941000069;51,517358719000072;0
208319;5200608300510638208;5;9;54;36;2020;6;17;2;3;1;5;0;1;1;0;0;0;0;382434,917999999600000;5700124,564099999100000;7,308451503000072;51,440098423000052;0
208320;5200607709100053107;5;5;66;8;2020;6;2;1;3;0;6;2;1;1;0;0;0;0;399978,422500000340000;5781275,911599999300000;7,537352662000046;52,172886400000039;0
208323;5200607702100165831;5;5;15;0;2020;6;18;1;3;1;1;0;1;1;0;0;0;0;405644,282499999740000;5756079,591700000700000;7,627141520000066;51,947413057000063;0
208324;5200607702100079200;5;5;15;0;2020;6;14;1;2;0;1;0;1;0;0;0;0;0;408592,908400000070000;5756839,352199999600000;7,669828719000066;51,954734600000052;0
208327;5200609514116321207;5;1;66;16;2020;6;8;3;3;5;3;0;1;0;0;0;1;0;304871,144700000060000;5689460,263100000100000;6,199456146000046;51,322921803000042;0
208329;5200607608100679201;5;3;34;2;2020;6;11;1;3;0;7;0;1;1;0;0;0;0;294048,394899999720000;5627895,947499999800000;6,079344361000040;50,766222544000073;0
208330;5200609301201485057;5;9;13;0;2020;6;14;3;3;0;1;0;1;0;0;0;0;0;390504,119599999860000;5711026,872800000000000;7,421121680000056;51,539709368000047;0
208331;5200607607100453674;5;3;82;56;2020;6;22;1;2;9;3;2;1;1;0;0;0;0;371937,125599999910000;5626759,786900000600000;7,183528597000077;50,778438505000054;0
208332;5200609301201063206;5;9;13;0;2020;6;21;3;3;5;3;1;1;1;0;0;0;0;394322,665000000040000;5709316,257999999400000;7,476675351000040;51,525061396000069;1
208333;5200607607100222208;5;3;82;60;2020;6;19;1;3;6;4;0;1;0;1;0;0;0;373074,197300000120000;5628137,410399999500000;7,199172780000026;50,791071112000054;0
208334;5200607602500585804;5;3;62;24;2020;6;11;1;3;8;3;0;1;0;0;0;0;0;344150,310999999750000;5641906,462300000700000;6,783237157000031;50,907746020000047;0
208335;5200609300110963202;5;9;11;0;2020;6;17;3;3;5;3;0;1;1;0;0;0;0;375922,625099999830000;5705335,124800000300000;7,212970418000055;51,485538845000065;0
208336;5200607601700769205;5;3;16;0;2020;6;14;1;3;5;3;0;1;1;0;0;0;0;358990,511099999770000;5655515,138299999800000;6,988897365000071;51,033863308000036;0
208337;5200607601500481828;5;3;15;0;2020;6;21;1;3;5;2;0;1;0;0;0;0;0;360319,469999999740000;5649522,822000000600000;7,010145238000064;50,980334580000033;0
208338;5200607601400881846;5;3;15;0;2020;6;17;1;3;5;3;0;1;1;0;0;0;0;349444,957499999550000;5657604,327400000800000;6,851987703000020;51,050215721000029;0
208339;5200608709100702638;5;5;66;12;2020;6;9;2;3;6;6;0;1;0;1;0;0;0;405017,957999999630000;5772226,356000000600000;7,613551027000028;52,092438455000035;0
208340;5200609508106738201;5;1;19;0;2020;6;13;3;3;5;3;0;1;1;0;0;0;0;352858,526800000110000;5704131,879300000100000;6,881515036000053;51,469197008000037;0
208342;5200607601320800200;5;3;15;0;2020;6;16;1;2;0;1;0;1;0;0;0;0;0;349940,573800000360000;5642646,721999999100000;6,865229562000025;50,915932478000059;0
208343;5200607601200486596;5;3;15;0;2020;6;3;1;3;0;1;2;1;0;0;0;0;0;355257,983599999920000;5642314,018400000400000;6,940954738000073;50,914300690000061;0
208348;5200607600320234615;5;3;82;72;2020;6;13;1;3;5;3;0;1;1;0;0;0;0;368043,526999999770000;5608099,060499999700000;7,134997002000034;50,609839473000079;0
208349;5200607600120022852;5;3;82;24;2020;6;15;1;3;8;1;0;1;0;0;0;0;0;373674,692999999970000;5616155,078999999900000;7,211795480000035;50,683498953000026;0
208352;5200609701500942204;5;5;62;24;2020;6;10;3;3;5;3;0;1;1;0;0;0;0;370401,384800000120000;5727215,871500000400000;7,125418498000045;51,680938547000039;0
208354;5200607502226185635;5;1;13;0;2020;6;7;1;3;0;7;0;1;0;0;0;0;0;361016,014399999750000;5698637,076899999800000;7,001042065000036;51,421881332000055;0
208356;5200608705000287251;5;5;54;20;2020;6;15;2;3;5;7;0;1;1;0;0;0;0;365282,626199999820000;5786431,318399999300000;7,028219038000032;52,211830769000073;0
208357;5200607500300086738;5;1;11;0;2020;6;13;1;3;0;1;0;1;0;0;0;0;1;347047,370500000190000;5674913,185499999700000;6,810462025000049;51,205115399000078;0
208358;5200608702100753162;5;5;15;0;2020;6;15;2;2;1;1;0;1;1;0;0;0;0;405387,783999999990000;5759291,460000000900000;7,622525907000068;51,976239104000058;1
208361;5200609605144181770;5;3;74;44;2020;6;18;3;3;5;3;0;1;1;0;0;0;0;402860,192999999970000;5637353,849999999600000;7,619183394000061;50,879685959000028;1
208362;5200608701800085664;5;5;62;4;2020;6;22;2;3;2;6;2;1;0;0;0;0;0;385827,636900000270000;5717541,276100000400000;7,351601774000073;51,597333615000082;0
208363;5200607410140504055;5;7;70;12;2020;6;16;1;3;5;3;0;1;1;0;0;0;0;487632,668499999680000;5795942,091399999300000;8,818580118000057;52,313671620000036;0
208366;5200607404302778192;5;7;66;8;2020;6;16;1;2;0;1;0;1;0;0;0;0;0;482981,825000000190000;5768800,887000000100000;8,751719256000058;52,069531982000058;0