OBJECTID;UIDENTSTLAE;ULAND;UREGBEZ;UKREIS;UGEMEINDE;UJAHR;UMONAT;USTUNDE;UWOCHENTAG;UKATEGORIE;UART;UTYP1;ULICHTVERH;IstRad;IstPKW;IstFuss;IstKrad;IstGkfz;IstSonstige;LINREFX;LINREFY;XGCSWGS84;YGCSWGS84;STRZUSTAND
208367;5200607400200187046;5;7;11;0;2020;6;14;1;2;0;3;0;1;1;0;0;0;0;472044,150000000370000;5761656,882999999400000;8,592735445000074;52,004858448000050;0
208368;5200607317220094201;5;9;78;4;2020;6;21;1;3;0;5;0;1;1;0;0;0;0;404967,326999999580000;5719354,059000000400000;7,627351527000030;51,617183327000077;0
208371;5200607307000985309;5;9;62;48;2020;6;18;1;3;5;3;0;1;1;0;0;0;0;414236,902200000360000;5681496,060200000200000;7,770382311000049;51,278339359000029;0
208374;5200607307000675732;5;9;62;40;2020;6;17;1;2;3;2;0;1;1;0;1;0;0;413908,325100000020000;5699515,731000000600000;7,761310318000028;51,440283915000066;0
208377;5200607300211985547;5;9;11;0;2020;6;16;1;3;1;5;0;1;1;0;0;0;0;371279,030000000260000;5706134,571200000100000;7,145836325000062;51,491685644000029;0
208378;5200606711312939972;5;5;70;8;2020;6;13;7;3;8;1;0;1;0;0;0;0;0;432607,399100000040000;5733529,599700000100000;8,023771668000052;51,748611910000079;0
208381;5200606706300076729;5;5;58;36;2020;6;13;7;3;0;7;0;1;0;0;0;0;0;388326,531999999660000;5729831,302999999400000;7,383739767000066;51,708296371000074;0
208382;5200608610221874093;5;3;70;20;2020;6;18;2;3;4;1;0;1;1;0;0;0;0;305480,450699999930000;5659776,652499999900000;6,224264926000046;51,056524608000075;0
208383;5200606705000021129;5;5;54;64;2020;6;20;7;3;9;1;1;1;0;0;0;0;0;362166,814600000160000;5751087,750600000800000;6,996902650000038;51,893486284000062;0
208384;5200606702100665831;5;5;15;0;2020;6;13;7;3;0;1;0;1;0;0;0;0;0;405425,104700000030000;5758253,704900000200000;7,623355014000026;51,966917695000063;1
208385;5200606702100460669;5;5;15;0;2020;6;19;7;3;1;6;0;1;1;0;0;0;0;410054,630400000140000;5753325,186400000000000;7,692012984000030;51,923385141000040;0
208387;5200609505200076540;5;1;14;0;2020;6;17;3;2;5;2;0;1;0;0;0;0;0;331343,570299999790000;5690225,362500000700000;6,578640847000031;51,338260801000047;0
208391;5200608610211685787;5;3;70;4;2020;6;11;2;3;5;3;0;1;1;0;0;0;0;311207,391900000160000;5661722,334000000700000;6,304872964000026;51,075912807000066;1
208396;5200606607500178287;5;3;82;56;2020;6;16;7;3;5;3;0;1;1;0;0;0;0;373956,912999999710000;5625235,676999999200000;7,212684986000056;50,765181612000049;0
208403;5200606607111581238;5;3;82;60;2020;6;10;7;3;0;3;0;1;1;0;0;0;0;373176,198599999770000;5628559,277899999200000;7,200473577000025;50,794885344000079;1
208404;5200606607100185209;5;3;82;40;2020;6;14;7;3;5;3;0;1;1;0;0;0;0;381965,083100000400000;5632573,521700000400000;7,323830288000067;50,832825808000052;0
208405;5200609601210340200;5;3;15;0;2020;6;19;3;2;4;6;0;1;0;0;0;0;0;356185,923799999990000;5640858,666699999900000;6,954719693000072;50,901453556000035;0
208407;5200606602600169700;5;3;62;20;2020;6;4;7;3;0;1;1;1;0;0;0;0;0;346587,974100000230000;5627903,030400000500000;6,823747680000054;50,782560926000031;1
208410;5200608608100936206;5;3;34;2;2020;6;14;2;3;5;3;0;1;0;0;0;0;1;292945,402900000100000;5630324,102499999100000;6,062357409000072;50,787637338000081;0
208411;5200606601310489201;5;3;15;0;2020;6;16;7;3;0;3;0;1;1;0;0;0;0;354275,242499999700000;5646668,582100000200000;6,925243221000073;50,953186578000043;0
208413;5200606600110102203;5;3;14;0;2020;6;14;7;3;0;1;0;1;0;0;0;0;0;365816,925800000320000;5621738,785599999100000;7,098598230000050;50,731926345000034;0
208414;5200608602100838204;5;3;62;8;2020;6;17;2;3;5;3;0;1;1;0;0;0;0;337191,773099999870000;5651170,313899999500000;6,680203936000055;50,989063305000059;0
208415;5200609608100149201;5;3;34;2;2020;6;11;3;3;5;2;0;1;1;0;0;0;0;294822,998999999840000;5629013,056800000400000;6,089691069000025;50,776529984000035;0
208416;5200606600110096206;5;3;14;0;2020;6;12;7;3;0;7;0;1;0;0;0;0;0;366088,191599999550000;5621363,359099999100000;7,102576231000057;50,728614619000041;0
208417;5200609601110963208;5;3;15;0;2020;6;8;3;3;0;5;0;1;1;0;0;0;0;355495,612999999900000;5644991,899299999700000;6,943271494000044;50,938425865000056;0
208418;5200606518310186029;5;1;70;32;2020;6;10;7;3;0;3;0;1;1;0;0;0;0;335539,941399999890000;5712214,003900000800000;6,628618223000046;51,537039368000080;0
208419;5200606518302686003;5;1;70;40;2020;6;17;7;2;5;3;0;1;1;0;0;0;0;318781,556499999950000;5721273,819299999600000;6,382560919000071;51,613286709000079;0
208420;5200608601700872639;5;3;16;0;2020;6;15;2;2;5;3;0;1;1;0;0;0;0;359645,667100000200000;5659277,680999999900000;6,996776440000076;51,067837373000032;0
208422;5200606516620435202;5;1;58;4;2020;6;20;7;3;5;3;0;1;1;0;0;0;0;356930,318300000390000;5673990,479199999900000;6,952205373000027;51,199384475000045;0
208423;5200608601310159207;5;3;15;0;2020;6;10;2;3;5;3;0;1;1;0;0;0;0;353356,206000000240000;5650363,535700000800000;6,910677911000050;50,986158424000052;0
208424;5200606513310145505;5;1;62;8;2020;6;12;7;2;0;6;0;1;1;0;0;0;0;331287,622000000440000;5662063,608599999900000;6,591083510000033;51,085234090000029;0
208425;5200606513120171718;5;1;62;20;2020;6;15;7;3;0;1;0;1;0;0;0;0;0;328965,455799999650000;5674124,575600000100000;6,552232558000071;51,192903321000074;1
208426;5200608601300780369;5;3;15;0;2020;6;18;2;3;3;6;0;1;0;0;0;0;0;353262,344399999830000;5647865,267100000800000;6,910349801000052;50,963683692000075;0
208429;5200609601110311206;5;3;15;0;2020;6;16;3;3;1;7;0;1;1;0;0;0;0;355194,382600000130000;5645676,169700000400000;6,938715050000042;50,944499678000057;0
208433;5200609501128939206;5;1;12;0;2020;6;11;3;3;0;6;0;1;1;0;0;0;0;342851,739699999800000;5702643,003599999500000;6,738219819000051;51,453129506000039;0
208435;5200606501112674756;5;1;12;0;2020;6;15;7;3;5;3;0;1;1;0;0;0;0;343978,402099999600000;5707938,860700000100000;6,752083159000051;51,501023528000076;0
208439;5200608601100386555;5;3;15;0;2020;6;15;2;3;5;3;0;1;1;0;0;0;0;356034,076399999670000;5643162,936400000000000;6,951652532000026;50,922123927000030;1
208440;5200606411132487005;5;7;74;32;2020;6;13;7;2;5;2;0;1;1;0;0;0;0;482471,841900000350000;5732883,454199999600000;8,746106576000045;51,746582048000050;0
208446;5200606400300487169;5;7;11;0;2020;6;22;7;3;8;5;2;1;1;0;0;0;0;468713,407999999820000;5757894,433000000200000;8,544557594000025;51,970853675000058;0
208447;5200606400200287027;5;7;11;0;2020;6;10;7;3;0;5;0;1;1;0;0;0;0;470934,738699999640000;5765167,360600000200000;8,576275749000047;52,036363049000045;0
208448;5200609600140711207;5;3;14;0;2020;6;18;3;3;5;3;0;1;1;0;0;0;0;367086,039499999960000;5623824,075999999400000;7,115819169000076;50,750960796000072;0
208450;5200609600110586205;5;3;14;0;2020;6;13;3;3;0;6;0;1;1;0;0;0;0;365582,505900000220000;5622099,062300000300000;7,095147033000046;50,735110290000080;0
208452;5200606315250585253;5;9;70;12;2020;6;19;7;3;5;3;0;1;1;0;0;0;0;447813,074799999590000;5648808,089700000400000;8,256454057000042;50,988490289000026;0
208456;5200609500100191207;5;1;11;0;2020;6;17;3;3;4;2;0;1;0;0;1;0;0;344939,879800000230000;5677249,819499999300000;6,779306855000073;51,225542831000041;0
208457;5200609705000820950;5;5;54;20;2020;6;14;3;3;5;2;0;1;1;0;0;0;0;366743,292399999690000;5786733,526699999300000;7,049465499000064;52,214901391000069;0
208463;5200608515110079051;5;1;54;36;2020;6;9;2;2;0;1;0;1;0;0;0;0;0;302100,315299999900000;5740426,578700000400000;6,131070828000077;51,779666767000037;1
208465;5200608514217046108;5;1;66;36;2020;6;18;2;3;0;7;0;1;1;0;0;0;0;330074,342100000010000;5684450,079800000400000;6,563188041000046;51,285998500000062;0
208466;5200609606400057993;5;3;78;28;2020;6;14;3;3;4;6;0;1;1;0;0;0;0;370171,076000000350000;5641159,023000000000000;7,153389127000025;50,907467322000059;0
208467;5200605709000865868;5;5;66;12;2020;6;9;6;3;0;7;0;1;0;0;0;0;0;404888,907599999570000;5772852,023199999700000;7,611493270000040;52,098039893000077;0
208468;5200609600110275813;5;3;14;0;2020;6;15;3;3;0;1;0;1;0;0;0;0;0;365560,364400000310000;5621836,893699999900000;7,094929065000031;50,732748811000079;0
208469;5200608514211846108;5;1;66;12;2020;6;15;2;3;5;4;0;1;0;1;0;0;0;322368,811300000180000;5695499,337099999200000;6,447292273000073;51,382904095000072;0
208470;5200609609144970208;5;3;58;44;2020;6;11;3;3;0;6;0;1;1;0;0;0;0;329328,244699999690000;5617997,261700000600000;6,583714286000031;50,688735870000073;0
208471;5200605706300276677;5;5;58;24;2020;6;10;6;3;0;7;0;1;0;0;0;0;0;392771,446499999610000;5736781,368200000400000;7,445903375000057;51,771631069000080;0
208472;5200605705121987346;5;5;54;12;2020;6;14;6;3;5;3;0;1;1;0;0;0;0;352775,496700000020000;5747045,440700000200000;6,862243957000032;51,854765233000080;1
208473;5200605705000878089;5;5;54;12;2020;6;15;6;3;0;3;0;1;1;0;0;0;0;353985,951999999580000;5747045,576999999600000;6,879807128000039;51,855084427000065;1
208475;5200608514210885946;5;1;66;12;2020;6;12;2;3;5;3;0;1;0;0;0;0;0;320198,577600000430000;5693089,079800000400000;6,417357259000028;51,360570053000060;1
208476;5200605701800122206;5;5;62;4;2020;6;10;6;3;0;7;0;1;1;0;0;0;0;384256,030399999580000;5711048,251900000500000;7,331060204000039;51,538654861000055;0
208477;5200605701110090203;5;5;62;32;2020;6;11;6;3;5;3;0;1;1;0;0;0;0;375635,698800000360000;5719111,155099999200000;7,203970483000035;51,609284381000066;0
208483;5200605607500086299;5;3;82;56;2020;6;13;6;3;0;6;0;1;0;0;0;0;0;373236,533499999900000;5626804,231399999900000;7,201934618000053;50,779123491000064;1
208485;5200608513210787491;5;1;62;24;2020;6;14;2;3;4;2;0;1;1;0;0;0;0;338443,495600000020000;5675119,148299999500000;6,687308361000021;51,204597496000076;0
208488;5200608513210760202;5;1;62;24;2020;6;9;2;3;6;7;0;1;0;1;0;0;0;338546,280500000340000;5674613,779999999300000;6,689005789000021;51,200085889000036;0
208489;5200605601510087205;5;3;15;0;2020;6;15;6;3;0;7;0;1;1;0;0;0;0;359606,168700000270000;5647969,450500000300000;7,000590077000027;50,966200856000057;1
208491;5200605601210081201;5;3;15;0;2020;6;15;6;3;0;1;0;1;0;0;0;0;0;353779,962600000200000;5643155,749500000800000;6,919606304000070;50,921492507000039;1
208492;5200605601210051200;5;3;15;0;2020;6;11;6;3;0;1;0;1;0;0;0;0;0;353777,471800000410000;5642224,073699999600000;6,919944343000054;50,913119189000042;1
208494;5200609411132387142;5;7;74;32;2020;6;14;3;3;5;3;0;1;1;0;0;0;0;482318,453599999660000;5731210,549300000100000;8,743969810000067;51,731535689000054;1
208496;5200605601200526636;5;3;15;0;2020;6;10;6;2;0;1;0;1;0;0;0;0;0;355071,764600000340000;5643482,338999999700000;6,937843265000026;50,924753417000034;0
208497;5200605601110216203;5;3;15;0;2020;6;22;6;3;0;1;2;1;0;0;0;0;0;356912,207200000060000;5642565,871300000700000;6,964372351000066;50,916976578000060;0
208504;5200605515211222410;5;1;54;56;2020;6;14;6;3;1;5;0;1;1;0;0;0;0;310666,096699999650000;5727195,981200000300000;6,262282412000047;51,663804808000066;1
208507;5200609410210867201;5;7;70;20;2020;6;19;3;2;1;7;0;1;1;0;0;0;0;473831,068199999630000;5795189,055199999400000;8,616182728000069;52,306417204000070;0
208508;5200609700200166204;5;5;13;0;2020;6;13;3;3;0;7;0;1;0;0;0;0;0;368216,718000000340000;5712879,071699999300000;7,099228461000052;51,551591328000029;0
208509;5200605515110054815;5;1;54;36;2020;6;14;6;3;5;3;0;1;1;0;0;0;0;302373,849000000390000;5740933,172000000300000;6,134742468000070;51,784312640000053;1
208510;5200605514210185975;5;1;66;12;2020;6;11;6;3;0;3;0;1;1;0;0;0;0;320162,935800000090000;5693991,851500000800000;6,416389301000038;51,368668179000053;1
208513;5200608506100003202;5;1;16;0;2020;6;14;2;3;4;3;0;1;1;0;0;0;0;322037,592199999840000;5672349,955399999400000;6,454066053000076;51,174846126000034;1
208514;5200608505100272128;5;1;14;0;2020;6;7;2;2;7;1;0;1;0;0;0;0;0;339806,418499999680000;5689243,781800000000000;6,700473510000052;51,331889130000036;0
208517;5200605505200578949;5;1;14;0;2020;6;13;6;2;5;3;0;1;1;0;0;0;0;328426,542399999690000;5691091,087300000700000;6,536385833000054;51,345165401000031;1
208518;5200608503200607955;5;1;24;0;2020;6;16;2;3;0;7;0;1;0;0;0;0;0;374650,650999999610000;5675544,001000000200000;7,205155587000036;51,217510165000078;0
208521;5200605505100776302;5;1;14;0;2020;6;13;6;3;0;5;0;1;1;0;0;0;0;330508,423700000160000;5689125,961400000400000;6,567185519000020;51,328135574000044;1
208522;5200605503200186695;5;1;24;0;2020;6;19;6;3;5;3;0;1;1;0;0;0;0;375039,655199999920000;5682159,429899999900000;7,208413277000034;51,277053082000066;1
208526;5200605500300986888;5;1;11;0;2020;6;2;6;3;0;7;2;1;0;0;0;0;0;343751,541699999940000;5675649,358899999400000;6,762999332000049;51,210838170000045;1
208529;5200605500200170419;5;1;11;0;2020;6;8;6;3;5;3;0;1;1;0;0;0;0;347597,392500000070000;5679546,363199999600000;6,816359419000037;51,246894383000040;0
208532;5200609601700887645;5;3;16;0;2020;6;6;3;3;5;2;0;1;1;0;0;0;0;359128,929800000040000;5654638,659900000300000;6,991210875000036;51,026020413000026;0
208537;5200605411132298204;5;7;74;32;2020;6;7;6;2;0;1;0;1;0;0;0;0;0;482092,123200000260000;5730040,020400000700000;8,740752770000029;51,721003942000038;1
208538;5200605410210478128;5;7;70;20;2020;6;6;6;3;3;6;0;1;1;0;0;0;0;473289,039599999790000;5794746,465199999500000;8,608268163000048;52,302412097000058;1
208539;5200608500100800318;5;1;11;0;2020;6;10;2;3;5;2;0;1;1;0;0;0;0;340029,883999999610000;5678016,297000000300000;6,708705593000047;51,231074741000043;0
208540;5200605406220037955;5;7;58;24;2020;6;8;6;3;5;3;0;1;1;0;0;0;0;479540,181200000460000;5781943,887399999400000;8,700718643000073;52,187579497000058;0
208543;5200605405112157681;5;7;54;12;2020;6;22;6;3;5;3;2;1;1;0;0;0;0;455511,781000000420000;5767080,159000000000000;8,351198017000058;52,052536735000047;1
208545;5200609407201874516;5;7;62;4;2020;6;15;3;3;0;4;0;1;0;1;0;0;0;501886,739400000310000;5731390,546800000600000;9,027321257000040;51,733429819000037;0
208547;5200605400200587058;5;7;11;0;2020;6;15;6;2;5;2;0;1;1;0;0;0;0;470255,986999999730000;5763559,352000000000000;8,566520767000043;52,021870000000035;1
208551;5200609514120343207;5;1;66;16;2020;6;13;3;3;0;7;0;1;0;0;0;0;0;308045,451399999670000;5692764,193399999300000;6,243176883000047;51,353676185000040;0
208552;5200605301302484899;5;9;13;0;2020;6;5;6;3;2;6;0;1;1;0;0;0;0;398606,214499999770000;5708968,573100000600000;7,538500144000068;51,522721509000064;0
208553;5200605301101385067;5;9;13;0;2020;6;14;6;3;1;4;0;1;1;1;0;0;0;392754,899299999700000;5707626,828299999200000;7,454599107000036;51,509580523000068;1
208555;5200609700100178203;5;5;13;0;2020;6;17;3;3;1;5;0;1;1;0;0;0;0;368404,928600000220000;5709157,788200000300000;7,103332384000055;51,518193053000061;0
208556;5200604711213372472;5;5;70;4;2020;6;16;5;3;5;3;0;1;1;0;0;0;0;425043,789099999700000;5734527,572499999800000;7,914012535000040;51,756622459000027;1
208557;5200609601400926441;5;3;15;0;2020;6;13;3;3;0;7;0;1;0;0;0;0;0;354719,022699999620000;5649570,417500000400000;6,930398212000057;50,979376490000050;0
208562;5200612506100186209;5;1;16;0;2020;6;16;6;3;0;5;0;1;1;0;0;0;0;315824,722400000320000;5670362,409000000000000;6,366301250000049;51,155025496000064;0
208563;5200613518310685903;5;1;70;32;2020;6;7;7;3;0;1;0;1;0;0;0;0;0;331285,623200000260000;5718640,903500000000000;6,564248394000060;51,593520120000051;0
208564;5200610702100197206;5;5;15;0;2020;6;8;4;3;0;2;0;1;1;0;0;0;0;405436,608000000010000;5751217,391000000800000;7,625456706000023;51,903673994000030;1
208566;5200610702100065835;5;5;15;0;2020;6;7;4;3;0;1;0;1;0;0;0;0;0;406630,091099999850000;5758636,357300000300000;7,640785523000034;51,970560866000028;0
208567;5200613303100775793;5;9;15;0;2020;6;12;7;3;3;5;0;1;1;0;0;0;0;418425,992200000210000;5725698,746799999800000;7,820220326000026;51,676331070000060;0
208568;5200613709500606204;5;5;66;16;2020;6;11;7;3;5;3;0;1;0;0;0;0;0;397898,962000000290000;5799071,575699999900000;7,501574549000054;52,332444172000066;0
208571;5200612500300697201;5;1;11;0;2020;6;10;6;3;6;4;0;1;0;1;0;0;0;344241,260099999610000;5673384,141400000100000;6,770987890000072;51,190618109000070;0
208572;5200613508000772172;5;1;19;0;2020;6;11;7;2;5;3;0;1;1;0;0;0;0;350425,174100000410000;5709176,237400000900000;6,844369460000053;51,513884528000062;0
208575;5200613515110578980;5;1;54;16;2020;6;15;7;3;9;1;0;1;0;0;0;0;0;303267,425200000410000;5730424,747400000700000;6,153620417000070;51,690259353000044;0
208577;5200610701610425202;5;5;62;12;2020;6;13;4;3;5;3;0;1;1;0;0;0;0;359126,796500000170000;5727711,285800000700000;6,962243800000067;51,682675458000062;0
208579;5200613700200069607;5;5;13;0;2020;6;18;7;3;0;7;0;1;0;0;0;0;0;363557,735000000340000;5712676,013000000300000;7,032150468000054;51,548659152000027;0
208580;5200610701500792258;5;5;62;24;2020;6;7;4;3;5;3;0;1;1;0;0;0;0;374448,903500000010000;5724907,034099999800000;7,184761557000059;51,661108604000049;0
208583;5200613501320762205;5;1;12;0;2020;6;17;7;3;5;3;0;1;1;0;0;0;0;340379,338800000030000;5690898,888599999200000;6,707948603000034;51,346920996000051;0
208586;5200612701110837209;5;5;62;32;2020;6;13;6;3;6;4;0;1;0;1;0;0;0;375030,833899999970000;5720032,379699999500000;7,194911402000059;51,617429580000078;0
208589;5200610700200291204;5;5;13;0;2020;6;14;4;3;5;3;0;1;1;0;0;0;0;367156,605100000280000;5714633,378399999800000;7,083284282000022;51,567107976000045;0
208591;5200610610221211825;5;3;70;20;2020;6;12;4;3;6;1;0;1;0;1;0;0;0;309452,371799999850000;5657176,838099999400000;6,282241872000043;51,034503881000035;0
208598;5200611518200685988;5;1;70;24;2020;6;17;5;3;0;1;0;1;0;0;0;0;0;332891,614699999800000;5706758,502599999300000;6,593053191000024;51,487250757000027;0
208602;5200611316300357692;5;9;74;28;2020;6;0;5;3;9;1;2;1;1;0;0;0;0;454304,405000000260000;5726064,598999999500000;8,339019024000038;51,683685738000065;0
208604;5200610608436496205;5;3;34;36;2020;6;13;4;3;3;6;0;1;1;0;0;0;0;297762,368700000460000;5634251,089199999300000;6,128443723000032;50,824607729000036;0
208607;5200613405228168095;5;7;54;28;2020;6;23;7;3;8;7;2;1;0;0;0;0;0;452963,183000000190000;5742072,242000000600000;8,317453584000020;51,827494862000037;1
208608;5200611503300781022;5;1;20;0;2020;6;16;5;3;0;1;0;1;1;0;0;0;0;372539,856999999840000;5672062,669800000300000;7,176184363000061;51,185753945000044;0
208609;5200614313130368898;5;9;58;44;2020;6;16;1;3;0;1;0;1;0;0;0;0;0;430411,571000000460000;5688358,451999999600000;8,000903346000030;51,342242295000062;0
208610;5200610608100516209;5;3;34;2;2020;6;15;4;3;0;1;0;1;0;0;0;0;0;294541,618999999950000;5629241,267000000900000;6,085577883000042;50,778479990000051;0
208611;5200612602500847206;5;3;62;24;2020;6;12;6;3;0;7;0;1;0;0;0;0;0;343386,675800000320000;5644623,943800000500000;6,771217362000073;50,931958153000039;0
208615;5200610605132475894;5;3;74;32;2020;6;14;4;3;0;1;0;1;0;0;0;0;0;398805,878299999980000;5643091,631400000300000;7,559980717000030;50,930571680000071;0
208619;5200613706000387398;5;5;58;16;2020;6;9;7;2;0;7;0;1;1;0;0;0;0;382257,298600000330000;5744368,805199999400000;7,291011023000067;51,837708653000050;0
208622;5200610602500141201;5;3;62;24;2020;6;12;4;3;1;5;0;1;1;0;0;0;0;345757,719700000250000;5641867,115299999700000;6,806099112000027;50,907824160000075;0
208623;5200613400100087037;5;7;11;0;2020;6;12;7;3;3;2;0;1;0;0;0;0;1;467323,775999999610000;5765320,293999999800000;8,523621029000026;52,037536962000047;0
208624;5200614300310833204;5;9;11;0;2020;6;12;1;3;1;5;0;1;1;0;0;0;0;382473,167200000030000;5706010,843800000800000;7,307044380000036;51,493011390000049;0
208625;5200610601400078453;5;3;15;0;2020;6;9;4;3;5;3;0;1;1;0;0;0;0;356056,282999999820000;5647729,601299999300000;6,950163681000049;50,963169325000081;0
208626;5200612601600578531;5;3;15;0;2020;6;16;6;3;4;7;0;1;1;0;0;0;0;358612,053899999710000;5642956,515900000900000;6,988387639000052;50,920906308000042;0
208629;5200611705000920771;5;5;54;28;2020;6;16;5;3;0;7;0;1;0;0;0;0;0;357469,883000000380000;5741569,500000000000000;6,932614512000043;51,806780493000076;0
208630;5200610601220677202;5;3;15;0;2020;6;9;4;3;0;1;0;1;0;0;0;0;0;356878,484699999910000;5641126,404100000900000;6,964457468000035;50,904031786000075;0
208631;5200612709800081046;5;5;66;40;2020;6;10;6;2;5;3;0;1;1;0;0;0;0;420073,826000000350000;5782769,948999999100000;7,830787384000075;52,189592941000058;0
208634;5200612601110162208;5;3;15;0;2020;6;20;6;3;3;6;0;1;0;0;0;0;0;355078,889200000090000;5644790,908700000500000;6,937424314000054;50,936515031000056;0
208637;5200612500200586957;5;1;11;0;2020;6;7;6;3;5;3;0;1;1;0;0;0;0;343559,776899999940000;5681435,953199999400000;6,757728809000071;51,262779668000064;0
208640;5200610601210221208;5;3;15;0;2020;6;23;4;3;0;1;2;1;0;0;0;0;0;356487,450299999680000;5646455,525599999400000;6,956801944000063;50,951826971000060;0
208643;5200610601200686613;5;3;15;0;2020;6;14;4;2;0;3;0;1;1;0;0;0;0;353628,448099999690000;5643778,191500000700000;6,917202251000049;50,927047772000037;1
208644;5200612515210086201;5;1;54;52;2020;6;10;6;3;5;2;0;1;1;0;0;0;0;310210,218000000340000;5702730,651900000900000;6,268899186000056;51,443918823000047;0
208646;5200613500200968203;5;1;11;0;2020;6;18;7;3;3;7;0;1;1;0;0;0;0;347510,805499999780000;5676606,523499999200000;6,816371089000029;51,220455021000078;0
208647;5200611516710323208;5;1;58;8;2020;6;16;5;3;7;7;0;1;0;0;0;0;0;361508,121000000280000;5673404,992000000600000;7,017911824000066;51,195250851000026;0
208651;5200611315110985320;5;9;70;40;2020;6;16;5;3;0;1;0;1;0;0;0;0;0;433816,105100000280000;5635556,402599999700000;8,059460642000033;50,867899788000045;0
208652;5200611601220205202;5;3;15;0;2020;6;0;5;2;0;1;2;1;0;0;0;0;0;360992,382000000220000;5637675,531999999700000;7,024242432000051;50,874022886000034;0
208654;5200612608436838205;5;3;34;36;2020;6;14;6;3;5;3;0;1;1;0;0;0;0;297612,667700000110000;5635099,837200000900000;6,125852550000047;50,832178410000040;0
208655;5200611314110276480;5;9;66;24;2020;6;0;5;2;0;7;2;1;0;0;0;0;0;418722,375599999910000;5650867,323400000100000;7,841590692000068;51,003631447000032;0
208656;5200613600380459200;5;3;14;0;2020;6;22;7;3;1;5;2;1;1;0;0;0;0;369770,928500000390000;5617029,626599999100000;7,156257431000029;50,690499051000074;0
208657;5200612513210305206;5;1;62;24;2020;6;15;6;3;5;3;0;1;1;0;0;0;0;337264,412100000310000;5673192,311400000000000;6,671317938000072;51,186950654000043;0
208662;5200610518300282178;5;1;70;20;2020;6;17;4;3;0;3;0;1;1;0;0;0;0;330824,101099999620000;5708472,027699999500000;6,562481176000063;51,502029693000054;0
208663;5200612601620401203;5;3;15;0;2020;6;19;6;2;0;7;0;1;0;0;0;0;1;359202,774699999950000;5640544,940400000700000;6,997717105000049;50,899377589000039;0
208664;5200611313121924311;5;9;58;32;2020;6;15;5;3;0;7;0;1;1;0;0;0;0;443295,692499999890000;5689726,150299999900000;8,185643268000035;51,355970830000047;0
208666;5200612502324875278;5;1;13;0;2020;6;8;6;3;5;3;0;1;1;0;0;0;0;361726,414300000300000;5707394,116000000400000;7,007828291000067;51,500748950000059;0
208669;5200612506100331203;5;1;16;0;2020;6;10;6;3;0;1;0;1;0;0;0;0;0;320932,082999999630000;5674470,940999999600000;6,437210452000045;51,193554312000060;0
208670;5200613518320085956;5;1;70;52;2020;6;16;7;3;0;3;0;1;1;0;0;0;0;322570,736399999820000;5725556,805099999500000;6,435060094000050;51,652965541000071;0
208672;5200612303100779096;5;9;15;0;2020;6;16;6;3;5;3;0;1;1;0;0;0;0;418342,154400000350000;5726354,925799999400000;7,818854609000027;51,682217634000040;0
208673;5200610516700776154;5;1;58;8;2020;6;9;4;3;0;7;0;1;0;0;0;0;0;360094,972000000070000;5673045,347999999300000;6,997840215000053;51,191674588000069;0
208674;5200613314210334987;5;9;66;4;2020;6;20;7;3;3;1;0;1;1;0;0;0;0;423394,242700000290000;5664211,183000000200000;7,905336961000046;51,124244047000047;0
208675;5200613711111381091;5;5;70;52;2020;6;10;7;3;1;5;0;1;1;0;0;0;0;430833,616600000300000;5757007,490199999900000;7,993382712000027;51,959457267000062;0
208677;5200612601310877209;5;3;15;0;2020;6;12;6;3;5;3;0;1;0;0;0;0;0;352673,782300000080000;5645885,892400000200000;6,902775353000038;50,945745762000058;0
208680;5200613513210770608;5;1;62;24;2020;6;12;7;2;0;7;0;1;1;0;0;0;0;336717,676099999810000;5677292,808900000500000;6,661635527000044;51,223636452000051;0
208681;5200611701920620201;5;5;62;28;2020;6;21;5;3;5;3;0;1;1;0;0;0;0;378769,047600000170000;5723510,732599999800000;7,247675022000067;51,649508189000073;0
208682;5200610516610215203;5;1;58;4;2020;6;16;4;3;0;1;0;1;0;0;0;0;0;353917,918300000020000;5676612,889200000100000;6,908050643000024;51,222187643000041;0
208683;5200612709000076666;5;5;66;28;2020;6;8;6;3;5;2;0;1;1;0;0;0;0;412147,355200000110000;5793229,792899999800000;7,712145376000024;52,282403675000069;0
208686;5200612711213679152;5;5;70;4;2020;6;19;6;3;0;7;0;1;0;0;0;0;0;424752,953499999830000;5734477,023399999400000;7,909810588000028;51,756129037000051;0
208689;5200612601210967200;5;3;15;0;2020;6;14;6;3;5;3;0;1;1;0;0;0;0;353437,505099999720000;5643851,969900000800000;6,914457487000050;50,927662313000042;0
208690;5200611501126433205;5;1;12;0;2020;6;21;5;3;0;6;0;1;0;1;0;0;0;345524,470900000070000;5704155,379000000700000;6,775995420000072;51,467453705000082;0
208693;5200611608200533183;5;3;34;2;2020;6;12;5;3;0;1;0;1;0;0;0;0;0;295564,430100000460000;5628045,695200000000000;6,100730992000024;50,768103576000044;1
208694;5200610515110078358;5;1;54;40;2020;6;20;4;3;0;7;0;1;0;1;0;0;0;297627,459400000050000;5741637,879300000100000;6,065612829000031;51,788944404000063;0
208697;5200613601310275202;5;3;15;0;2020;6;9;7;3;0;1;0;1;0;0;0;0;0;350049,967899999580000;5644448,551500000100000;6,866043732000037;50,932152831000053;0