OBJECTID;UIDENTSTLAE;ULAND;UREGBEZ;UKREIS;UGEMEINDE;UJAHR;UMONAT;USTUNDE;UWOCHENTAG;UKATEGORIE;UART;UTYP1;ULICHTVERH;IstRad;IstPKW;IstFuss;IstKrad;IstGkfz;IstSonstige;LINREFX;LINREFY;XGCSWGS84;YGCSWGS84;STRZUSTAND
208698;5200610514217473595;5;1;66;36;2020;6;17;4;3;5;1;0;1;1;0;0;0;0;328691,545199999590000;5682244,026399999900000;6,544434955000043;51,265765561000080;0
208699;5200612515000685978;5;1;54;4;2020;6;11;6;3;0;7;0;1;0;0;0;0;0;303896,287800000050000;5738057,832599999400000;6,158409260000042;51,759026965000032;0
208701;5200613602700215180;5;3;62;28;2020;6;0;7;3;0;1;2;1;0;0;0;0;0;346196,564199999910000;5638079,928099999200000;6,813930577000065;50,873909155000035;0
208702;5200610514210882325;5;1;66;12;2020;6;17;4;3;5;3;0;1;1;0;0;0;0;320443,832299999890000;5694512,904500000200000;6,420157174000053;51,373437569000032;0
208705;5200613500300931207;5;1;11;0;2020;6;12;7;3;1;3;0;1;1;0;0;0;0;347906,577700000260000;5676347,676000000900000;6,822143909000033;51,218234678000044;0
208706;5200611600380014203;5;3;14;0;2020;6;0;5;2;5;3;2;1;0;0;0;0;0;370174,535899999550000;5614683,446200000100000;7,162792252000031;50,669500939000045;0
208709;5200612608200817204;5;3;34;2;2020;6;14;6;2;0;1;0;1;0;0;0;0;0;296549,373999999840000;5625561,952999999700000;6,116052783000043;50,746142116000044;0
208719;5200610505200071920;5;1;14;0;2020;6;17;4;3;0;2;0;1;1;0;0;0;0;330805,937199999580000;5688342,365599999200000;6,571823783000070;51,321184397000081;0
208720;5200612606110174414;5;3;78;4;2020;6;12;6;3;3;7;0;1;1;0;0;0;0;369017,931800000370000;5650557,398099999900000;7,133615801000076;50,991677649000053;0
208721;5200611301201465202;5;9;13;0;2020;6;11;5;3;2;6;0;1;1;0;0;0;0;393477,119900000280000;5709808,720699999500000;7,464342686000066;51,529329010000026;0
208723;5200613518100873951;5;1;70;48;2020;6;11;7;3;5;3;0;1;1;0;0;0;0;337894,274000000210000;5726334,776000000500000;6,656009242000039;51,664582215000053;0
208731;5200611500300086813;5;1;11;0;2020;6;14;5;3;0;1;0;1;0;0;0;0;0;344882,652900000100000;5675569,283399999100000;6,779214923000041;51,210426994000045;1
208734;5200610503200086712;5;1;24;0;2020;6;8;4;3;2;6;0;1;1;0;0;0;0;373648,632000000220000;5676485,801000000900000;7,190483632000053;51,225753882000049;0
208737;5200613514213385971;5;1;66;8;2020;6;12;7;3;5;3;0;1;1;0;0;0;0;314712,220700000410000;5690795,913699999500000;6,339835695000033;51,338209486000039;0
208739;5200610502408220209;5;1;17;0;2020;6;16;4;3;4;6;0;1;0;0;0;0;0;351960,828400000000000;5700032,773299999500000;6,870315033000054;51,432130024000060;0
208740;5200612711211676329;5;5;70;4;2020;6;16;6;3;5;3;0;1;1;0;0;0;0;423716,653300000350000;5735100,148700000700000;7,894662742000037;51,761590526000077;0
208741;5200613610211675594;5;3;70;36;2020;6;11;7;3;0;7;0;1;1;0;0;0;0;301555,010999999940000;5664345,638800000800000;6,165814860000069;51,096217509000041;1
208746;5200611601610502201;5;3;15;0;2020;6;22;5;3;8;1;1;1;0;0;0;0;0;358964,924399999900000;5641283,201899999800000;6,994051648000038;50,905954401000031;0
208747;5200610502248251954;5;1;13;0;2020;6;12;4;3;1;1;0;1;1;0;0;0;0;369349,039300000300000;5697227,991299999900000;7,121340916000065;51,411199925000062;0
208748;5200612610111014452;5;3;70;16;2020;6;14;6;3;5;3;0;1;1;0;0;0;0;299700,216000000010000;5659841,109999999400000;6,141855333000024;51,055116767000072;0
208752;5200612702100839947;5;5;15;0;2020;6;14;6;3;0;2;0;1;1;0;0;0;0;405967,692300000230000;5757182,086799999700000;7,631543944000043;51,957377561000044;0
208754;5200610502210571497;5;1;13;0;2020;6;12;4;3;1;7;0;1;1;0;0;0;0;359185,994699999690000;5701580,022700000600000;6,973568873000033;51,447875575000069;0
208755;5200612516130525200;5;1;58;32;2020;6;20;6;2;0;7;0;1;0;0;0;0;0;368644,451999999580000;5690671,506999999300000;7,113640000000032;51,352113844000030;0
208756;5200611406120487082;5;7;58;16;2020;6;0;5;3;8;1;2;1;0;0;0;0;0;475458,918999999760000;5777603,062699999700000;8,641334008000058;52,148386685000048;0
208758;5200613500200986876;5;1;11;0;2020;6;15;7;2;6;1;0;1;0;1;0;0;0;344961,577200000170000;5681395,515100000400000;6,777822176000029;51,262799288000053;0
208762;5200612608100677551;5;3;34;2;2020;6;21;6;2;0;1;2;1;0;0;0;0;0;293688,059200000020000;5629520,167700000100000;6,073330505000058;50,780681848000029;1
208764;5200612506100410204;5;1;16;0;2020;6;18;6;3;0;3;0;1;1;0;0;0;0;314451,092600000090000;5670106,764200000100000;6,346812675000024;51,152285434000078;0
208765;5200611300410399204;5;9;16;0;2020;6;18;5;3;5;3;0;1;1;0;0;0;0;374599,099499999550000;5709712,013900000600000;7,192362174000039;51,524583089000032;0
208766;5200613601200386637;5;3;15;0;2020;6;14;7;2;0;1;0;1;0;0;0;0;0;352778,673700000160000;5641558,902200000400000;6,906014611000046;50,906887637000068;0
208767;5200612513210571201;5;1;62;24;2020;6;17;6;3;5;3;0;1;1;0;0;0;0;339580,208100000400000;5674725,731000000600000;6,703742263000038;51,201383005000082;0
208768;5200612400100687023;5;7;11;0;2020;6;17;6;2;0;5;0;1;0;1;0;0;0;467161,821999999690000;5764780,844499999700000;8,521311829000069;52,032677424000042;0
208769;5200613405148206428;5;7;54;48;2020;6;16;7;3;0;1;0;1;0;0;0;0;0;441532,731300000100000;5765843,821200000100000;8,147565024000073;52,040123623000056;0
208770;5200611503100286752;5;1;24;0;2020;6;0;5;3;1;6;2;1;0;0;0;0;0;369861,092699999920000;5677317,708000000600000;7,135969332000059;51,232379561000073;0
208771;5200614307000285511;5;9;62;32;2020;6;23;1;2;0;1;2;1;0;0;0;0;0;402594,588200000110000;5676070,793600000400000;7,604988914000046;51,227697630000080;1
208772;5200610501131270208;5;1;12;0;2020;6;12;4;3;0;6;0;1;1;0;0;0;0;342106,652999999930000;5712198,458000000600000;6,723229788000026;51,538774565000040;0
208773;5200612602200685762;5;3;62;4;2020;6;2;6;3;8;6;2;1;1;0;0;0;0;329416,498999999840000;5652096,278899999300000;6,569086249000065;50,995131080000078;0
208775;5200612502339285429;5;1;13;0;2020;6;13;6;3;8;1;0;1;0;0;0;0;0;365926,440200000070000;5706074,095899999100000;7,068803976000027;51,489898299000060;0
208776;5200613516910586205;5;1;58;26;2020;6;12;7;3;0;7;0;1;0;0;0;0;0;352591,324599999930000;5662897,818499999100000;6,894686732000025;51,098600819000069;0
208777;5200612300612058798;5;9;16;0;2020;6;14;6;3;0;5;0;1;1;0;0;0;0;377248,928899999710000;5711205,499299999300000;7,230018702000052;51,538587804000031;0
208778;5200610500200470419;5;1;11;0;2020;6;14;4;3;0;1;0;1;0;0;0;0;0;346649,180999999870000;5680536,927899999500000;6,802359593000062;51,255540952000047;0
208781;5200610500200184209;5;1;11;0;2020;6;12;4;3;5;2;0;1;1;0;0;0;0;346256,764700000170000;5678981,703900000100000;6,797408390000044;51,241460872000061;0
208782;5200612310110285312;5;9;54;16;2020;6;18;6;3;5;3;0;1;1;0;0;0;0;374406,764499999580000;5695471,169500000800000;7,194649464000065;51,396553489000041;0
208786;5200610407201787159;5;7;62;4;2020;6;13;4;3;0;6;0;1;0;1;0;0;0;501668,058199999850000;5730270,280099999200000;9,024149238000064;51,723357774000078;0
208788;5200612500300871209;5;1;11;0;2020;6;21;6;3;0;1;2;1;0;0;0;0;0;348984,327999999750000;5674429,323000000800000;6,838372152000034;51,201282880000065;0
208790;5200611705000287223;5;5;54;4;2020;6;17;5;3;7;1;0;1;0;0;0;0;0;363891,584200000390000;5771959,912100000300000;7,013668851000034;52,081458870000063;0
208791;5200610405228374499;5;7;54;28;2020;6;10;4;3;5;3;0;1;1;0;0;0;0;452833,132000000220000;5741923,603000000100000;8,315586827000061;51,826147545000026;1
208792;5200612709110870516;5;5;66;12;2020;6;10;6;2;5;2;0;1;1;0;0;0;0;404678,440000000410000;5772167,677100000900000;7,608613084000069;52,091852661000075;0
208795;5200612600110223209;5;3;14;0;2020;6;10;6;3;1;5;0;1;1;0;0;0;0;364096,587700000030000;5621326,978099999900000;7,074387075000061;50,727825136000035;0
208796;5200613702100074709;5;5;15;0;2020;6;12;7;3;9;1;0;1;1;0;0;0;0;404192,587799999860000;5761636,396400000900000;7,604475339000032;51,997111341000050;0
208798;5200612601220113206;5;3;15;0;2020;6;20;6;3;4;6;0;1;1;0;0;0;0;357419,727500000040000;5641048,575500000300000;6,972180515000048;50,903466257000048;0
208800;5200613505100324205;5;1;14;0;2020;6;3;7;2;0;7;2;1;0;0;0;0;0;330516,875900000330000;5688806,815700000200000;6,567458505000047;51,325270925000041;1
208803;5200612702100339947;5;5;15;0;2020;6;19;6;3;0;4;0;1;0;1;0;0;0;406135,716000000010000;5757123,527000000700000;7,634004448000042;51,956879586000071;0
208805;5200610317210575439;5;9;78;20;2020;6;14;4;3;0;1;0;1;0;0;0;0;0;406401,035400000400000;5716884,948499999900000;7,648712860000046;51,595228590000033;0
208806;5200612515000986049;5;1;54;16;2020;6;21;6;3;0;1;1;1;0;0;0;0;0;303392,599899999800000;5729727,855299999900000;6,155821597000056;51,684044859000039;0
208808;5200613411108037622;5;7;74;8;2020;6;14;7;3;0;1;0;1;0;0;0;0;0;487479,897800000380000;5736848,565199999100000;8,818504335000057;51,782367760000056;0
208811;5200613500300988205;5;1;11;0;2020;6;20;7;3;0;1;1;1;0;0;0;0;0;349633,821999999690000;5674709,345000000700000;6,847544593000066;51,203970427000058;0
208812;5200611601210400201;5;3;15;0;2020;6;16;5;2;8;6;0;1;1;0;0;0;0;359848,977400000210000;5639239,740100000100000;7,007401607000077;50,887804669000047;0
208813;5200614508000154837;5;1;19;0;2020;6;18;1;3;5;1;0;1;1;0;0;0;0;348778,982200000440000;5709457,717800000700000;6,820542612000054;51,515975478000030;1
208814;5200610316300587437;5;9;74;28;2020;6;14;4;3;5;3;0;1;0;0;0;0;0;454059,445899999700000;5724158,815199999100000;8,335726702000045;51,666531127000042;0
208815;5200612608324809201;5;3;34;24;2020;6;15;6;3;8;1;0;1;0;0;0;0;0;303519,633899999780000;5618045,548499999600000;6,218732080000052;50,681027767000046;0
208819;5200612513210244209;5;1;62;24;2020;6;9;6;3;0;1;0;1;0;0;0;0;0;339013,949500000100000;5674144,301200000600000;6,695904565000035;51,195999628000038;0
208820;5200611405108378039;5;7;54;8;2020;6;12;5;3;5;3;0;1;1;0;0;0;0;455038,169499999840000;5755732,684000000400000;8,345780510000054;51,950480531000039;0
208821;5200612317220018902;5;9;78;4;2020;6;19;6;3;1;5;0;1;1;0;0;0;0;402370,206799999810000;5718688,862299999200000;7,590036198000064;51,610759500000029;0
208826;5200615518100544090;5;1;70;48;2020;6;14;2;3;5;3;0;1;1;0;0;0;0;334767,718999999580000;5727583,781999999700000;6,610251643000026;51,674892290000059;0
208829;5200618310130679520;5;9;54;20;2020;6;18;5;3;5;3;0;1;1;0;0;0;0;390911,703599999660000;5698621,421900000400000;7,430829057000040;51,428283522000072;0
208830;5200617600140224201;5;3;14;0;2020;6;14;4;3;0;1;0;1;0;0;0;0;0;367475,484799999740000;5621377,786399999600000;7,122216564000041;50,729062425000052;0
208832;5200615515211286195;5;1;54;16;2020;6;12;2;3;0;2;0;1;0;0;1;0;0;302879,519999999550000;5729604,095400000000000;6,148479004000024;51,682753618000049;0
208834;5200615515210085983;5;1;54;12;2020;6;19;2;3;1;1;0;1;1;0;0;0;0;313950,026100000370000;5710432,922700000900000;6,318595139000024;51,514340693000065;0
208836;5200615514210974763;5;1;66;12;2020;6;13;2;3;0;1;0;1;0;0;0;0;0;321271,523099999870000;5694608,220799999300000;6,431988549000039;51,374554895000074;0
208838;5200617515211069477;5;1;54;16;2020;6;13;4;3;8;1;0;1;0;0;0;0;0;303500,548799999990000;5729131,909299999500000;6,157716515000061;51,678730818000076;0
208839;5200617514110645201;5;1;66;32;2020;6;19;4;2;5;3;0;1;1;0;0;0;0;318062,937599999830000;5680679,135199999400000;6,393042663000074;51,248415451000028;0
208840;5200617514110475579;5;1;66;32;2020;6;15;4;3;5;3;0;1;0;0;0;0;0;317760,992600000460000;5682137,294600000600000;6,387978351000072;51,261417352000080;0
208841;5200617513310471778;5;1;62;8;2020;6;17;4;3;0;1;0;1;0;0;0;0;0;332458,751000000160000;5666550,419999999900000;6,605706615000031;51,125888997000061;1
208842;5200617513310071778;5;1;62;8;2020;6;17;4;3;0;1;0;1;0;0;0;0;0;332461,821999999690000;5666556,661100000100000;6,605747561000044;51,125945968000053;0
208843;5200617513110762203;5;1;62;16;2020;6;9;4;3;5;3;0;1;0;0;0;0;0;330713,468999999580000;5676058,073999999100000;6,576313266000057;51,210794600000042;0
208847;5200615513130286874;5;1;62;22;2020;6;12;2;3;1;3;0;1;1;0;0;0;0;337550,658599999730000;5685836,468900000700000;6,669673721000038;51,300636006000047;0
208848;5200618500200186939;5;1;11;0;2020;6;13;5;3;5;3;0;1;1;0;0;0;0;345894,690000000410000;5677618,196000000500000;6,792811851000067;51,229111441000043;0
208849;5200617505100656202;5;1;14;0;2020;6;22;4;3;5;3;2;1;1;0;0;0;0;330164,450000000190000;5689393,672000000300000;6,562125446000039;51,330438036000032;1
208855;5200617610221254029;5;3;70;20;2020;6;13;4;3;5;3;0;1;1;0;0;0;0;304912,178899999710000;5660148,780400000500000;6,215965500000038;51,059674229000052;0
208856;5200615506100322168;5;1;16;0;2020;6;8;2;3;5;3;0;1;1;0;0;0;0;314999,289099999700000;5675100,203500000800000;6,352072754000062;51,197317097000052;0
208857;5200618404302174486;5;7;66;8;2020;6;12;5;3;0;5;0;1;0;0;0;0;1;483243,694500000220000;5770574,302799999700000;8,755452562000073;52,085484319000045;1
208859;5200615506100170283;5;1;16;0;2020;6;17;2;3;5;2;0;1;1;0;0;0;0;321741,126799999740000;5670758,907700000300000;6,450617933000046;51,160460888000046;0
208860;5200617500300049208;5;1;11;0;2020;6;16;4;3;5;3;0;1;1;0;0;0;0;343864,898299999540000;5675198,656700000200000;6,764817072000028;51,206819464000034;0
208861;5200615503200376284;5;1;24;0;2020;6;14;2;2;2;6;2;1;0;1;0;0;0;373463,235999999570000;5681609,234999999400000;7,186018651000040;51,271760234000055;0
208865;5200617411224587071;5;7;74;24;2020;6;11;4;3;5;2;0;1;1;0;0;0;0;476564,127000000330000;5741043,687000000800000;8,659984296000062;51,819735804000061;0
208866;5200617407140031662;5;7;62;16;2020;6;11;4;3;1;5;0;1;0;0;0;0;1;512694,120000000110000;5729518,933000000200000;9,183750672000031;51,716460937000079;0
208868;5200617405112587051;5;7;54;12;2020;6;17;4;3;0;3;0;1;1;0;0;0;0;456116,950899999590000;5767995,031500000500000;8,359905477000041;52,060809977000076;1
208869;5200617610121763883;5;3;70;12;2020;6;20;4;3;0;1;1;1;0;0;0;0;0;297705,810700000260000;5651429,583499999700000;6,118125357000054;50,978873271000055;1
208870;5200618316100581575;5;9;74;40;2020;6;12;5;3;0;1;0;1;1;0;0;0;0;438172,235299999830000;5713677,903999999200000;8,107882831000040;51,570779327000082;0
208871;5200617405108882114;5;7;54;8;2020;6;15;4;3;5;3;0;1;1;0;0;0;0;458195,923999999650000;5748955,343000000300000;8,392547641000022;51,889794659000074;1
208874;5200617404302353229;5;7;66;8;2020;6;4;4;2;9;1;1;1;0;0;0;0;0;482700,202399999830000;5770482,390000000600000;8,747525391000067;52,084641234000060;0
208875;5200617400200937701;5;7;11;0;2020;6;7;4;3;5;2;0;1;1;0;0;0;0;467559,143000000160000;5763308,050799999400000;8,527243077000037;52,019459494000046;0
208876;5200617400200929606;5;7;11;0;2020;6;16;4;3;0;2;0;1;1;0;0;0;0;467999,481800000180000;5763114,214500000700000;8,533677973000067;52,017742356000042;1
208877;5200615502210974729;5;1;13;0;2020;6;17;2;3;0;1;0;1;0;0;0;0;0;361223,585099999790000;5699646,179600000400000;7,003630270000031;51,431000369000060;0
208878;5200617400100776179;5;7;11;0;2020;6;9;4;3;3;2;0;1;1;0;0;0;0;468415,364000000060000;5765344,497999999700000;8,539532232000056;52,037817831000041;0
208881;5200617313121779616;5;9;58;32;2020;6;8;4;3;0;7;0;1;0;0;0;0;0;454044,074599999930000;5690951,339299999200000;8,339835100000073;51,367958135000038;0
208885;5200617307100391208;5;9;62;24;2020;6;16;4;2;5;3;0;1;1;0;0;0;0;408749,965099999680000;5694420,199699999800000;7,688423772000022;51,393670122000060;1
208886;5200615502105486169;5;1;13;0;2020;6;11;2;3;7;7;0;1;0;0;0;0;0;361672,041299999690000;5701291,401799999200000;7,009434560000045;51,445894637000038;0
208890;5200617301202515205;5;9;13;0;2020;6;15;4;2;0;1;0;1;0;0;0;0;0;394190,625000000000000;5711919,570399999600000;7,473990255000047;51,548436494000043;0
208892;5200618505200875930;5;1;14;0;2020;6;9;5;3;0;1;0;1;0;0;0;0;0;330491,198499999940000;5689479,196699999300000;6,566770464000058;51,331303862000027;0
208895;5200616709500442564;5;5;66;76;2020;6;11;3;3;4;6;0;1;1;0;0;0;0;396189,653800000440000;5793839,263100000100000;7,478112211000052;52,285099015000071;0
208896;5200616705000787403;5;5;54;8;2020;6;15;3;3;5;2;0;1;1;0;0;0;0;336668,128299999980000;5745688,987400000900000;6,629204997000045;51,838098979000051;1
208901;5200616705000579162;5;5;54;12;2020;6;12;3;2;3;7;0;1;1;0;0;0;0;352357,337700000030000;5747644,871200000900000;6,855920620000063;51,860040590000040;0
208902;5200616705000281131;5;5;54;12;2020;6;9;3;3;6;7;0;1;0;1;0;0;0;350934,753899999890000;5744723,416999999400000;6,836536925000075;51,833413802000052;1
208903;5200616702100565831;5;5;15;0;2020;6;16;3;3;5;7;0;1;1;0;0;0;0;406904,562400000170000;5761551,865199999900000;7,643988612000044;51,996812847000058;0
208906;5200616701800623204;5;5;62;4;2020;6;18;3;3;5;3;0;1;1;0;0;0;0;382701,003899999890000;5715657,299300000100000;7,307110623000028;51,579758643000048;0
208907;5200615500300380204;5;1;11;0;2020;6;16;2;3;5;3;0;1;1;0;0;0;0;348300,698099999690000;5674808,588899999900000;6,828433926000059;51,204509743000074;0
208909;5200615500200411208;5;1;11;0;2020;6;18;2;3;5;3;0;1;1;0;0;0;0;343293,392799999560000;5687601,435000000500000;6,751208186000042;51,318104143000028;0
208913;5200616609108077543;5;3;58;8;2020;6;6;3;3;5;3;0;1;1;0;0;0;0;324203,729000000280000;5630130,228000000100000;6,505447484000058;50,796217379000041;1
208920;5200616608100498206;5;3;34;2;2020;6;14;3;3;5;2;0;1;1;0;0;0;0;294437,756400000300000;5628626,072399999900000;6,084450453000045;50,772918008000033;0
208924;5200618300110172201;5;9;11;0;2020;6;14;5;3;1;5;0;1;1;0;0;0;0;375680,547399999570000;5704684,387099999900000;7,209714798000050;51,479637267000044;0
208926;5200616607000774786;5;3;82;60;2020;6;7;3;3;5;3;0;1;1;0;0;0;0;373527,187699999660000;5629240,656999999700000;7,205216570000061;50,801086550000036;1
208927;5200615500100351200;5;1;11;0;2020;6;12;2;3;3;2;0;1;1;0;0;0;0;346625,856100000440000;5676151,803400000600000;6,803903164000076;51,216132060000064;0
208928;5200616602400069736;5;3;62;32;2020;6;19;3;3;4;6;0;1;1;0;0;0;0;341760,482200000440000;5635528,761299999400000;6,752033041000061;50,849787467000056;0
208930;5200617711312374737;5;5;70;8;2020;6;16;4;3;0;7;0;1;0;0;0;0;0;436287,995500000190000;5734386,316400000800000;8,076922959000058;51,756744631000061;1
208931;5200616601620171204;5;3;15;0;2020;6;8;3;3;0;2;0;1;1;0;0;0;0;365850,574699999760000;5636341,454900000200000;7,093741075000025;50,863180656000054;1
208932;5200616601610672203;5;3;15;0;2020;6;16;3;3;6;4;0;1;0;1;0;0;0;359596,889000000430000;5645398,534900000300000;7,001449643000058;50,943093540000064;1
208935;5200616601520883200;5;3;15;0;2020;6;2;3;2;0;1;2;1;0;0;0;0;0;353544,388000000270000;5643316,384999999800000;6,916192447000071;50,922876338000037;1
208937;5200615411132782000;5;7;74;32;2020;6;12;2;3;5;2;0;1;1;0;0;0;0;481929,725599999540000;5729150,087999999500000;8,738447977000021;51,712997083000062;1
208941;5200615404101676083;5;7;66;20;2020;6;15;2;3;5;3;0;1;1;0;0;0;0;486153,063000000080000;5755576,399000000200000;8,798519285000054;51,950720475000026;1
208943;5200616601410129201;5;3;15;0;2020;6;8;3;3;5;3;0;1;1;0;0;0;0;351746,357400000100000;5645747,880500000000000;6,889638957000045;50,944267771000057;1
208944;5200617702100676712;5;5;15;0;2020;6;9;4;3;0;3;0;1;0;0;0;0;1;404738,126899999570000;5755653,516899999200000;7,614079333000063;51,943428877000031;1
208945;5200616601400486536;5;3;15;0;2020;6;16;3;3;0;3;0;1;0;0;0;0;1;356861,572100000460000;5649907,565899999800000;6,960766314000068;50,982942984000033;1
208947;5200616601220736207;5;3;15;0;2020;6;18;3;3;8;1;0;1;0;0;0;0;0;356764,525899999770000;5642280,716600000900000;6,962384750000069;50,914377274000060;1
208948;5200615400200487146;5;7;11;0;2020;6;7;2;2;5;2;0;1;1;0;0;0;0;472458,797000000250000;5762442,264000000400000;8,598712763000037;52,011940320000065;1
208950;5200616601110779208;5;3;15;0;2020;6;20;3;3;3;6;1;1;1;0;0;0;0;355216,740299999710000;5645703,099300000800000;6,939022383000065;50,944747303000042;0
208951;5200615400100487113;5;7;11;0;2020;6;11;2;3;0;5;0;1;1;0;0;0;0;469486,738599999810000;5765414,350099999500000;8,555144893000033;52,038505844000042;1
208952;5200616601100969790;5;3;15;0;2020;6;19;3;3;5;3;0;1;1;0;0;0;0;355486,379099999550000;5645673,338099999400000;6,942869829000074;50,944547498000077;0
208954;5200618500200306203;5;1;11;0;2020;6;14;5;3;5;2;0;1;1;0;0;0;0;345051,075600000100000;5681413,376700000800000;6,779096192000054;51,262984114000062;0
208955;5200616600380852205;5;3;14;0;2020;6;6;3;3;5;3;0;1;1;0;0;0;0;369192,985799999910000;5618647,495500000200000;7,147506699000076;50,704911214000049;1
208957;5200616600120036206;5;3;82;24;2020;6;16;3;2;5;3;0;1;1;0;0;0;0;371144,894000000320000;5617518,729000000300000;7,175528454000073;50,695201276000034;1
208958;5200616600110881175;5;3;14;0;2020;6;9;3;3;0;7;0;1;0;0;0;0;0;366018,714700000360000;5621465,471500000000000;7,101555269000073;50,729516384000078;1
208959;5200616518310086003;5;1;70;32;2020;6;14;3;3;5;3;0;1;1;0;0;0;0;333838,318699999710000;5713098,343900000700000;6,603687700000023;51,544485831000031;1
208961;5200616518200678982;5;1;70;24;2020;6;13;3;3;3;6;0;1;0;0;0;0;1;337665,529299999590000;5701837,693399999300000;6,664011570000071;51,444431259000055;1
208964;5200618405108570335;5;7;54;8;2020;6;15;5;3;0;1;0;1;0;0;0;0;0;460310,034400000240000;5754191,820000000300000;8,422662455000022;51,937028467000061;1
208965;5200616518200072018;5;1;70;24;2020;6;8;3;3;5;3;0;1;1;0;0;0;0;336837,221199999560000;5703588,745999999300000;6,651295419000064;51,459925139000063;1
208966;5200616518100985915;5;1;70;48;2020;6;11;3;3;5;3;0;1;1;0;0;0;0;332683,110799999910000;5722678,084100000600000;6,582477767000057;51,630205084000067;1
208967;5200615315210478636;5;9;70;24;2020;6;13;2;3;0;1;0;1;0;1;0;0;0;429126,049899999980000;5645675,836600000000000;7,990855070000066;50,958330021000052;0
208969;5200616516800883423;5;1;58;20;2020;6;8;3;3;2;6;0;1;1;0;0;0;0;356317,266400000080000;5666048,472400000300000;6,946609189000071;51,127860118000058;1
208970;5200616516340023205;5;1;58;28;2020;6;8;3;3;5;3;0;1;1;0;0;0;0;349222,829800000410000;5689544,126800000700000;6,835409079000044;51,337162664000061;1
208971;5200616516324578874;5;1;58;28;2020;6;13;3;3;0;3;0;1;1;0;0;0;0;349602,543700000270000;5685205,565400000700000;6,842686359000027;51,298278555000081;1
208972;5200616515210076030;5;1;54;12;2020;6;9;3;3;0;3;0;1;1;0;0;0;0;314227,675099999640000;5710876,686200000300000;6,322358127000030;51,518417876000058;1
208976;5200618316100673356;5;9;74;40;2020;6;19;5;2;0;3;0;1;1;0;0;0;0;440113,419499999840000;5712269,598999999500000;8,136128811000049;51,558327363000046;1
208978;5200616515110608200;5;1;54;36;2020;6;17;3;3;0;3;0;1;1;0;0;0;0;300544,202399999830000;5739618,643899999600000;6,109006926000063;51,771859303000042;0
208979;5200617702100087294;5;5;15;0;2020;6;14;4;3;0;3;0;1;1;0;0;0;0;406980,557699999770000;5757042,762199999800000;7,646317468000063;51,956295598000054;0
208980;5200616515110060533;5;1;54;36;2020;6;16;3;3;5;3;0;1;1;0;0;0;0;302336,667000000370000;5739758,000000000000000;6,134873134000031;51,773746411000047;0
208981;5200616513210701208;5;1;62;24;2020;6;17;3;3;5;3;0;1;1;0;0;0;0;336758,993900000120000;5670480,859200000800000;6,665323320000027;51,162444809000078;0
208984;5200615301401612207;5;9;13;0;2020;6;17;2;3;0;3;0;1;1;0;0;0;0;396396,469300000000000;5706683,951199999100000;7,507331600000043;51,501784786000030;0
208986;5200617602700117205;5;3;62;28;2020;6;15;4;3;2;6;0;1;0;0;0;0;0;350068,617399999870000;5637548,877499999500000;6,869142117000024;50,870154310000032;0
208988;5200616503100686768;5;1;24;0;2020;6;7;3;2;5;2;0;1;1;0;0;0;0;373155,109000000170000;5683110,358999999200000;7,181070955000052;51,285183135000068;1
208993;5200616502230874529;5;1;13;0;2020;6;18;3;3;1;7;0;1;1;0;0;0;0;362479,838700000200000;5694322,998199999300000;7,023754432000033;51,383469818000037;0
208996;5200616501319085960;5;1;12;0;2020;6;13;3;3;5;3;0;1;1;0;0;0;0;343825,134999999780000;5697220,728000000100000;6,754608354000027;51,404680120000080;1
208997;5200617702100055355;5;5;15;0;2020;6;8;4;3;8;7;0;1;0;0;0;0;0;402574,984299999660000;5757576,802699999900000;7,582073835000074;51,960341307000078;1
208999;5200614705000581000;5;5;54;8;2020;6;17;1;3;5;3;0;1;0;0;0;0;0;335593,405600000170000;5746172,989900000400000;6,613389724000058;51,842131642000027;1
209002;5200616500300523209;5;1;11;0;2020;6;7;3;3;0;1;0;1;0;0;0;0;0;345250,484100000000000;5675775,142100000800000;6,784388056000068;51,212376510000070;1
209005;5200614702100765837;5;5;15;0;2020;6;13;1;3;5;3;0;1;0;0;0;0;0;407290,508399999700000;5757990,669199999400000;7,650570879000043;51,964867644000037;0
209013;5200614609152205941;5;3;58;52;2020;6;13;1;3;1;5;0;1;0;0;0;1;0;335013,997200000100000;5631291,711200000700000;6,658182271000044;50,809831836000058;0
209014;5200616410110039386;5;7;70;24;2020;6;17;3;3;5;3;0;1;1;0;0;0;0;493205,332000000400000;5793448,336999999400000;8,900377234000075;52,291348826000046;0
209015;5200616405228072815;5;7;54;28;2020;6;17;3;3;4;6;0;1;1;0;0;0;0;451988,180900000040000;5740859,659099999800000;8,303474690000030;51,816510106000067;0
209021;5200616400100103675;5;7;11;0;2020;6;18;3;3;3;2;0;1;0;0;0;0;1;468417,643000000160000;5765348,866000000400000;8,539565052000057;52,037857231000032;0
209022;5200617701910009224;5;5;62;8;2020;6;18;4;3;1;6;0;1;0;0;0;0;0;386110,545599999840000;5724071,556099999700000;7,353560856000058;51,656083879000050;0