OBJECTID;UIDENTSTLAE;ULAND;UREGBEZ;UKREIS;UGEMEINDE;UJAHR;UMONAT;USTUNDE;UWOCHENTAG;UKATEGORIE;UART;UTYP1;ULICHTVERH;IstRad;IstPKW;IstFuss;IstKrad;IstGkfz;IstSonstige;LINREFX;LINREFY;XGCSWGS84;YGCSWGS84;STRZUSTAND
209023;5200616317110680590;5;9;78;36;2020;6;16;3;3;4;6;0;1;1;0;0;0;0;408968,716400000270000;5710228,702400000800000;7,687495967000075;51,535814660000028;0
209027;5200616301201045208;5;9;13;0;2020;6;17;3;3;1;5;0;1;1;0;0;0;0;392870,655600000170000;5708836,212099999200000;7,455898922000074;51,520472952000034;1
209028;5200617602500167200;5;3;62;24;2020;6;13;4;3;4;6;0;1;0;0;0;0;0;344759,115000000220000;5644248,108999999200000;6,790893173000029;50,928951952000034;0
209029;5200618315240835560;5;9;70;20;2020;6;12;5;3;0;7;0;1;0;0;0;0;0;434826,322700000370000;5647525,090500000900000;8,071675640000024;50,975630347000049;0
209031;5200617602300142203;5;3;62;36;2020;6;19;4;3;5;3;1;1;1;0;0;0;0;343260,231200000270000;5654717,781500000500000;6,765067585000054;51,022624016000066;0
209033;5200616300420565202;5;9;16;0;2020;6;18;3;3;3;6;0;1;0;0;0;0;0;371985,675999999980000;5711339,934000000400000;7,154119035000065;51,538626874000045;0
209034;5200615711214053519;5;5;70;4;2020;6;16;2;3;0;1;0;1;0;0;0;0;0;423156,811499999840000;5733598,322200000300000;7,886884346000045;51,748013103000062;0
209037;5200614601510679206;5;3;15;0;2020;6;14;1;3;6;7;0;1;0;1;0;0;0;361870,236700000240000;5650395,882600000100000;7,031891199000029;50,988555081000072;0
209038;5200615706000772192;5;5;58;16;2020;6;11;2;3;5;3;0;1;0;0;0;0;0;381400,512000000100000;5743749,439999999500000;7,278793430000064;51,831961028000080;0
209039;5200617601620547206;5;3;15;0;2020;6;15;4;3;5;3;0;1;0;0;0;0;0;364048,924100000410000;5633630,835699999700000;7,069161512000051;50,838397819000079;0
209040;5200615705000687399;5;5;54;8;2020;6;14;2;3;2;2;0;1;0;0;0;0;0;335276,730999999680000;5745776,254000000700000;6,608985938000046;51,838474298000051;0
209041;5200615705000687229;5;5;54;56;2020;6;15;2;3;0;5;0;1;1;0;0;0;0;356528,734400000420000;5762362,371400000500000;6,910319172000072;51,993366889000072;0
209042;5200615702100765831;5;5;15;0;2020;6;17;2;3;4;3;0;1;1;0;0;0;0;404511,028699999680000;5758929,519999999600000;7,609865833000072;51,972835892000035;0
209044;5200615701400917202;5;5;12;0;2020;6;17;2;2;0;7;0;1;0;1;0;0;0;352612,211699999870000;5715239,611600000400000;6,873325818000069;51,568941575000053;0
209046;5200614601310742202;5;3;15;0;2020;6;16;1;3;0;7;0;1;0;0;0;0;0;353872,606499999760000;5647236,696900000800000;6,919286652000039;50,958190074000072;1
209047;5200615701200925205;5;5;62;20;2020;6;14;2;3;5;3;0;1;0;1;0;0;0;368258,572800000200000;5718959,707900000700000;7,097550764000062;51,606245658000034;0
209048;5200614601300376503;5;3;15;0;2020;6;10;1;3;3;2;0;1;1;0;0;0;0;352768,498999999840000;5645466,228000000100000;6,904292339000051;50,941998618000071;0
209049;5200615701110363209;5;5;62;32;2020;6;10;2;3;5;3;0;1;1;0;0;0;0;375185,924300000070000;5717990,888000000300000;7,197877172000062;51,599116886000047;0
209050;5200614601200786481;5;3;15;0;2020;6;12;1;3;5;3;0;1;0;0;0;0;0;354060,022099999710000;5643191,577500000600000;6,923573806000036;50,921885386000042;0
209053;5200615608312347200;5;3;34;12;2020;6;10;2;3;4;7;0;1;0;0;0;0;1;307784,898000000040000;5633033,383999999600000;6,271214002000022;50,817083454000056;0
209054;5200615608100059203;5;3;34;2;2020;6;7;2;3;5;3;0;1;1;0;0;0;0;294633,425599999730000;5625620,261499999100000;6,088898615000062;50,745991372000049;1
209055;5200615603116281242;5;3;66;16;2020;6;13;2;3;0;7;0;1;0;0;0;0;0;343345,347799999640000;5614824,470000000700000;6,783339876000071;50,664167725000027;0
209057;5200615602500717204;5;3;62;24;2020;6;14;2;3;8;1;0;1;1;0;0;0;0;345224,730600000360000;5641986,806099999700000;6,798473234000028;50,908757049000030;0
209060;5200615602300750205;5;3;62;36;2020;6;14;2;3;4;7;0;1;1;0;0;0;0;347229,491299999880000;5654883,184200000000000;6,821550722000040;51,025178728000071;0
209064;5200615601610650206;5;3;15;0;2020;6;13;2;3;0;7;0;1;0;0;0;0;0;359359,814899999650000;5644335,272199999500000;6,998487665000027;50,933480107000037;0
209066;5200615601520312204;5;3;15;0;2020;6;11;2;2;5;3;0;1;1;0;0;0;0;364428,884700000290000;5649479,970300000200000;7,068666825000037;50,980931720000058;0
209067;5200614518100254586;5;1;70;48;2020;6;12;1;3;0;1;0;1;0;0;0;0;0;339197,714599999600000;5724623,038599999600000;6,675627010000028;51,649578308000059;0
209068;5200615601310789202;5;3;15;0;2020;6;18;2;3;6;7;0;1;0;1;0;0;0;352923,316999999810000;5645845,706000000200000;6,906341230000066;50,945448339000052;0
209069;5200614516500655205;5;1;58;16;2020;6;15;1;3;0;1;0;1;0;0;0;0;0;356452,730399999770000;5670062,110700000100000;6,946943619000024;51,163962646000073;0
209070;5200618405140278186;5;7;54;40;2020;6;14;5;3;5;3;0;1;1;0;0;0;0;459771,434799999930000;5762293,498400000900000;8,413878696000040;52,009828165000044;0
209071;5200615601310671207;5;3;15;0;2020;6;15;2;3;2;6;0;1;0;0;0;0;0;352534,375400000250000;5646823,130400000100000;6,900412705000065;50,954132642000047;0
209072;5200615601300681556;5;3;15;0;2020;6;12;2;3;0;7;0;1;0;1;0;0;0;352669,729799999860000;5646998,002000000300000;6,902267695000035;50,955738750000080;0
209073;5200615601220803202;5;3;15;0;2020;6;19;2;3;4;6;0;1;0;0;0;0;1;359712,648000000040000;5637043,506300000500000;7,006307317000051;50,868033503000049;0
209075;5200615601210373209;5;3;15;0;2020;6;11;2;3;2;6;0;1;0;0;0;0;1;353820,517400000240000;5641468,902499999900000;6,920858730000020;50,906343586000048;0
209076;5200615601200865721;5;3;15;0;2020;6;18;2;3;8;1;0;1;1;0;0;0;0;355285,689600000160000;5641956,522500000900000;6,941490385000066;50,911094885000068;0
209078;5200614515210585983;5;1;54;20;2020;6;13;1;2;8;7;0;1;0;0;0;0;0;321486,535000000150000;5712438,270999999700000;6,426077047000035;51,534785387000056;0
209079;5200615601110827200;5;3;15;0;2020;6;20;2;3;1;5;1;1;0;0;0;0;1;356392,085400000210000;5644425,978099999900000;6,956245290000027;50,933563958000036;0
209080;5200617601610651205;5;3;15;0;2020;6;19;4;3;5;2;0;1;1;0;0;0;0;359597,972000000070000;5645322,593000000300000;7,001494320000063;50,942411305000064;0
209081;5200618316300436209;5;9;74;28;2020;6;19;5;3;5;4;0;1;0;0;0;0;1;452319,865399999540000;5723402,646700000400000;8,310678497000026;51,659587611000063;0
209082;5200617701620294205;5;5;62;12;2020;6;16;4;3;0;7;0;1;0;1;0;0;0;363735,942300000230000;5731595,663599999600000;7,027354834000050;51,718718127000045;0
209087;5200614515111685927;5;1;54;44;2020;6;18;1;3;0;3;0;1;1;0;0;0;0;321323,690999999640000;5738780,760999999900000;6,410273125000060;51,771351278000054;1
209088;5200618300310180204;5;9;11;0;2020;6;13;5;3;5;3;0;1;1;0;0;0;0;382421,356599999590000;5706165,682099999900000;7,306246820000069;51,494392274000063;0
209092;5200619709100814201;5;5;66;64;2020;6;16;6;3;5;3;0;1;1;0;0;0;0;395116,186200000350000;5771295,833300000100000;7,469354698000075;52,082287227000052;0
209093;5200621705000081035;5;5;54;40;2020;6;3;1;2;6;7;2;1;0;1;0;0;0;351973,564299999740000;5736657,798200000100000;6,855045053000026;51,761220845000082;0
209094;5200621501134554204;5;1;12;0;2020;6;18;1;3;6;7;0;1;0;1;0;0;0;343880,919499999840000;5710411,361800000100000;6,749584974000072;51,523211468000056;0
209097;5200619303100566123;5;9;15;0;2020;6;17;6;3;2;6;0;1;1;0;0;0;0;414263,957299999890000;5728122,897700000600000;7,759445369000048;51,697502666000048;0
209100;5200620500300915207;5;1;11;0;2020;6;10;7;3;5;3;0;1;1;0;0;0;0;348138,544300000180000;5671227,203099999600000;6,827628685000036;51,172285274000046;0
209101;5200619610212048892;5;3;70;40;2020;6;15;6;3;0;1;0;1;0;0;0;0;0;301787,956799999810000;5670526,974600000300000;6,165739328000029;51,151814559000059;0
209102;5200621601700122203;5;3;16;0;2020;6;10;1;3;1;5;0;1;1;0;0;0;0;359107,323599999770000;5656909,365100000100000;6,990019981000046;51,046421736000070;0
209103;5200621405108686990;5;7;54;8;2020;6;6;1;3;0;6;0;1;0;0;0;0;0;457235,867399999870000;5750282,519799999900000;8,378433374000053;51,901653928000030;0
209104;5200619503100565520;5;1;24;0;2020;6;6;6;3;1;5;0;1;1;0;0;0;0;369327,450000000190000;5679560,141300000300000;7,127511752000032;51,252411080000059;0
209105;5200619702100068134;5;5;15;0;2020;6;8;6;3;0;2;0;1;0;0;0;1;0;402433,170900000260000;5758366,702400000800000;7,579786150000075;51,967416256000035;0
209106;5200621607500037160;5;3;82;56;2020;6;12;1;3;0;7;0;1;0;0;0;0;0;371581,525000000370000;5625595,336999999400000;7,178893987000038;50,767893438000044;0
209107;5200621411232837611;5;7;74;32;2020;6;20;1;3;1;5;0;1;0;0;0;0;1;479248,182799999600000;5732443,439400000500000;8,699439125000026;51,742515639000032;0
209110;5200620602900543200;5;3;62;40;2020;6;15;7;3;5;3;0;1;1;0;0;0;0;356994,023000000040000;5631596,610899999700000;6,969823601000030;50,818415649000030;0
209113;5200619607151667670;5;3;82;20;2020;6;23;6;3;9;7;2;1;0;0;0;0;0;377081,530600000170000;5625805,774399999500000;7,256780014000071;50,770976464000057;0
209117;5200619500300170258;5;1;11;0;2020;6;15;6;3;0;1;0;1;0;0;0;0;0;353601,805999999870000;5674318,978000000100000;6,904463276000058;51,201493235000044;0
209118;5200620600350534615;5;3;82;32;2020;6;13;7;3;0;2;0;1;1;0;0;0;0;362501,299200000240000;5610868,997600000400000;7,055686495000032;50,633455502000061;0
209121;5200620601300787652;5;3;15;0;2020;6;17;7;3;4;6;0;1;1;0;0;0;0;352175,489900000390000;5648035,060499999700000;6,894814350000047;50,964931699000033;0
209123;5200620411132787108;5;7;74;32;2020;6;10;7;2;5;3;0;1;0;0;0;0;0;482530,578599999660000;5731004,273900000400000;8,747051717000034;51,729687659000035;0
209124;5200621506100139204;5;1;16;0;2020;6;8;1;2;0;1;0;1;0;0;0;0;0;321808,422600000170000;5676339,378100000300000;6,448811522000028;51,210612896000043;0
209127;5200621300612660896;5;9;16;0;2020;6;12;1;3;4;6;0;1;1;0;0;0;0;374427,832299999890000;5711237,034399999300000;7,189350899000033;51,538250677000065;0
209128;5200619300110258205;5;9;11;0;2020;6;0;6;3;0;1;2;1;0;0;0;0;0;376004,929800000040000;5703999,240900000600000;7,214624171000025;51,473550789000058;0
209129;5200619500200809200;5;1;11;0;2020;6;13;6;3;5;3;0;1;1;0;0;0;0;347930,859400000420000;5677956,040999999300000;6,821808947000022;51,232693350000034;0
209130;5200620516400993200;5;1;58;24;2020;6;10;7;3;1;5;0;1;1;0;0;0;0;359039,517599999900000;5680329,051899999400000;6,979881364000050;51,256870724000066;0
209133;5200621502338774206;5;1;13;0;2020;6;11;1;3;0;1;0;1;0;0;0;0;0;363714,545500000010000;5705824,111800000100000;7,037060289000067;51,487123045000033;0
209135;5200619516310899202;5;1;58;28;2020;6;14;6;3;3;6;0;1;1;0;0;0;0;349279,524000000210000;5685359,672000000300000;6,837991397000053;51,299577879000026;0
209138;5200621505100718187;5;1;14;0;2020;6;15;1;3;1;2;0;1;0;0;1;0;0;330940,647499999960000;5689732,709599999700000;6,573095591000026;51,333715188000042;0
209139;5200619600110473207;5;3;14;0;2020;6;12;6;3;0;1;0;1;0;0;0;0;0;365817,258000000380000;5621738,522099999700000;7,098603030000049;50,731924053000057;0
209141;5200618709300187374;5;5;66;84;2020;6;6;5;3;5;3;0;1;1;0;0;0;0;385497,805100000460000;5779999,767000000900000;7,326120206000041;52,158603191000054;1
209144;5200619705000076646;5;5;54;8;2020;6;14;6;3;0;6;0;1;0;0;0;0;0;338059,205900000410000;5746845,061000000700000;6,648837064000077;51,848889787000076;0
209145;5200621702100279108;5;5;15;0;2020;6;16;1;3;5;3;0;1;1;0;0;0;0;404653,086299999620000;5752739,702099999400000;7,613649925000061;51,917223690000071;0
209147;5200618705000987358;5;5;54;64;2020;6;13;5;2;0;2;0;1;1;0;0;0;0;361097,875199999660000;5751309,457699999200000;6,981289073000028;51,895213080000076;0
209148;5200619513110144200;5;1;62;16;2020;6;15;6;3;5;1;0;1;1;0;0;0;0;334188,536999999550000;5677133,881999999300000;6,625522362000027;51,221479599000077;0
209149;5200618705000581092;5;5;54;68;2020;6;19;5;3;5;3;0;1;0;0;0;0;0;350710,117200000210000;5767058,422499999400000;6,823587748000023;52,034024838000050;0
209151;5200618705000287283;5;5;54;68;2020;6;19;5;2;5;3;0;1;0;0;0;0;0;351657,440899999810000;5767910,510399999100000;6,837017945000071;52,041934610000055;0
209152;5200620500300174627;5;1;11;0;2020;6;18;7;3;5;3;0;1;1;0;0;0;0;350495,627999999560000;5672615,640499999700000;6,860743676000027;51,185382759000049;0
209153;5200618705000228616;5;5;54;4;2020;6;18;5;3;0;1;0;1;0;0;0;0;0;363864,544999999930000;5772363,922299999700000;7,013113245000056;52,085082424000063;0
209156;5200620502000781626;5;1;13;0;2020;6;0;7;3;0;7;2;1;0;0;0;0;0;361574,626000000160000;5699926,718000000300000;7,008567245000052;51,433607263000056;0
209158;5200621605136586394;5;3;74;36;2020;6;14;1;3;0;1;0;1;0;0;0;0;0;382245,473500000310000;5671925,936100000500000;7,315038942000058;51,186606917000063;0
209159;5200621410230678198;5;7;70;4;2020;6;19;1;3;0;7;0;1;0;0;0;0;0;485989,068699999710000;5785371,770099999400000;8,794908802000066;52,218599737000034;1
209160;5200619503200268971;5;1;24;0;2020;6;17;6;3;8;1;0;1;0;0;0;0;0;377199,839300000110000;5683168,830099999900000;7,239021549000029;51,286595087000080;0
209161;5200618700100226205;5;5;13;0;2020;6;18;5;3;0;1;0;1;1;0;0;0;0;366562,326799999920000;5705469,435599999500000;7,078186268000025;51,484614826000040;0
209162;5200620602700513207;5;3;62;28;2020;6;8;7;3;5;3;0;1;1;0;0;0;0;351969,747999999670000;5640597,426999999200000;6,894907059000047;50,898040411000068;0
209163;5200618609204785723;5;3;58;4;2020;6;7;5;3;5;3;0;1;1;0;0;0;0;309649,112300000150000;5641791,321599999400000;6,293094030000020;50,896368990000042;0
209165;5200619601410871204;5;3;15;0;2020;6;6;6;3;0;1;0;1;0;0;0;0;0;351901,447900000030000;5654209,548599999400000;6,888396992000025;51,020347775000062;0
209167;5200619608200080773;5;3;34;2;2020;6;19;6;3;0;1;0;1;0;0;0;0;0;299961,485899999740000;5629467,006500000100000;6,162233748000062;50,782402141000034;0
209168;5200621601520991204;5;3;15;0;2020;6;0;1;2;0;1;2;1;0;0;0;0;0;357615,869800000450000;5645093,935599999500000;6,973388862000036;50,939870293000070;0
209169;5200621315230235996;5;9;70;28;2020;6;16;1;3;0;6;0;1;1;0;0;0;0;459159,753200000150000;5642093,908800000300000;8,418862075000050;50,929032731000063;0
209171;5200618609108273819;5;3;58;8;2020;6;12;5;3;0;5;0;1;1;0;0;0;0;322570,065000000410000;5631166,151000000500000;6,481789069000058;50,805026442000042;1
209173;5200618608416316201;5;3;34;16;2020;6;16;5;3;5;3;0;1;1;0;0;0;0;296483,114500000140000;5639759,282999999800000;6,107243719000053;50,873630152000032;0
209175;5200622307200715204;5;9;62;32;2020;6;18;2;2;0;7;0;1;0;0;0;0;0;406221,675200000410000;5675684,423599999400000;7,657020471000067;51,224831825000081;0
209178;5200620709100076750;5;5;66;8;2020;6;23;7;3;0;1;2;1;0;0;0;0;0;399628,685100000350000;5783087,764100000300000;7,531703864000065;52,189107329000080;0
209179;5200618608200331208;5;3;34;2;2020;6;19;5;3;5;2;0;1;1;0;0;0;0;295376,740299999710000;5629877,977900000300000;6,097053457000072;50,784493694000048;0
209180;5200619500100734206;5;1;11;0;2020;6;11;6;3;0;7;0;1;0;0;0;0;0;346149,906399999750000;5676129,570499999400000;6,797103181000068;51,215804247000051;0
209183;5200618608200323205;5;3;34;2;2020;6;12;5;3;5;3;0;1;1;0;0;0;0;297671,926099999810000;5628087,860200000900000;6,130555732000062;50,769221007000056;0
209186;5200620317240977204;5;9;78;40;2020;6;15;7;3;1;5;0;1;1;0;0;0;0;406685,477599999870000;5724077,878000000500000;7,650901369000053;51,659933312000078;0
209187;5200622300510601208;5;9;54;36;2020;6;12;2;3;3;2;0;1;0;0;0;0;0;384557,796099999920000;5700577,387499999300000;7,338834258000077;51,444605052000043;0
209188;5200621503200078834;5;1;24;0;2020;6;14;1;3;5;3;0;1;1;0;0;0;0;375027,879999999890000;5681596,693000000000000;7,208441319000031;51,271992802000057;0
209189;5200619502321085346;5;1;13;0;2020;6;13;6;3;0;7;0;1;0;0;0;0;0;357654,816200000230000;5704891,236199999200000;6,950215902000025;51,477247439000053;0
209190;5200619518400878912;5;1;70;8;2020;6;15;6;3;0;5;0;1;1;0;0;0;0;345040,760599999690000;5714491,460200000600000;6,764493688000073;51,560189816000047;0
209195;5200619502213073876;5;1;13;0;2020;6;11;6;3;8;7;0;1;0;0;0;0;1;367750,298600000330000;5693928,449400000300000;7,099595294000039;51,381176538000034;0
209196;5200619702100072460;5;5;15;0;2020;6;15;6;3;0;5;0;1;1;0;0;0;0;407007,595599999650000;5759069,172100000100000;7,646162052000022;51,974514506000048;0
209197;5200621700000071568;5;5;13;0;2020;6;20;1;2;5;3;0;1;1;0;0;0;0;363294,870400000360000;5714882,109600000100000;7,027503962000026;51,568420191000030;0
209198;5200621500200084200;5;1;11;0;2020;6;15;1;3;0;6;0;1;0;0;0;0;0;347389,180999999870000;5681608,061000000700000;6,812499088000038;51,265364195000075;0
209201;5200621705000638824;5;5;54;12;2020;6;14;1;3;5;3;0;1;1;0;0;0;0;350612,957299999890000;5745369,540500000100000;6,831591168000045;51,839133104000041;0
209203;5200618607500886299;5;3;82;56;2020;6;6;5;3;4;1;1;1;1;0;0;0;0;372168,625000000000000;5626426,246899999700000;7,186926432000064;50,775491611000064;1
209209;5200619502210315910;5;1;13;0;2020;6;11;6;3;0;7;0;1;1;0;0;0;0;361744,573499999940000;5700549,554300000900000;7,010767394000027;51,439245816000039;0
209210;5200619610212148892;5;3;70;40;2020;6;15;6;3;0;3;0;1;1;0;0;0;0;305755,480299999940000;5666814,924599999600000;6,224400568000021;51,119834171000036;0
209211;5200621602400885792;5;3;62;32;2020;6;19;1;3;5;3;0;1;1;0;0;0;0;339268,673000000420000;5642909,110500000400000;6,713418669000021;50,915416804000074;0
209212;5200621405108887126;5;7;54;8;2020;6;11;1;3;0;1;0;1;0;0;0;0;0;457236,082999999630000;5751587,459699999500000;8,378274532000035;51,913386099000036;0
209216;5200619506100018201;5;1;16;0;2020;6;9;6;3;0;5;0;1;1;0;0;0;0;321270,073499999940000;5672313,293800000100000;6,443115835000072;51,174277429000028;0
209217;5200618605136669566;5;3;74;36;2020;6;7;5;3;0;1;0;1;0;0;0;0;0;381945,793600000440000;5675890,606899999100000;7,309448418000045;51,222180626000068;1
209218;5200620606100074414;5;3;78;4;2020;6;17;7;2;0;2;0;1;0;0;0;0;0;365062,333700000310000;5650966,032900000000000;7,077133502000038;50,994436441000062;0
209219;5200618603236586306;5;3;66;36;2020;6;9;5;3;0;7;0;1;0;0;0;0;0;323087,895999999720000;5605232,263000000300000;6,501544578000051;50,572184817000050;0
209220;5200620500200976202;5;1;11;0;2020;6;19;7;3;0;7;0;1;0;0;0;0;0;344946,625500000080000;5678464,883099999300000;6,778877586000021;51,236462474000064;0
209226;5200619411132076915;5;7;74;32;2020;6;18;6;3;3;6;0;1;1;0;0;0;0;485575,994400000200000;5729425,665500000100000;8,791212817000030;51,715580514000067;0
209227;5200620600360854206;5;3;82;12;2020;6;16;7;3;0;6;0;1;1;0;0;0;0;358896,627100000160000;5625392,709200000400000;6,999198600000057;50,763125860000059;0
209228;5200618602700291201;5;3;62;28;2020;6;15;5;3;0;1;0;1;0;0;0;0;0;352238,358000000010000;5640522,926000000900000;6,898754275000044;50,897439692000034;0
209229;5200620406110272191;5;7;58;12;2020;6;21;7;3;1;5;1;1;1;0;0;0;0;479229,628800000060000;5774934,182499999200000;8,696604786000023;52,124546486000042;0
209231;5200621505100776540;5;1;14;0;2020;6;13;1;3;0;1;0;1;0;0;0;0;0;337389,468500000420000;5690765,760800000300000;6,665114707000043;51,344877386000064;0
209232;5200618602500273719;5;3;62;24;2020;6;18;5;3;0;1;0;1;0;0;0;0;0;344772,379900000060000;5644185,810699999300000;6,791108311000073;50,928395714000033;0
209233;5200620500100060572;5;1;11;0;2020;6;2;7;2;0;1;2;1;0;0;0;0;0;345589,540500000120000;5676621,299300000100000;6,788874250000049;51,220071401000041;0
209234;5200621513130675985;5;1;62;22;2020;6;18;1;3;0;7;0;1;0;0;0;0;0;338159,141599999740000;5685966,035000000100000;6,678335910000044;51,301973415000077;0
209235;5200619601400586536;5;3;15;0;2020;6;14;6;3;1;5;0;1;1;0;0;0;0;356703,556499999950000;5648389,948400000100000;6,959114815000021;50,969265113000063;0
209237;5200621301201387447;5;9;13;0;2020;6;17;1;2;4;3;0;1;1;0;0;0;0;392135,333899999970000;5708386,290899999400000;7,445442313000058;51,516288936000080;0
209238;5200618602500158208;5;3;62;24;2020;6;0;5;3;5;3;2;1;1;0;0;0;0;345905,384800000120000;5642531,507200000800000;6,807917275000023;50,913833855000064;1
209239;5200619411108487067;5;7;74;8;2020;6;12;6;3;0;7;0;1;0;0;0;0;0;487562,376000000160000;5736758,961899999500000;8,819703172000061;51,781563954000035;0
209240;5200620516800062203;5;1;58;20;2020;6;18;7;3;0;7;0;1;0;0;0;0;0;355313,233099999840000;5663175,769200000900000;6,933422707000034;51,101791932000026;0
209247;5200620610111969679;5;3;70;16;2020;6;12;7;3;0;6;0;1;0;0;0;0;0;298813,956600000150000;5656093,302300000600000;6,131306882000047;51,021147380000059;0
209252;5200620505200976213;5;1;14;0;2020;6;1;7;3;1;5;2;1;1;0;0;0;0;328951,859799999740000;5691342,898099999900000;6,543800382000029;51,347585913000046;0
209253;5200619705000587252;5;5;54;8;2020;6;18;6;3;5;3;0;1;1;0;0;0;0;335302,798399999740000;5742646,646299999200000;6,610852537000028;51,810367467000049;0
209255;5200621501112530206;5;1;12;0;2020;6;14;1;2;0;1;0;1;0;0;0;0;0;344010,547000000250000;5707809,747099999300000;6,752602997000054;51,499872339000035;0
209258;5200618601600165573;5;3;15;0;2020;6;18;5;2;4;6;0;1;1;0;0;0;0;361755,804299999960000;5640151,237800000200000;7,034149826000032;50,896456111000077;0
209261;5200620500300486950;5;1;11;0;2020;6;19;7;3;0;7;0;1;0;0;0;0;0;345490,598199999890000;5676521,238500000900000;6,787501669000051;51,219145542000035;0
209264;5200618601410491208;5;3;15;0;2020;6;14;5;3;0;6;0;1;0;0;0;0;0;358872,999900000170000;5647956,220100000500000;6,990160686000024;50,965902809000056;1
209266;5200619701110232204;5;5;62;32;2020;6;19;6;2;5;3;0;1;1;0;0;0;0;376658,025000000370000;5717611,950999999400000;7,219254151000030;51,596035586000028;0
209267;5200621607200325459;5;3;82;20;2020;6;14;1;3;0;7;0;1;0;0;0;0;0;376614,946399999780000;5626658,119200000500000;7,249880266000048;50,778538832000038;0
209271;5200620602800985806;5;3;62;12;2020;6;0;7;3;8;5;2;1;1;0;0;0;0;351820,913999999870000;5632046,812400000200000;6,896253928000022;50,821160943000052;0
209275;5200621518110644136;5;1;70;12;2020;6;11;1;3;3;6;0;1;0;0;0;0;0;335752,202800000090000;5738197,336799999700000;6,619472010000038;51,770529277000037;0
209277;5200618601310726202;5;3;15;0;2020;6;21;5;3;0;1;0;1;0;0;0;0;0;353954,569799999710000;5646725,266899999200000;6,920658113000059;50,953614816000027;1
209278;5200621601610157201;5;3;15;0;2020;6;16;1;3;3;6;0;1;1;0;0;0;0;358940,644700000060000;5644967,096300000300000;6,992281594000076;50,939055988000064;0
209283;5200618601100765764;5;3;15;0;2020;6;9;5;3;2;6;0;1;1;0;0;0;0;356651,320399999620000;5642639,735600000200000;6,960634349000031;50,917575645000056;0
209284;5200620410240162205;5;7;70;40;2020;6;12;7;3;4;6;0;1;1;0;0;0;0;473690,868999999950000;5809249,039999999100000;8,613023459000033;52,432812402000081;0
209285;5200621506100086214;5;1;16;0;2020;6;20;1;3;5;3;1;1;1;0;0;0;0;321013,370199999770000;5667821,562899999300000;6,441681127000038;51,133846659000028;0
209287;5200619601120507201;5;3;15;0;2020;6;22;6;3;5;2;1;1;1;0;0;0;0;355700,792999999600000;5645884,542999999600000;6,945836200000031;50,946499261000042;0
209288;5200620709100838209;5;5;66;8;2020;6;15;7;2;2;6;0;1;0;0;0;0;0;401455,294099999590000;5780037,662499999600000;7,559301530000028;52,162022927000066;0
209289;5200618600380375207;5;3;14;0;2020;6;10;5;3;5;6;0;1;1;0;0;0;0;370720,131099999880000;5615324,150599999400000;7,170285035000063;50,675381277000042;0
209290;5200619410120239370;5;7;70;32;2020;6;14;6;3;5;3;0;1;1;0;0;0;0;493047,405199999920000;5790284,644099999200000;8,898126966000064;52,262903608000045;0
209291;5200620513320773829;5;1;62;4;2020;6;13;7;3;1;5;0;1;1;0;0;0;0;346731,628299999980000;5662488,364000000100000;6,811235604000046;51,093385221000062;0
209294;5200620600130590203;5;3;82;8;2020;6;21;7;3;5;2;1;1;1;0;0;0;0;375240,682799999600000;5611425,236400000800000;7,235546045000035;50,641321462000064;0
209296;5200622301102087438;5;9;13;0;2020;6;12;2;3;5;3;0;1;1;0;0;0;0;396490,326999999580000;5703813,531999999700000;7,509525056000030;51,476000652000039;0
209297;5200621505100476540;5;1;14;0;2020;6;11;1;3;0;1;0;1;0;0;0;0;0;337400,665000000040000;5690766,790899999400000;6,665274861000057;51,344889844000079;0
209298;5200619518410082168;5;1;70;16;2020;6;16;6;3;5;6;0;1;1;0;0;0;0;343434,362900000070000;5719112,069900000500000;6,739278396000032;51,601260576000072;0
209299;5200620701700378204;5;5;62;16;2020;6;19;7;3;5;3;0;1;1;0;0;0;0;374731,646599999630000;5735017,293999999800000;7,185214219000045;51,752031635000037;0
209300;5200618600110434239;5;3;14;0;2020;6;17;5;3;5;3;0;1;0;0;0;0;1;365864,417500000450000;5621602,553200000900000;7,099320369000054;50,730712862000075;0
209301;5200619400200081924;5;7;11;0;2020;6;17;6;3;0;1;0;1;0;0;0;0;0;468675,503999999720000;5762947,619000000900000;8,543544092000047;52,016283134000048;0
209302;5200620503400761867;5;1;22;0;2020;6;10;7;3;3;6;0;1;1;0;0;0;0;358460,623300000090000;5668807,446699999300000;6,976135347000025;51,153187766000030;0
209305;5200621500200867276;5;1;11;0;2020;6;14;1;3;0;1;0;1;0;0;0;0;0;345013,702499999660000;5678664,551799999500000;6,779751285000032;51,238274796000042;0
209306;5200619508108270206;5;1;19;0;2020;6;8;6;3;5;3;0;1;1;0;0;0;0;350577,748700000350000;5703096,277200000400000;6,849139684000022;51,459294029000034;0
209309;5200621711300572788;5;5;70;8;2020;6;16;1;1;0;7;0;1;0;0;0;0;0;434866,959400000050000;5735199,044999999900000;8,056185239000058;51,763887682000075;0
209310;5200621502321824203;5;1;13;0;2020;6;19;1;3;0;7;0;1;0;0;0;0;0;357476,132199999880000;5705238,187100000700000;6,947504620000075;51,480320147000043;0