OBJECTID;UIDENTSTLAE;ULAND;UREGBEZ;UKREIS;UGEMEINDE;UJAHR;UMONAT;USTUNDE;UWOCHENTAG;UKATEGORIE;UART;UTYP1;ULICHTVERH;IstRad;IstPKW;IstFuss;IstKrad;IstGkfz;IstSonstige;LINREFX;LINREFY;XGCSWGS84;YGCSWGS84;STRZUSTAND
209311;5200618518120672086;5;1;70;44;2020;6;14;5;3;1;5;0;1;1;0;0;0;0;337269,077600000430000;5722348,820200000000000;6,648831391000044;51,628592023000067;0
209314;5200620609108680768;5;3;58;8;2020;6;10;7;3;1;5;0;1;1;0;0;0;0;320168,467199999840000;5630190,093800000800000;6,448217681000074;50,795517289000031;0
209315;5200618514114886225;5;1;66;24;2020;6;9;5;3;0;2;0;1;1;0;0;0;0;309677,854299999770000;5677089,545600000800000;6,274942748000058;51,213437882000051;0
209316;5200620501319416206;5;1;12;0;2020;6;12;7;3;0;5;0;1;1;0;0;0;0;345107,418999999760000;5697320,310000000500000;6,772985783000024;51,405926495000074;0
209319;5200621405116587086;5;7;54;16;2020;6;0;1;2;7;7;2;1;0;0;0;0;0;448060,101300000210000;5757434,116000000400000;8,243997415000024;51,965168922000032;0
209323;5200618514111486051;5;1;66;32;2020;6;17;5;3;5;3;0;1;1;0;0;0;0;313634,074900000360000;5680846,867900000900000;6,329567684000040;51,248492278000072;0
209326;5200620500300086681;5;1;11;0;2020;6;13;7;3;1;3;0;1;1;0;0;0;0;347263,027599999680000;5673636,195399999600000;6,814090135000072;51,193698530000063;0
209328;5200621601120167202;5;3;15;0;2020;6;17;1;3;0;1;0;1;0;0;0;0;0;356614,541000000200000;5644423,750000000000000;6,959409893000043;50,933599283000035;0
209329;5200621313232548009;5;9;58;20;2020;6;13;1;3;9;1;0;1;0;0;0;0;0;473951,040000000040000;5666592,958000000600000;8,627567192000072;51,150192018000041;0
209333;5200618513210273902;5;1;62;24;2020;6;17;5;3;5;3;0;1;1;0;0;0;0;341756,115000000220000;5670232,157999999800000;6,736840966000045;51,161614228000076;0
209334;5200620406210487122;5;7;58;4;2020;6;19;7;3;0;3;0;1;1;0;0;0;0;470448,515800000170000;5780753,434399999700000;8,567835153000033;52,176464569000075;0
209335;5200622301501461208;5;9;13;0;2020;6;18;2;3;5;3;0;1;1;0;0;0;0;387523,004999999890000;5707667,652799999300000;7,379226229000039;51,508930212000053;0
209336;5200621505200872016;5;1;14;0;2020;6;19;1;3;5;2;0;1;1;0;0;0;0;329534,040500000120000;5690932,332800000900000;6,552348725000059;51,344072402000052;0
209337;5200619600360662205;5;3;82;12;2020;6;12;6;3;0;1;0;1;0;0;0;0;0;358815,709999999960000;5625410,816600000500000;6,998045022000042;50,763268914000037;0
209339;5200621513210876123;5;1;62;24;2020;6;16;1;3;0;6;0;1;0;0;0;0;0;338458,024699999950000;5672495,903599999800000;6,688696229000072;51,181032079000033;0
209340;5200619601410401205;5;3;15;0;2020;6;19;6;3;5;3;0;1;0;0;0;0;0;353107,007500000300000;5653222,248400000900000;6,905973448000054;51,011784695000074;0
209341;5200621515212069488;5;1;54;20;2020;6;14;1;3;4;6;0;1;1;0;0;0;0;322514,196399999780000;5708109,688699999800000;6,443057971000030;51,496226865000040;0
209342;5200621301202248410;5;9;13;0;2020;6;12;1;3;5;3;0;1;1;0;0;0;0;398016,884600000460000;5713880,250700000700000;7,528584897000030;51,566764963000026;0
209344;5200619313240984912;5;9;58;40;2020;6;17;6;3;0;1;0;1;0;0;0;0;0;450409,557099999860000;5665880,486500000600000;8,291104029000053;51,142229947000033;0
209346;5200619500300766207;5;1;11;0;2020;6;12;6;2;9;1;0;1;0;0;0;0;0;344174,649600000120000;5674057,446200000100000;6,769743238000046;51,196649853000054;0
209348;5200622300220435203;5;9;11;0;2020;6;13;2;3;5;3;0;1;1;0;0;0;0;375698,669200000350000;5701698,847899999500000;7,211025513000038;51,452809044000048;0
209351;5200619518210075537;5;1;70;28;2020;6;14;6;3;2;6;0;1;0;0;0;0;0;331390,895200000140000;5701819,870300000500000;6,573813649000044;51,442438117000052;0
209352;5200620610122873703;5;3;70;28;2020;6;19;7;3;5;3;0;1;1;0;0;0;0;299027,251799999740000;5643953,725099999500000;6,141050035000035;50,912192523000044;0
209353;5200618506100186214;5;1;16;0;2020;6;13;5;2;0;1;0;1;0;0;0;0;0;318859,791000000200000;5674893,987999999900000;6,407371114000057;51,196701483000027;0
209356;5200625301101655200;5;9;13;0;2020;6;23;5;2;5;3;2;1;1;0;0;0;0;393654,049100000410000;5707363,779100000900000;7,467630178000036;51,507386056000030;0
209359;5200624608100506207;5;3;34;2;2020;6;15;4;3;9;4;0;1;0;1;0;0;0;295244,603000000120000;5628869,498999999800000;6,095742972000039;50,775389626000049;0
209361;5200624606100072659;5;3;78;4;2020;6;12;4;2;0;7;0;1;0;0;0;0;0;369429,872000000440000;5648699,926999999200000;7,140149671000074;50,975076706000038;0
209365;5200622705000005150;5;5;54;24;2020;6;11;2;3;5;7;0;1;1;0;0;0;0;370404,769999999550000;5776047,232599999800000;7,107108429000050;52,119750066000051;0
209366;5200624603116981242;5;3;66;16;2020;6;17;4;3;1;5;0;1;1;0;0;0;0;343768,424999999810000;5614253,353700000800000;6,789562711000031;50,659149156000069;0
209368;5200624602800244206;5;3;62;12;2020;6;16;4;3;1;5;0;1;1;0;0;0;0;352406,896800000220000;5633545,375900000300000;6,903964125000073;50,834777808000069;0
209370;5200625411132878092;5;7;74;32;2020;6;14;5;3;5;2;0;1;1;0;0;0;0;483571,312199999580000;5728679,568499999100000;8,762230514000066;51,708816974000058;0
209371;5200624602100100204;5;3;62;8;2020;6;11;4;3;1;5;0;1;1;0;0;0;0;336410,228500000200000;5645666,730100000300000;6,671552390000045;50,939391396000076;0
209372;5200624601700711201;5;3;16;0;2020;6;18;4;3;1;5;0;1;1;0;0;0;0;357825,320799999870000;5655644,959599999700000;6,972239369000022;51,034742913000059;0
209379;5200624601400281700;5;3;15;0;2020;6;15;4;3;5;3;0;1;0;0;0;0;0;357106,239799999630000;5648102,149800000700000;6,964959179000061;50,966778740000052;0
209381;5200622700200516200;5;5;13;0;2020;6;18;2;3;1;5;0;1;1;0;0;0;0;364800,291400000450000;5714687,056199999500000;7,049286852000023;51,567030327000055;0
209382;5200625301101370201;5;9;13;0;2020;6;10;5;3;6;4;0;1;0;1;0;0;0;393433,362999999900000;5708183,196499999600000;7,464203786000041;51,514709795000044;0
209383;5200624601220226203;5;3;15;0;2020;6;8;4;3;2;2;0;1;1;0;0;0;0;353719,583999999800000;5643879,224999999600000;6,918457618000048;50,927978844000052;0
209385;5200622610111767469;5;3;70;16;2020;6;9;2;2;5;3;0;1;1;0;0;0;0;296628,779299999590000;5660851,354299999800000;6,097520012000075;51,063110321000067;0
209386;5200624601100186472;5;3;15;0;2020;6;11;4;3;1;5;0;1;1;0;0;0;0;355592,608599999920000;5643480,472100000800000;6,945249892000049;50,924867245000030;0
209387;5200622609204480827;5;3;58;4;2020;6;18;2;2;0;7;0;1;0;0;0;0;0;309618,463000000450000;5641978,087999999500000;6,292561349000039;50,898036538000042;0
209391;5200624518410382246;5;1;70;16;2020;6;18;4;3;0;2;0;1;0;0;1;0;0;343063,432000000030000;5718623,435000000500000;6,734145461000026;51,596767187000069;0
209394;5200624518100485909;5;1;70;48;2020;6;18;4;3;5;2;0;1;1;0;0;0;0;334660,414200000460000;5727740,858500000100000;6,608626794000031;51,676271834000033;0
209397;5200622608416033440;5;3;34;16;2020;6;18;2;3;5;3;0;1;0;0;1;0;0;294314,133500000460000;5638387,050400000100000;6,077228193000053;50,860538467000026;0
209398;5200624515210785933;5;1;54;52;2020;6;20;4;3;7;7;0;1;0;1;0;0;0;309319,855999999680000;5702910,732499999900000;6,256005505000076;51,445237206000058;0
209399;5200624515110085999;5;1;54;36;2020;6;12;4;3;5;3;0;1;1;0;0;0;0;301661,376000000160000;5740756,043700000300000;6,124527984000054;51,782469989000049;0
209401;5200624513330610201;5;1;62;12;2020;6;11;4;3;5;3;0;1;1;0;0;0;0;328188,461400000380000;5664898,007999999400000;6,545527325000023;51,109778843000072;0
209403;5200622606100364393;5;3;78;4;2020;6;7;2;2;0;1;0;1;0;0;0;0;0;370323,651700000280000;5646423,318399999300000;7,153685163000034;50,954816778000065;1
209404;5200624709800081048;5;5;66;40;2020;6;15;4;3;0;1;0;1;0;0;0;0;0;422312,553999999540000;5781636,700500000300000;7,863789579000070;52,179726214000027;0
209405;5200624505200136203;5;1;14;0;2020;6;12;4;3;5;2;0;1;1;0;0;0;0;335760,083300000060000;5692457,252499999500000;6,640959212000041;51,359605845000033;0
209406;5200624505100018168;5;1;14;0;2020;6;12;4;2;5;3;0;1;1;0;0;0;0;332126,665199999700000;5687228,242699999400000;6,591284588000065;51,311566315000050;0
209408;5200622601700486442;5;3;16;0;2020;6;18;2;3;5;2;0;1;1;0;0;0;0;356260,479899999690000;5657492,205900000400000;6,949202987000035;51,050954240000067;0
209410;5200625500300001652;5;1;11;0;2020;6;17;5;3;6;7;0;1;0;1;0;0;0;353433,019899999720000;5674438,581299999700000;6,902000172000044;51,202524731000040;0
209412;5200624502232777206;5;1;13;0;2020;6;14;4;3;4;6;0;1;1;0;0;0;0;364683,466099999850000;5696271,640200000300000;7,054659288000039;51,401511326000048;0
209413;5200622601520945208;5;3;15;0;2020;6;15;2;3;0;7;0;1;0;0;0;0;0;357868,546299999580000;5644932,778200000500000;6,977045780000026;50,938484313000060;0
209415;5200622601520873201;5;3;15;0;2020;6;15;2;3;5;3;0;1;0;0;1;0;0;357679,643099999990000;5644753,873299999200000;6,974428800000055;50,936829908000050;0
209417;5200622601510491209;5;3;15;0;2020;6;15;2;3;4;6;0;1;1;0;0;0;0;359949,197300000120000;5648053,882600000100000;7,005439621000051;50,967043152000031;0
209419;5200624501325274468;5;1;12;0;2020;6;16;4;3;5;2;0;1;1;0;0;0;0;345088,016499999910000;5692574,327999999700000;6,774777107000034;51,363278017000027;0
209420;5200624501318165237;5;1;12;0;2020;6;21;4;3;0;1;0;1;0;0;0;0;0;343359,685999999750000;5698915,587999999500000;6,747173263000036;51,419779932000040;0
209421;5200624501314265201;5;1;12;0;2020;6;10;4;3;0;7;0;1;0;1;0;0;0;345859,496799999850000;5700263,917199999100000;6,782510209000066;51,432580040000062;0
209422;5200625411236581990;5;7;74;36;2020;6;15;5;3;0;3;0;1;1;0;0;0;0;472813,805300000120000;5724650,094100000300000;8,606856184000037;51,672168888000044;0
209423;5200622601220867855;5;3;15;0;2020;6;18;2;3;0;4;0;1;1;1;0;0;0;353994,992999999780000;5642822,576999999600000;6,922796940000069;50,918552835000071;0
209427;5200624501211179001;5;1;12;0;2020;6;23;4;3;1;5;2;1;1;0;0;0;0;339992,453700000420000;5696890,238099999700000;6,699700476000032;51,400642558000072;0
209428;5200624501122363205;5;1;12;0;2020;6;16;4;2;0;3;0;1;0;0;0;0;0;343436,136099999770000;5705799,023000000000000;6,745225935000065;51,481647643000031;0
209430;5200624500300086741;5;1;11;0;2020;6;10;4;3;5;3;0;1;1;0;0;0;0;347137,516900000160000;5674085,596699999600000;6,812103943000068;51,197703126000079;0
209432;5200622600380242208;5;3;14;0;2020;6;16;2;3;5;2;0;1;1;0;0;0;0;368237,228000000120000;5618129,310000000500000;7,134163753000053;50,700037855000062;0
209433;5200624500300060523;5;1;11;0;2020;6;6;4;3;5;3;0;1;1;0;0;0;0;352403,395200000140000;5669520,263299999800000;6,889292658000045;51,158063103000075;0
209440;5200624709500574722;5;5;66;76;2020;6;19;4;3;0;5;0;1;1;0;0;0;0;392728,822999999860000;5793386,105000000400000;7,427540087000068;52,280361823000078;0
209442;5200624405108377380;5;7;54;8;2020;6;21;4;3;0;7;0;1;0;0;0;0;0;461072,975800000130000;5752455,540799999600000;8,433956176000038;51,921472124000047;0
209443;5200622518401082246;5;1;70;36;2020;6;8;2;3;0;6;0;1;1;0;0;0;0;353072,355200000110000;5728641,165999999300000;6,874337386000036;51,689479340000048;0
209444;5200624705000181625;5;5;54;8;2020;6;8;4;2;5;3;0;1;1;0;0;0;0;336569,384300000030000;5743698,777100000500000;6,628712643000029;51,820191017000070;0
209446;5200624400200568165;5;7;11;0;2020;6;16;4;3;4;2;0;1;1;0;0;0;0;468372,575199999850000;5764127,263199999900000;8,539020999000059;52,026871699000026;0
209449;5200624314130678248;5;9;66;28;2020;6;19;4;3;0;7;0;1;0;0;0;0;0;419031,702999999750000;5645080,246999999500000;7,847287499000061;50,951645137000071;0
209450;5200624313211075378;5;9;58;12;2020;6;18;4;2;5;3;0;1;1;0;0;0;0;465584,218500000420000;5692919,287599999500000;8,505412887000034;51,386469818000080;0
209451;5200622518320445113;5;1;70;52;2020;6;7;2;3;5;3;0;1;1;0;0;0;0;323878,057699999770000;5726061,538599999600000;6,453684499000076;51,657910406000042;0
209452;5200624705000047427;5;5;54;4;2020;6;13;4;3;2;6;0;1;1;0;0;0;0;363244,424899999980000;5771222,860700000100000;7,004526002000034;52,074676707000037;0
209453;5200624310110580517;5;9;54;16;2020;6;6;4;2;0;1;0;1;0;0;0;0;0;372890,035099999980000;5697014,093800000800000;7,172306125000034;51,410082414000044;0
209454;5200625405116181099;5;7;54;16;2020;6;10;5;3;5;2;0;1;0;0;0;0;1;446862,847699999810000;5757435,787300000000000;8,226572427000065;51,965070789000038;0
209456;5200624307000719504;5;9;62;4;2020;6;18;4;3;1;7;0;1;1;0;0;0;0;407793,360000000340000;5682018,801999999200000;7,677889383000036;51,282032152000056;0
209457;5200625404103276371;5;7;66;32;2020;6;20;5;3;5;1;0;1;1;0;0;0;0;497739,883500000460000;5748663,437300000300000;8,967159311000046;51,888733269000056;0
209460;5200622518210848286;5;1;70;28;2020;6;8;2;3;0;5;0;1;0;0;0;1;0;331607,097599999980000;5703325,409099999800000;6,576205228000049;51,456027823000056;0
209461;5200624301401149205;5;9;13;0;2020;6;14;4;3;4;2;0;1;1;0;0;0;0;396983,123200000260000;5709283,544999999900000;7,515021030000071;51,525258953000048;0
209464;5200624301202385001;5;9;13;0;2020;6;15;4;3;0;1;0;1;0;0;0;0;0;392730,748399999920000;5708954,703999999900000;7,453847096000061;51,521511453000073;0
209467;5200625400100857434;5;7;11;0;2020;6;11;5;2;0;1;0;1;0;0;0;0;0;467305,723000000230000;5772338,916999999400000;8,522685508000052;52,100637114000051;0
209469;5200624300510197204;5;9;54;36;2020;6;17;4;2;1;5;0;1;1;0;0;0;0;384930,586000000130000;5700130,858999999200000;7,344341307000036;51,440667494000081;0
209470;5200623711214976329;5;5;70;4;2020;6;19;3;3;5;3;0;1;1;0;0;0;0;425859,191899999980000;5729402,031600000300000;7,926915983000072;51,710653474000026;0
209471;5200625411133640205;5;7;74;32;2020;6;9;5;2;3;5;0;1;0;0;0;0;0;484556,285500000230000;5734333,836600000000000;8,776234809000073;51,759684167000046;0
209473;5200623709800379143;5;5;66;40;2020;6;14;3;2;0;7;0;1;0;0;0;0;0;420895,486200000160000;5782894,613299999400000;7,842775402000029;52,190832006000051;0
209474;5200623709500574704;5;5;66;60;2020;6;18;3;3;5;3;0;1;1;0;0;0;0;390613,550400000070000;5786346,813300000500000;7,398825528000032;52,216682429000059;0
209475;5200625500200566209;5;1;11;0;2020;6;18;5;3;5;2;0;1;1;0;0;0;0;345942,493900000120000;5679462,331900000600000;6,792702794000036;51,245694749000052;0
209476;5200622515212815208;5;1;54;32;2020;6;8;2;2;0;7;0;1;0;0;0;0;0;309071,825199999850000;5717654,541600000100000;6,244457354000076;51,577572719000045;0
209477;5200623709100016200;5;5;66;12;2020;6;19;3;3;5;3;0;1;1;0;0;0;0;405274,285000000150000;5772099,799000000600000;7,617326610000021;52,091344872000036;0
209479;5200623709000202746;5;5;66;76;2020;6;18;3;3;5;2;0;1;1;0;0;0;0;393746,339800000190000;5793461,583300000100000;7,442425804000038;52,281237791000081;0
209480;5200625317240985562;5;9;78;40;2020;6;13;5;3;5;3;0;1;1;0;0;0;0;406746,286700000060000;5724059,649700000900000;7,651785121000046;51,659779552000032;0
209481;5200623706100368276;5;5;58;32;2020;6;17;3;3;0;3;0;1;1;0;0;0;0;386975,634999999780000;5754365,230000000400000;7,356190309000056;51,928525801000035;0
209484;5200624701500720472;5;5;62;24;2020;6;15;4;3;5;2;0;1;1;0;0;0;0;368887,882899999620000;5727007,510999999900000;7,103617514000064;51,678714815000035;0
209485;5200623702100787207;5;5;15;0;2020;6;13;3;3;3;6;0;1;0;0;0;0;0;412655,627100000160000;5753681,752900000700000;7,729736042000070;51,927004412000031;0
209486;5200622514110285962;5;1;66;32;2020;6;16;2;3;1;5;0;1;1;0;0;0;0;317399,910899999550000;5681028,731000000600000;6,383374491000041;51,251343908000081;0
209487;5200623702100356376;5;5;15;0;2020;6;19;3;3;3;2;0;1;0;0;0;0;0;405884,440000000410000;5758352,781999999700000;7,630011931000070;51,967886204000081;0
209490;5200623702100070596;5;5;15;0;2020;6;9;3;3;4;2;0;1;1;0;0;0;0;403955,734600000080000;5761492,941299999100000;7,601066657000047;51,995781008000051;0
209491;5200623702100064121;5;5;15;0;2020;6;22;3;3;5;3;2;1;1;0;0;0;0;403872,810999999750000;5761631,964099999500000;7,599820235000038;51,997016235000046;0
209493;5200623701500103201;5;5;62;24;2020;6;14;3;3;5;3;0;1;1;0;0;0;0;368220,254900000060000;5725151,714299999200000;7,094666855000071;51,661881474000040;0
209494;5200622508000776702;5;1;19;0;2020;6;10;2;3;0;3;0;1;1;0;0;0;0;351223,304600000380000;5713052,225600000500000;6,854225742000040;51,548922462000064;0
209495;5200624701400489209;5;5;12;0;2020;6;18;4;3;4;3;0;1;1;0;0;0;0;356653,876000000160000;5710024,564999999500000;6,933726566000075;51,523122182000066;0
209502;5200623608200282203;5;3;34;2;2020;6;19;3;3;0;1;0;1;0;0;0;0;0;295265,893699999900000;5628143,088700000200000;6,096448809000037;50,768873036000059;0
209504;5200623606110852230;5;3;78;12;2020;6;8;3;3;4;7;0;1;1;0;0;0;0;375863,392500000070000;5651710,480499999600000;7,230712521000044;51,003559031000066;0
209505;5200622506100281512;5;1;16;0;2020;6;17;2;3;5;2;0;1;1;0;0;0;0;315412,522300000300000;5669818,902799999300000;6,360692214000039;51,150010533000057;0
209506;5200624701300573206;5;5;62;14;2020;6;8;4;3;0;7;0;1;0;0;0;1;0;360691,852500000040000;5713587,979100000100000;6,990482925000038;51,556153938000080;0
209507;5200623606110532407;5;3;78;4;2020;6;9;3;3;0;7;0;1;0;0;0;0;0;372550,535799999720000;5646902,593699999200000;7,185206253000047;50,959621321000043;0
209509;5200623602800534349;5;3;62;12;2020;6;7;3;3;5;2;0;1;1;0;0;0;0;352063,984000000170000;5634377,341000000000000;6,898761882000031;50,842166879000047;0
209511;5200623602600662753;5;3;62;20;2020;6;5;3;2;0;1;0;1;0;0;0;0;0;346133,552600000050000;5631317,386199999600000;6,815876039000045;50,813122871000076;0
209512;5200625500300397207;5;1;11;0;2020;6;7;5;3;3;5;0;1;1;0;0;0;0;350986,766300000250000;5668937,661100000100000;6,869290323000030;51,152460639000026;0
209514;5200623602600269941;5;3;62;20;2020;6;17;3;3;0;7;0;1;0;0;0;0;0;341130,406999999660000;5633938,944800000600000;6,743778941000073;50,835329057000081;0
209515;5200622505200579058;5;1;14;0;2020;6;19;2;2;0;5;0;1;1;0;0;0;0;330523,361100000330000;5689859,019700000100000;6,567050998000070;51,334725729000070;0
209516;5200623602600076802;5;3;62;20;2020;6;12;3;2;5;3;0;1;1;0;0;0;0;342786,575299999680000;5629323,216900000300000;6,769257825000068;50,794304557000032;0
209517;5200625316300487425;5;9;74;28;2020;6;14;5;3;5;2;0;1;1;0;0;0;0;454304,521700000390000;5724058,556600000700000;8,339283212000055;51,665649701000063;0
209518;5200623602600069700;5;3;62;20;2020;6;15;3;3;0;3;0;1;1;0;0;0;0;339978,601999999960000;5627068,703999999900000;6,730429298000047;50,773277606000079;0
209520;5200623602500945206;5;3;62;24;2020;6;12;3;3;8;1;0;1;1;0;0;0;0;345939,881400000300000;5642220,149299999700000;6,808539079000070;50,911045186000081;0
209524;5200625500100876206;5;1;11;0;2020;6;21;5;3;2;7;0;1;0;0;0;0;0;343693,071100000290000;5676995,834200000400000;6,761575997000023;51,222920652000028;0
209526;5200623601620192904;5;3;15;0;2020;6;11;3;3;1;5;0;1;1;0;0;0;0;359824,308299999680000;5635258,033500000800000;7,008577017000050;50,852014049000047;0
209530;5200623601320056203;5;3;15;0;2020;6;0;3;2;0;1;2;1;0;0;0;0;0;348012,443300000390000;5644938,157999999800000;6,836865245000070;50,936019227000031;0
209532;5200623601310039201;5;3;15;0;2020;6;18;3;2;6;4;0;1;0;1;0;0;0;353762,111100000330000;5646848,480799999100000;6,917870391000065;50,954673292000052;0
209538;5200623600110422877;5;3;14;0;2020;6;13;3;3;0;7;0;1;0;0;0;0;0;365570,383000000380000;5622008,304600000400000;7,095008438000036;50,734291760000076;0
209541;5200623518200144790;5;1;70;24;2020;6;12;3;3;3;1;0;1;0;0;0;0;0;335246,173000000420000;5702748,254000000700000;6,628804980000041;51,451913272000070;0
209542;5200623518100676430;5;1;70;48;2020;6;17;3;3;0;5;0;1;1;0;0;0;0;335391,392500000070000;5725737,425699999600000;6,620133161000069;51,658488261000059;0
209548;5200623514121891204;5;1;66;4;2020;6;8;3;3;5;3;0;1;1;0;0;0;0;303835,485999999570000;5680664,332000000400000;6,189440653000077;51,243567485000028;0
209552;5200623513130186874;5;1;62;22;2020;6;15;3;3;5;3;0;1;1;0;0;0;0;334199,562199999580000;5682318,359400000400000;6,623279269000022;51,268062148000070;0
209553;5200622500200054024;5;1;11;0;2020;6;15;2;3;0;6;0;1;0;0;0;0;0;342374,141800000330000;5685728,317500000800000;6,738855356000045;51,301020229000073;0
209557;5200623505100052406;5;1;14;0;2020;6;14;3;3;4;3;0;1;1;0;0;0;0;329200,940700000150000;5688812,540599999900000;6,548587018000035;51,324928747000058;0
209558;5200623503200772590;5;1;24;0;2020;6;13;3;3;5;2;0;1;1;0;0;0;0;373876,905000000260000;5681651,855000000400000;7,191930636000052;51,272234993000041;0
209559;5200625500200739204;5;1;11;0;2020;6;22;5;3;3;6;1;1;0;0;0;0;0;344709,993499999870000;5678941,705199999700000;6,775283856000044;51,240682535000076;0
209562;5200623502241275208;5;1;13;0;2020;6;8;3;3;5;2;0;1;1;0;0;0;0;359427,389600000340000;5698574,390900000900000;6,978233497000076;51,420926272000031;0
209564;5200623502114480959;5;1;13;0;2020;6;13;3;3;8;1;0;1;1;0;0;0;0;361931,259800000120000;5701960,184100000200000;7,012901387000056;51,451967833000026;0
209568;5200622400200604287;5;7;11;0;2020;6;12;2;3;5;3;0;1;0;0;1;0;0;470142,218000000340000;5762611,031999999700000;8,564945501000068;52,013337855000032;0
209569;5200623500300801076;5;1;11;0;2020;6;14;3;3;0;7;0;1;0;0;0;0;1;343814,074000000020000;5676313,676000000900000;6,763604585000053;51,216824372000076;0
209570;5200623500200552209;5;1;11;0;2020;6;6;3;3;5;3;0;1;1;0;0;0;0;346165,489400000310000;5682846,252599999300000;6,794439948000047;51,276160925000056;0
209571;5200623500100212202;5;1;11;0;2020;6;17;3;3;5;2;0;1;1;0;0;0;0;340735,198400000110000;5678114,923399999700000;6,718755552000062;51,232158164000055;0
209575;5200623411232591207;5;7;74;32;2020;6;16;3;3;5;2;0;1;1;0;0;0;0;480685,079199999570000;5734003,132799999800000;8,720163627000034;51,756590586000073;0
209577;5200623411232482092;5;7;74;32;2020;6;18;3;3;4;6;0;1;0;0;0;0;0;477171,445500000380000;5733645,529100000900000;8,669282105000036;51,753243099000031;0
209578;5200622317220078004;5;9;78;4;2020;6;11;2;3;5;2;0;1;1;0;0;0;0;407881,514999999660000;5722720,210000000900000;7,668545762000065;51,647926474000030;0
209579;5200623411132487105;5;7;74;32;2020;6;19;3;3;5;2;0;1;1;0;0;0;0;483439,307500000110000;5730471,498900000000000;8,760234862000061;51,724924903000044;0
209580;5200623406110453934;5;7;58;12;2020;6;10;3;3;0;1;0;1;0;0;0;0;0;478083,383500000460000;5773657,098500000300000;8,679943970000068;52,113020425000059;0
209581;5200623405108576343;5;7;54;8;2020;6;15;3;3;0;5;0;1;1;0;0;0;0;457431,429399999790000;5751551,709300000200000;8,381118826000034;51,913079649000053;0
209582;5200623316300584980;5;9;74;28;2020;6;14;3;2;5;3;0;1;1;0;0;0;0;454584,691599999550000;5724895,787200000100000;8,343225086000075;51,673199853000028;0
209584;5200622313121982146;5;9;58;32;2020;6;11;2;3;0;7;0;1;0;1;0;0;0;450370,674999999810000;5688629,457000000400000;8,287394296000059;51,346772333000047;1
209585;5200623316000776616;5;9;74;28;2020;6;7;3;3;5;3;0;1;1;0;0;0;0;454305,876899999570000;5724057,243100000500000;8,339302977000045;51,665638001000048;0
209587;5200623315210035591;5;9;70;24;2020;6;10;3;3;0;7;0;1;0;0;0;0;0;429048,851499999870000;5645838,299599999600000;7,989724378000062;50,959781251000038;0
209589;5200623313130887422;5;9;58;44;2020;6;16;3;3;0;1;0;1;0;0;0;0;0;425990,766599999740000;5684061,058100000000000;7,938336670000069;51,303048316000059;0
209590;5200623307000468917;5;9;62;32;2020;6;8;3;3;5;7;0;1;1;0;0;0;0;404361,588000000450000;5674447,594000000500000;7,630720580000059;51,213404585000035;0
209609;5200626601200686397;5;3;15;0;2020;6;10;6;3;1;5;0;1;1;0;0;0;0;355283,884399999860000;5641967,863600000700000;6,941460227000050;50,911196353000037;0
209610;5200625709000076614;5;5;66;76;2020;6;19;5;3;1;5;0;1;0;0;0;0;1;395743,953099999580000;5793239,539599999800000;7,471766111000022;52,279624737000063;0
209611;5200628500100979205;5;1;11;0;2020;6;0;1;3;0;7;2;1;0;0;0;0;0;340479,237999999900000;5678964,734999999400000;6,714713964000055;51,239722213000050;0
209612;5200626500100986764;5;1;11;0;2020;6;14;6;3;3;2;0;1;1;0;0;0;0;340358,123599999580000;5678080,396199999400000;6,713374478000048;51,231742582000038;0
209615;5200625706300087304;5;5;58;36;2020;6;12;5;3;5;3;0;1;1;0;0;0;0;386498,667999999600000;5730408,937999999200000;7,357108432000075;51,713121179000041;0
209616;5200626701800135209;5;5;62;4;2020;6;17;6;3;5;3;0;1;1;0;0;0;0;383699,310200000180000;5717540,904500000200000;7,320887610000057;51,596894854000027;0
209617;5200628709000179150;5;5;66;8;2020;6;15;1;3;3;1;0;1;0;0;0;0;0;400869,919700000440000;5779448,346200000500000;7,550918519000049;52,156621437000069;0
209618;5200626516800121205;5;1;58;20;2020;6;10;6;3;1;5;0;1;1;0;0;0;0;356438,967000000180000;5665435,711999999400000;6,948591265000061;51,122384040000043;0
209619;5200627705000128616;5;5;54;36;2020;6;19;7;3;0;1;0;1;0;0;0;0;0;369943,049200000240000;5766853,874500000800000;7,103873161000024;52,037031034000051;0
209621;5200626600140991208;5;3;14;0;2020;6;7;6;3;5;2;0;1;1;0;0;0;0;367723,973899999630000;5622360,946699999300000;7,125382675000026;50,737955798000030;0
209623;5200625705000847427;5;5;54;4;2020;6;14;5;3;0;5;0;1;1;0;0;0;0;364067,008500000460000;5772202,267200000600000;7,016130699000030;52,083679636000056;0
209626;5200629514210782325;5;1;66;12;2020;6;22;2;3;5;3;1;1;1;0;0;0;0;319745,067999999970000;5692949,171000000100000;6,410921145000032;51,359169578000035;0
209627;5200626610222869206;5;3;70;36;2020;6;7;6;3;5;3;0;1;1;0;0;0;0;300669,856800000180000;5664275,982200000400000;6,153228235000029;51,095284949000074;0