OBJECTID;UIDENTSTLAE;ULAND;UREGBEZ;UKREIS;UGEMEINDE;UJAHR;UMONAT;USTUNDE;UWOCHENTAG;UKATEGORIE;UART;UTYP1;ULICHTVERH;IstRad;IstPKW;IstFuss;IstKrad;IstGkfz;IstSonstige;LINREFX;LINREFY;XGCSWGS84;YGCSWGS84;STRZUSTAND
209629;5200626514121577515;5;1;66;4;2020;6;10;6;2;5;2;0;1;0;0;0;1;0;304153,112999999900000;5680469,516000000800000;6,194092158000046;51,241926900000067;0
209631;5200625702100342022;5;5;15;0;2020;6;12;5;3;5;2;0;1;0;0;0;0;0;405623,027200000360000;5757095,134899999900000;7,626553460000025;51,956537607000030;0
209633;5200627400100587068;5;7;11;0;2020;6;21;7;3;0;6;2;1;1;0;0;0;0;467138,728199999780000;5764161,187400000200000;8,521034726000039;52,027104968000060;0
209642;5200627609108069655;5;3;58;8;2020;6;23;7;3;1;5;2;1;1;0;0;0;0;323451,240799999800000;5630887,208699999400000;6,494416659000024;50,802789530000041;0
209644;5200626310220385327;5;9;54;8;2020;6;7;6;3;0;1;0;1;0;0;0;0;0;387542,259200000200000;5685566,816400000800000;7,386512277000065;51,310285472000032;0
209646;5200629406220733658;5;7;58;24;2020;6;12;2;3;5;3;0;1;1;0;0;0;0;484978,320000000300000;5783596,780999999500000;8,780192407000072;52,202614938000067;0
209647;5200626601300081847;5;3;15;0;2020;6;10;6;3;5;2;0;1;1;0;0;0;0;353519,402099999600000;5646164,225700000300000;6,914692453000043;50,948462519000032;0
209650;5200626500200572594;5;1;11;0;2020;6;13;6;3;5;3;0;1;1;0;0;0;0;344570,196999999690000;5682119,084000000700000;6,771902534000049;51,269194184000071;0
209651;5200629501112285934;5;1;12;0;2020;6;23;2;3;7;7;2;1;0;0;0;0;0;344190,027400000020000;5707944,273099999900000;6,755127289000029;51,501130530000069;0
209655;5200627602300686206;5;3;62;36;2020;6;20;7;3;0;7;0;1;0;0;0;0;0;343676,290400000290000;5649523,211200000700000;6,773231739000039;50,976060457000074;0
209656;5200625610113577553;5;3;70;24;2020;6;16;5;3;5;3;0;1;1;0;0;0;0;283174,345700000410000;5660350,620799999700000;5,906090987000027;51,053691682000078;0
209658;5200626709800374652;5;5;66;32;2020;6;10;6;3;0;1;0;1;0;0;0;0;0;414087,642400000240000;5776681,913899999100000;7,744780263000052;52,133970238000074;0
209659;5200626601140352202;5;3;15;0;2020;6;19;6;3;3;6;1;1;1;0;0;0;0;356606,590900000180000;5642926,763900000600000;6,959885594000070;50,920144033000042;0
209662;5200625607500353205;5;3;82;56;2020;6;16;5;3;4;1;0;1;0;0;0;0;1;371997,861299999990000;5627297,766000000800000;7,184202305000042;50,783287442000073;0
209664;5200625607400286242;5;3;82;68;2020;6;7;5;3;5;3;0;1;1;0;0;0;0;367597,744400000200000;5630403,034299999500000;7,120699490000050;50,810209441000040;0
209667;5200625607000836846;5;3;82;68;2020;6;7;5;3;4;5;0;1;1;0;0;0;0;368139,645999999720000;5629201,509999999800000;7,128818336000052;50,799533751000070;0
209669;5200629301205587452;5;9;13;0;2020;6;6;2;3;5;2;0;1;1;0;0;0;0;389301,902999999930000;5713825,927999999400000;7,402912531000027;51,564633199000070;0
209672;5200625607000564428;5;3;82;68;2020;6;14;5;3;1;2;0;1;1;0;0;0;0;369644,764499999580000;5630641,480599999400000;7,149653626000031;50,812816901000076;0
209674;5200625605152778604;5;3;74;52;2020;6;13;5;3;5;3;0;1;1;0;0;0;0;390836,450299999680000;5663981,359799999700000;7,440326958000071;51,116899162000038;0
209676;5200626608200962205;5;3;34;2;2020;6;17;6;3;3;6;0;1;1;0;0;0;0;299083,606599999590000;5625167,006899999500000;6,152143680000052;50,743477188000043;0
209679;5200626701110142203;5;5;62;32;2020;6;17;6;3;5;3;0;1;1;0;0;0;0;377432,102900000290000;5717466,402599999700000;7,230474966000031;51,594896463000055;0
209685;5200625605104440040;5;3;74;4;2020;6;12;5;3;5;3;0;1;1;0;0;0;0;407947,493099999610000;5654318,023700000700000;7,687186390000022;51,033030381000060;0
209686;5200629501319772151;5;1;12;0;2020;6;22;2;3;0;1;2;1;0;0;0;0;0;344307,422299999740000;5696917,551400000200000;6,761669753000035;51,402088666000054;0
209687;5200626601700177205;5;3;16;0;2020;6;13;6;3;1;5;0;1;1;0;0;0;0;358506,024799999780000;5655347,587300000700000;6,982057535000024;51,032238470000038;0
209688;5200628601140052203;5;3;15;0;2020;6;19;1;3;6;4;0;1;0;1;0;0;0;356837,755300000310000;5642666,412599999500000;6,963274424000076;50,917861672000072;0
209689;5200626503100101201;5;1;24;0;2020;6;13;6;3;5;2;0;1;1;0;0;0;0;370066,198400000110000;5680377,104100000100000;7,137795023000024;51,259922220000078;0
209692;5200626303100571591;5;9;15;0;2020;6;10;6;3;5;3;0;1;0;0;0;0;0;417357,809200000020000;5726703,545099999800000;7,804537258000039;51,685207538000043;0
209693;5200627301301040209;5;9;78;24;2020;6;2;7;3;0;3;2;1;0;0;0;0;0;397528,798999999650000;5720511,719399999800000;7,519608274000063;51,626283955000076;1
209695;5200625603228086240;5;3;66;28;2020;6;17;5;3;0;3;0;1;1;0;0;0;0;333887,769999999550000;5606957,914999999100000;6,653155098000070;50,590861624000070;0
209697;5200627317110511209;5;9;78;36;2020;6;17;7;3;2;6;0;1;1;0;0;0;0;409112,219300000000000;5710448,320100000100000;7,689507729000070;51,537811997000063;0
209698;5200629500200865753;5;1;11;0;2020;6;19;2;3;0;7;0;1;1;0;0;0;0;345002,460300000380000;5678102,045800000400000;6,779833759000042;51,233217413000034;0
209700;5200626500100844205;5;1;11;0;2020;6;19;6;3;1;5;0;1;1;0;0;0;0;340838,436599999670000;5678274,412900000800000;6,720162186000039;51,233619981000061;0
209704;5200625601620659208;5;3;15;0;2020;6;22;5;3;8;1;2;1;0;0;0;0;0;363130,154199999760000;5638861,022600000700000;7,054164520000029;50,885187698000038;0
209705;5200626301202977206;5;9;13;0;2020;6;18;6;3;0;1;0;1;0;0;0;0;0;394795,674599999560000;5711774,805900000000000;7,482756423000069;51,547248416000059;0
209706;5200626705000082335;5;5;54;8;2020;6;15;6;3;5;2;0;1;1;0;0;0;0;336560,560999999750000;5746687,980000000400000;6,627173047000042;51,847041946000047;0
209708;5200626600380136204;5;3;14;0;2020;6;16;6;2;5;3;0;1;1;0;0;0;0;368131,690600000320000;5617407,107699999600000;7,132927950000067;50,693522641000072;0
209709;5200626410210386989;5;7;70;20;2020;6;22;6;2;8;1;2;1;0;0;0;0;0;474424,919099999590000;5795199,572899999100000;8,624891680000076;52,306539741000051;0
209710;5200629316100484904;5;9;74;40;2020;6;10;2;3;2;3;0;1;1;0;0;0;0;438422,923899999820000;5714663,549499999700000;8,111326761000044;51,579668240000046;0
209711;5200626601210827201;5;3;15;0;2020;6;8;6;3;5;3;0;1;0;0;0;0;1;355273,975399999880000;5643063,578800000300000;6,940884688000040;50,921040862000041;0
209713;5200628500200051200;5;1;11;0;2020;6;13;1;3;0;7;0;1;0;0;0;0;0;344644,025899999770000;5689828,462500000400000;6,769603390000043;51,338484787000027;0
209714;5200626500100986939;5;1;11;0;2020;6;10;6;3;5;2;0;1;1;0;0;0;0;346655,542000000370000;5676045,936499999800000;6,804373156000054;51,215188760000046;0
209716;5200627600330224207;5;3;82;48;2020;6;10;7;2;5;2;0;1;0;0;0;0;0;355029,434700000100000;5610103,066600000500000;6,950399517000051;50,624761498000055;0
209718;5200626701910988207;5;5;62;8;2020;6;12;6;3;2;6;0;1;0;0;0;0;1;384503,906000000420000;5724162,436300000200000;7,330315052000060;51,656572852000068;0
209719;5200626410140939357;5;7;70;12;2020;6;16;6;3;5;3;0;1;1;0;0;0;0;484720,696999999690000;5800351,514000000400000;8,775663431000055;52,353240674000062;0
209721;5200626518100757224;5;1;70;48;2020;6;17;6;3;5;3;0;1;1;0;0;0;0;333130,126000000160000;5726397,546000000100000;6,587156269000047;51,663751719000061;0
209722;5200627705000187273;5;5;54;4;2020;6;3;7;3;0;7;2;1;0;0;0;0;0;362288,856999999840000;5770751,377900000700000;6,990782291000073;52,070203484000047;0
209725;5200628307000078255;5;9;62;52;2020;6;22;1;3;0;1;2;1;0;0;0;0;0;421696,346199999560000;5673974,419600000600000;7,878953438000053;51,211791035000033;0
209728;5200625601320144202;5;3;15;0;2020;6;10;5;3;5;2;0;1;1;0;0;0;0;347765,325100000020000;5645045,265799999200000;6,833306121000021;50,936916535000080;0
209729;5200626700100281231;5;5;13;0;2020;6;18;6;3;1;3;0;1;1;0;0;0;0;368161,171799999660000;5707469,569499999300000;7,100452490000066;51,502964591000080;0
209730;5200626407220087148;5;7;62;32;2020;6;18;6;3;0;7;0;1;0;0;0;0;0;505394,966400000270000;5746729,608200000600000;9,078361451000035;51,871324425000068;0
209732;5200626514210686059;5;1;66;12;2020;6;9;6;3;5;3;0;1;1;0;0;0;0;320979,456600000150000;5693738,618599999700000;6,428234552000049;51,366651377000039;0
209733;5200627702100368301;5;5;15;0;2020;6;16;7;3;1;5;0;1;1;0;0;0;0;406922,228099999950000;5758069,752399999600000;7,645190571000057;51,965516943000068;0
209736;5200627404301521551;5;7;66;44;2020;6;8;7;2;5;3;0;1;1;0;0;0;0;494553,565000000410000;5764141,273000000000000;8,920615040000030;52,027872679000041;0
209738;5200629501126333205;5;1;12;0;2020;6;9;2;2;0;3;0;1;1;0;0;0;0;344683,737700000410000;5703844,380400000100000;6,764037797000071;51,464429296000048;1
209739;5200626601510701203;5;3;15;0;2020;6;17;6;3;3;6;0;1;1;0;0;0;0;364720,530600000170000;5648955,715500000900000;7,073014169000032;50,976288608000061;0
209741;5200625601210092207;5;3;15;0;2020;6;8;5;3;0;1;0;1;0;0;0;0;0;355262,761400000190000;5642028,569700000800000;6,941135888000076;50,911736612000027;0
209746;5200627610113945200;5;3;70;24;2020;6;14;7;3;5;3;0;1;0;0;1;0;0;283286,758500000460000;5658419,029899999500000;5,908848189000025;51,036389715000041;0
209747;5200625601110538205;5;3;15;0;2020;6;17;5;3;1;5;0;1;1;0;0;0;0;356487,026999999770000;5645430,910299999600000;6,957199708000076;50,942618792000076;0
209748;5200626301101877204;5;9;13;0;2020;6;13;6;3;5;3;0;1;1;0;0;0;0;394663,188299999570000;5707812,007899999600000;7,482031730000074;51,511604005000038;0
209749;5200627307000571370;5;9;62;40;2020;6;7;7;3;5;3;0;1;0;0;0;0;1;413657,520700000230000;5701263,706000000200000;7,757276089000072;51,455959494000069;0
209750;5200626405228168095;5;7;54;28;2020;6;17;6;3;5;3;0;1;1;0;0;0;0;453545,319199999790000;5744062,694800000600000;8,325632986000073;51,845438914000056;0
209751;5200629411132437611;5;7;74;32;2020;6;16;2;3;5;2;0;1;1;0;0;0;0;483022,472000000070000;5731303,464999999900000;8,754159416000050;51,732392887000060;0
209752;5200626601300486541;5;3;15;0;2020;6;7;6;3;4;2;0;1;1;0;0;0;0;349346,918999999760000;5649352,471999999100000;6,854016563000073;50,976037551000047;0
209753;5200626400300387124;5;7;11;0;2020;6;12;6;3;5;3;0;1;1;0;0;0;0;467045,824199999680000;5759085,968599999300000;8,520168860000069;51,981470011000056;0
209754;5200628505100665663;5;1;14;0;2020;6;8;1;2;0;1;0;1;0;0;0;0;0;332131,020100000310000;5686021,214500000700000;6,591914934000045;51,300723567000034;1
209755;5200626500300001865;5;1;11;0;2020;6;7;6;3;0;1;0;1;0;0;0;0;0;345761,751500000250000;5674495,604100000100000;6,792252265000059;51,201017537000041;0
209756;5200627601220810200;5;3;15;0;2020;6;22;7;3;0;1;1;1;0;0;0;0;0;358637,055700000380000;5639776,321399999800000;6,989974766000046;50,892331701000046;0
209762;5200629315240268288;5;9;70;20;2020;6;13;2;2;0;7;0;1;1;0;0;0;0;432771,395600000400000;5648856,604499999400000;8,042163541000036;50,987366096000073;0
209763;5200626601200072647;5;3;15;0;2020;6;16;6;3;5;2;0;1;0;1;0;0;0;354856,049899999980000;5643815,783299999300000;6,934643292000033;50,927695774000028;0
209764;5200625600110783201;5;3;14;0;2020;6;7;5;2;4;6;0;1;0;0;0;0;0;363906,392199999650000;5621102,327600000400000;7,071776735000071;50,725761493000050;0
209765;5200628411216237564;5;7;74;16;2020;6;14;1;3;4;6;0;1;1;0;0;0;0;469661,191800000150000;5711060,659800000500000;8,562443420000022;51,549820863000036;0
209766;5200625518100053508;5;1;70;48;2020;6;17;5;2;5;2;0;1;1;0;0;0;0;336527,733500000090000;5727014,167600000300000;6,635949758000038;51,670289898000078;0
209767;5200627600110237205;5;3;14;0;2020;6;12;7;3;3;6;0;1;1;0;0;0;0;365221,099999999630000;5621565,941199999300000;7,090223437000020;50,730234890000077;0
209769;5200626701500130204;5;5;62;24;2020;6;17;6;3;5;3;0;1;1;0;0;0;0;374257,955699999820000;5725339,918999999800000;7,181846548000067;51,664956227000062;0
209771;5200628702100668249;5;5;15;0;2020;6;17;1;3;3;6;0;1;0;0;0;0;0;405045,690700000150000;5758355,241000000400000;7,617805866000026;51,967765659000065;0
209772;5200625516900175996;5;1;58;26;2020;6;15;5;3;1;5;0;1;1;0;0;0;0;351968,509399999860000;5662571,210699999700000;6,885931966000044;51,095505395000032;0
209773;5200626702100542451;5;5;15;0;2020;6;15;6;3;1;3;0;1;1;0;0;0;0;406197,686999999920000;5752281,045800000400000;7,636226512000064;51,913363370000070;0
209780;5200629514116286031;5;1;66;16;2020;6;10;2;2;0;7;0;1;1;0;0;0;0;304974,296500000170000;5689610,070599999300000;6,200852748000045;51,324302633000059;0
209783;5200626513320901205;5;1;62;4;2020;6;18;6;3;1;5;0;1;1;0;0;0;0;347700,832700000140000;5663455,930600000500000;6,824657569000067;51,102337845000079;0
209785;5200625514118970205;5;1;66;16;2020;6;17;5;3;5;3;0;1;1;0;0;0;0;309509,459499999880000;5688039,637399999400000;6,266703148000033;51,311734103000049;0
209788;5200625514111786051;5;1;66;32;2020;6;11;5;3;5;3;0;1;0;0;1;0;0;314613,168999999760000;5681434,177999999400000;6,343276680000031;51,254086813000072;0
209791;5200629503000269115;5;1;24;0;2020;6;22;2;3;9;1;2;1;1;0;0;0;0;375894,560300000010000;5682486,157700000300000;7,220550410000044;51,280176489000041;0
209792;5200626602500945528;5;3;62;24;2020;6;18;6;2;5;3;0;1;1;0;0;0;0;345904,197399999950000;5642529,586400000400000;6,807901207000043;50,913816278000070;0
209793;5200626400200587057;5;7;11;0;2020;6;12;6;3;0;7;0;1;1;0;0;0;0;467901,547199999910000;5762831,025399999700000;8,532277441000076;52,015190650000079;0
209794;5200628601200161137;5;3;15;0;2020;6;10;1;3;0;1;0;1;0;0;0;0;0;353844,632100000050000;5643191,349099999300000;6,920511496000074;50,921828814000037;1
209797;5200625513210743203;5;1;62;24;2020;6;12;5;3;5;2;0;1;1;0;0;0;0;338246,460500000040000;5674909,206700000900000;6,684584883000071;51,202655448000030;0
209801;5200626601220051207;5;3;15;0;2020;6;12;6;3;8;5;0;1;1;0;0;0;0;359830,384100000370000;5639704,913400000000000;7,006958963000045;50,891980775000036;0
209803;5200627317130508201;5;9;78;12;2020;6;15;7;3;1;7;0;1;1;0;0;0;0;414177,280700000000000;5703439,279699999800000;7,764226851000046;51,475596261000078;0
209804;5200629500300074344;5;1;11;0;2020;6;5;2;3;5;2;0;1;0;0;0;0;0;347286,515700000340000;5673567,648000000000000;6,814455177000070;51,193088864000060;0
209805;5200626601400751147;5;3;15;0;2020;6;16;6;2;3;6;0;1;0;0;0;0;1;353476,080699999820000;5650136,314099999100000;6,912476246000040;50,984147010000072;0
209806;5200628516600078785;5;1;58;4;2020;6;9;1;3;1;5;0;1;1;0;0;0;0;353542,576600000260000;5676757,776100000400000;6,902620273000025;51,223393445000056;1
209808;5200627601700485204;5;3;16;0;2020;6;1;7;2;0;1;2;1;0;0;0;0;0;354568,672399999570000;5660012,587799999900000;6,924068913000042;51,073177764000036;1
209811;5200626709500274722;5;5;66;76;2020;6;19;6;2;5;3;0;1;1;0;0;0;0;391362,182000000030000;5793466,376000000200000;7,407489329000043;52,280814824000061;0
209812;5200626601110038208;5;3;15;0;2020;6;11;6;2;0;1;0;1;0;0;0;0;0;355372,161600000230000;5644253,401000000500000;6,941808713000057;50,931758185000035;0
209814;5200625513210671931;5;1;62;24;2020;6;14;5;3;5;2;0;1;0;0;0;0;0;339570,315399999730000;5674719,438500000200000;6,703603593000025;51,201323689000048;0
209815;5200625513210386952;5;1;62;24;2020;6;19;5;3;5;5;0;1;1;0;0;0;0;341271,815200000070000;5672730,694800000600000;6,728817343000060;51,183929836000061;0
209816;5200628500200472336;5;1;11;0;2020;6;23;1;2;5;3;2;1;0;0;0;0;0;346464,503999999720000;5677895,367000000600000;6,800847844000032;51,231755535000048;1
209817;5200626500200554024;5;1;11;0;2020;6;14;6;3;0;2;0;1;1;0;0;0;0;345868,656000000420000;5680327,934200000000000;6,791272960000072;51,253452609000078;0
209818;5200625508000567063;5;1;19;0;2020;6;8;5;3;5;2;0;1;1;0;0;0;0;350727,671000000090000;5703090,244000000900000;6,851298656000040;51,459279371000036;0
209820;5200625506100581205;5;1;16;0;2020;6;20;5;2;5;3;0;1;1;0;0;0;0;319499,562800000420000;5667678,004000000700000;6,420139056000039;51,132081951000032;0
209824;5200627709100137203;5;5;66;12;2020;6;20;7;3;5;3;0;1;1;0;0;0;0;404771,548399999740000;5773417,070800000800000;7,609622575000060;52,103098441000043;0
209827;5200625505200476401;5;1;14;0;2020;6;14;5;3;0;7;0;1;0;0;0;0;0;330905,101499999870000;5690006,423100000200000;6,572455867000031;51,336163635000048;0
209830;5200627513320950201;5;1;62;4;2020;6;13;7;3;0;1;0;1;0;0;0;0;0;346080,277200000360000;5661268,167199999100000;6,802461111000071;51,082246403000056;0
209834;5200626514218682211;5;1;66;36;2020;6;6;6;3;5;1;0;1;1;0;0;0;0;323361,777999999930000;5684282,307700000700000;6,467108768000060;51,282449432000078;0
209835;5200627702100542871;5;5;15;0;2020;6;17;7;3;5;2;0;1;1;0;0;0;0;406331,104000000280000;5758856,544999999900000;7,636374322000052;51,972489705000044;0
209837;5200627411108437585;5;7;74;8;2020;6;13;7;3;5;2;0;1;1;0;0;0;0;487672,999800000340000;5736729,517599999900000;8,821307821000062;51,781301661000043;0
209839;5200629501318475915;5;1;12;0;2020;6;21;2;3;0;7;2;1;0;1;0;0;0;343777,588200000110000;5698487,704700000600000;6,753367199000024;51,416050747000043;0
209840;5200626601700087651;5;3;16;0;2020;6;21;6;3;8;1;1;1;1;0;0;0;0;360826,197800000200000;5654326,495300000500000;7,015517727000031;51,023628392000035;0
209841;5200628600110387202;5;3;14;0;2020;6;17;1;3;3;6;0;1;1;0;0;0;0;365254,990399999540000;5622074,389000000400000;7,090517522000027;50,734812638000051;0
209842;5200626502135320203;5;1;13;0;2020;6;10;6;3;5;3;0;1;1;0;0;0;0;367154,749200000430000;5703466,710300000400000;7,087466486000039;51,466756303000068;0
209843;5200627605112976565;5;3;74;12;2020;6;20;7;3;0;1;0;1;0;0;0;0;0;399582,824799999590000;5653389,691400000800000;7,568188460000044;51,023284261000072;0
209845;5200626513210578937;5;1;62;24;2020;6;19;6;3;0;1;0;1;0;0;0;0;0;338929,990600000140000;5674539,433399999500000;6,694526674000031;51,199526195000033;0
209847;5200625501311745460;5;1;12;0;2020;6;15;5;3;5;2;0;1;1;0;0;0;0;344471,377999999560000;5700490,887000000100000;6,762457133000055;51,434240049000039;0
209848;5200625709800368146;5;5;66;88;2020;6;20;5;2;9;1;0;1;0;0;0;0;0;418903,277999999930000;5787751,183000000200000;7,812474338000072;52,234196874000077;0
209852;5200626601320704200;5;3;15;0;2020;6;0;6;2;0;1;2;1;0;0;0;0;0;352493,045400000180000;5644754,192600000600000;6,900662588000046;50,935529471000052;0
209854;5200628505200074017;5;1;14;0;2020;6;16;1;2;0;1;0;1;0;0;0;0;0;336202,672199999910000;5692006,059599999300000;6,647518281000032;51,355679943000041;0
209855;5200626500300686675;5;1;11;0;2020;6;12;6;3;4;6;0;1;1;0;0;0;0;346270,849000000390000;5674335,324500000100000;6,799602300000061;51,199714552000046;0
209856;5200627601510065750;5;3;15;0;2020;6;12;7;3;1;6;0;1;1;1;0;0;0;359560,318799999540000;5647809,655799999800000;6,999999223000032;50,964753594000058;0
209857;5200625501223982373;5;1;12;0;2020;6;9;5;3;0;2;0;1;1;0;0;0;0;338890,812599999830000;5702960,980699999300000;6,681116332000045;51,454873212000052;0
209858;5200626702100588934;5;5;15;0;2020;6;18;6;3;5;3;0;1;1;0;0;0;0;405960,366999999620000;5754098,719200000200000;7,632280706000074;51,929661535000037;0
209860;5200702601510243204;5;3;15;0;2020;7;13;5;3;0;3;0;1;0;0;0;0;1;360371,025999999610000;5647020,282900000000000;7,011839952000059;50,957856450000065;0
209862;5200703301404896207;5;9;13;0;2020;7;0;6;2;0;1;2;1;0;0;0;0;0;390820,930300000120000;5704058,606699999400000;7,427845712000021;51,477137720000030;0
209863;5200702518200676345;5;1;70;24;2020;7;16;5;3;6;6;0;1;1;1;0;0;0;336405,457499999550000;5702713,468399999700000;6,645490697000071;51,451936864000061;1
209864;5200630514210086209;5;1;66;12;2020;6;11;3;3;5;3;0;1;1;0;0;0;0;320072,058199999850000;5694988,868699999500000;6,414580416000035;51,377595366000037;0
209868;5200702518110585909;5;1;70;12;2020;7;11;5;2;3;6;0;1;1;0;0;0;0;334226,148000000040000;5733650,322000000600000;6,599542464000024;51,729231674000062;0
209873;5200702513210186839;5;1;62;24;2020;7;8;5;3;0;5;0;1;1;0;0;0;0;336848,936999999920000;5670814,437000000800000;6,666457241000046;51,165467590000048;0
209875;5200702505100082284;5;1;14;0;2020;7;5;5;3;5;2;0;1;1;0;0;0;0;331420,700000000190000;5689466,460999999200000;6,580106292000039;51,331465739000066;0
209878;5200702503100680360;5;1;24;0;2020;7;8;5;2;0;1;0;1;0;0;0;0;0;369384,399400000460000;5680024,172399999600000;7,128157956000052;51,256594515000074;0
209879;5200630505200576205;5;1;14;0;2020;6;13;3;3;1;3;0;1;1;0;0;0;0;333779,007199999880000;5690956,742499999700000;6,613231564000046;51,345548881000070;0
209880;5200702502409607203;5;1;17;0;2020;7;18;5;3;0;1;0;1;0;0;0;0;0;349834,131400000300000;5699045,198200000500000;6,840162255000053;51,422696614000074;1
209881;5200702502307078704;5;1;13;0;2020;7;16;5;3;5;3;0;1;0;0;0;0;0;359213,838499999610000;5703565,650599999400000;6,973178894000057;51,465725679000059;0
209885;5200702601300786451;5;3;15;0;2020;7;17;5;3;0;1;0;1;0;0;0;0;0;354185,872299999930000;5645653,396999999900000;6,924378221000040;50,944040839000081;1
209887;5200703500300621202;5;1;11;0;2020;7;13;6;3;0;7;0;1;0;0;0;0;0;343760,879999999890000;5675721,929999999700000;6,763101310000025;51,211492799000041;0
209888;5200630505100318125;5;1;14;0;2020;6;15;3;3;0;2;0;1;1;0;0;0;0;331670,730899999850000;5686832,310699999300000;6,584935725000037;51,307874577000064;0
209893;5200702500300686923;5;1;11;0;2020;7;6;5;3;5;2;0;1;1;0;0;0;0;349926,190999999640000;5674674,958699999400000;6,851741007000044;51,203738321000060;0
209896;5200630502101047205;5;1;13;0;2020;6;14;3;2;0;7;0;1;0;0;0;0;0;361765,651700000280000;5703283,866200000000000;7,010002089000068;51,463822518000029;0
209899;5200703310210685536;5;9;54;24;2020;7;9;6;3;5;3;0;1;1;0;0;0;0;381386,139100000260000;5683035,825500000300000;7,299069194000026;51,286286883000059;0
209900;5200702500100072721;5;1;11;0;2020;7;13;5;3;0;1;0;1;0;0;0;0;0;345949,478799999690000;5677597,871300000700000;6,793604682000023;51,228943604000051;0
209901;5200630502100165450;5;1;13;0;2020;6;16;3;3;4;2;0;1;1;0;0;0;0;361891,289099999700000;5702735,367000000600000;7,012023816000067;51,458924173000071;0
209902;5200702411232468118;5;7;74;32;2020;7;12;5;3;1;5;0;1;1;0;0;0;0;480904,572100000460000;5732802,688799999700000;8,723409555000046;51,745804638000038;0
209903;5200702411132172312;5;7;74;32;2020;7;8;5;3;0;1;0;1;0;0;0;0;0;482992,496600000190000;5729083,437999999200000;8,753833789000055;51,712431044000027;0
209904;5200702411132079432;5;7;74;32;2020;7;10;5;3;0;7;0;1;0;0;0;0;0;483152,957000000400000;5730963,482999999100000;8,756065322000040;51,729339947000028;0
209907;5200702405112956402;5;7;54;12;2020;7;13;5;3;0;1;0;1;0;0;0;0;0;456239,202999999750000;5767680,110999999600000;8,361728927000058;52,057988416000057;1
209909;5200702601220803209;5;3;15;0;2020;7;8;5;3;5;3;0;1;1;0;0;1;0;356129,584999999960000;5636634,447000000600000;6,955581705000043;50,863476681000066;0
209910;5200702405108076343;5;7;54;8;2020;7;15;5;3;0;1;0;1;0;0;0;0;0;461644,654299999590000;5747678,686899999200000;8,442800182000042;51,878564608000033;1
209911;5200702711321276703;5;5;70;48;2020;7;17;5;3;6;7;0;1;0;1;0;0;0;448423,969999999740000;5730660,415799999600000;8,253286686000024;51,724495763000050;0
209914;5200702404103687078;5;7;66;32;2020;7;13;5;3;1;7;0;1;1;0;0;0;0;497318,036100000140000;5747288,089800000200000;8,961040337000043;51,876365461000034;0
209917;5200630500300786741;5;1;11;0;2020;6;12;3;3;0;3;0;1;1;0;0;0;0;348537,775799999940000;5674905,237800000200000;6,831784276000064;51,205441114000052;0
209919;5200702400200387009;5;7;11;0;2020;7;14;5;3;3;2;0;1;1;0;0;0;0;468613,947999999860000;5762965,711699999900000;8,542645480000033;52,016442320000067;1
209920;5200630407221087158;5;7;62;32;2020;6;13;3;3;1;5;0;1;1;0;0;0;0;503668,690200000070000;5742321,058800000700000;9,053240650000021;51,831700378000050;0
209922;5200702705000587380;5;5;54;4;2020;7;13;5;3;4;6;0;1;0;0;0;0;0;363806,318500000050000;5771849,120999999300000;7,012469551000038;52,080442397000070;0
209923;5200702317210085060;5;9;78;20;2020;7;17;5;3;5;3;0;1;1;0;0;0;0;410907,270999999720000;5714600,103299999600000;7,714331145000074;51,575420130000055;0
209924;5200702316300682001;5;9;74;16;2020;7;17;5;3;3;5;0;1;1;0;0;0;0;454354,606399999930000;5718065,596799999500000;8,340789063000045;51,611771564000037;0
209930;5200701709200345200;5;5;66;72;2020;7;17;4;3;5;3;0;1;1;0;0;0;0;413042,492300000040000;5802446,667700000100000;7,722880462000035;52,365389422000078;1
209931;5200701705000287244;5;5;54;8;2020;7;13;4;3;1;5;0;1;1;0;0;0;0;336556,401499999690000;5745990,265499999700000;6,627442426000073;51,840772823000066;1
209932;5200701702100570511;5;5;15;0;2020;7;17;4;3;0;1;0;1;0;0;0;0;0;402926,125500000080000;5757505,629799999300000;7,587202785000045;51,959763002000045;1
209934;5200701609236085777;5;3;58;36;2020;7;5;4;2;5;3;1;1;1;0;0;0;0;308625,719999999740000;5651262,790999999300000;6,273583977000044;50,981107564000069;1
209935;5200701608408080833;5;3;34;8;2020;7;20;4;3;0;1;0;1;0;0;0;0;0;302105,051599999890000;5642871,458300000100000;6,185363266000024;50,903535167000030;1
209936;5200630404102421494;5;7;66;40;2020;6;15;3;3;5;3;0;1;1;0;0;0;0;486881,452999999750000;5760572,506999999300000;8,808926735000057;51,995657889000029;0
209939;5200630317240184972;5;9;78;40;2020;6;7;3;3;8;1;0;1;0;0;0;0;0;407393,870500000190000;5724229,425200000400000;7,661099811000042;51,661412751000057;0
209940;5200701608200633183;5;3;34;2;2020;7;16;4;3;0;3;0;1;1;0;0;0;0;299228,086000000130000;5628671,426999999200000;6,152277714000036;50,775003028000071;1
209941;5200701607400815209;5;3;82;44;2020;7;11;4;2;5;3;0;1;0;0;0;0;0;361636,991000000390000;5630665,455900000400000;7,036046321000072;50,811174866000044;0