OBJECTID;UIDENTSTLAE;ULAND;UREGBEZ;UKREIS;UGEMEINDE;UJAHR;UMONAT;USTUNDE;UWOCHENTAG;UKATEGORIE;UART;UTYP1;ULICHTVERH;IstRad;IstPKW;IstFuss;IstKrad;IstGkfz;IstSonstige;LINREFX;LINREFY;XGCSWGS84;YGCSWGS84;STRZUSTAND
209942;5200701607000441636;5;3;82;68;2020;7;0;4;3;7;5;2;1;1;0;0;0;1;369393,097699999810000;5630530,026200000200000;7,146122967000053;50,811758445000066;0
209944;5200630316100076668;5;9;74;40;2020;6;22;3;3;0;1;2;1;0;0;0;0;0;438110,251799999740000;5713112,868100000500000;8,107088109000074;51,565692554000066;1
209951;5200703405244106736;5;7;54;44;2020;7;18;6;3;0;7;0;1;0;0;0;0;0;463851,348500000310000;5746936,101399999100000;8,474933773000032;51,872035617000051;0
209952;5200701601410947208;5;3;15;0;2020;7;6;4;3;0;1;0;1;0;0;0;0;0;349760,740000000220000;5658533,666999999400000;6,856103929000028;51,058649561000038;1
209953;5200702702100364029;5;5;15;0;2020;7;8;5;3;5;3;0;1;1;0;0;0;0;404793,707999999630000;5761209,490499999400000;7,613347004000048;51,993377563000081;0
209955;5200701601320177208;5;3;15;0;2020;7;11;4;2;2;6;0;1;0;0;0;0;0;347989,941899999980000;5648063,577899999900000;6,835240446000057;50,964098810000053;1
209957;5200630313110574727;5;9;58;4;2020;6;13;3;3;5;3;0;1;1;0;0;0;0;428304,334900000130000;5699543,912399999800000;7,968395131000023;51,442542580000065;0
209959;5200701601220064208;5;3;15;0;2020;7;9;4;2;0;1;0;1;0;0;0;0;0;355276,173499999570000;5641536,201899999800000;6,941521793000050;50,907315149000055;0
209960;5200702711143349206;5;5;70;44;2020;7;18;5;3;5;3;0;1;0;0;0;0;0;413712,842699999920000;5765190,093200000000000;7,742213145000051;52,030615780000062;0
209961;5200702701120444200;5;5;62;32;2020;7;10;5;3;5;7;0;1;0;0;0;1;0;375792,503800000060000;5713582,233300000400000;7,208189928000024;51,559629513000061;0
209963;5200703301504117207;5;9;13;0;2020;7;13;6;3;5;1;0;1;1;0;0;0;0;388197,855999999680000;5714771,590199999500000;7,386689858000068;51,572915057000046;0
209965;5200701601120489203;5;3;15;0;2020;7;17;4;3;1;7;0;1;1;0;0;0;0;355178,325100000020000;5645939,193099999800000;6,938382042000058;50,946859372000063;0
209967;5200701601110350207;5;3;15;0;2020;7;14;4;3;5;3;0;1;1;0;0;0;0;355344,379399999980000;5644599,463700000200000;6,941276264000067;50,934861212000044;1
209970;5200701518100900436;5;1;70;48;2020;7;9;4;3;5;2;0;1;1;0;0;0;0;335008,304399999790000;5726974,826500000400000;6,614015583000025;51,669492352000077;1
209972;5200701518100076426;5;1;70;48;2020;7;13;4;3;1;3;0;1;1;0;0;0;0;335564,569199999790000;5725433,909299999500000;6,622777326000062;51,655812235000042;1
209973;5200702610111579483;5;3;70;16;2020;7;9;5;3;5;2;0;1;1;0;0;0;0;296846,549999999810000;5660514,278000000900000;6,100812979000068;51,060160168000039;0
209974;5200701516900577512;5;1;58;20;2020;7;16;4;3;4;6;0;1;1;0;0;0;0;355846,041000000200000;5663729,697000000600000;6,940806340000052;51,106904035000071;1
209975;5200701516400881205;5;1;58;24;2020;7;14;4;3;5;3;0;1;1;0;0;0;0;359029,639399999750000;5679761,434499999500000;6,979963517000044;51,251767381000036;0
209982;5200629709500876614;5;5;66;16;2020;6;17;2;3;5;3;0;1;1;0;0;0;0;408567,948599999770000;5789095,721100000700000;7,660809248000021;52,244662461000075;0
209985;5200701514218074763;5;1;66;36;2020;7;15;4;3;5;3;0;1;1;0;0;0;0;323088,394100000150000;5683871,266100000600000;6,463396231000047;51,278672115000063;0
209986;5200701514113586225;5;1;66;32;2020;7;15;4;3;0;3;0;1;1;0;0;0;0;316092,550300000240000;5684959,296700000800000;6,362639833000060;51,286230381000053;1
209988;5200629709500870605;5;5;66;76;2020;6;12;2;3;5;3;0;1;1;0;0;0;0;395003,859000000170000;5797099,791999999400000;7,459718334000058;52,314176942000074;0
209989;5200702600380423205;5;3;14;0;2020;7;10;5;2;5;3;0;1;1;0;0;0;0;369612,762400000360000;5614864,263800000800000;7,154783045000045;50,671000637000077;1
209992;5200629709110370630;5;5;66;8;2020;6;6;2;3;7;5;0;1;1;0;0;0;0;398539,282700000330000;5780566,553500000400000;7,516527350000047;52,166248173000042;0
209994;5200701505100176313;5;1;14;0;2020;7;18;4;3;0;3;0;1;1;0;0;0;0;331314,594999999740000;5687775,630100000600000;6,579384888000050;51,316243910000026;1
210000;5200629705000887338;5;5;54;8;2020;6;11;2;3;5;2;0;1;1;0;0;0;0;336093,242200000210000;5744841,672499999400000;6,621269473000041;51,830318747000035;0
210001;5200702600380414203;5;3;14;0;2020;7;8;5;3;0;5;0;1;1;0;0;0;0;370206,038700000380000;5616668,604100000100000;7,162541001000022;50,687351300000046;0
210004;5200702609152080825;5;3;58;52;2020;7;11;5;3;1;7;0;1;1;0;0;0;0;333772,144000000320000;5630833,846999999100000;6,640778583000042;50,805362844000058;0
210006;5200702608200190204;5;3;34;2;2020;7;12;5;3;5;3;0;1;0;0;0;0;0;294499,812400000170000;5628289,449200000600000;6,085517427000070;50,769916710000075;0
210008;5200701500300037205;5;1;11;0;2020;7;19;4;3;5;2;0;1;1;0;0;0;0;350755,601700000460000;5670939,982999999100000;6,865156701000046;51,170393277000073;1
210012;5200629705000176764;5;5;54;8;2020;6;18;2;2;2;7;0;1;0;0;0;0;0;335406,767300000410000;5745284,216199999700000;6,611105735000024;51,834092468000051;0
210015;5200703301101905201;5;9;13;0;2020;7;5;6;3;0;1;1;1;0;0;0;0;0;391949,844200000170000;5707793,919600000600000;7,442951653000023;51,510929027000032;0
210017;5200629702100472399;5;5;15;0;2020;6;14;2;3;5;3;0;1;1;0;0;0;0;406685,840099999680000;5754911,224800000000000;7,642608443000029;51,937086867000062;0
210021;5200629610121914702;5;3;70;12;2020;6;8;2;3;0;1;0;1;0;0;0;0;0;297753,335500000040000;5649858,181299999400000;6,119675268000037;50,964776936000078;1
210027;5200702706300887295;5;5;58;4;2020;7;6;5;3;0;7;0;1;1;0;0;0;0;408351,805999999870000;5733321,109999999400000;7,672555844000044;51,743294992000074;0
210028;5200701310110775695;5;9;54;16;2020;7;20;4;3;0;1;0;1;0;0;0;0;0;376724,162999999710000;5694740,823999999100000;7,228197477000038;51,390497742000036;1
210031;5200629607100014803;5;3;82;28;2020;6;19;2;3;0;1;0;1;0;1;0;0;0;373550,473799999800000;5631962,058000000200000;7,204609049000055;50,825552597000069;0
210032;5200701307000076208;5;9;62;40;2020;7;16;4;3;5;3;0;1;1;0;0;0;0;416737,462899999690000;5698459,792099999300000;7,802254628000071;51,431214134000072;0
210037;5200701300510928205;5;9;54;36;2020;7;10;4;3;0;1;0;1;0;0;0;0;0;384112,563599999990000;5700592,171700000800000;7,332425616000023;51,444647002000067;1
210039;5200630709500476732;5;5;66;76;2020;6;17;3;3;5;3;0;1;1;0;0;0;0;392924,754499999810000;5792272,584599999700000;7,430764573000033;52,270392638000033;0
210040;5200630709000506669;5;5;66;92;2020;6;16;3;3;5;3;0;1;1;0;0;0;0;423148,169800000270000;5796754,650499999500000;7,872568483000066;52,315736119000064;0
210042;5200630702100779199;5;5;15;0;2020;6;12;3;3;3;2;0;1;0;0;0;0;1;404685,260999999940000;5759070,570699999100000;7,612362342000040;51,974133615000028;0
210044;5200629602600933200;5;3;62;20;2020;6;18;2;3;6;4;0;1;0;1;0;0;0;347243,188500000160000;5630550,227000000000000;6,831934444000069;50,806522614000073;0
210045;5200630702100564164;5;5;15;0;2020;6;7;3;3;3;3;0;1;1;0;0;0;0;406391,589900000020000;5757885,994000000900000;7,637519220000058;51,963776134000057;0
210049;5200630610211585764;5;3;70;4;2020;6;13;3;2;0;6;0;1;0;0;0;0;0;312146,396399999970000;5662916,724899999800000;6,317641257000048;51,086949566000044;0
210051;5200702600350376562;5;3;82;32;2020;7;17;5;3;5;3;0;1;1;0;0;0;0;360107,854500000370000;5610817,185799999200000;7,021882626000036;50,632420341000056;0
210055;5200702518400975297;5;1;70;8;2020;7;15;5;2;5;3;0;1;1;0;0;0;0;343372,600300000050000;5714865,696200000100000;6,740281421000020;51,563091452000037;0
210058;5200630607121778252;5;3;82;44;2020;6;16;3;3;5;3;0;1;1;0;0;0;0;362838,675999999980000;5628447,515000000600000;7,053921209000066;50,791526671000042;0
210060;5200630602800667512;5;3;62;12;2020;6;12;3;2;0;5;0;1;1;0;0;0;0;350664,080000000070000;5632591,767000000900000;6,879620048000049;50,825761052000075;0
210062;5200629602100285805;5;3;62;8;2020;6;12;2;2;5;3;0;1;1;0;0;0;0;337021,939000000250000;5650742,791999999400000;6,677977915000042;50,985173907000046;0
210063;5200702518320478896;5;1;70;52;2020;7;11;5;3;5;3;0;1;1;0;0;0;0;322581,317499999890000;5725563,887900000400000;6,435209297000029;51,653032501000041;0
210065;5200702711151066356;5;5;70;32;2020;7;9;5;3;5;3;0;1;1;0;0;0;0;420860,502999999560000;5765700,823999999100000;7,846260793000056;52,036272814000029;0
210066;5200630601420732208;5;3;15;0;2020;6;18;3;3;0;3;0;1;1;0;0;0;0;355639,157200000250000;5647311,646999999900000;6,944393483000056;50,959308902000032;0
210067;5200630601420414208;5;3;15;0;2020;6;11;3;1;3;2;0;1;0;0;0;0;0;355514,939000000250000;5648408,020999999700000;6,942190500000038;50,969130608000057;0
210068;5200629601700805201;5;3;16;0;2020;6;14;2;3;0;3;0;1;1;0;0;0;0;360109,605000000450000;5659207,636700000600000;7,003420829000049;51,067321144000061;0
210069;5200629601420819208;5;3;15;0;2020;6;13;2;3;4;6;0;1;0;0;0;0;0;358873,243700000460000;5647956,819499999300000;6,990163923000068;50,965908256000034;0
210073;5200630601320212206;5;3;15;0;2020;6;8;3;3;5;3;0;1;1;0;0;0;0;347722,452899999920000;5645825,700699999900000;6,832370197000046;50,943918323000048;0
210074;5200629601200625869;5;3;15;0;2020;6;15;2;3;4;3;0;1;1;0;0;0;0;353114,133999999610000;5644276,199999999300000;6,909688340000059;50,931392460000041;1
210075;5200630601310781204;5;3;15;0;2020;6;20;3;3;0;1;0;1;0;0;0;0;0;355190,401300000030000;5647146,412100000300000;6,938073650000035;50,957711378000056;0
210081;5200630601220367208;5;3;15;0;2020;6;11;3;3;5;3;0;1;1;0;0;0;0;359970,763000000270000;5636939,591000000000000;7,010012928000037;50,867162168000050;0
210082;5200629600330709200;5;3;82;48;2020;6;16;2;2;2;6;0;1;0;0;0;0;0;355773,930999999870000;5609360,506100000800000;6,961206806000064;50,618272446000049;0
210084;5200630601210406205;5;3;15;0;2020;6;12;3;3;0;1;0;1;0;0;0;0;0;355270,785000000150000;5642009,961999999400000;6,941257324000048;50,911571399000081;0
210087;5200630601110688205;5;3;15;0;2020;6;17;3;3;0;1;0;1;0;0;0;0;0;354773,092199999840000;5645546,367900000900000;6,932773969000039;50,943227215000036;0
210088;5200630601110131207;5;3;15;0;2020;6;8;3;3;0;1;0;1;0;0;0;0;0;354920,682000000030000;5643863,125099999800000;6,935543510000059;50,928137482000068;0
210090;5200629518200582267;5;1;70;24;2020;6;16;2;3;6;6;0;1;0;1;0;0;0;336044,124699999580000;5703567,730900000800000;6,639899041000035;51,459507191000057;0
210091;5200630600380788209;5;3;14;0;2020;6;7;3;3;5;2;0;1;1;0;0;0;0;368837,197999999860000;5617814,316999999800000;7,142766761000075;50,697342257000059;0
210093;5200629518100775947;5;1;70;48;2020;6;11;2;3;5;3;0;1;1;0;0;0;0;337946,074300000440000;5725857,130699999600000;6,656979038000031;51,660306012000035;0
210095;5200630600380047205;5;3;14;0;2020;6;18;3;3;5;3;0;1;1;0;0;0;0;370538,582499999550000;5616934,241599999400000;7,167153107000047;50,689813045000051;0
210096;5200630600310872206;5;3;14;0;2020;6;9;3;2;0;1;0;1;0;0;0;0;0;362278,046199999750000;5618999,539999999100000;7,049504776000049;50,706478516000061;0
210098;5200630600140029201;5;3;14;0;2020;6;16;3;3;5;3;0;1;1;0;0;0;0;369868,066899999980000;5620998,585899999400000;7,156232771000020;50,726194966000037;0
210099;5200630600110165629;5;3;14;0;2020;6;21;3;2;0;7;1;1;0;0;0;0;0;364642,849299999890000;5618188,765799999200000;7,083273476000045;50,699746718000029;0
210100;5200630600110034207;5;3;14;0;2020;6;14;3;2;0;7;0;1;0;0;0;0;0;365926,959099999630000;5622258,574999999300000;7,099967444000072;50,736623601000076;0
210101;5200629518100765788;5;1;70;48;2020;6;16;2;3;5;3;0;1;1;0;0;0;0;336808,719200000170000;5726147,126100000000000;6,640414421000060;51,662582218000068;0
210103;5200630518400572056;5;1;70;8;2020;6;16;3;3;5;3;0;1;1;0;0;0;0;343048,071000000460000;5714669,224999999600000;6,735690969000075;51,561236019000035;0
210109;5200630516500574125;5;1;58;16;2020;6;18;3;3;0;5;0;1;1;0;0;0;0;355218,313400000330000;5670218,617900000900000;6,929237920000048;51,165057991000026;0
210110;5200630516310739200;5;1;58;28;2020;6;16;3;3;1;5;0;1;1;0;0;0;0;351402,874900000170000;5684657,359300000600000;6,868719371000054;51,293825214000037;0
210111;5200629516330162201;5;1;58;28;2020;6;9;2;3;0;3;0;1;0;0;0;0;1;347868,048999999650000;5684729,087999999500000;6,818028937000065;51,293536335000056;1
210112;5200702702100565908;5;5;15;0;2020;7;13;5;3;6;4;0;1;0;1;0;0;0;406801,049899999980000;5757526,603800000600000;7,643574671000067;51,960614552000038;0
210114;5200704400200386996;5;7;11;0;2020;7;8;7;3;1;5;0;1;1;0;0;0;0;468339,442999999970000;5763911,644999999600000;8,538558056000056;52,024931266000067;0
210117;5200706705000818397;5;5;54;4;2020;7;18;2;2;5;2;0;1;1;0;0;0;0;363541,763299999760000;5771077,126000000200000;7,008920065000041;52,073440569000070;1
210118;5200703605131524609;5;3;74;44;2020;7;12;6;2;0;1;0;1;0;0;0;0;0;402758,434999999590000;5635835,260999999900000;7,618141203000050;50,866016608000052;0
210119;5200706503200678421;5;1;24;0;2020;7;17;2;2;0;1;0;1;0;0;0;0;0;375901,674999999810000;5683460,478199999800000;7,220313858000054;51,288934958000027;1
210121;5200704601400581846;5;3;15;0;2020;7;13;7;3;5;2;0;1;1;0;0;0;0;352466,187800000420000;5654787,829299999400000;6,896207996000044;51,025689620000037;0
210124;5200704300420771206;5;9;16;0;2020;7;7;7;2;5;3;0;1;1;0;0;0;0;373493,011099999770000;5709248,652599999700000;7,176593074000039;51,520172109000043;0
210125;5200706501315373956;5;1;12;0;2020;7;0;2;2;0;7;2;1;0;0;0;0;0;344395,460400000210000;5699930,452999999700000;6,761612030000038;51,429183726000076;0
210127;5200707601420367203;5;3;15;0;2020;7;16;3;2;5;3;0;1;1;0;0;0;0;358742,774000000210000;5648379,269999999600000;6,988143024000067;50,969672842000080;0
210128;5200707605152578446;5;3;74;52;2020;7;14;3;2;0;1;0;1;0;0;0;0;0;390836,173499999570000;5663980,919700000400000;7,440323138000053;51,116895154000076;0
210129;5200704600120888204;5;3;82;24;2020;7;16;7;3;5;2;0;1;1;0;0;0;0;378357,151800000110000;5619218,735400000600000;7,277036737000060;50,712035638000032;0
210130;5200706500300110205;5;1;11;0;2020;7;11;2;3;5;3;0;1;0;0;0;0;1;344879,537299999970000;5676345,690700000200000;6,778834559000075;51,217402483000058;0
210137;5200706500200232207;5;1;11;0;2020;7;16;2;3;0;7;0;1;0;0;0;0;0;345069,875699999740000;5678460,709300000200000;6,780643516000055;51,236458450000043;1
210138;5200706601610683202;5;3;15;0;2020;7;18;2;3;5;3;0;1;1;0;0;0;0;359108,451399999670000;5644026,999099999700000;6,995031905000076;50,930648277000046;0
210139;5200707300600663367;5;9;16;0;2020;7;18;3;3;6;2;0;1;0;1;0;0;0;376223,485399999660000;5712605,427799999700000;7,214747801000044;51,550945438000042;0
210140;5200703602400578204;5;3;62;32;2020;7;18;6;3;2;6;0;1;1;0;0;0;0;329651,667799999940000;5637227,160700000800000;6,579381824000052;50,861608318000037;0
210142;5200704505200072016;5;1;14;0;2020;7;2;7;3;0;1;2;1;0;0;0;0;0;333854,222099999900000;5691265,461899999500000;6,614166467000075;51,348344456000063;0
210143;5200706410130587060;5;7;70;28;2020;7;20;2;3;8;1;0;1;0;0;0;0;0;487556,631299999540000;5801652,889599999400000;8,817253188000052;52,365012220000040;0
210144;5200707301502207201;5;9;13;0;2020;7;11;3;3;5;2;0;1;1;0;0;0;0;389955,946200000120000;5701634,129499999800000;7,416150044000062;51,455178088000082;0
210145;5200703607500126852;5;3;82;56;2020;7;11;6;3;5;3;0;1;1;0;0;0;0;372628,675699999560000;5626841,995600000000000;7,193303993000029;50,779329733000054;0
210146;5200706410110672324;5;7;70;24;2020;7;15;2;3;5;3;0;1;1;0;0;0;0;493959,553000000310000;5794901,846999999100000;8,911409463000041;52,304425405000075;1
210149;5200707515111576183;5;1;54;44;2020;7;11;3;3;5;3;0;1;1;0;0;0;0;320323,850499999710000;5737746,960699999700000;6,396332197000049;51,761745680000047;0
210153;5200706709500969125;5;5;66;76;2020;7;14;2;3;5;6;0;1;1;0;0;0;0;395295,814799999820000;5793736,623900000000000;7,465045251000049;52,284007004000046;1
210155;5200706400200186996;5;7;11;0;2020;7;17;2;3;5;3;0;1;1;0;0;0;0;469894,309999999590000;5762230,387000000100000;8,561366839000073;52,009902204000070;0
210156;5200707709700070260;5;5;66;28;2020;7;22;3;2;0;7;2;1;0;0;0;0;0;411495,603299999610000;5792967,271800000200000;7,702662743000076;52,279939514000034;0
210159;5200708303100185004;5;9;15;0;2020;7;14;4;3;5;3;0;1;1;0;0;0;0;418255,950100000020000;5725708,061400000000000;7,817759443000057;51,676390081000079;0
210167;5200706316100575361;5;9;74;40;2020;7;6;2;3;5;3;0;1;1;0;0;0;0;439398,285500000230000;5713542,328900000100000;8,125594742000033;51,569693558000040;0
210168;5200707609224984205;5;3;58;24;2020;7;14;3;2;4;6;0;1;0;0;0;0;0;310274,935100000350000;5647397,585300000400000;6,299066877000030;50,946933904000048;0
210171;5200707404101076248;5;7;66;20;2020;7;12;3;3;2;2;0;1;1;0;0;0;0;489783,573800000360000;5754105,397700000600000;8,851388745000065;51,937573224000062;0
210176;5200704307000274099;5;9;62;24;2020;7;10;7;3;0;7;0;1;1;0;0;0;0;411200,571700000200000;5692040,714199999300000;7,724232846000064;51,372668179000073;0
210177;5200706307100830206;5;9;62;24;2020;7;19;2;3;5;3;0;1;1;0;0;0;0;410463,205000000070000;5692524,664000000800000;7,713520123000023;51,376902916000063;0
210184;5200703608312500203;5;3;34;12;2020;7;19;6;2;0;1;0;1;0;0;0;0;0;310637,028099999760000;5633861,209200000400000;6,311229040000058;50,825459200000068;0
210186;5200708501262886016;5;1;12;0;2020;7;9;4;3;1;5;0;1;1;0;0;0;0;340528,538499999790000;5696007,571100000300000;6,707797295000034;51,392863029000068;1
210189;5200707601300087652;5;3;15;0;2020;7;7;3;2;5;3;0;1;0;0;0;0;1;351156,514999999660000;5647028,906400000700000;6,880725135000034;50,955627633000063;0
210190;5200704503400086735;5;1;22;0;2020;7;12;7;3;3;5;0;1;1;0;0;0;0;365859,747200000100000;5674718,031400000700000;7,079663194000034;51,208089463000078;0
210192;5200707301205585056;5;9;13;0;2020;7;18;3;3;5;3;0;1;1;0;0;0;0;387835,659300000410000;5713297,375199999700000;7,381936099000029;51,559592814000041;0
210193;5200703601420090201;5;3;15;0;2020;7;15;6;3;1;5;0;1;1;0;0;0;0;357359,186499999840000;5647932,630000000800000;6,968625601000042;50,965317971000047;0
210196;5200708315230085256;5;9;70;28;2020;7;14;4;2;0;1;0;1;0;0;0;0;0;454384,079800000410000;5635871,792500000400000;8,351688300000035;50,872725042000070;1
210197;5200707513320071715;5;1;62;4;2020;7;10;3;3;5;3;0;1;1;0;0;0;0;348289,133899999780000;5662037,983699999700000;6,833649782000066;51,089752272000055;0
210198;5200704407209979192;5;7;62;4;2020;7;20;7;2;0;1;0;1;0;0;0;0;0;500011,548299999910000;5724937,223500000300000;9,000167013000066;51,675408500000060;0
210199;5200706300712979518;5;9;16;0;2020;7;17;2;3;1;5;0;1;1;0;0;0;0;371456,509499999690000;5711820,491800000900000;7,146317586000066;51,542825368000081;0
210200;5200706601400576506;5;3;15;0;2020;7;8;2;3;2;6;0;1;1;0;0;0;0;355513,648000000040000;5648416,166999999400000;6,942168890000062;50,969203491000030;0
210204;5200706300513479451;5;9;11;0;2020;7;8;2;2;0;1;0;1;0;0;0;0;0;378499,011900000270000;5700978,402100000500000;7,251555717000031;51,446941831000061;0
210207;5200703601400986534;5;3;15;0;2020;7;12;6;3;5;3;0;1;1;0;0;0;0;356232,777099999600000;5646670,776699999300000;6,953093611000043;50,953697928000054;0
210208;5200708407140070270;5;7;62;16;2020;7;16;4;2;3;6;0;1;1;0;0;0;0;511741,537700000220000;5730339,961799999700000;9,169989543000042;51,723863846000029;0
210209;5200706700100907209;5;5;13;0;2020;7;20;2;3;0;7;1;1;1;0;0;0;0;367024,236299999990000;5711395,017699999700000;7,082599884000047;51,537974912000038;1
210212;5200707502401281273;5;1;17;0;2020;7;17;3;3;8;2;0;1;1;0;0;0;0;353015,828999999910000;5699870,369000000900000;6,885548471000050;51,430945358000031;0
210213;5200704314220538785;5;9;66;12;2020;7;18;7;3;0;4;0;1;0;1;0;0;0;427753,062699999660000;5669058,068299999500000;7,966638729000067;51,168387854000059;0
210215;5200706601200486481;5;3;15;0;2020;7;18;2;3;5;2;0;1;1;0;0;0;0;352919,158499999900000;5643191,537900000800000;6,907353205000050;50,921595341000057;0
210219;5200706609248577577;5;3;58;48;2020;7;9;2;3;5;6;0;1;1;0;0;0;0;321373,557199999690000;5639968,183000000200000;6,460533285000054;50,883735533000049;0
210221;5200707709000674680;5;5;66;28;2020;7;17;3;3;3;3;0;1;1;0;0;0;0;412234,729500000370000;5793417,244799999500000;7,713377060000028;52,284102499000028;0
210223;5200705706200987335;5;5;58;20;2020;7;1;1;2;0;6;2;1;0;1;0;0;0;391143,802000000140000;5759462,080000000100000;7,415171566000026;51,975164942000049;1
210225;5200704301301063847;5;9;78;24;2020;7;22;7;3;5;3;1;1;1;0;0;0;0;397982,377999999560000;5717945,867000000600000;7,526905697000075;51,603303019000066;0
210230;5200704505200082202;5;1;14;0;2020;7;11;7;3;0;1;0;1;0;0;0;0;0;328121,977800000460000;5696921,607799999400000;6,529197619000058;51,397452266000073;1
210235;5200705608312681202;5;3;34;12;2020;7;18;1;3;5;3;0;1;1;0;0;0;0;312074,848000000230000;5633684,574999999300000;6,331711465000069;50,824340930000062;0
210237;5200703701200752209;5;5;62;20;2020;7;10;6;3;0;6;0;1;1;0;0;0;0;371178,221599999820000;5717425,656700000200000;7,140251980000073;51,593134902000031;0
210238;5200705608312628209;5;3;34;12;2020;7;8;1;3;4;6;0;1;0;0;0;0;0;308189,416000000200000;5636168,230000000400000;6,275309750000076;50,845376594000072;0
210239;5200708505200718125;5;1;14;0;2020;7;18;4;3;0;7;0;1;1;0;0;0;0;329127,113800000400000;5691292,159000000000000;6,546338855000045;51,347182803000067;1
210242;5200704502210902204;5;1;13;0;2020;7;4;7;3;1;5;2;1;1;0;0;0;0;362412,137000000100000;5700624,516799999400000;7,020337052000059;51,440081997000050;0
210243;5200705608100624203;5;3;34;2;2020;7;7;1;3;0;1;0;1;0;0;0;0;0;294372,745900000450000;5629020,345499999800000;6,083309254000028;50,776436010000054;0
210246;5200703601310224204;5;3;15;0;2020;7;19;6;3;0;3;0;1;1;0;0;0;0;353563,342000000180000;5646465,250000000000000;6,915196478000041;50,951178874000050;0
210252;5200708500300600204;5;1;11;0;2020;7;6;4;3;0;7;0;1;0;0;0;0;0;348576,015399999920000;5675039,618400000000000;6,832274556000073;51,206658761000028;1
210255;5200704500300000679;5;1;11;0;2020;7;20;7;2;5;2;0;1;1;0;0;0;0;344357,766999999990000;5676495,208000000600000;6,771304498000063;51,218603961000042;1
210258;5200706711131276740;5;5;70;12;2020;7;18;2;3;4;3;0;1;0;0;0;0;0;438891,913200000300000;5753517,212300000700000;8,111263757000074;51,929023884000060;1
210260;5200706608100058590;5;3;34;2;2020;7;20;2;2;5;3;0;1;0;0;0;0;1;292409,911500000390000;5631824,928400000600000;6,053922732000046;50,800924677000069;0
210261;5200706607400990204;5;3;82;68;2020;7;5;2;3;3;6;0;1;1;0;0;0;0;365770,370799999680000;5626199,847699999800000;7,096312756000032;50,772011258000077;0
210263;5200704608100880711;5;3;34;2;2020;7;18;7;3;5;2;0;1;1;0;0;0;0;295219,436200000350000;5628874,916300000600000;6,095383478000031;50,775429396000050;0
210264;5200707501212469402;5;1;12;0;2020;7;17;3;3;5;7;0;1;1;0;0;0;0;340645,383999999610000;5697500,230900000800000;6,708805063000057;51,406306939000046;0
210265;5200704313110075347;5;9;58;4;2020;7;17;7;3;5;3;0;1;0;0;0;0;0;430102,098799999800000;5698010,735500000400000;7,994560889000070;51,428983378000055;0
210273;5200705600110765209;5;3;14;0;2020;7;16;1;3;0;1;0;1;1;0;0;0;0;365783,094800000080000;5622384,770600000400000;7,097883893000073;50,737724611000033;0
210274;5200707702100168134;5;5;15;0;2020;7;11;3;3;6;4;0;1;0;1;0;0;0;405370,676799999550000;5759828,679600000400000;7,622128759000020;51,981064930000059;0
210275;5200704601210336205;5;3;15;0;2020;7;1;7;3;8;1;2;1;1;0;0;0;0;353720,492899999950000;5642132,737400000900000;6,919170990000055;50,912283939000076;0
210276;5200705516900381583;5;1;58;20;2020;7;15;1;3;3;6;0;1;0;0;0;0;1;356453,181499999950000;5663928,004300000100000;6,949394298000073;51,108838503000072;0
210277;5200707405224274499;5;7;54;24;2020;7;14;3;3;5;3;0;1;1;0;0;0;0;453727,841900000350000;5735188,123199999300000;8,329467295000029;51,765665995000063;0
210279;5200705516320533205;5;1;58;28;2020;7;13;1;3;0;1;0;1;0;0;0;0;0;348028,764800000000000;5686735,701999999600000;6,819477650000067;51,311609714000042;0
210280;5200708516300375655;5;1;58;24;2020;7;17;4;3;0;1;0;1;0;0;0;0;0;358553,067800000310000;5679344,061000000700000;6,973304000000042;51,247898653000050;1
210282;5200705514110785962;5;1;66;32;2020;7;16;1;3;0;7;0;1;0;1;0;0;0;318017,484699999910000;5683175,059299999800000;6,391122453000037;51,270821272000035;0
210283;5200703515210078983;5;1;54;60;2020;7;10;6;3;0;5;0;1;0;0;0;1;0;314279,451200000010000;5698351,506799999600000;6,329681921000031;51,405933883000046;0
210286;5200705513210684207;5;1;62;24;2020;7;4;1;3;0;7;2;1;0;0;0;0;0;337266,155700000000000;5675326,705800000600000;6,670375423000053;51,206128171000046;1
210291;5200708406110187082;5;7;58;12;2020;7;21;4;2;5;3;0;1;1;0;0;0;0;478261,325199999850000;5774415,210400000200000;8,682494051000049;52,119843362000040;0
210292;5200707601110287203;5;3;15;0;2020;7;15;3;3;0;1;0;1;0;0;0;0;0;356660,655199999920000;5645286,469900000800000;6,959726336000074;50,941363915000068;0
210295;5200707601420312203;5;3;15;0;2020;7;17;3;3;5;5;0;1;1;0;0;0;0;353144,803700000050000;5656928,022199999500000;6,905010522000055;51,045096074000071;0
210299;5200703514210785912;5;1;66;12;2020;7;8;6;3;3;6;0;1;1;0;0;0;0;320150,360200000000000;5693642,597100000800000;6,416385500000047;51,365526921000026;0
210304;5200707514118782174;5;1;66;16;2020;7;8;3;3;0;7;0;1;0;0;0;0;0;309882,472900000400000;5687103,473200000800000;6,272547762000045;51,303450366000050;0