OBJECTID;UIDENTSTLAE;ULAND;UREGBEZ;UKREIS;UGEMEINDE;UJAHR;UMONAT;USTUNDE;UWOCHENTAG;UKATEGORIE;UART;UTYP1;ULICHTVERH;IstRad;IstPKW;IstFuss;IstKrad;IstGkfz;IstSonstige;LINREFX;LINREFY;XGCSWGS84;YGCSWGS84;STRZUSTAND
210305;5200704410110355610;5;7;70;24;2020;7;11;7;2;5;3;0;1;1;0;0;0;0;492735,723100000060000;5792341,818299999500000;8,893515738000076;52,281394657000078;0
210306;5200705501311978209;5;1;12;0;2020;7;18;1;2;9;1;0;1;0;0;0;0;0;343785,782800000160000;5700169,044399999100000;6,752743772000031;51,431159717000071;0
210309;5200703514119486225;5;1;66;16;2020;7;12;6;3;0;7;0;1;0;0;0;0;0;309046,321499999610000;5685338,062999999200000;6,261511118000044;51,287314028000026;0
210312;5200703513130638208;5;1;62;22;2020;7;19;6;2;5;4;0;1;0;1;0;0;0;340530,548600000330000;5684809,734099999100000;6,712841841000056;51,292253443000050;0
210313;5200708410240824203;5;7;70;40;2020;7;11;4;3;5;2;0;1;1;0;0;0;0;473752,080599999990000;5809022,217100000000000;8,613941606000026;52,430776186000060;0
210318;5200705500300908209;5;1;11;0;2020;7;21;1;2;5;3;0;1;1;0;0;0;0;344458,388799999840000;5676552,953600000600000;6,772719119000044;51,219150246000027;0
210322;5200704600380889203;5;3;14;0;2020;7;16;7;3;5;3;0;1;1;0;0;0;0;369036,891900000160000;5616886,419900000100000;7,145921709000049;50,689047078000044;0
210323;5200705500200086939;5;1;11;0;2020;7;19;1;3;5;2;0;1;0;0;0;0;1;346903,867999999780000;5676728,621999999500000;6,807634479000058;51,221389714000054;0
210324;5200705404101721544;5;7;66;20;2020;7;14;1;3;5;2;0;1;1;0;0;0;0;490724,042999999600000;5754951,080000000100000;8,865046240000027;51,945193247000077;0
210325;5200707709100473207;5;5;66;8;2020;7;9;3;3;5;3;0;1;1;0;0;0;0;398645,544400000010000;5782207,198799999400000;7,517590294000058;52,181013293000035;0
210328;5200707500300405205;5;1;11;0;2020;7;11;3;2;3;2;0;1;1;0;0;0;0;351459,003899999890000;5669865,021900000100000;6,875654953000037;51,160916737000036;0
210330;5200705315210785225;5;9;70;24;2020;7;19;1;3;8;7;0;1;0;0;0;0;0;429645,866000000390000;5644524,137000000100000;7,998477907000051;50,948038571000041;1
210331;5200708600110852200;5;3;14;0;2020;7;15;4;3;5;2;0;1;1;0;0;0;0;366190,406999999660000;5620541,775699999200000;7,104321787000060;50,721253781000030;1
210332;5200703505200372089;5;1;14;0;2020;7;7;6;3;5;3;0;1;1;0;0;0;0;333881,548899999820000;5692911,352199999600000;6,613789987000075;51,363139366000041;0
210335;5200705307300735209;5;9;62;16;2020;7;10;1;3;1;1;0;1;1;0;0;0;0;413896,178600000220000;5693300,030600000200000;7,762645110000051;51,384404404000065;0
210336;5200707302000586789;5;9;14;0;2020;7;9;3;2;4;2;0;1;1;0;0;0;0;400317,930499999780000;5689973,597300000500000;7,568512748000046;51,352280311000072;0
210337;5200703608100488201;5;3;34;2;2020;7;17;6;3;1;5;0;1;1;0;0;0;0;293604,228000000120000;5626908,135999999900000;6,073608138000054;50,757193071000074;0
210339;5200707316300087425;5;9;74;28;2020;7;16;3;3;5;3;0;1;1;0;0;0;0;454532,883999999610000;5725202,242900000900000;8,342436021000026;51,675950964000037;0
210340;5200703702100154101;5;5;15;0;2020;7;15;6;3;0;3;0;1;1;0;0;0;0;407647,283900000150000;5755381,528000000900000;7,656463585000040;51,941474620000065;0
210341;5200705307000265156;5;9;62;32;2020;7;14;1;2;0;1;0;1;0;0;0;0;0;404436,788999999870000;5674236,865299999700000;7,631853071000023;51,211522808000041;1
210343;5200707601200581855;5;3;15;0;2020;7;9;3;3;0;1;0;1;0;0;0;0;0;359632,450299999680000;5636560,472500000100000;7,005353651000064;50,863672888000053;0
210346;5200707301201406206;5;9;13;0;2020;7;22;3;3;0;7;2;1;1;0;0;0;0;389936,621799999850000;5709313,924799999200000;7,413477412000020;51,524202624000054;0
210347;5200703503200236204;5;1;24;0;2020;7;18;6;3;4;1;0;1;1;0;0;0;0;373755,251000000160000;5680934,138000000300000;7,190441011000075;51,265757504000078;0
210352;5200707505200076405;5;1;14;0;2020;7;12;3;3;0;1;0;1;0;0;0;0;0;326867,787299999970000;5693880,353000000100000;6,512668787000052;51,369750062000037;0
210355;5200707518300387465;5;1;70;32;2020;7;14;3;3;0;2;0;1;1;0;0;0;0;330755,790000000040000;5718599,245999999300000;6,556626690000030;51,592986987000074;0
210357;5200705301101488209;5;9;13;0;2020;7;14;1;3;0;1;0;1;0;0;0;0;0;393236,639000000430000;5707572,884999999800000;7,461554608000029;51,509186887000055;1
210358;5200706513210086721;5;1;62;24;2020;7;7;2;3;5;3;0;1;1;0;0;0;0;338637,816599999550000;5675853,515399999900000;6,689757380000060;51,211250607000068;0
210359;5200706711213374480;5;5;70;4;2020;7;16;2;3;5;3;0;1;1;0;0;0;0;424390,161000000310000;5734440,716000000000000;7,904563333000056;51,755753784000035;0
210365;5200704608200561208;5;3;34;2;2020;7;15;7;3;5;2;0;1;0;0;0;0;1;297192,642900000330000;5629385,295900000300000;6,123052229000052;50,780706601000077;0
210366;5200707501325781206;5;1;12;0;2020;7;16;3;2;1;7;0;1;1;0;0;0;0;345633,675099999640000;5693103,759800000100000;6,782379007000031;51,368183613000042;0
210367;5200704313220256620;5;9;58;24;2020;7;10;7;3;0;7;0;1;0;0;0;0;0;488671,691599999550000;5700405,996799999800000;8,836959315000058;51,454719497000042;0
210370;5200709608100973670;5;3;34;2;2020;7;11;5;3;1;5;0;1;1;0;0;0;0;295054,172399999570000;5628443,218900000700000;6,093283103000033;50,771493842000041;0
210372;5200710301404427200;5;9;13;0;2020;7;18;6;3;5;3;0;1;1;0;0;0;0;394298,534400000240000;5704887,685699999300000;7,477654970000060;51,485250479000058;0
210373;5200712706200487335;5;5;58;12;2020;7;18;1;3;0;1;0;1;0;0;0;0;0;373842,678999999540000;5756330,910000000100000;7,164565994000043;51,943368968000073;0
210376;5200712500200486930;5;1;11;0;2020;7;15;1;3;0;1;0;1;0;0;0;0;0;341416,156000000420000;5689426,446000000500000;6,723479764000047;51,333981531000063;0
210377;5200709606100032517;5;3;78;4;2020;7;20;5;3;5;3;0;1;1;0;0;0;0;369177,124599999750000;5646103,739700000700000;7,137485092000077;50,951685335000036;0
210378;5200709605104056277;5;3;74;4;2020;7;19;5;2;0;3;0;1;1;0;0;0;0;406117,081299999730000;5653862,456299999700000;7,661207410000031;51,028638712000031;1
210379;5200711601600886600;5;3;15;0;2020;7;15;7;3;6;4;0;1;0;1;0;0;0;363341,144999999550000;5638697,707699999200000;7,057223334000071;50,883769852000057;0
210380;5200709603228065619;5;3;66;28;2020;7;16;5;3;5;3;0;1;1;0;0;0;0;333923,327399999830000;5607309,191900000000000;6,653500018000045;50,594028168000079;0
210381;5200711315110161086;5;9;70;40;2020;7;0;7;3;0;7;2;1;1;0;0;0;0;432221,911999999550000;5638366,063999999300000;8,036287937000054;50,892977877000078;0
210382;5200712601520609200;5;3;15;0;2020;7;21;1;3;6;7;0;1;0;1;0;0;0;357429,980000000450000;5645664,343399999700000;6,970521538000071;50,944950584000026;0
210384;5200712301000753658;5;9;13;0;2020;7;16;1;3;3;7;0;1;0;0;0;0;0;397504,948599999770000;5705208,075600000100000;7,523724974000061;51,488720625000042;0
210385;5200710502322337206;5;1;13;0;2020;7;6;6;3;0;7;0;1;0;0;0;0;0;358877,366700000130000;5705117,673100000200000;6,967718321000064;51,479588523000075;0
210386;5200712307000653478;5;9;62;48;2020;7;19;1;3;6;4;0;1;0;1;0;0;0;416377,256599999960000;5682715,922100000100000;7,800776471000063;51,289624236000066;0
210388;5200711601110004203;5;3;15;0;2020;7;9;7;3;0;7;0;1;0;0;0;0;0;355827,069199999790000;5645550,286699999100000;6,947764879000033;50,943526957000074;0
210390;5200711300310554203;5;9;11;0;2020;7;18;7;3;0;1;0;1;0;0;0;0;0;379538,024299999700000;5704395,692199999500000;7,265335746000062;51,477877255000067;0
210391;5200712601310500207;5;3;15;0;2020;7;13;1;3;0;1;0;1;1;0;0;0;0;353873,483599999920000;5646775,939999999500000;6,919484110000042;50,954049643000076;0
210395;5200710300210379206;5;9;11;0;2020;7;12;6;3;6;4;0;1;0;1;0;0;0;370711,936999999920000;5704883,684399999700000;7,138130299000068;51,480314540000052;0
210397;5200713600110995206;5;3;14;0;2020;7;16;2;2;1;5;0;1;1;0;0;0;0;363886,349899999800000;5620289,690700000200000;7,071792813000059;50,718452953000053;0
210399;5200709601220134205;5;3;15;0;2020;7;15;5;3;0;1;0;1;0;0;0;0;0;356603,192900000140000;5637579,034000000000000;6,961936916000070;50,872083350000025;0
210400;5200711518400985973;5;1;70;8;2020;7;10;7;2;5;3;0;1;1;0;0;0;0;344213,202200000170000;5714772,159600000800000;6,752440462000038;51,562483866000036;0
210403;5200709601210176207;5;3;15;0;2020;7;18;5;3;0;7;0;1;0;0;0;0;0;353595,794099999590000;5643257,607499999900000;6,916946946000053;50,922361171000034;0
210406;5200711701120770209;5;5;62;32;2020;7;12;7;3;5;3;0;1;0;0;0;0;0;376203,273900000380000;5715096,735500000400000;7,213579069000048;51,573331033000045;0
210407;5200709601200086596;5;3;15;0;2020;7;14;5;3;0;2;0;1;1;0;0;0;0;353705,634999999780000;5642107,149000000200000;6,918970044000048;50,912050218000047;0
210414;5200709601110954200;5;3;15;0;2020;7;12;5;3;0;1;0;1;0;0;0;0;0;355274,193500000050000;5644168,115900000600000;6,940449360000059;50,930967172000067;0
210416;5200712505200074026;5;1;14;0;2020;7;15;1;2;0;1;0;1;0;0;0;0;0;329645,486700000240000;5689628,634600000500000;6,554571000000067;51,332393677000027;0
210417;5200711608200883207;5;3;34;2;2020;7;10;7;3;0;1;0;1;0;0;0;0;0;298118,091000000010000;5629095,913400000000000;6,136321613000064;50,778430362000051;0
210418;5200709601110946207;5;3;15;0;2020;7;13;5;3;6;4;0;1;0;1;0;0;0;355620,839900000020000;5644947,870699999900000;6,945070067000074;50,938061556000036;0
210423;5200710505200579392;5;1;14;0;2020;7;12;6;2;5;6;0;1;1;0;0;0;0;329603,133000000380000;5689795,237999999900000;6,553883918000054;51,333877717000064;0
210424;5200712406110884700;5;7;58;24;2020;7;19;1;2;0;1;0;1;0;0;0;0;0;484494,418300000020000;5783116,504000000700000;8,773133670000050;52,198283568000079;0
210425;5200709601110790204;5;3;15;0;2020;7;11;5;3;0;5;0;1;1;0;0;0;0;356406,690899999810000;5645642,526599999500000;6,955973537000034;50,944500556000037;0
210428;5200709600110984203;5;3;14;0;2020;7;11;5;3;5;2;0;1;0;0;0;0;1;364864,663300000130000;5621396,865100000100000;7,085237810000024;50,728632444000027;0
210429;5200711300500441940;5;9;11;0;2020;7;16;7;2;0;1;0;1;0;0;0;0;0;375748,024699999950000;5703199,751900000500000;7,211208086000056;51,466309110000054;0
210430;5200709600110072209;5;3;14;0;2020;7;15;5;3;0;1;0;1;0;0;0;0;0;364171,510800000280000;5622614,322399999900000;7,074973658000033;50,739413095000032;0
210431;5200711607000037147;5;3;82;44;2020;7;11;7;3;4;1;0;1;0;0;0;0;0;361689,997299999930000;5630540,830000000100000;7,036845199000027;50,810067449000030;0
210432;5200709515211382176;5;1;54;16;2020;7;19;5;3;4;6;0;1;0;0;0;0;0;303634,381699999790000;5729434,813500000200000;6,159479457000032;51,681497815000057;1
210433;5200711316000374665;5;9;74;28;2020;7;10;7;3;4;7;0;1;1;0;0;0;0;450322,900299999860000;5723909,919500000800000;8,281738248000067;51,663975406000077;0
210434;5200712606220843200;5;3;78;8;2020;7;12;1;3;4;3;0;1;1;0;0;0;0;371116,477900000290000;5662969,194599999100000;7,159083544000055;51,103706050000028;0
210437;5200712302100129009;5;9;14;0;2020;7;19;1;3;6;6;0;1;0;1;0;0;0;394943,086000000130000;5688736,849999999600000;7,491720189000034;51,340195023000035;0
210438;5200709514114079534;5;1;66;24;2020;7;8;5;3;0;1;0;1;0;0;0;0;0;309599,083999999800000;5676670,438999999300000;6,274038709000024;51,209647217000054;1
210440;5200713601700144206;5;3;16;0;2020;7;11;2;3;5;3;0;1;1;0;0;0;0;360141,618999999950000;5659264,021099999500000;7,003855646000034;51,067835668000043;0
210442;5200710709800372371;5;5;66;40;2020;7;10;6;2;5;3;0;1;1;0;0;0;0;421866,605999999680000;5782296,812000000800000;7,857116693000023;52,185596899000075;0
210443;5200712601210470202;5;3;15;0;2020;7;14;1;3;3;5;0;1;1;0;0;0;0;353768,153300000350000;5642053,142500000100000;6,919880379000063;50,911580720000075;0
210444;5200712601400967820;5;3;15;0;2020;7;16;1;3;5;3;0;1;1;0;0;0;0;357513,735200000000000;5647044,078400000900000;6,971173023000063;50,957370878000063;0
210446;5200711711113682312;5;5;70;52;2020;7;16;7;3;5;2;0;1;1;0;0;0;0;430961,042000000370000;5755810,419999999900000;7,995477421000032;51,948711867000043;0
210449;5200713410110668166;5;7;70;24;2020;7;11;2;3;5;7;0;1;1;0;0;0;0;492912,606300000100000;5791262,982499999900000;8,896131273000037;52,271697672000073;0
210450;5200713600360779206;5;3;82;12;2020;7;7;2;2;5;3;0;1;1;0;0;0;0;356172,859000000170000;5629297,725999999800000;6,959074634000046;50,797552013000029;0
210451;5200709505200581920;5;1;14;0;2020;7;5;5;3;5;2;1;1;1;0;0;0;0;336208,821999999690000;5691182,657999999800000;6,647985535000032;51,348283970000068;1
210453;5200712506100774208;5;1;16;0;2020;7;22;1;2;0;1;2;1;0;0;0;0;0;318983,198499999940000;5673631,097100000800000;6,409771989000035;51,185396033000075;0
210454;5200711610111144973;5;3;70;16;2020;7;12;7;3;0;5;0;1;0;0;0;0;1;296460,388500000350000;5660408,676599999900000;6,095369065000057;51,059075038000060;0
210456;5200711500300528209;5;1;11;0;2020;7;20;7;3;0;1;0;1;0;0;0;0;0;344061,739699999800000;5672852,488399999200000;6,768651730000045;51,185792050000032;0
210457;5200709706000782422;5;5;58;32;2020;7;15;5;2;1;5;0;1;1;0;0;0;0;392143,478099999950000;5750757,852399999300000;7,432449105000046;51,897129029000041;1
210460;5200711505200497207;5;1;14;0;2020;7;11;7;3;0;5;0;1;1;0;0;0;0;330493,336900000460000;5689601,416699999900000;6,566742978000036;51,332402509000076;0
210461;5200709705000882335;5;5;54;32;2020;7;17;5;3;0;6;0;1;0;0;0;0;0;322819,343100000170000;5747305,669800000300000;6,427569069000072;51,848399008000058;1
210462;5200713307300232205;5;9;62;40;2020;7;14;2;2;6;4;0;1;0;1;0;0;0;416262,847900000400000;5699205,026399999900000;7,795252596000069;51,437843724000061;0
210463;5200713516500033207;5;1;58;16;2020;7;14;2;3;0;7;0;1;0;0;0;0;0;356258,834300000220000;5668462,562400000200000;6,944811342000037;51,149539673000049;0
210464;5200710606100567518;5;3;78;4;2020;7;12;6;3;0;5;0;1;0;0;0;1;0;366705,317300000230000;5650137,900299999900000;7,100836113000071;50,987376437000080;1
210466;5200710410120387055;5;7;70;32;2020;7;18;6;3;5;3;0;1;1;0;0;0;0;493033,891800000330000;5790405,844200000200000;8,897926459000075;52,263993091000032;0
210467;5200711608100901203;5;3;34;2;2020;7;18;7;3;6;4;0;1;0;1;0;0;0;293937,799100000410000;5628628,209000000700000;6,077368049000029;50,772759831000030;0
210469;5200711400200003754;5;7;11;0;2020;7;2;7;2;0;1;2;1;0;0;0;0;0;467822,042000000370000;5762954,629000000700000;8,531107356000064;52,016297320000035;0
210470;5200709705000876736;5;5;54;8;2020;7;13;5;3;5;3;0;1;0;0;0;0;0;334907,014800000000000;5746499,583200000200000;6,603279226000041;51,844863039000074;1
210475;5200712307100885238;5;9;62;24;2020;7;21;1;3;9;7;1;1;0;0;0;0;0;410563,755900000220000;5692833,071499999600000;7,714886820000061;51,379691242000035;0
210476;5200712709100102638;5;5;66;12;2020;7;16;1;3;5;3;0;1;1;0;0;0;0;407756,611200000160000;5770710,043899999900000;7,653925108000067;52,079272611000079;0
210489;5200712301201656208;5;9;13;0;2020;7;15;1;3;0;7;0;1;0;1;0;0;0;392841,066999999810000;5710074,175699999600000;7,455096007000066;51,531594672000040;0
210491;5200711518410658119;5;1;70;16;2020;7;20;7;3;0;1;1;1;0;0;0;0;0;343863,929499999620000;5726618,746600000200000;6,742127848000052;51,668823875000044;0
210493;5200711601110976203;5;3;15;0;2020;7;4;7;2;0;1;2;1;0;0;0;0;0;356627,112700000410000;5642745,477000000000000;6,960248628000045;50,918519921000041;0
210501;5200711513310577583;5;1;62;8;2020;7;15;7;2;4;2;0;1;1;0;0;0;0;333622,850599999540000;5666823,827299999100000;6,622200896000038;51,128684717000056;0
210502;5200709705000551911;5;5;54;24;2020;7;20;5;3;0;1;0;1;0;0;0;0;0;370064,162600000390000;5777727,159099999800000;7,101494752000065;52,134765648000041;1
210505;5200709500100557529;5;1;11;0;2020;7;15;5;3;0;3;0;1;1;0;0;0;0;343417,266200000420000;5677810,158500000800000;6,757273751000071;51,230161982000027;0
210506;5200710610111644973;5;3;70;16;2020;7;14;6;3;5;2;0;1;1;0;0;0;0;296439,994500000030000;5660764,352099999800000;6,094878359000063;51,062262074000046;1
210507;5200712505200365917;5;1;14;0;2020;7;15;1;3;0;1;0;1;0;0;0;0;0;327517,432199999690000;5692915,027400000000000;6,522460890000048;51,361275714000044;0
210508;5200713500200984207;5;1;11;0;2020;7;15;2;3;1;5;0;1;1;0;0;0;0;347437,484600000080000;5681299,246099999200000;6,813322662000076;51,262602258000072;0
210509;5200713601320415208;5;3;15;0;2020;7;14;2;3;4;6;0;1;1;0;0;0;0;349520,710300000380000;5645998,855900000800000;6,857877122000048;50,945946504000062;0
210511;5200710702100668314;5;5;15;0;2020;7;7;6;3;5;3;0;1;1;0;0;0;0;406657,388199999930000;5757655,911399999600000;7,641449301000023;51,961752732000036;0
210514;5200709315210635784;5;9;70;24;2020;7;17;5;3;0;7;0;1;0;0;0;0;0;428227,368999999950000;5650221,577999999700000;7,977163656000073;50,999089990000073;0
210515;5200711502215573543;5;1;13;0;2020;7;17;7;3;0;3;0;1;1;0;0;0;0;358588,982499999930000;5700423,771999999900000;6,965445105000072;51,437336580000078;0
210516;5200709702100068125;5;5;15;0;2020;7;14;5;3;5;3;0;1;0;0;0;0;0;406112,864000000060000;5757493,588999999700000;7,633570847000044;51,960202017000029;1
210517;5200713307000775732;5;9;62;40;2020;7;7;2;2;5;3;0;1;0;0;0;0;1;415558,548200000080000;5700256,029500000200000;7,784871350000060;51,447187471000063;0
210518;5200713515210095980;5;1;54;60;2020;7;11;2;3;1;5;0;1;1;0;0;0;0;314905,641900000160000;5698688,584599999700000;6,338499045000049;51,409166255000059;0
210520;5200710601610542206;5;3;15;0;2020;7;8;6;3;5;3;0;1;1;0;0;0;0;365372,942999999970000;5645436,041999999400000;7,083604059000038;50,944808355000077;0
210525;5200709313121213832;5;9;58;32;2020;7;15;5;2;5;3;0;1;1;0;0;0;0;447853,098000000230000;5689429,270999999700000;8,251131527000041;51,353738164000049;0
210526;5200711411108037585;5;7;74;8;2020;7;13;7;3;5;3;0;1;1;0;0;0;0;486259,654199999760000;5736387,703400000900000;8,800833623000074;51,778195404000030;0
210528;5200712702100239947;5;5;15;0;2020;7;0;1;2;0;1;2;1;0;0;0;0;0;406359,180900000040000;5757815,270500000600000;7,637066932000039;51,963134980000063;0
210531;5200712411132687106;5;7;74;32;2020;7;14;1;2;0;1;0;1;0;0;0;0;0;482314,518600000070000;5729475,582900000700000;8,744000949000053;51,715935973000057;0
210532;5200709307000783292;5;9;62;32;2020;7;16;5;3;4;2;0;1;1;0;0;0;0;404848,852699999700000;5674707,240100000100000;7,637625858000035;51,215820112000074;1
210533;5200708711141576143;5;5;70;44;2020;7;17;4;3;5;3;0;1;1;0;0;0;0;416612,253600000400000;5759076,565099999300000;7,785954613000058;51,976105231000076;0
210534;5200711601520972552;5;3;15;0;2020;7;14;7;3;3;6;0;1;0;0;0;0;0;357797,756099999880000;5642916,707900000700000;6,976825349000023;50,920348445000059;0
210535;5200708709800074652;5;5;66;32;2020;7;7;4;3;1;1;0;1;1;0;0;0;0;414085,431800000370000;5777368,957299999900000;7,744574347000025;52,140145445000030;1
210536;5200711315110081198;5;9;70;40;2020;7;14;7;3;4;7;0;1;0;0;0;0;0;430971,361800000070000;5636278,057299999500000;8,018903980000061;50,874055732000045;0
210539;5200710500100057529;5;1;11;0;2020;7;14;6;3;5;3;0;1;1;0;0;0;0;340912,232200000440000;5678117,280899999700000;6,721288114000060;51,232228724000038;0
210540;5200708705000570576;5;5;54;12;2020;7;12;4;3;5;3;0;1;1;0;0;0;0;351680,231999999840000;5745766,698000000800000;6,846900919000063;51,842985973000054;0
210543;5200713500300969384;5;1;11;0;2020;7;21;2;3;2;6;1;1;1;0;0;0;0;343727,470700000410000;5675040,649000000200000;6,762920121000036;51,205362132000062;0
210544;5200710500300459209;5;1;11;0;2020;7;17;6;3;1;7;0;1;1;0;0;0;0;343671,429100000300000;5675501,847899999500000;6,761917583000070;51,209490815000038;0
210545;5200712307000067527;5;9;62;24;2020;7;13;1;2;0;7;0;1;0;0;0;0;0;409700,043800000100000;5693426,683000000200000;7,702328583000053;51,384890828000039;0
210547;5200711600310596207;5;3;14;0;2020;7;14;7;3;5;3;0;1;1;0;0;0;0;362968,446200000120000;5618048,221999999100000;7,059629627000049;50,698091396000052;0
210550;5200711300310477200;5;9;11;0;2020;7;0;7;3;0;1;2;1;0;0;0;0;0;382394,190299999900000;5705350,859500000300000;7,306127156000059;51,487063153000065;0
210551;5200712601300576503;5;3;15;0;2020;7;12;1;3;0;7;0;1;0;0;0;0;0;354647,986100000330000;5646229,730499999600000;6,930721654000024;50,949336873000050;0
210552;5200711709110179238;5;5;66;8;2020;7;17;7;2;0;2;0;1;1;0;0;0;0;398116,394000000320000;5781175,794999999900000;7,510163571000021;52,171645925000064;0
210556;5200711516920770209;5;1;58;26;2020;7;15;7;3;3;6;0;1;0;0;0;0;0;352016,481800000180000;5663563,054899999900000;6,886209993000023;51,104430708000052;0
210560;5200710701500155784;5;5;62;24;2020;7;16;6;3;5;3;0;1;1;0;0;0;0;368015,746799999850000;5725177,049300000100000;7,091702180000027;51,662061155000060;0
210561;5200712508107536205;5;1;19;0;2020;7;21;1;3;5;2;1;1;0;0;1;0;0;351745,363199999560000;5704033,222999999300000;6,865541440000072;51,468019990000073;0
210564;5200708608100752485;5;3;34;2;2020;7;15;4;3;3;7;0;1;1;0;0;0;0;294553,813299999570000;5628596,983899999400000;6,086110494000025;50,772697869000069;1
210566;5200709701610136207;5;5;62;12;2020;7;8;5;2;5;3;0;1;0;0;0;0;1;359132,502999999560000;5725516,719000000500000;6,963211337000075;51,662957011000060;1
210568;5200713506100863200;5;1;16;0;2020;7;16;2;3;0;1;0;1;0;0;0;0;0;320504,622000000440000;5675719,999900000200000;6,430474761000028;51,204640693000044;0
210569;5200710516630637206;5;1;58;4;2020;7;15;6;3;5;3;0;1;1;0;0;0;0;354037,064000000250000;5674176,219000000500000;6,910747146000063;51,200321746000043;0
210571;5200709700200176204;5;5;13;0;2020;7;17;5;3;5;3;0;1;1;0;0;0;0;366792,391699999570000;5712233,991900000700000;7,078941354000051;51,545459778000065;0
210572;5200713310210073253;5;9;54;24;2020;7;14;2;3;0;3;0;1;0;0;0;1;0;381392,053399999630000;5684117,290200000600000;7,298794712000074;51,296008409000081;0
210579;5200709610221577582;5;3;70;20;2020;7;19;5;3;9;1;0;1;0;0;0;0;0;306084,604399999600000;5654349,141899999200000;6,235779025000056;51,007979206000073;0
210580;5200712701300890203;5;5;62;14;2020;7;13;1;3;6;6;0;1;0;1;0;0;0;360386,875099999830000;5715411,376599999100000;6,985362298000041;51,572463715000026;0
210581;5200713502208273579;5;1;13;0;2020;7;17;2;3;5;3;0;1;1;0;0;0;0;358037,374900000170000;5701715,505599999800000;6,956996171000071;51,448806264000041;0
210582;5200710505100872123;5;1;14;0;2020;7;14;6;3;0;7;0;1;0;1;0;0;0;328216,126500000250000;5688668,971300000300000;6,534535565000056;51,323342413000034;0
210583;5200712404103787078;5;7;66;52;2020;7;17;1;3;5;3;0;1;1;0;0;0;0;516860,553799999880000;5756186,872700000200000;9,245360094000034;51,956126016000042;0
210590;5200708602300205207;5;3;62;36;2020;7;13;4;3;5;3;0;1;1;0;0;0;0;345773,628200000150000;5651904,598999999500000;6,802073004000022;50,998024869000062;1
210591;5200711315240074351;5;9;70;20;2020;7;13;7;3;0;7;0;1;0;0;0;0;0;435985,689600000160000;5650295,369000000900000;8,087699060000034;51,000669025000036;0
210592;5200712602300708204;5;3;62;36;2020;7;9;1;3;1;5;0;1;1;0;0;0;0;344062,210599999870000;5647724,914100000600000;6,779495527000051;50,960005968000075;0
210593;5200713500300031200;5;1;11;0;2020;7;22;2;3;0;1;2;1;0;0;0;0;0;344054,622800000010000;5675914,087700000000000;6,767219900000043;51,213299685000038;0
210594;5200710500200649205;5;1;11;0;2020;7;17;6;3;5;2;0;1;1;0;0;0;0;345121,783099999650000;5680391,501399999500000;6,780551232000050;51,253821425000069;0
210596;5200708601510235203;5;3;15;0;2020;7;13;4;3;0;1;0;1;0;0;0;0;0;360892,904000000100000;5647895,293999999800000;7,018931625000050;50,965846551000027;1
210598;5200713601510452205;5;3;15;0;2020;7;19;2;3;5;2;0;1;1;0;0;0;0;362085,931200000460000;5644163,407999999800000;7,037324682000076;50,932593844000053;0
210599;5200708601310447203;5;3;15;0;2020;7;0;4;2;5;3;2;1;0;0;1;0;0;353056,481999999840000;5647573,285000000100000;6,907538179000028;50,961007310000070;0
210602;5200711300500036476;5;9;11;0;2020;7;18;7;3;7;7;0;1;0;1;0;0;0;378460,638000000270000;5701757,555999999900000;7,250736114000063;51,453936328000054;0
210603;5200712601310569204;5;3;15;0;2020;7;18;1;3;1;5;0;1;1;0;0;0;0;353030,184999999590000;5645909,848500000300000;6,907835544000022;50,946052015000078;0
210604;5200710411132338044;5;7;74;32;2020;7;12;6;3;3;6;0;1;1;0;0;0;0;481829,736999999730000;5729472,041899999600000;8,736983952000060;51,715888638000081;0
210605;5200711709800970347;5;5;66;40;2020;7;21;7;2;5;3;1;1;1;0;0;0;0;421876,405000000260000;5782455,049000000600000;7,857223527000031;52,187020661000076;0
210606;5200708601200362761;5;3;15;0;2020;7;10;4;2;5;7;0;1;1;0;0;0;0;354924,089999999850000;5642889,982300000300000;6,935979131000067;50,919392922000043;1
210607;5200711513330358207;5;1;62;12;2020;7;15;7;3;0;7;0;1;1;0;0;0;0;321968,288999999870000;5664116,150599999400000;6,457144692000043;51,100856919000080;0
210608;5200713404101876077;5;7;66;20;2020;7;10;2;3;0;7;0;1;1;0;0;0;0;489327,365100000050000;5752647,946200000100000;8,844797831000051;51,924460668000052;0
210609;5200713600310819202;5;3;14;0;2020;7;9;2;3;5;7;0;1;0;0;0;0;1;362077,180900000040000;5620318,906600000300000;7,046168713000043;50,718288989000030;0
210613;5200711609224178207;5;3;58;24;2020;7;13;7;3;0;1;0;1;1;0;0;0;0;314907,569699999880000;5644038,769799999900000;6,366647350000051;50,918267271000047;0
210620;5200713516500020203;5;1;58;16;2020;7;19;2;3;0;7;0;1;0;0;0;0;0;356444,318099999800000;5670064,623199999300000;6,946822384000029;51,163983114000075;0
210628;5200712610212314451;5;3;70;40;2020;7;14;1;3;4;6;0;1;0;0;0;0;0;308565,301500000060000;5673687,690300000800000;6,260846424000022;51,182510917000059;0
210632;5200716404301896835;5;7;66;8;2020;7;16;5;3;3;6;0;1;1;0;0;0;0;481746,412200000140000;5767919,477299999400000;8,733742965000033;52,061568096000030;0