OBJECTID;UIDENTSTLAE;ULAND;UREGBEZ;UKREIS;UGEMEINDE;UJAHR;UMONAT;USTUNDE;UWOCHENTAG;UKATEGORIE;UART;UTYP1;ULICHTVERH;IstRad;IstPKW;IstFuss;IstKrad;IstGkfz;IstSonstige;LINREFX;LINREFY;XGCSWGS84;YGCSWGS84;STRZUSTAND
210634;5200714316300070255;5;9;74;28;2020;7;10;3;3;1;7;0;1;1;0;0;0;0;453973,256000000050000;5723053,391899999200000;8,334626126000046;51,656585353000082;0
210635;5200717307000380383;5;9;62;24;2020;7;17;6;2;0;7;0;1;0;0;0;0;0;409520,188000000080000;5692399,939999999500000;7,700006184000074;51,375632178000046;0
210639;5200715700100626209;5;5;13;0;2020;7;17;4;3;1;7;0;1;1;0;0;0;0;368147,659599999900000;5708099,895899999900000;7,100022263000028;51,508626038000045;0
210640;5200718300110241209;5;9;11;0;2020;7;21;7;3;0;1;2;1;0;0;0;0;0;376099,001000000160000;5705111,517000000900000;7,215587816000038;51,483567865000055;0
210642;5200715608404594204;5;3;34;4;2020;7;17;4;2;0;1;0;1;0;0;0;0;0;299224,763100000100000;5639910,122099999300000;6,146078263000049;50,875943670000026;0
210643;5200717513210746871;5;1;62;24;2020;7;23;6;3;5;3;2;1;1;0;0;0;0;338419,158599999730000;5674739,188400000300000;6,687131344000022;51,201176729000053;0
210645;5200716705000915730;5;5;54;12;2020;7;11;5;3;1;7;0;1;1;0;0;0;0;353310,193400000220000;5746569,109400000400000;6,870204289000071;51,850626192000050;1
210647;5200715608332523208;5;3;34;32;2020;7;13;4;3;0;6;0;1;1;0;0;0;0;303303,322999999860000;5623437,120799999700000;6,212802099000044;50,729383521000045;0
210648;5200717705000996555;5;5;54;64;2020;7;21;6;3;0;7;0;1;0;0;0;0;0;361313,656999999660000;5751406,441999999800000;6,984383997000066;51,896138273000076;0
210652;5200716601610495202;5;3;15;0;2020;7;10;5;3;1;5;0;1;1;0;0;0;0;364852,533099999650000;5648499,864000000100000;7,075062779000064;50,972222655000053;1
210654;5200715608100875542;5;3;34;2;2020;7;17;4;3;4;2;0;1;1;0;0;0;0;292033,700000000190000;5631875,537000000500000;6,048562513000036;50,801244313000041;0
210655;5200716404101979366;5;7;66;20;2020;7;16;5;3;0;7;0;1;0;0;0;0;0;492860,905399999580000;5753185,956599999200000;8,896171535000065;51,929354481000075;0
210658;5200715608100481204;5;3;34;2;2020;7;11;4;3;2;6;0;1;1;0;0;0;0;296275,230600000360000;5627988,095499999800000;6,110829627000044;50,767836253000041;0
210659;5200714601310695200;5;3;15;0;2020;7;7;3;3;0;1;0;1;0;0;0;0;0;353965,514000000430000;5647214,391200000400000;6,920617584000070;50,958013174000030;0
210660;5200715607000071656;5;3;82;60;2020;7;15;4;2;5;3;0;1;1;0;0;0;0;376458,821999999690000;5629815,143899999600000;7,246605212000077;50,806882853000047;0
210662;5200714310130080517;5;9;54;20;2020;7;16;3;3;5;1;0;1;1;0;0;0;0;391701,504999999890000;5696135,982999999100000;7,442944733000047;51,406094574000065;0
210663;5200715606400532407;5;3;78;28;2020;7;21;4;3;1;5;0;1;1;0;0;0;0;372048,036799999890000;5643362,976099999600000;7,179298322000022;50,927695730000039;0
210664;5200717501324156209;5;1;12;0;2020;7;20;6;3;0;7;0;1;0;0;0;0;1;342908,205299999560000;5693762,008700000100000;6,742966435000028;51,373350621000043;0
210673;5200715602500867488;5;3;62;24;2020;7;18;4;3;6;4;0;1;0;1;0;0;0;346666,377199999990000;5643380,498600000500000;6,818377549000047;50,921665653000048;0
210675;5200714608100266203;5;3;34;2;2020;7;11;3;3;5;2;0;1;1;0;0;0;0;294465,081199999900000;5629256,242699999400000;6,084485326000049;50,778587373000050;0
210676;5200717500100800318;5;1;11;0;2020;7;13;6;3;5;2;0;1;1;0;0;0;0;344875,345300000160000;5677253,187599999800000;6,778381912000043;51,225555561000078;0
210678;5200714701910353357;5;5;62;8;2020;7;21;3;3;5;7;1;1;1;0;0;0;0;385073,129999999890000;5723620,384999999800000;7,338718546000052;51,651817730000062;0
210681;5200715601700935203;5;3;16;0;2020;7;13;4;3;0;3;0;1;0;0;0;0;0;360099,802500000220000;5655838,203999999900000;7,004583230000037;51,037037807000047;0
210682;5200716316100080479;5;9;74;40;2020;7;12;5;3;3;2;0;1;1;0;0;0;0;436590,213000000450000;5712213,305999999900000;8,085323060000064;51,557436165000070;1
210683;5200717601210784201;5;3;15;0;2020;7;23;6;2;0;1;2;1;0;0;0;0;0;353999,112300000150000;5642876,960999999200000;6,922833736000030;50,919042610000076;0
210684;5200714303100569021;5;9;15;0;2020;7;12;3;3;3;6;0;1;1;0;0;0;0;415888,028099999760000;5721861,061200000300000;7,784446791000050;51,641458021000062;0
210685;5200717300811669290;5;9;54;36;2020;7;16;6;3;0;1;0;1;0;0;0;0;0;384369,304299999960000;5700436,713700000200000;7,336169127000062;51,443302220000078;0
210689;5200717711422376177;5;5;70;20;2020;7;22;6;3;0;1;2;1;0;0;0;0;0;433576,669999999930000;5743582,027000000700000;8,035884771000042;51,839099034000071;0
210690;5200714406210031944;5;7;58;4;2020;7;17;3;3;0;7;0;1;1;0;0;0;0;470030,405100000090000;5783259,449699999800000;8,561499256000047;52,198972112000035;1
210692;5200715601410856202;5;3;15;0;2020;7;12;4;3;1;1;0;1;1;0;0;0;0;352544,266499999910000;5654257,506999999300000;6,897536242000058;51,020943962000047;0
210693;5200718307000637432;5;9;62;36;2020;7;23;7;3;0;1;0;1;1;0;0;0;0;406563,346699999650000;5662545,398800000500000;7,665325959000029;51,106770717000074;0
210694;5200714500200002403;5;1;11;0;2020;7;10;3;3;5;3;0;1;1;0;0;0;0;350233,712100000120000;5676806,366800000900000;6,855249771000047;51,222971577000067;0
210696;5200717515210651487;5;1;54;52;2020;7;17;6;3;1;6;0;1;1;0;0;0;0;308803,804700000210000;5696221,930400000900000;6,252195178000022;51,384987802000069;0
210698;5200716702100955922;5;5;15;0;2020;7;16;5;3;5;3;0;1;0;0;0;0;0;405902,458599999550000;5757239,038300000100000;7,630579289000025;51,957878431000040;0
210699;5200714601610213209;5;3;15;0;2020;7;17;3;3;5;2;0;1;0;0;1;0;0;357891,929200000130000;5642710,146900000100000;6,978244778000033;50,918515278000029;1
210700;5200715601310642201;5;3;15;0;2020;7;8;4;3;5;3;0;1;0;0;0;0;1;355172,358400000260000;5647136,531400000700000;6,937820849000048;50,957618048000029;0
210701;5200717702100065835;5;5;15;0;2020;7;22;6;3;0;1;2;1;1;0;0;0;0;404870,055999999870000;5758645,160299999600000;7,615169726000033;51,970341532000077;0
210703;5200715601140216209;5;3;15;0;2020;7;23;4;3;1;1;2;1;1;0;0;0;0;355319,145499999630000;5645075,404400000300000;6,940728408000041;50,939132058000041;0
210706;5200717503200497209;5;1;24;0;2020;7;12;6;3;1;5;0;1;1;0;0;0;0;373868,251500000250000;5681420,419999999900000;7,191888310000024;51,270153033000042;0
210709;5200715601110026206;5;3;15;0;2020;7;12;4;3;1;5;0;1;1;0;0;0;0;355304,629300000150000;5644594,465900000200000;6,940712920000067;50,934806326000057;0
210712;5200715601100079327;5;3;15;0;2020;7;15;4;3;0;4;0;1;0;1;0;0;0;356162,476999999960000;5645043,352000000000000;6,952736152000057;50,939054990000045;0
210714;5200716518400082336;5;1;70;8;2020;7;14;5;2;5;3;0;1;1;0;0;0;0;342773,775999999610000;5714276,793999999800000;6,731912595000040;51,557633798000040;1
210715;5200718400200364116;5;7;11;0;2020;7;10;7;3;5;3;0;1;1;0;0;0;0;469048,721400000150000;5762975,153200000500000;8,548979888000076;52,016551629000048;0
210716;5200714502212773579;5;1;13;0;2020;7;19;3;3;0;3;1;1;0;0;0;0;0;363862,775299999860000;5699275,140399999900000;7,041714904000060;51,428306224000039;1
210717;5200715600120787202;5;3;82;24;2020;7;15;4;3;5;3;0;1;1;0;0;0;0;371228,012000000100000;5618376,816999999800000;7,176405515000056;50,702932530000055;0
210718;5200716316100076670;5;9;74;40;2020;7;14;5;2;2;7;0;1;1;0;0;0;0;438021,514000000430000;5713735,159900000300000;8,105698247000021;51,571277538000061;0
210719;5200717601410379207;5;3;15;0;2020;7;12;6;3;0;3;0;1;1;0;0;0;0;355368,590699999590000;5649000,811300000200000;6,939871833000041;50,974421125000049;0
210721;5200715518210795908;5;1;70;28;2020;7;15;4;3;3;3;0;1;1;0;0;0;0;328238,625599999910000;5701512,661699999100000;6,528648317000034;51,438731277000045;0
210724;5200714301301973341;5;9;13;0;2020;7;13;3;3;5;2;0;1;1;0;0;0;0;398617,282999999820000;5713753,508999999600000;7,537280977000023;51,565733991000059;0
210726;5200716501212082293;5;1;12;0;2020;7;15;5;3;5;3;0;1;1;0;0;0;0;341452,216000000010000;5697413,298000000400000;6,720434629000067;51,405751987000031;1
210727;5200716513210169332;5;1;62;24;2020;7;19;5;3;0;5;0;1;0;0;0;0;0;341045,330000000070000;5674589,665999999300000;6,724756545000048;51,200569965000057;1
210729;5200718313121213606;5;9;58;32;2020;7;12;7;2;5;3;0;1;1;0;0;0;0;447874,417000000370000;5689410,912000000500000;8,251440346000038;51,353575052000053;0
210730;5200714501214574432;5;1;12;0;2020;7;14;3;3;4;6;0;1;0;0;0;0;0;341662,338000000450000;5697012,426999999200000;6,723632067000040;51,402208951000034;0
210733;5200717600380174209;5;3;14;0;2020;7;18;6;2;2;1;0;1;1;0;0;0;0;367804,068199999630000;5618710,786499999500000;7,127825282000060;50,705165948000058;0
210734;5200713711421879597;5;5;70;20;2020;7;17;2;3;5;3;0;1;1;0;0;0;0;432998,724000000390000;5743210,121999999500000;8,027569383000071;51,835686592000059;0
210735;5200716501126642209;5;1;12;0;2020;7;8;5;3;5;3;0;1;1;0;0;0;0;346262,878399999810000;5703067,967700000900000;6,787090646000024;51,457884312000033;1
210736;5200716709500169125;5;5;66;76;2020;7;10;5;2;4;6;0;1;0;0;0;0;0;393211,127000000330000;5793315,487999999900000;7,434629554000026;52,279821087000073;0
210739;5200717313231062524;5;9;58;48;2020;7;15;6;3;0;1;0;1;0;0;0;0;0;464242,334400000050000;5676356,499600000700000;8,487790465000046;51,237459935000061;0
210740;5200715518200095908;5;1;70;24;2020;7;16;4;3;5;3;0;1;1;0;0;0;0;333602,826000000350000;5707027,664799999400000;6,603160610000032;51,489878578000059;0
210744;5200718300511077957;5;9;11;0;2020;7;12;7;3;9;1;0;1;0;0;0;0;0;379922,410000000150000;5701835,858400000300000;7,271737837000046;51,454952006000042;0
210745;5200714411132081977;5;7;74;32;2020;7;18;3;3;0;1;0;1;0;0;0;0;0;483067,561499999840000;5731275,421099999900000;8,754813686000034;51,732142100000033;1
210746;5200715508000177495;5;1;19;0;2020;7;15;4;2;4;3;0;1;1;0;0;0;0;349918,986600000410000;5704299,286900000600000;6,839153650000071;51,469929265000076;0
210747;5200717513320274576;5;1;62;4;2020;7;6;6;3;0;7;0;1;1;0;0;0;0;349062,886099999770000;5662052,882799999800000;6,844683932000066;51,090090293000060;0
210751;5200715506100354119;5;1;16;0;2020;7;12;4;3;5;2;0;1;1;0;0;0;0;314079,924399999900000;5676000,537799999100000;6,338462682000056;51,205105954000032;0
210755;5200717709000538473;5;5;66;76;2020;7;15;6;3;0;5;0;1;1;0;0;0;0;392820,378299999980000;5792714,047100000100000;7,429095238000059;52,274339797000039;0
210756;5200714404103668059;5;7;66;32;2020;7;11;3;3;5;3;0;1;1;0;0;0;0;496213,253999999720000;5746978,655999999500000;8,944995074000076;51,873576889000049;0
210757;5200715505200018253;5;1;14;0;2020;7;16;4;3;0;5;0;1;1;0;0;0;0;330783,055100000460000;5690698,748800000200000;6,570376461000024;51,342347101000030;0
210763;5200716300510914200;5;9;54;36;2020;7;16;5;3;5;3;0;1;1;0;0;0;0;387199,017400000240000;5699776,446000000500000;7,377078997000069;51,437938255000063;0
210765;5200713709300040735;5;5;66;96;2020;7;22;2;2;0;1;2;1;0;0;0;0;0;384673,814399999570000;5785712,765399999900000;7,312136864000024;52,209773120000079;0
210770;5200717501353182262;5;1;12;0;2020;7;16;6;3;0;4;0;1;0;1;0;0;0;344805,787999999710000;5700123,934000000400000;6,767425048000064;51,431034672000067;0
210773;5200714515111421938;5;1;54;8;2020;7;12;3;3;3;6;0;1;1;0;0;0;0;310338,121199999940000;5745901,616699999200000;6,247346129000050;51,831689541000060;0
210774;5200715502321105204;5;1;13;0;2020;7;0;4;3;4;6;2;1;1;0;0;0;0;358093,663999999870000;5703286,916999999400000;6,957175218000032;51,462941197000077;1
210777;5200713709100072341;5;5;66;12;2020;7;7;2;2;5;3;0;1;1;0;0;0;0;404945,222599999980000;5773914,775900000700000;7,612018590000048;52,107601763000048;0
210779;5200717400200333204;5;7;11;0;2020;7;15;6;3;5;7;0;1;1;0;0;0;0;467990,643400000410000;5763741,946599999400000;8,533490475000065;52,023385553000026;0
210784;5200714500300167209;5;1;11;0;2020;7;6;3;3;1;5;0;1;1;0;0;0;0;348556,902900000100000;5670318,343399999700000;6,833991457000025;51,164229374000058;0
210785;5200716516800501200;5;1;58;20;2020;7;10;5;3;5;3;0;1;1;0;0;0;0;356612,279799999670000;5664917,085400000200000;6,951272346000053;51,117766775000064;1
210786;5200714702100879175;5;5;15;0;2020;7;4;3;3;0;1;2;1;0;0;0;0;0;406600,432500000110000;5759082,433199999900000;7,640232524000055;51,974565421000079;0
210789;5200715501327496206;5;1;12;0;2020;7;17;4;3;1;5;0;1;1;0;0;0;0;343449,783699999560000;5692456,894999999600000;6,751315880000050;51,361773747000029;0
210794;5200715501325513203;5;1;12;0;2020;7;20;4;2;8;1;0;1;0;0;0;0;0;345829,575500000270000;5692833,613299999400000;6,785308193000049;51,365809503000037;0
210798;5200714406210068201;5;7;58;4;2020;7;17;3;3;4;3;0;1;0;0;0;0;0;469787,183199999850000;5782942,936799999300000;8,557968893000066;52,196113261000050;1
210800;5200717503400584203;5;1;22;0;2020;7;21;6;3;6;7;1;1;0;1;0;0;0;366665,190000000410000;5670642,680999999900000;7,092699974000027;51,171652012000038;0
210802;5200715500300871963;5;1;11;0;2020;7;6;4;3;1;3;0;1;1;0;0;0;0;351306,038800000210000;5670443,515900000900000;6,873229808000076;51,166075377000027;0
210803;5200717515211882176;5;1;54;16;2020;7;21;6;3;0;2;1;1;0;0;0;0;0;304625,678000000310000;5731957,330800000600000;6,172387784000023;51,704496903000063;0
210805;5200716705000196644;5;5;54;28;2020;7;0;5;3;0;1;2;1;0;0;0;0;0;357235,209099999630000;5743253,610500000400000;6,928518993000068;51,821852966000051;0
210807;5200715500200050578;5;1;11;0;2020;7;12;4;3;5;3;0;1;1;0;0;0;0;346742,060600000430000;5681562,329500000900000;6,803250258000048;51,264779653000062;0
210810;5200715500200001154;5;1;11;0;2020;7;12;4;3;0;6;0;1;1;0;0;0;0;347410,217199999840000;5681333,836699999900000;6,812917386000038;51,262905775000036;0
210812;5200716601210474201;5;3;15;0;2020;7;9;5;3;5;3;0;1;1;0;0;0;0;357172,262600000020000;5642015,797199999900000;6,968284860000040;50,912097499000026;1
210815;5200716608416792200;5;3;34;16;2020;7;20;5;3;0;1;0;1;0;0;0;0;0;295387,906000000420000;5639068,773000000000000;6,092084175000025;50,867041991000065;1
210817;5200715407340179208;5;7;62;40;2020;7;18;4;3;4;3;0;1;1;0;0;0;0;502530,946000000460000;5719448,217000000200000;9,036563219000072;51,626048430000026;0
210821;5200717501131125207;5;1;12;0;2020;7;14;6;3;5;3;0;1;1;0;0;0;0;343907,094399999830000;5706667,979100000100000;6,751618746000077;51,489585219000048;0
210822;5200716405228381509;5;7;54;28;2020;7;20;5;3;0;7;0;1;0;0;0;0;0;452401,582899999800000;5742932,379400000000000;8,309186589000035;51,835180412000057;1
210823;5200716600110273864;5;3;14;0;2020;7;14;5;3;5;3;0;1;0;0;0;0;1;366048,201500000430000;5618195,194299999600000;7,103159958000049;50,700129913000069;1
210824;5200718404000676083;5;7;66;20;2020;7;12;7;2;0;7;0;1;0;0;0;0;0;490655,496700000020000;5754829,989600000900000;8,864052270000059;51,944103374000065;0
210828;5200717601520204203;5;3;15;0;2020;7;10;6;3;0;7;0;1;0;0;0;0;0;358507,974399999720000;5644388,544700000400000;6,986352046000036;50,933750518000068;0
210830;5200717313231613607;5;9;58;48;2020;7;10;6;2;0;1;0;1;0;0;0;0;0;467745,117999999780000;5671548,449999999300000;8,538396659000057;51,194435365000061;0
210833;5200713609224765658;5;3;58;24;2020;7;17;2;2;3;6;0;1;0;0;0;0;0;314406,226900000130000;5644126,295099999800000;6,359478188000026;50,918892511000081;0
210834;5200717411220024200;5;7;74;20;2020;7;22;6;3;8;7;2;1;0;0;0;0;0;473844,544300000180000;5732230,128399999800000;8,621192718000032;51,740371537000044;0
210836;5200714700200549206;5;5;13;0;2020;7;12;3;2;1;5;0;1;1;0;0;0;0;365540,843799999920000;5715189,592000000200000;7,059772916000043;51,571723414000076;0
210837;5200718313220372724;5;9;58;24;2020;7;17;7;2;0;1;0;1;0;0;0;0;0;480713,024699999950000;5691529,619200000500000;8,722899704000042;51,374690077000082;0
210838;5200714501214872037;5;1;12;0;2020;7;10;3;3;5;3;0;1;1;0;0;0;0;339973,065999999640000;5696859,537000000500000;6,699435842000071;51,400361251000049;0
210841;5200717601200872647;5;3;15;0;2020;7;0;6;3;1;1;2;1;1;0;0;0;0;354193,445799999870000;5643266,525699999200000;6,925440855000034;50,922592657000052;1
210843;5200717300110097204;5;9;11;0;2020;7;14;6;3;1;5;0;1;1;0;0;0;0;376273,181099999700000;5705165,083200000200000;7,218076269000051;51,484087418000058;0
210847;5200716502101475207;5;1;13;0;2020;7;11;5;3;0;4;0;1;0;1;0;0;0;361846,463999999690000;5702356,884099999400000;7,011526855000057;51,455512046000081;1
210848;5200714608100223202;5;3;34;2;2020;7;8;3;3;5;2;0;1;1;0;0;0;0;292787,644999999550000;5630648,244999999200000;6,059939570000040;50,790492100000051;0
210849;5200715303200080583;5;9;15;0;2020;7;16;4;3;7;1;0;1;1;0;0;0;0;414372,025000000370000;5728995,778999999200000;7,760794297000075;51,705365767000046;0
210850;5200718301101665162;5;9;13;0;2020;7;10;7;2;6;4;0;1;0;1;0;0;0;394476,234799999740000;5707244,816600000500000;7,479508385000031;51,506470894000074;0
210851;5200714500100000463;5;1;11;0;2020;7;15;3;3;0;5;0;1;1;0;0;0;0;344808,891200000420000;5677363,834599999700000;6,777383047000058;51,226531703000035;0
210855;5200716701700170384;5;5;62;16;2020;7;15;5;3;0;1;0;1;0;0;0;0;0;374174,477900000290000;5733819,742300000000000;7,177580057000057;51,741144612000028;1
210857;5200715301504808208;5;9;13;0;2020;7;14;4;3;5;3;0;1;1;0;0;0;0;388880,274000000210000;5714337,036800000800000;7,396670458000074;51,569144173000041;0
210859;5200713608200258602;5;3;34;2;2020;7;18;2;3;1;5;0;1;1;0;0;0;0;293780,090900000180000;5629535,325999999400000;6,074625717000060;50,780850717000078;0
210860;5200715301402776205;5;9;13;0;2020;7;14;4;3;0;1;0;1;0;0;0;0;0;400295,524000000210000;5705276,197000000600000;7,563885678000077;51,489831919000039;0
210865;5200717503200468260;5;1;24;0;2020;7;15;6;3;0;1;0;1;0;0;0;0;0;375852,895999999720000;5682638,445000000300000;7,219900409000047;51,281536126000049;0
210866;5200716602800533201;5;3;62;12;2020;7;15;5;3;5;3;0;1;1;0;0;0;0;352392,928000000310000;5633475,004499999800000;6,903794230000074;50,834141836000072;1
210867;5200714600380178208;5;3;14;0;2020;7;8;3;3;5;3;0;1;1;0;0;0;0;369158,921000000090000;5616621,115000000200000;7,147742270000038;50,686689902000069;0
210868;5200715301202814203;5;9;13;0;2020;7;16;4;3;5;2;0;1;1;0;0;0;0;394564,872999999670000;5711772,051999999200000;7,479429917000061;51,547180584000046;0
210874;5200714705000080993;5;5;54;8;2020;7;15;3;3;0;1;0;1;0;0;0;0;0;336672,835900000300000;5745688,306399999200000;6,629273587000057;51,838094237000064;1
210875;5200718316100469274;5;9;74;40;2020;7;15;7;3;0;1;0;1;0;0;0;0;0;439524,978000000120000;5714341,031999999700000;8,127285016000030;51,576887960000079;0
210878;5200715300210357209;5;9;11;0;2020;7;1;4;3;0;1;2;1;0;0;0;0;0;370663,176199999640000;5705048,726099999600000;7,137368056000071;51,481786622000072;1
210879;5200715702100588934;5;5;15;0;2020;7;17;4;3;5;2;0;1;1;0;0;0;0;406937,717799999750000;5756955,725900000000000;7,645717796000042;51,955506103000062;0
210880;5200717601700683200;5;3;16;0;2020;7;16;6;3;0;2;0;1;1;0;0;0;0;356493,061999999920000;5657415,656999999700000;6,952549416000068;51,050324480000029;0
210882;5200716405140096823;5;7;54;40;2020;7;17;5;3;2;1;0;1;0;0;0;0;0;456289,250500000080000;5761419,492399999900000;8,363258816000041;52,001707175000035;0
210885;5200716506100482303;5;1;16;0;2020;7;11;5;3;0;1;0;1;0;0;0;0;0;321681,786000000310000;5674845,236999999700000;6,447742756000025;51,197151125000062;1
210888;5200714500300261207;5;1;11;0;2020;7;12;3;3;5;3;0;1;0;0;0;0;1;352931,481399999930000;5667792,267799999600000;6,897545100000059;51,142670960000032;0
210889;5200714705000851911;5;5;54;4;2020;7;14;3;3;8;1;0;1;0;0;0;1;0;363358,588200000110000;5771498,528000000900000;7,006080334000046;52,077181867000036;1
210890;5200717600310206202;5;3;14;0;2020;7;18;6;3;2;6;0;1;1;0;0;0;0;362839,303000000310000;5619798,371999999500000;7,057151880000049;50,713790920000065;0
210892;5200722500300369384;5;1;11;0;2020;7;19;4;3;4;6;0;1;0;0;0;0;0;345497,634600000460000;5675255,837799999900000;6,788147435000042;51,207777236000027;0
210895;5200722601610381776;5;3;15;0;2020;7;15;4;3;0;1;0;1;0;0;0;0;0;361623,928299999800000;5643069,323499999900000;7,031169266000063;50,922650323000028;0
210896;5200719503100075966;5;1;24;0;2020;7;17;1;2;7;1;0;1;0;0;0;0;0;369631,383899999780000;5681135,415799999600000;7,131290399000022;51,266638131000036;0
210897;5200721705000696536;5;5;54;8;2020;7;12;3;3;0;3;0;1;1;0;0;0;0;333869,297000000250000;5745341,740199999900000;6,588784616000055;51,834154086000069;0
210898;5200721411132878071;5;7;74;32;2020;7;8;3;3;5;3;0;1;1;0;0;0;0;483304,678799999880000;5730229,785199999800000;8,758297320000054;51,722747589000051;0
210899;5200719300612960896;5;9;16;0;2020;7;4;1;3;3;7;2;1;0;0;0;0;1;380649,077499999660000;5712484,589800000200000;7,278588380000031;51,550812947000054;0
210904;5200719300110322208;5;9;11;0;2020;7;16;1;3;0;1;0;1;1;0;0;0;0;375963,512400000360000;5705386,285900000500000;7,213541018000058;51,486007618000031;0
210906;5200721607100014803;5;3;82;60;2020;7;16;3;3;0;7;0;1;1;0;0;0;0;373718,842199999840000;5628333,454900000200000;7,208246849000034;50,792974044000061;0
210907;5200721317240671292;5;9;78;40;2020;7;14;3;3;1;5;0;1;0;0;0;0;1;406615,247700000180000;5724826,365299999700000;7,649686304000056;51,666649782000036;0
210908;5200721404301555734;5;7;66;36;2020;7;11;3;3;5;3;0;1;1;0;0;0;0;500029,530199999920000;5774468,105399999800000;9,000431314000025;52,120746364000070;0
210911;5200722404301039346;5;7;66;44;2020;7;19;4;3;5;3;0;1;1;0;0;0;0;493991,031000000420000;5767029,532999999800000;8,912365021000028;52,053834884000082;0
210913;5200718711113657376;5;5;70;52;2020;7;13;7;3;0;6;0;1;0;0;0;0;0;430359,842799999750000;5756409,228499999300000;7,986610050000024;51,954019984000070;0
210915;5200721601310770200;5;3;15;0;2020;7;13;3;3;5;3;0;1;0;0;0;1;0;351302,214100000450000;5647216,543199999300000;6,882721468000057;50,957351428000038;0
210916;5200721300500041940;5;9;11;0;2020;7;15;3;2;1;5;0;1;1;0;0;0;0;376028,299899999980000;5702980,799499999700000;7,215317745000050;51,464402761000031;0
210917;5200720505100318188;5;1;14;0;2020;7;17;2;3;3;2;0;1;1;0;0;0;0;330674,757000000220000;5688528,132999999400000;6,569854733000057;51,322814286000039;0
210918;5200718709500676614;5;5;66;76;2020;7;9;7;2;0;2;0;1;0;0;0;0;0;392340,889000000430000;5792294,347999999300000;7,422204326000042;52,270474225000044;0
210919;5200719501319072127;5;1;12;0;2020;7;14;1;3;0;5;0;1;0;0;0;0;1;344633,793200000190000;5696805,438400000300000;6,766407115000050;51,401170811000043;0
210921;5200719601520356201;5;3;15;0;2020;7;17;1;3;0;1;0;1;0;0;0;0;0;364424,027200000360000;5648629,899299999700000;7,068914687000074;50,973290629000076;0
210922;5200718709500074673;5;5;66;16;2020;7;19;7;2;0;1;0;1;0;0;0;0;0;402481,327899999920000;5793697,998800000200000;7,570358587000044;52,284981813000059;0
210923;5200720515211230209;5;1;54;16;2020;7;10;2;3;5;3;0;1;0;0;0;0;0;303212,382000000220000;5729784,724700000100000;6,153185924000070;51,684492450000050;0
210924;5200718709300176628;5;5;66;84;2020;7;12;7;3;5;3;0;1;0;0;0;0;0;390231,923399999740000;5774892,419099999600000;7,396946054000068;52,113663882000026;0
210927;5200718705000896634;5;5;54;4;2020;7;11;7;2;5;3;0;1;0;0;0;0;0;361724,604899999690000;5771361,598300000700000;6,982308069000055;52,075545898000030;0
210929;5200721600110801209;5;3;14;0;2020;7;17;3;3;2;2;0;1;0;0;0;0;0;366344,066700000320000;5622265,016000000800000;7,105872748000024;50,736777634000077;0
210930;5200720705000996539;5;5;54;68;2020;7;16;2;3;5;3;0;1;0;0;0;0;0;350630,584300000220000;5767212,719100000300000;6,822361807000050;52,035389686000030;0
210934;5200719501215388204;5;1;12;0;2020;7;18;1;3;3;6;0;1;1;0;0;0;0;336534,600300000050000;5696404,980399999800000;6,650257656000065;51,395297012000071;0
210935;5200721709500279091;5;5;66;76;2020;7;19;3;3;5;2;0;1;1;0;0;0;0;393901,655000000260000;5793534,875000000000000;7,444678595000028;52,281926481000028;0
210937;5200718705000596748;5;5;54;20;2020;7;17;7;3;0;3;0;1;1;0;0;0;0;364766,618099999610000;5786341,158199999500000;7,020707414000071;52,210894267000072;0
210942;5200718705000521131;5;5;54;4;2020;7;18;7;3;5;3;0;1;0;0;1;0;0;357652,777499999850000;5777668,031400000700000;6,920299244000034;52,131176755000070;0
210943;5200722601510904206;5;3;15;0;2020;7;22;4;3;1;5;2;1;1;0;0;0;0;360291,549399999900000;5647796,561499999800000;7,010410971000056;50,964813706000029;0
210944;5200719501214572037;5;1;12;0;2020;7;17;1;3;4;2;0;1;0;0;0;0;0;340415,799300000070000;5695122,286900000600000;6,706576079000058;51,384877331000041;0
210945;5200721701930527202;5;5;62;36;2020;7;15;3;3;0;7;0;1;0;0;0;0;1;391162,844700000250000;5720218,217100000000000;7,427767342000038;51,622450603000061;0
210946;5200721406110370344;5;7;58;12;2020;7;17;3;3;2;6;0;1;1;0;0;0;0;479513,022300000300000;5773424,903999999200000;8,700835141000027;52,110987660000035;0
210947;5200718701120701207;5;5;62;32;2020;7;12;7;3;3;6;0;1;0;0;0;0;0;377923,325000000190000;5716628,832800000900000;7,237854530000050;51,587475612000048;0
210948;5200720601210091207;5;3;15;0;2020;7;17;2;3;5;6;0;1;0;0;0;0;0;354233,361600000410000;5644182,694000000100000;6,925642097000036;50,930836086000056;0
210949;5200718610212767477;5;3;70;40;2020;7;20;7;3;5;3;0;1;1;0;0;0;0;310470,699900000360000;5668607,177600000100000;6,290753242000051;51,137511638000035;0
210950;5200722410110876090;5;7;70;24;2020;7;16;4;3;4;7;0;1;0;0;0;0;0;494179,320199999960000;5793836,435399999800000;8,914651030000073;52,294849207000027;0