OBJECTID;UIDENTSTLAE;ULAND;UREGBEZ;UKREIS;UGEMEINDE;UJAHR;UMONAT;USTUNDE;UWOCHENTAG;UKATEGORIE;UART;UTYP1;ULICHTVERH;IstRad;IstPKW;IstFuss;IstKrad;IstGkfz;IstSonstige;LINREFX;LINREFY;XGCSWGS84;YGCSWGS84;STRZUSTAND
210951;5200719702100568281;5;5;15;0;2020;7;12;1;3;0;2;0;1;0;0;0;0;0;407856,700699999930000;5757292,658399999100000;7,658996882000054;51,958687674000032;0
210953;5200722514215076261;5;1;66;28;2020;7;17;4;3;5;3;0;1;1;0;0;0;0;325560,399000000210000;5688331,869999999200000;6,496623940000063;51,319505939000067;0
210956;5200722411232082046;5;7;74;32;2020;7;7;4;3;5;2;0;1;0;0;0;0;1;481520,308299999680000;5732503,812999999200000;8,732344048000073;51,743138019000071;0
210957;5200720301401362206;5;9;13;0;2020;7;16;2;3;4;2;0;1;1;0;0;0;0;396388,917000000370000;5708996,996999999500000;7,506543000000022;51,522574567000049;0
210958;5200718610121080723;5;3;70;12;2020;7;9;7;3;5;3;0;1;1;0;0;0;0;297227,672899999660000;5650939,972899999500000;6,111596106000036;50,974307883000051;0
210960;5200721609224046583;5;3;58;24;2020;7;10;3;3;5;7;0;1;1;0;0;0;0;314647,750699999740000;5644664,508800000000000;6,362637053000071;50,923804954000047;0
210961;5200721400200996801;5;7;11;0;2020;7;20;3;2;5;3;0;1;1;0;0;0;0;467769,039699999620000;5763922,829299999400000;8,530243867000024;52,024998968000034;0
210963;5200718608408991205;5;3;34;8;2020;7;17;7;3;6;4;0;1;0;1;0;0;0;302243,540900000370000;5643406,895199999200000;6,187040410000066;50,908391799000071;0
210964;5200722400100450201;5;7;11;0;2020;7;19;4;3;5;3;0;1;0;0;0;0;0;466890,606100000440000;5765198,745600000000000;8,517317957000046;52,036418473000026;0
210965;5200719610111265717;5;3;70;16;2020;7;16;1;3;5;3;0;1;1;0;0;0;0;294668,755300000310000;5655732,425699999600000;6,072486845000071;51,016441323000038;0
210967;5200722502321566204;5;1;13;0;2020;7;16;4;3;0;7;0;1;0;0;0;0;0;357476,252199999990000;5705238,113900000200000;6,947506376000035;51,480319519000034;0
210968;5200721601200082949;5;3;15;0;2020;7;0;3;3;5;2;0;1;0;0;0;0;0;360101,553999999540000;5638337,003000000500000;7,011335849000034;50,879752761000077;0
210969;5200720711113072374;5;5;70;52;2020;7;8;2;2;0;2;0;1;0;0;0;0;0;430626,065000000410000;5755220,259999999800000;7,990723392000064;51,943364859000042;1
210971;5200721316100581982;5;9;74;40;2020;7;18;3;3;1;5;0;1;1;0;0;0;0;438289,213800000030000;5713624,093100000200000;8,109579955000072;51,570308356000055;0
210973;5200718608328969204;5;3;34;28;2020;7;10;7;2;0;1;0;1;0;0;0;0;0;311532,771200000310000;5612342,597799999600000;6,334930654000061;50,632446692000030;0
210975;5200719606110069887;5;3;78;4;2020;7;13;1;2;1;5;0;1;1;0;0;0;0;367783,313900000420000;5646483,787300000000000;7,117514879000055;50,954783042000031;0
210976;5200718608328008204;5;3;34;28;2020;7;15;7;3;0;1;0;1;0;0;0;0;0;312985,293899999930000;5607431,275900000700000;6,357921088000069;50,588793470000041;0
210978;5200721516910400202;5;1;58;26;2020;7;12;3;3;5;3;0;1;1;0;0;0;0;351991,120900000450000;5662868,782299999100000;6,886132670000052;51,098185277000027;0
210980;5200720500200071954;5;1;11;0;2020;7;10;2;3;0;7;0;1;0;1;0;0;0;343964,740699999970000;5686235,192700000500000;6,761432077000052;51,306012772000031;0
210981;5200718608100989206;5;3;34;2;2020;7;16;7;3;3;2;0;1;1;0;0;0;0;296161,720599999650000;5627727,648099999900000;6,109366311000031;50,765457204000029;0
210983;5200719411108036209;5;7;74;8;2020;7;15;1;3;4;1;0;1;1;0;0;0;0;486421,906700000170000;5737328,317900000100000;8,803148656000076;51,786656655000058;0
210985;5200718608100954208;5;3;34;2;2020;7;6;7;3;0;7;0;1;0;0;0;0;0;294973,733300000430000;5628916,732100000600000;6,091879897000069;50,775718165000058;0
210986;5200719405108182101;5;7;54;8;2020;7;21;1;3;5;3;2;1;0;0;0;0;1;456996,933000000190000;5751069,719000000500000;8,374862497000038;51,908712905000073;0
210987;5200722300210053207;5;9;11;0;2020;7;9;4;2;0;1;0;1;0;0;0;0;0;371355,104399999600000;5704831,730399999800000;7,147406218000072;51,479994270000077;0
210991;5200720608404282202;5;3;34;4;2020;7;17;2;3;5;3;0;1;1;0;0;0;0;300765,975999999790000;5639399,923000000400000;6,168235071000026;50,871894509000072;0
210992;5200722500200471208;5;1;11;0;2020;7;12;4;3;1;5;0;1;1;0;0;0;0;346645,778099999760000;5677001,526499999700000;6,803824747000022;51,223772640000050;0
210993;5200720317220194272;5;9;78;4;2020;7;21;2;3;5;3;1;1;0;0;1;0;0;406455,930599999610000;5719825,085200000600000;7,648720606000040;51,621666772000026;0
210994;5200718608100573753;5;3;34;2;2020;7;20;7;3;1;5;0;1;1;0;0;0;0;293808,661000000310000;5627700,137000000100000;6,076059057000066;50,764378807000071;0
210996;5200719404102421517;5;7;66;56;2020;7;17;1;3;0;3;0;1;1;0;0;0;0;476306,496000000280000;5754456,793600000400000;8,655325589000029;51,940321918000052;0
210998;5200719601110133208;5;3;15;0;2020;7;2;1;3;6;6;2;1;0;1;0;0;0;356622,134800000120000;5645004,742399999900000;6,959289289000026;50,938822485000060;0
210999;5200721405116781099;5;7;54;16;2020;7;13;3;3;4;2;0;1;0;0;0;0;0;448053,481999999840000;5757506,180999999900000;8,243890175000047;51,965816184000062;0
211001;5200719518200995971;5;1;70;24;2020;7;11;1;3;1;5;0;1;1;0;0;0;0;336851,653900000270000;5700213,957499999600000;6,653058582000028;51,429609329000073;0
211003;5200718607400628206;5;3;82;68;2020;7;0;7;3;0;1;2;1;0;0;0;0;0;366591,072599999610000;5628111,404400000300000;7,107251728000051;50,789381537000054;0
211004;5200720601700078580;5;3;16;0;2020;7;20;2;3;5;3;1;1;1;0;0;0;0;363206,336400000380000;5654465,456499999400000;7,049382513000069;51,025448542000049;0
211005;5200718602500273719;5;3;62;24;2020;7;15;7;2;5;3;0;1;1;0;0;0;0;342654,750400000250000;5646039,550899999200000;6,760198427000034;50,944479205000050;0
211007;5200719709110052454;5;5;66;8;2020;7;16;1;3;9;1;0;1;0;0;0;0;0;398668,552000000140000;5782535,981000000600000;7,517828425000062;52,183972505000042;0
211008;5200718602250766205;5;3;62;16;2020;7;19;7;2;0;1;0;1;0;0;0;0;0;328296,273500000130000;5645284,566500000700000;6,556352503000028;50,933599095000034;0
211009;5200722600110478227;5;3;14;0;2020;7;18;4;2;0;1;0;1;0;0;0;0;0;365674,332600000310000;5621816,841199999700000;7,096550402000048;50,732594947000052;0
211014;5200718601510805204;5;3;15;0;2020;7;1;7;2;1;5;2;1;1;0;0;0;0;357731,386500000020000;5644984,710000000900000;6,975074612000071;50,938917199000059;0
211017;5200718601410857207;5;3;15;0;2020;7;10;7;3;5;2;0;1;1;0;0;0;0;356859,859600000080000;5649891,819100000000000;6,960748136000063;50,982801044000041;0
211018;5200722405108896987;5;7;54;8;2020;7;21;4;3;0;1;0;1;0;0;0;0;0;455872,758999999610000;5749899,100999999800000;8,358671320000042;51,898100487000079;0
211019;5200719610212063915;5;3;70;40;2020;7;12;1;3;8;1;0;1;0;0;0;0;0;309744,676199999640000;5668368,244599999900000;6,280513689000031;51,135124759000064;0
211020;5200718601400567820;5;3;15;0;2020;7;16;7;3;5;7;0;1;0;0;0;0;0;356770,870099999940000;5649002,689700000000000;6,959831535000035;50,974788462000049;0
211022;5200721601410963200;5;3;15;0;2020;7;17;3;3;1;3;0;1;0;0;0;0;0;355689,194799999710000;5647199,209799999400000;6,945150082000055;50,958310987000061;0
211023;5200719514217076261;5;1;66;36;2020;7;19;1;3;1;5;0;1;1;0;0;0;0;329091,982499999930000;5682270,987400000900000;6,550156372000060;51,266127976000064;0
211024;5200721301202771305;5;9;13;0;2020;7;14;3;3;0;3;0;1;1;0;0;0;0;393394,757699999960000;5708727,809399999700000;7,463482897000063;51,519597745000056;0
211025;5200720506100071207;5;1;16;0;2020;7;13;2;3;5;2;0;1;1;0;0;0;0;321856,407499999740000;5676690,463700000200000;6,449323444000072;51,213781755000070;0
211027;5200719400300504063;5;7;11;0;2020;7;10;1;3;0;1;0;1;0;0;0;0;0;466189,399899999610000;5760411,599899999800000;8,507568637000077;51,993336830000032;0
211028;5200722300510329204;5;9;54;36;2020;7;13;4;3;0;1;0;1;0;0;0;0;0;384255,487900000070000;5699914,035700000800000;7,334703050000030;51,438581133000071;0
211029;5200719602200075895;5;3;62;4;2020;7;13;1;3;0;7;0;1;0;1;0;0;0;330121,383999999610000;5650724,038000000600000;6,579763280000066;50,983010696000065;0
211030;5200718601210934200;5;3;15;0;2020;7;13;7;3;0;1;0;1;0;0;0;0;0;354242,820000000300000;5642575,466700000700000;6,926419024000040;50,916394772000046;0
211031;5200721515000522132;5;1;54;36;2020;7;18;3;2;0;1;0;1;0;0;0;0;0;303091,634999999780000;5741639,321000000500000;6,144734563000043;51,790906949000032;1
211032;5200719608404075549;5;3;34;4;2020;7;16;1;3;0;1;0;1;0;0;0;0;0;304017,196000000460000;5638539,338999999700000;6,214847686000041;50,865276064000057;0
211036;5200720706000581078;5;5;58;16;2020;7;20;2;3;5;3;0;1;1;0;0;0;0;382056,657899999990000;5743040,567700000500000;7,288552866000032;51,825729177000028;0
211039;5200719317230081202;5;9;78;8;2020;7;7;1;3;0;1;0;1;0;0;0;0;0;415193,137199999760000;5717264,506699999800000;7,775519739000060;51,600033001000043;0
211040;5200721709500376614;5;5;66;76;2020;7;17;3;3;0;2;0;1;1;0;0;0;0;393901,655000000260000;5793534,875000000000000;7,444678595000028;52,281926481000028;0
211041;5200719513310073679;5;1;62;8;2020;7;11;1;2;0;7;0;1;0;0;0;0;0;329562,869900000280000;5662913,063600000000000;6,566079987000023;51,092355993000069;0
211043;5200719513210575524;5;1;62;24;2020;7;1;1;2;0;1;2;1;0;0;0;0;0;339168,316899999980000;5673496,262199999800000;6,698402263000048;51,190220505000070;0
211044;5200720608100293202;5;3;34;2;2020;7;21;2;3;1;5;1;1;1;0;0;0;0;293145,328999999910000;5629646,495999999300000;6,065571218000059;50,781623093000064;0
211046;5200720700100913207;5;5;13;0;2020;7;5;2;2;5;3;1;1;1;0;0;0;0;369534,440299999900000;5707177,220400000000000;7,120335297000054;51,500655957000049;1
211047;5200722500300001653;5;1;11;0;2020;7;17;4;3;0;5;0;1;1;0;0;0;0;353041,067999999970000;5666227,867000000600000;6,899748740000064;51,128641018000053;0
211048;5200720407101576861;5;7;62;20;2020;7;18;2;3;0;6;0;1;1;0;0;0;0;525104,592500000260000;5735754,448200000500000;9,363842622000050;51,772107297000048;0
211050;5200722601520881205;5;3;15;0;2020;7;20;4;2;0;1;0;1;0;0;0;0;0;366091,945000000300000;5648109,909800000500000;7,092849090000073;50,969007420000025;0
211051;5200719316300157673;5;9;74;28;2020;7;17;1;3;5;3;0;1;1;0;0;0;0;454533,328499999830000;5725202,397900000200000;8,342442429000073;51,675952394000035;0
211053;5200721406210057658;5;7;58;4;2020;7;8;3;2;9;7;0;1;0;0;0;0;0;471074,517500000070000;5782022,031600000300000;8,576881385000036;52,187902985000051;0
211054;5200718601000967844;5;3;15;0;2020;7;15;7;3;5;2;0;1;1;0;0;0;0;354295,436300000180000;5644195,854199999900000;6,926519583000072;50,930970037000066;0
211056;5200718600120754230;5;3;82;24;2020;7;13;7;3;2;6;0;1;1;0;0;0;0;372570,079699999650000;5615217,271199999400000;7,196490495000035;50,674828564000052;0
211059;5200718600110375536;5;3;14;0;2020;7;17;7;3;2;2;0;1;1;0;0;0;0;366128,226999999960000;5620850,091299999500000;7,103329497000061;50,724010600000042;0
211060;5200722516800576205;5;1;58;20;2020;7;11;4;2;0;7;0;1;0;0;0;0;0;356875,510999999940000;5665560,195000000300000;6,954775558000051;51,123611942000082;0
211061;5200721606100574376;5;3;78;4;2020;7;12;3;3;0;1;0;1;0;0;0;0;0;369813,041500000280000;5647990,995400000400000;7,145858307000026;50,968791698000075;0
211062;5200719506100274031;5;1;16;0;2020;7;11;1;3;0;7;0;1;0;0;0;0;0;314278,593000000340000;5677031,051999999200000;6,340769990000069;51,214427153000031;0
211064;5200718600110278207;5;3;14;0;2020;7;16;7;3;0;1;0;1;0;0;0;0;0;365909,496600000190000;5621262,667999999600000;7,100082366000038;50,727668392000055;0
211065;5200722601110786208;5;3;15;0;2020;7;18;4;3;1;5;0;1;1;0;0;0;0;354742,427799999710000;5645064,604499999400000;6,932529878000025;50,938890013000048;0
211066;5200721609224633045;5;3;58;24;2020;7;21;3;2;5;3;0;1;1;0;0;0;0;315499,233000000010000;5645031,471000000800000;6,374553433000074;50,927374330000077;0
211068;5200720516630244208;5;1;58;4;2020;7;20;2;3;0;7;0;1;0;0;1;0;0;354264,945299999790000;5674147,557700000700000;6,914018262000070;51,200122364000038;0
211070;5200722404000974511;5;7;66;64;2020;7;11;4;3;5;3;0;1;1;0;0;0;0;490228,054700000210000;5741786,682399999400000;8,858203173000049;51,826822260000029;0
211072;5200718518310945102;5;1;70;32;2020;7;15;7;3;5;3;0;1;1;0;0;0;0;333050,185999999750000;5712649,588999999700000;6,592545224000048;51,540221763000034;0
211077;5200718514116969452;5;1;66;16;2020;7;17;7;2;1;5;0;1;1;0;0;0;0;305185,554200000130000;5688743,136199999600000;6,204354718000047;51,316588828000079;0
211079;5200720508222066201;5;1;19;0;2020;7;17;2;3;1;5;0;1;1;0;0;0;0;353840,375400000250000;5709049,811799999300000;6,893604604000075;51,513642352000033;0
211081;5200722307000256197;5;9;62;24;2020;7;21;4;2;9;7;0;1;0;0;0;0;0;409323,417700000110000;5692199,355699999300000;7,697231005000049;51,373797612000033;0
211082;5200719606210374404;5;3;78;32;2020;7;19;1;2;0;1;0;1;0;0;0;0;0;375206,317999999970000;5667169,225999999800000;7,216016357000058;51,142360655000061;0
211083;5200718506100371766;5;1;16;0;2020;7;13;7;3;0;1;0;1;0;0;0;0;0;322698,605100000280000;5674659,870999999300000;6,462372613000071;51,195802317000073;0
211085;5200721600110481165;5;3;14;0;2020;7;7;3;3;5;2;0;1;1;0;0;0;0;365790,505900000220000;5620666,332200000100000;7,098614399000041;50,722281067000040;0
211086;5200719505100567345;5;1;14;0;2020;7;16;1;3;5;2;0;1;1;0;0;0;0;330283,872499999590000;5688860,477199999600000;6,564091964000056;51,325683540000057;0
211087;5200720705000996520;5;5;54;8;2020;7;9;2;3;5;3;0;1;0;0;0;0;0;335463,160899999550000;5745372,612299999200000;6,611881432000075;51,834903179000037;0
211088;5200720501128725209;5;1;12;0;2020;7;19;2;3;5;3;0;1;1;0;0;0;0;342747,377000000330000;5702684,255000000800000;6,736700685000074;51,453471167000032;0
211091;5200719316100057674;5;9;74;24;2020;7;0;1;2;9;1;2;1;0;0;0;0;0;441346,689000000250000;5724235,304500000600000;8,151914246000047;51,666035492000049;0
211093;5200719310110016858;5;9;54;16;2020;7;11;1;3;0;1;0;1;0;0;0;0;0;373365,386400000190000;5697237,846400000200000;7,179057502000035;51,412199706000081;0
211094;5200722300420365202;5;9;16;0;2020;7;16;4;3;0;1;0;1;0;0;0;0;0;372284,384999999780000;5711680,455399999400000;7,158300261000022;51,541754811000033;0
211096;5200721506100255205;5;1;16;0;2020;7;17;3;3;5;2;0;1;1;0;0;0;0;315804,126699999910000;5669403,936899999200000;6,366497483000046;51,146409144000074;0
211097;5200720610111646580;5;3;70;16;2020;7;12;2;3;1;5;0;1;1;0;0;0;0;297657,529900000430000;5659517,906700000200000;6,112927618000072;51,051498098000081;0
211098;5200722500200593200;5;1;11;0;2020;7;18;4;3;4;6;0;1;0;0;0;0;0;344164,854899999690000;5679494,222200000700000;6,767239974000063;51,245498418000068;0
211099;5200720400300703243;5;7;11;0;2020;7;17;2;3;5;2;0;1;1;0;0;0;0;467038,118800000290000;5762432,219699999300000;8,519734859000039;52,011554519000072;0
211100;5200718505200881920;5;1;14;0;2020;7;9;7;3;1;5;0;1;1;0;0;0;0;330155,990199999880000;5689412,073799999400000;6,561995357000058;51,330600829000048;0
211102;5200719302130093881;5;9;14;0;2020;7;18;1;2;1;7;0;1;1;0;0;0;0;400761,933299999680000;5686883,725999999800000;7,575747910000075;51,324582579000037;0
211104;5200721405228482048;5;7;54;28;2020;7;13;3;2;0;1;0;1;0;0;0;0;0;451380,956000000240000;5744751,107999999100000;8,294119353000042;51,851443799000037;0
211106;5200718502322371930;5;1;13;0;2020;7;15;7;3;5;7;0;1;1;0;0;0;0;358042,358000000010000;5704353,454099999700000;6,956008794000070;51,472512289000065;0
211107;5200721501213878682;5;1;12;0;2020;7;9;3;3;4;2;0;1;1;0;0;0;0;340854,082700000140000;5698643,147800000400000;6,711290233000057;51,416634286000033;0
211109;5200720603228581185;5;3;66;28;2020;7;11;2;2;0;1;0;1;0;0;0;0;0;337142,928999999540000;5610583,365700000900000;6,697514050000052;50,624356487000057;0
211110;5200718502226872208;5;1;13;0;2020;7;20;7;3;0;1;0;1;0;0;0;0;0;360703,483099999840000;5698092,492799999200000;6,996764011000039;51,416910791000078;0
211111;5200722411220744843;5;7;74;20;2020;7;16;4;2;5;3;0;1;1;0;0;0;0;469902,516200000420000;5734899,531199999200000;8,563871211000048;51,764174480000065;0
211116;5200721400200696837;5;7;11;0;2020;7;15;3;2;5;7;0;1;0;0;0;1;0;472331,966799999590000;5762171,444700000800000;8,596886722000022;52,009499151000057;0
211118;5200718501222264204;5;1;12;0;2020;7;14;7;3;1;5;0;1;1;0;0;0;0;341042,968000000340000;5702899,623999999800000;6,712093670000058;51,454930257000058;0
211120;5200719608416358675;5;3;34;16;2020;7;15;1;3;5;3;0;1;1;0;0;0;0;297634,268500000240000;5642164,486800000100000;6,122252350000053;50,895636221000075;0
211125;5200719702100268301;5;5;15;0;2020;7;17;1;3;1;7;0;1;1;0;0;0;0;405275,927500000220000;5755852,439799999800000;7,621846285000061;51,945308712000042;0
211127;5200722513210978699;5;1;62;24;2020;7;17;4;3;3;2;0;1;1;0;0;0;0;338347,189899999650000;5674266,718499999500000;6,686314846000073;51,196911297000042;0
211128;5200721601610996200;5;3;15;0;2020;7;19;3;3;5;3;0;1;1;0;0;0;0;362906,879300000150000;5643709,805299999200000;7,049171056000034;50,928712861000065;0
211130;5200720508000667265;5;1;19;0;2020;7;14;2;2;0;4;0;1;0;1;0;0;0;350960,271900000050000;5704286,365100000100000;6,854140041000051;51,470088371000031;0
211134;5200718500200074513;5;1;11;0;2020;7;18;7;3;0;3;0;1;0;0;0;0;0;341724,105000000450000;5680998,656999999700000;6,731633453000029;51,258343839000077;0
211135;5200721516300781364;5;1;58;28;2020;7;11;3;3;0;7;0;1;0;0;0;0;0;350770,606999999840000;5689958,423000000400000;6,857438924000064;51,341293758000063;0
211138;5200720502231570131;5;1;13;0;2020;7;17;2;2;0;1;0;1;0;0;0;0;0;364756,561400000010000;5697044,834799999400000;7,055414686000063;51,408477220000066;0
211140;5200719301202070000;5;9;13;0;2020;7;20;1;3;1;3;0;1;0;0;0;0;1;392704,156600000340000;5708636,158099999700000;7,453560955000057;51,518643178000048;0
211141;5200721711213068996;5;5;70;4;2020;7;21;3;2;0;5;1;1;1;0;0;0;0;424551,958800000140000;5734667,881799999600000;7,906857689000049;51,757817755000076;0
211142;5200719601140262204;5;3;15;0;2020;7;12;1;3;0;7;0;1;1;0;0;0;0;355939,809399999680000;5642929,777200000400000;6,950404315000071;50,920005029000038;0
211145;5200719503100632202;5;1;24;0;2020;7;0;1;2;0;1;2;1;0;0;0;0;0;370640,272699999620000;5680056,569000000100000;7,146133908000024;51,257172000000025;0
211148;5200720316100577810;5;9;74;40;2020;7;17;2;2;0;6;0;1;0;0;0;0;1;436976,526499999690000;5711833,033099999700000;8,090962977000061;51,554060616000072;0
211149;5200718410230572176;5;7;70;4;2020;7;16;7;3;5;3;0;1;1;0;0;0;0;487446,230600000360000;5784795,264900000800000;8,816259916000035;52,213451756000040;0
211150;5200722601310819200;5;3;15;0;2020;7;18;4;2;5;3;0;1;1;0;0;0;0;351081,272599999790000;5646096,482400000100000;6,880035981000049;50,947229048000054;0
211151;5200721610111546580;5;3;70;16;2020;7;15;3;3;5;3;0;1;0;0;0;0;0;296270,537800000050000;5660163,803200000900000;6,092801353000027;51,056808554000042;0
211152;5200726601110835202;5;3;15;0;2020;7;0;1;3;0;7;2;1;0;0;0;0;0;356399,857300000270000;5645355,459899999200000;6,955989500000044;50,941919025000061;0
211153;5200726601110054202;5;3;15;0;2020;7;17;1;3;0;5;0;1;1;0;0;0;0;355558,650700000110000;5643620,858500000100000;6,944711430000041;50,926120372000071;0
211154;5200723602400069700;5;3;62;32;2020;7;15;5;3;0;1;0;1;0;0;0;0;0;337546,994300000370000;5642541,603499999300000;6,689110684000070;50,911632596000061;0
211155;5200727609224994886;5;3;58;24;2020;7;13;2;3;0;6;0;1;0;1;0;0;0;315607,828300000170000;5644022,963199999200000;6,376606896000055;50,918349438000064;0
211156;5200726705000021097;5;5;54;56;2020;7;19;1;3;8;7;0;1;0;0;0;0;0;356689,442800000310000;5762204,501599999100000;6,912724218000051;51,991989921000027;0
211158;5200726600310600209;5;3;14;0;2020;7;18;1;2;5;2;0;1;1;0;0;0;0;363004,697800000200000;5619967,833399999900000;7,059430312000075;50,715353007000033;0
211160;5200726600140650538;5;3;14;0;2020;7;12;1;3;6;3;0;1;0;1;0;0;0;367084,219999999740000;5622429,786000000300000;7,116296462000037;50,738428459000033;0
211164;5200723601700519207;5;3;16;0;2020;7;12;5;3;0;1;0;1;0;0;0;0;0;359726,368700000460000;5661325,846899999300000;6,997132694000072;51,086263729000052;0
211166;5200726501326248204;5;1;12;0;2020;7;18;1;3;1;5;0;1;1;0;0;0;0;345322,670500000010000;5690898,614900000400000;6,778873639000040;51,348285370000042;0
211168;5200726500300072205;5;1;11;0;2020;7;21;1;2;0;1;1;1;0;0;0;0;0;348748,383700000120000;5674734,121099999200000;6,834868990000075;51,203959306000058;0
211170;5200723601420544205;5;3;15;0;2020;7;16;5;3;5;2;0;1;0;0;1;0;0;356176,857300000270000;5647574,335599999900000;6,951940924000041;50,961804094000058;0
211174;5200727505200069397;5;1;14;0;2020;7;5;2;2;5;3;0;1;1;0;0;0;0;330467,015800000170000;5690535,848999999500000;6,565920712000036;51,340789471000051;0
211175;5200726404101096900;5;7;66;20;2020;7;17;1;2;0;1;0;1;0;0;0;0;0;492636,372999999670000;5754067,402000000700000;8,892887153000061;51,937276671000063;0
211176;5200726317140597207;5;9;78;28;2020;7;12;1;3;0;1;0;1;0;0;0;0;0;400418,036999999550000;5699640,040999999300000;7,567237482000053;51,439190299000074;0
211178;5200723601220029208;5;3;15;0;2020;7;7;5;3;3;6;0;1;1;0;0;0;0;357582,105399999770000;5634852,382700000000000;6,976901700000042;50,847820686000034;0
211180;5200726313231878061;5;9;58;48;2020;7;12;1;3;0;7;0;1;0;0;0;0;0;467402,240000000220000;5671498,612999999900000;8,533494391000033;51,193967776000079;0
211182;5200723601210475205;5;3;15;0;2020;7;12;5;3;0;1;0;1;0;0;0;0;0;353390,150999999610000;5643024,460300000400000;6,914116831000058;50,920213740000065;0
211183;5200727410130378679;5;7;70;28;2020;7;20;2;2;8;1;0;1;0;0;0;0;0;502666,693099999800000;5806113,081800000700000;9,039199407000069;52,405245776000072;0
211184;5200726300811569290;5;9;54;36;2020;7;12;1;2;6;4;0;1;0;1;0;0;0;386992,167600000280000;5701118,463300000900000;7,373675728000023;51,449959333000038;0
211185;5200723600380199209;5;3;14;0;2020;7;18;5;3;0;1;0;1;1;0;0;0;0;370001,000500000080000;5616061,852099999800000;7,159853312000053;50,681851823000045;0
211187;5200725711114351183;5;5;70;52;2020;7;22;7;3;1;5;2;1;1;0;0;0;0;428990,947700000370000;5752916,701300000800000;7,967414722000058;51,922450485000070;0
211190;5200725709500162076;5;5;66;76;2020;7;20;7;3;1;1;0;1;1;0;0;0;0;394161,151999999770000;5794328,845000000700000;7,448231784000029;52,289112094000075;0
211192;5200725705000570620;5;5;54;8;2020;7;18;7;3;0;3;0;1;0;0;0;0;0;336395,535000000150000;5746474,312999999200000;6,624880489000020;51,845074145000069;0
211194;5200727701400149200;5;5;12;0;2020;7;11;2;3;5;3;0;1;1;0;0;0;0;357519,012099999930000;5709335,045900000300000;6,946467282000072;51,517145134000032;0
211195;5200726702100568372;5;5;15;0;2020;7;10;1;3;0;7;0;1;0;0;0;0;0;406205,992100000380000;5756184,999099999700000;7,635283017000063;51,948455507000062;1
211196;5200725701300026177;5;5;62;14;2020;7;13;7;2;5;3;0;1;0;0;0;0;0;358354,162999999710000;5716416,642000000900000;6,955644523000046;51,580989892000048;0
211199;5200725609108773819;5;3;58;40;2020;7;12;7;3;1;7;0;1;1;0;0;0;0;325469,718100000170000;5633420,738399999200000;6,521829191000052;50,826163168000051;0
211203;5200723518400044428;5;1;70;8;2020;7;16;5;3;5;2;0;1;0;0;0;0;1;342382,157599999570000;5714263,256799999600000;6,726274102000048;51,557402888000070;0
211204;5200727608404572200;5;3;34;4;2020;7;16;2;3;1;5;0;1;1;0;0;0;0;300690,557000000030000;5638881,715800000400000;6,167446839000036;50,867214129000047;0
211205;5200726702100069101;5;5;15;0;2020;7;23;1;3;3;6;2;1;0;0;0;0;0;405436,350499999710000;5758995,600199999300000;7,623314294000068;51,973588065000058;0
211206;5200725603116966031;5;3;66;16;2020;7;11;7;3;0;7;0;1;0;0;0;0;0;344202,746000000280000;5614005,542999999600000;6,795807117000038;50,657038586000056;0
211207;5200725601610628204;5;3;15;0;2020;7;10;7;3;5;3;0;1;1;0;0;0;0;360937,107599999760000;5644064,815400000700000;7,021023606000028;50,931431921000069;0
211209;5200725601200367844;5;3;15;0;2020;7;19;7;2;0;1;0;1;0;0;0;0;0;353992,280100000090000;5643985,362999999900000;6,922292793000054;50,929001759000073;0
211211;5200725601130699200;5;3;15;0;2020;7;18;7;3;6;4;0;1;1;1;0;0;0;356457,966199999680000;5645937,599700000100000;6,956586637000044;50,947165105000067;0
211212;5200725601110782208;5;3;15;0;2020;7;22;7;3;2;2;2;1;1;0;0;0;0;356475,671900000420000;5646087,169500000800000;6,956779568000059;50,948513676000061;0
211214;5200727515110594207;5;1;54;36;2020;7;17;2;3;0;1;0;1;0;0;0;0;0;302349,176400000230000;5741801,431099999700000;6,133890713000028;51,792100918000074;0
211215;5200725601110781209;5;3;15;0;2020;7;21;7;3;0;1;2;1;1;0;0;0;0;355160,425900000150000;5644069,413300000100000;6,938870705000056;50,930051596000055;0
211217;5200725600340881176;5;3;82;64;2020;7;13;7;3;2;6;0;1;0;0;0;0;0;348724,157100000420000;5617892,867300000000000;6,858136972000068;50,693164795000030;0
211218;5200725600110979277;5;3;14;0;2020;7;13;7;3;1;5;0;1;1;0;0;0;0;363615,635499999860000;5625878,319299999600000;7,065891264000072;50,768618818000050;0
211219;5200723514210995937;5;1;66;12;2020;7;21;5;2;0;2;1;1;0;0;0;0;0;320615,366000000390000;5694082,812000000800000;6,422836124000071;51,369628338000041;0
211221;5200725600110430208;5;3;14;0;2020;7;0;7;3;0;1;2;1;0;0;0;0;0;363751,535899999550000;5621014,431800000400000;7,069616475000032;50,724935207000044;1
211222;5200725518100195926;5;1;70;48;2020;7;15;7;3;6;6;0;1;0;1;0;0;0;335037,372000000440000;5725620,495999999300000;6,615074771000025;51,657334017000039;0
211229;5200725505100572128;5;1;14;0;2020;7;12;7;3;0;1;0;1;0;0;0;0;0;337402,410699999890000;5690766,903899999300000;6,665299853000022;51,344891359000030;0