OBJECTID;UIDENTSTLAE;ULAND;UREGBEZ;UKREIS;UGEMEINDE;UJAHR;UMONAT;USTUNDE;UWOCHENTAG;UKATEGORIE;UART;UTYP1;ULICHTVERH;IstRad;IstPKW;IstFuss;IstKrad;IstGkfz;IstSonstige;LINREFX;LINREFY;XGCSWGS84;YGCSWGS84;STRZUSTAND
211231;5200725503100481282;5;1;24;0;2020;7;14;7;3;2;1;0;1;1;0;0;0;0;369393,207600000310000;5678730,740000000200000;7,128756141000054;51,244972054000073;1
211233;5200725502321773459;5;1;13;0;2020;7;10;7;3;0;1;0;1;0;0;0;0;0;356793,792999999600000;5704071,978000000100000;6,938157733000026;51,469668329000058;0
211235;5200725502214378588;5;1;13;0;2020;7;11;7;2;5;1;0;1;1;0;0;0;0;368060,973000000230000;5697868,780999999500000;7,102591924000024;51,416660407000052;0
211237;5200723505100465663;5;1;14;0;2020;7;18;5;3;5;3;0;1;1;0;0;0;0;336336,503999999720000;5689964,625000000000000;6,650377296000045;51,337377455000080;0
211239;5200725501324183201;5;1;12;0;2020;7;21;7;3;5;3;0;1;1;0;0;0;0;343282,142400000240000;5694475,807499999200000;6,748019733000035;51,379867407000063;0
211243;5200727701300125202;5;5;62;14;2020;7;14;2;3;6;6;0;1;0;1;0;0;0;360757,851800000300000;5715624,846599999800000;6,990627387000075;51,574473717000046;0
211245;5200725500100380201;5;1;11;0;2020;7;15;7;3;0;1;0;1;0;0;0;0;0;345684,308500000280000;5676573,199799999600000;6,790250928000035;51,219664828000077;0
211248;5200725500100295205;5;1;11;0;2020;7;17;7;3;3;6;0;1;1;0;0;0;0;344764,582299999890000;5676807,010399999100000;6,776990119000061;51,221516378000047;1
211249;5200725411224444843;5;7;74;24;2020;7;13;7;3;0;1;0;1;0;0;0;0;0;477724,320199999960000;5740914,082499999600000;8,676824818000057;51,818617975000052;0
211250;5200727405108896965;5;7;54;8;2020;7;13;2;3;0;2;0;1;0;0;0;0;0;464016,009999999780000;5754397,996999999500000;8,476546130000031;51,939134143000047;1
211251;5200725406230104066;5;7;58;20;2020;7;20;7;3;0;1;0;1;0;0;0;0;0;477117,105000000450000;5785337,284000000000000;8,665045784000029;52,217992586000037;0
211254;5200725303100064130;5;9;15;0;2020;7;19;7;3;0;7;0;1;0;0;0;0;0;417670,831000000240000;5725859,280999999500000;7,809263342000065;51,677664008000079;0
211255;5200724711112076143;5;5;70;52;2020;7;18;6;2;1;5;0;1;1;0;0;0;0;430318,263299999760000;5756331,418800000100000;7,986020874000076;51,953315296000028;0
211257;5200727603104066698;5;3;66;4;2020;7;13;2;3;0;3;0;1;1;0;0;0;0;341449,737999999900000;5601650,349999999600000;6,762163595000061;50,545268994000025;0
211259;5200724709500769049;5;5;66;28;2020;7;19;6;3;5;7;0;1;1;0;0;0;0;416351,466000000010000;5792034,016000000800000;7,774055481000062;52,272311388000048;0
211261;5200724705000996533;5;5;54;48;2020;7;16;6;2;3;2;0;1;0;0;0;0;1;340504,457000000400000;5745433,507999999400000;6,684958198000061;51,836912534000078;1
211263;5200727317210475791;5;9;78;20;2020;7;20;2;2;5;3;0;1;1;0;0;0;0;408412,163700000380000;5716724,191199999300000;7,677781046000064;51,594114104000028;0
211267;5200723502324916528;5;1;13;0;2020;7;13;5;3;5;6;0;1;1;0;0;0;0;361678,201999999580000;5707380,778000000900000;7,007139356000039;51,500617295000040;0
211268;5200724702100561966;5;5;15;0;2020;7;16;6;3;0;7;0;1;0;0;0;0;0;404919,670800000430000;5757228,737700000400000;7,616283913000075;51,957618665000041;0
211269;5200724702100450182;5;5;15;0;2020;7;8;6;3;1;7;0;1;1;0;0;0;0;407370,670300000350000;5758340,327800000100000;7,651642995000032;51,968023919000075;0
211270;5200723502213683201;5;1;13;0;2020;7;10;5;3;1;5;0;1;1;0;0;0;0;363564,103000000120000;5699584,175000000700000;7,037302287000046;51,431011552000029;0
211273;5200727313231348009;5;9;58;48;2020;7;16;2;3;5;3;0;1;1;0;0;0;0;467121,119199999610000;5671545,257999999400000;8,529467152000052;51,194371095000065;0
211279;5200723500300902200;5;1;11;0;2020;7;20;5;3;5;7;0;1;0;0;0;0;0;343819,654000000100000;5676067,870300000500000;6,763791466000043;51,214617258000033;0
211282;5200723500300881416;5;1;11;0;2020;7;18;5;3;1;7;0;1;1;0;0;0;0;353521,635099999610000;5668189,484600000100000;6,905814156000076;51,146391758000050;0
211283;5200727508223229208;5;1;19;0;2020;7;16;2;3;5;3;0;1;0;0;0;0;0;352912,017300000410000;5710065,088099999400000;6,879811570000072;51,522524234000059;0
211284;5200724602300065665;5;3;62;36;2020;7;10;6;3;5;3;0;1;1;0;0;0;0;342894,559700000100000;5654216,990800000700000;6,760074724000049;51,018024312000080;0
211286;5200724601520180208;5;3;15;0;2020;7;12;6;3;5;2;0;1;0;0;0;0;1;359614,819000000130000;5646469,313999999300000;7,001291897000044;50,952721110000027;0
211287;5200724601510271208;5;3;15;0;2020;7;13;6;3;5;3;0;1;0;0;0;0;0;360705,574000000020000;5646606,729000000300000;7,016758752000044;50,954220735000035;0
211293;5200727410220282103;5;7;70;8;2020;7;19;2;3;4;6;1;1;0;0;0;0;0;473828,870600000020000;5803133,248199999300000;8,615531529000066;52,377837236000062;0
211295;5200724600110429208;5;3;14;0;2020;7;23;6;3;0;1;2;1;0;0;0;0;0;365782,443599999880000;5622376,837500000400000;7,097877559000040;50,737653158000057;1
211296;5200723500200861205;5;1;11;0;2020;7;14;5;3;5;3;0;1;1;0;0;0;0;348091,373100000430000;5677289,056600000700000;6,824389071000041;51,226742808000040;0
211299;5200724600110353205;5;3;14;0;2020;7;13;6;3;5;2;0;1;1;0;0;0;0;363900,469999999740000;5622131,117000000600000;7,071313102000033;50,735006678000047;0
211303;5200726601610033201;5;3;15;0;2020;7;16;1;3;3;6;0;1;0;0;0;0;0;365612,588600000370000;5646186,699200000600000;7,086736308000070;50,951610847000040;0
211307;5200727301502662208;5;9;13;0;2020;7;14;2;2;8;1;0;1;0;0;0;0;0;390380,020999999720000;5700746,437100000700000;7,422526269000059;51,447281435000036;1
211310;5200724505200671897;5;1;14;0;2020;7;6;6;3;0;1;0;1;0;0;0;0;0;337497,790199999700000;5694019,407500000700000;6,665182180000045;51,374140677000071;0
211311;5200724505100376246;5;1;14;0;2020;7;17;6;3;0;2;0;1;1;0;0;0;0;330817,124099999670000;5689873,390699999400000;6,571257262000074;51,334942316000081;1
211313;5200723410210957685;5;7;70;20;2020;7;22;5;3;1;1;2;1;1;0;0;0;0;473744,849999999630000;5794942,987999999900000;8,614937397000062;52,304200874000060;0
211314;5200727608436133507;5;3;34;36;2020;7;8;2;2;0;7;0;1;0;0;0;0;0;297246,748999999840000;5635448,419199999400000;6,120470268000076;50,835181122000051;1
211315;5200726601510051205;5;3;15;0;2020;7;16;1;3;3;7;0;1;1;0;0;0;0;357632,529500000180000;5645139,254599999600000;6,973608118000072;50,940281687000038;0
211318;5200723410110479579;5;7;70;24;2020;7;16;5;3;5;3;0;1;1;0;0;0;0;491139,756000000050000;5793735,354000000300000;8,870084483000028;52,293899821000082;0
211320;5200723405228096924;5;7;54;28;2020;7;13;5;2;0;7;0;1;0;0;0;0;0;452163,050400000070000;5745045,200200000800000;8,305432659000076;51,854155422000076;0
211321;5200724500300166209;5;1;11;0;2020;7;15;6;3;4;6;0;1;1;0;0;0;0;344999,590900000180000;5674505,662599999500000;6,781347195000024;51,200901649000059;0
211322;5200724500300163202;5;1;11;0;2020;7;18;6;3;5;3;0;1;0;0;0;0;0;348323,235000000340000;5671604,025900000700000;6,830109651000043;51,175720333000072;0
211323;5200723404301582002;5;7;66;44;2020;7;13;5;3;2;6;0;1;1;0;0;0;0;490819,509999999780000;5764002,144300000700000;8,866192876000071;52,026572549000036;0
211329;5200727601310400209;5;3;15;0;2020;7;10;2;3;3;7;0;1;0;0;0;0;1;352475,146200000310000;5647216,584899999200000;6,899410549000038;50,957653271000027;0
211330;5200724500200959207;5;1;11;0;2020;7;17;6;3;6;6;0;1;0;1;0;0;0;343731,365399999540000;5679732,119999999200000;6,760930299000052;51,247517396000035;0
211331;5200724500100266253;5;1;11;0;2020;7;8;6;3;5;3;0;1;0;0;0;0;1;345669,166699999940000;5676314,545800000400000;6,790145602000052;51,217336608000039;0
211332;5200724411132666161;5;7;74;32;2020;7;7;6;3;5;3;0;1;1;0;0;0;0;483719,595800000240000;5733405,375199999700000;8,764155544000062;51,751312430000041;0
211333;5200723317110077793;5;9;78;36;2020;7;19;5;3;0;3;0;1;1;0;0;0;0;407113,690899999810000;5712219,239099999900000;7,660232217000043;51,553405795000060;0
211334;5200724410120179222;5;7;70;32;2020;7;17;6;3;5;3;0;1;1;0;0;0;0;495439,975399999880000;5790496,039200000500000;8,933181259000037;52,264829208000037;0
211335;5200724410110574205;5;7;70;24;2020;7;23;6;3;0;1;2;1;1;0;0;0;0;493934,057000000030000;5792752,425300000200000;8,911074242000041;52,285100757000066;0
211337;5200727505100078766;5;1;14;0;2020;7;21;2;3;1;7;2;1;0;0;0;0;0;330266,756699999790000;5688572,145500000600000;6,563983855000060;51,323088100000064;0
211339;5200724406120496888;5;7;58;16;2020;7;14;6;3;0;1;0;1;1;0;0;0;0;472734,064000000250000;5780058,447000000600000;8,601314262000074;52,170333996000068;0
211340;5200724405228070325;5;7;54;28;2020;7;17;6;3;5;3;0;1;1;0;0;0;0;450719,127100000160000;5744938,390000000600000;8,284484622000036;51,853069511000058;0
211341;5200723315240273386;5;9;70;20;2020;7;5;5;2;0;1;1;1;0;0;0;0;0;432767,230999999680000;5649103,320900000600000;8,042058553000061;50,989583901000060;0
211342;5200724405108096895;5;7;54;8;2020;7;10;6;3;5;3;0;1;1;0;0;0;0;458088,165000000040000;5748862,280999999500000;8,390993207000065;51,888949882000077;0
211343;5200724400200003754;5;7;11;0;2020;7;16;6;3;0;3;0;1;0;0;0;0;1;468419,713999999690000;5763519,695000000300000;8,539764108000043;52,021411963000048;0
211345;5200724317140561200;5;9;78;28;2020;7;13;6;2;0;1;0;1;0;0;0;0;0;401553,144999999550000;5698118,280999999500000;7,583986789000051;51,425709494000046;0
211349;5200724316100463861;5;9;74;40;2020;7;21;6;3;5;3;1;1;1;0;0;0;0;438428,877799999900000;5714625,127200000000000;8,111419413000021;51,579323453000029;0
211351;5200724303100410724;5;9;15;0;2020;7;11;6;3;3;6;0;1;1;0;0;0;0;426478,134100000370000;5727072,017500000100000;7,936363902000039;51,689788418000035;0
211353;5200723313130877869;5;9;58;44;2020;7;21;5;2;0;1;1;1;0;0;0;0;0;430609,831799999810000;5688517,676699999700000;8,003718319000029;51,343698061000055;0
211355;5200726601410969203;5;3;15;0;2020;7;12;1;3;0;1;0;1;0;0;0;0;0;349938,692499999890000;5659863,121099999200000;6,858089885000027;51,070642719000034;0
211356;5200724301403976208;5;9;13;0;2020;7;5;6;3;3;6;1;1;1;0;0;0;0;399513,072999999860000;5710268,502000000300000;7,551196277000031;51,534568406000062;0
211360;5200727410120176090;5;7;70;24;2020;7;20;2;3;0;1;0;1;0;0;0;0;0;494772,077999999750000;5798287,387000000100000;8,923273498000071;52,334871304000046;0
211361;5200724300513879451;5;9;11;0;2020;7;23;6;3;1;5;2;1;1;0;0;0;0;376864,633100000210000;5704038,187799999500000;7,226982868000050;51,474088585000061;1
211364;5200723709700576770;5;5;66;28;2020;7;14;5;3;6;7;0;1;0;1;0;0;0;413122,564699999990000;5792166,444100000000000;7,726711352000052;52,273000980000063;0
211366;5200727607000571690;5;3;82;60;2020;7;17;2;3;0;2;0;1;1;0;0;0;0;374328,401499999690000;5629280,707200000100000;7,216567038000051;50,801620865000075;0
211367;5200726601300180369;5;3;15;0;2020;7;15;1;3;5;3;0;1;1;0;0;0;0;352217,882199999880000;5644826,102499999100000;6,896720087000062;50,936105247000057;0
211368;5200723709500516765;5;5;66;76;2020;7;15;5;3;1;6;0;1;1;0;0;0;0;392774,998399999920000;5792289,631799999600000;7,428565306000053;52,270516662000034;0
211369;5200723709300074736;5;5;66;84;2020;7;16;5;2;0;7;0;1;0;0;0;0;0;390112,400999999610000;5775897,792999999600000;7,394876692000025;52,122675686000036;0
211371;5200723301402381202;5;9;13;0;2020;7;9;5;3;0;6;0;1;1;0;0;0;0;399012,252000000330000;5706199,705199999700000;7,545143889000030;51,497905438000032;0
211372;5200723705000696524;5;5;54;12;2020;7;18;5;3;5;3;0;1;0;0;0;1;0;352668,331399999560000;5747327,207900000700000;6,860568932000035;51,857268608000027;0
211375;5200723301102071542;5;9;13;0;2020;7;14;5;3;1;5;0;1;1;0;0;0;0;396273,995299999600000;5705303,500499999200000;7,505973492000067;51,489353900000026;0
211376;5200723705000096531;5;5;54;68;2020;7;16;5;3;5;2;0;1;1;0;0;0;0;350417,348600000140000;5766698,429600000400000;6,819480392000060;52,030711634000056;0
211377;5200723702100070622;5;5;15;0;2020;7;23;5;3;0;6;2;1;1;0;0;0;0;406144,224200000060000;5757031,162799999100000;7,634153461000039;51,956050809000033;0
211379;5200727600380142116;5;3;14;0;2020;7;9;2;3;5;3;0;1;1;0;0;0;0;368998,139700000170000;5617290,238299999400000;7,145230226000024;50,692667979000078;0
211380;5200723702100052432;5;5;15;0;2020;7;18;5;3;0;6;0;1;0;0;0;0;0;406624,589900000020000;5758870,098999999500000;7,640641882000068;51,972660922000046;0
211381;5200723701930055844;5;5;62;36;2020;7;12;5;3;0;1;0;1;0;0;0;0;0;389009,048600000330000;5719886,099899999800000;7,396772388000045;51,619044867000071;0
211385;5200723700100862587;5;5;13;0;2020;7;13;5;3;8;1;0;1;0;0;0;0;0;367708,730100000280000;5708341,065600000300000;7,093610612000020;51,510690777000036;0
211386;5200722711213702599;5;5;70;4;2020;7;9;4;3;3;5;0;1;1;0;0;0;0;424289,959300000220000;5735275,848700000000000;7,902929949000054;51,763247822000039;0
211387;5200727503100607295;5;1;24;0;2020;7;7;2;3;8;6;0;1;1;0;0;0;0;369804,384200000200000;5680503,666799999800000;7,133998779000024;51,260999947000073;0
211388;5200723610222563891;5;3;70;36;2020;7;16;5;3;0;1;0;1;0;0;0;0;0;299273,998999999840000;5666426,990000000200000;6,132123520000050;51,114116482000043;0
211389;5200723610111980734;5;3;70;16;2020;7;1;5;3;0;1;0;1;0;0;0;0;0;297608,263700000010000;5660749,898499999200000;6,111536736000062;51,062545233000037;0
211390;5200723610111973702;5;3;70;16;2020;7;11;5;3;5;3;0;1;1;0;0;0;0;299637,436700000430000;5659950,023099999900000;6,140900422000073;51,056073041000047;0
211392;5200727513210995480;5;1;62;24;2020;7;14;2;3;0;1;0;1;0;0;0;0;0;334248,941999999810000;5669847,066999999800000;6,629749148000030;51,156028779000053;0
211395;5200723608436986202;5;3;34;36;2020;7;16;5;3;5;2;0;1;0;0;0;0;1;299531,173899999820000;5632541,748900000000000;6,154459497000062;50,809870036000063;0
211396;5200722701700867202;5;5;62;16;2020;7;11;4;3;1;6;0;1;1;0;0;0;0;373635,659799999560000;5732976,413699999500000;7,170086498000046;51,733444572000053;0
211398;5200723608416864200;5;3;34;16;2020;7;7;5;3;4;2;0;1;1;0;0;0;0;294360,646499999800000;5634785,261299999400000;6,079909849000046;50,828207180000049;0
211399;5200722701610877203;5;5;62;12;2020;7;12;4;3;5;3;0;1;1;0;0;0;0;358767,843899999750000;5724567,595799999300000;6,958325820000027;51,654336885000077;0
211402;5200723608200971206;5;3;34;2;2020;7;14;5;3;5;3;0;1;1;0;0;0;0;297176,610500000420000;5629180,861700000200000;6,122937866000029;50,778864870000064;0
211403;5200723608100558602;5;3;34;2;2020;7;18;5;2;3;6;0;1;0;0;0;0;0;293303,781999999660000;5630497,818000000000000;6,067337199000065;50,789325347000045;0
211404;5200723608100471800;5;3;34;2;2020;7;17;5;2;8;1;0;1;0;0;0;0;0;292565,877700000070000;5628607,203700000400000;6,057948875000022;50,772082270000055;0
211405;5200722609160319495;5;3;58;60;2020;7;10;4;3;7;1;0;1;0;0;0;0;0;327456,580699999820000;5623117,916999999400000;6,554848126000024;50,734191672000065;0
211406;5200726601110914203;5;3;15;0;2020;7;6;1;3;0;1;0;1;0;0;0;0;0;355416,669300000180000;5645180,674300000100000;6,942073750000077;50,940102558000035;1
211408;5200723607400073847;5;3;82;68;2020;7;12;5;3;1;7;0;1;0;0;0;0;1;370878,651700000280000;5630003,488700000600000;7,167383061000066;50,807358896000039;0
211409;5200726706100287372;5;5;58;16;2020;7;19;1;3;0;3;0;1;0;0;0;0;0;380790,957999999630000;5743668,597999999300000;7,269979303000071;51,831104737000032;0
211410;5200727405108796841;5;7;54;8;2020;7;10;2;3;0;1;0;1;0;0;0;0;0;456363,629900000060000;5750295,038599999600000;8,365754852000066;51,901698846000045;0
211413;5200723606100376815;5;3;78;4;2020;7;21;5;3;5;3;0;1;1;0;0;0;0;366564,511800000440000;5651175,828700000400000;7,098449824000056;50,996672255000078;0
211414;5200723602700586158;5;3;62;28;2020;7;15;5;3;3;6;0;1;1;0;0;0;0;352810,358699999750000;5639131,185399999800000;6,907443326000021;50,885078662000069;0
211416;5200722607100069545;5;3;82;40;2020;7;13;4;3;5;3;0;1;1;0;0;0;0;382677,408999999990000;5633987,275000000400000;7,333488483000053;50,845678788000043;0
211417;5200727601320813205;5;3;15;0;2020;7;15;2;3;5;3;0;1;0;0;0;0;0;347395,116499999540000;5647839,286699999100000;6,826870175000067;50,961926062000032;0
211420;5200728608200769622;5;3;34;2;2020;7;8;3;3;0;3;2;1;1;0;0;0;0;295975,325000000190000;5629425,364399999400000;6,105785034000064;50,780639521000069;0
211421;5200728711422781044;5;5;70;20;2020;7;16;3;3;0;2;0;1;1;0;0;0;0;432950,917899999770000;5743849,186200000300000;8,026751781000030;51,841425983000079;0
211422;5200731500300569074;5;1;11;0;2020;7;21;6;3;0;7;2;1;0;0;0;0;1;343604,192599999720000;5675379,734300000600000;6,761009010000066;51,208375180000075;0
211423;5200729600110174205;5;3;14;0;2020;7;11;4;3;1;1;0;1;1;0;0;0;0;365725,182300000450000;5621791,745899999500000;7,097279680000042;50,732381149000048;0
211424;5200730709100172363;5;5;66;12;2020;7;11;5;3;5;3;0;1;1;0;0;0;0;405010,777099999600000;5772234,996099999200000;7,613443833000076;52,092514881000056;0
211425;5200728608200700209;5;3;34;2;2020;7;10;3;3;5;3;0;1;0;0;0;1;0;297662,561999999920000;5628622,786000000300000;6,130128900000045;50,774022212000034;0
211429;5200730300120118206;5;9;16;0;2020;7;6;5;3;4;6;0;1;0;0;0;0;0;374065,588499999610000;5707897,604299999800000;7,185324125000022;51,508157933000064;0
211433;5200731600110564202;5;3;14;0;2020;7;9;6;3;1;5;0;1;1;0;0;0;0;366265,727800000460000;5622143,139599999400000;7,104807427000026;50,735664177000046;0
211435;5200729516800460204;5;1;58;20;2020;7;11;4;2;5;3;0;1;1;0;0;0;0;356025,356399999930000;5664273,760399999100000;6,943148935000068;51,111838346000070;0
211440;5200728602600203202;5;3;62;20;2020;7;17;3;3;2;5;0;1;1;0;0;0;0;342469,696899999860000;5629356,451400000600000;6,764750953000032;50,794517166000048;0
211441;5200731315250593880;5;9;70;12;2020;7;0;6;2;0;1;2;1;0;0;0;0;0;449953,189399999570000;5648013,495600000000000;8,287052734000042;50,981535513000040;0
211444;5200730601610191204;5;3;15;0;2020;7;17;5;3;5;2;0;1;1;0;0;0;0;360056,532999999820000;5643320,835599999900000;7,008785978000049;50,924532665000072;0
211445;5200730411132575040;5;7;74;32;2020;7;19;5;3;1;5;0;1;1;0;0;0;0;482280,408800000320000;5729665,488900000200000;8,743497552000065;51,717642399000056;0
211446;5200728602400175205;5;3;62;32;2020;7;14;3;3;5;3;0;1;1;0;0;0;0;337499,826700000090000;5637941,969100000300000;6,690486110000052;50,870289993000029;0
211449;5200728601620653202;5;3;15;0;2020;7;18;3;3;9;1;0;1;0;0;0;0;0;365155,330599999990000;5643475,159900000300000;7,081233866000048;50,927133971000046;0
211450;5200730501131672139;5;1;12;0;2020;7;14;5;3;5;3;0;1;1;0;0;0;0;342245,614000000060000;5712714,432000000000000;6,725000603000069;51,543449221000060;0
211451;5200728601500769918;5;3;15;0;2020;7;11;3;3;5;3;0;1;1;0;0;0;0;359609,305800000210000;5646956,526100000400000;7,001025545000061;50,957098387000030;0
211454;5200731307000071364;5;9;62;36;2020;7;21;6;2;0;1;2;1;0;0;0;0;0;406111,141699999570000;5662271,610099999200000;7,658939669000063;51,104235494000079;0
211460;5200728711215581146;5;5;70;4;2020;7;20;3;3;5;2;0;1;1;0;0;0;0;422628,434000000360000;5733237,211999999400000;7,879312421000066;51,744694132000063;0
211461;5200729601110387208;5;3;15;0;2020;7;17;4;3;4;7;0;1;1;0;0;0;0;355504,559999999590000;5644634,922000000300000;6,943540307000035;50,935220023000056;0
211464;5200731505100089086;5;1;14;0;2020;7;12;6;3;5;3;0;1;1;0;0;0;0;331139,109299999660000;5686742,589099999500000;6,577358185000037;51,306911048000075;0
211466;5200729407315078167;5;7;62;36;2020;7;23;4;3;8;6;2;1;0;0;0;0;0;501754,158200000410000;5708561,869000000900000;9,025287005000052;51,528165613000056;0
211468;5200730516800073205;5;1;58;20;2020;7;17;5;3;5;3;0;1;1;0;0;0;0;355869,960400000210000;5666442,764399999800000;6,940063405000046;51,131291036000050;0
211469;5200730310110077625;5;9;54;16;2020;7;17;5;3;0;1;0;1;0;0;0;0;0;372562,656999999660000;5696718,219000000500000;7,167707708000023;51,407349829000054;0
211470;5200728601220296205;5;3;15;0;2020;7;12;3;3;0;1;0;1;0;0;0;0;0;360943,286000000310000;5639541,760999999900000;7,022835063000059;50,890783482000074;0
211471;5200728711215176704;5;5;70;4;2020;7;10;3;3;5;3;0;1;1;0;0;0;0;422503,416000000200000;5735123,560000000500000;7,877081460000056;51,761634387000072;0
211477;5200728601200667844;5;3;15;0;2020;7;17;3;3;0;5;0;1;1;0;0;0;0;354024,841500000100000;5644539,455199999700000;6,922533914000042;50,933989455000074;0
211479;5200728601110563201;5;3;15;0;2020;7;17;3;3;0;3;0;1;1;0;0;0;0;355821,606599999590000;5645220,973899999600000;6,947817516000043;50,940566117000060;0
211480;5200730513110495439;5;1;62;16;2020;7;14;5;3;5;3;0;1;1;0;0;0;0;333272,111600000410000;5678359,115299999700000;6,611841055000070;51,232220612000049;0
211483;5200728601110154201;5;3;15;0;2020;7;9;3;3;5;2;0;1;1;0;0;0;0;356026,242100000380000;5646175,910100000000000;6,950350744000048;50,949199096000029;0
211485;5200729515212028733;5;1;54;32;2020;7;7;4;3;5;3;0;1;1;0;0;0;0;309583,803299999800000;5718373,422299999700000;6,251447475000020;51,584202323000056;0
211486;5200731600130950538;5;3;82;8;2020;7;22;6;2;0;7;2;1;0;0;0;0;0;375375,657999999820000;5610526,157299999100000;7,237756332000060;50,633268699000041;0
211488;5200730502135370203;5;1;13;0;2020;7;17;5;3;0;5;0;1;1;0;0;0;0;366768,319299999620000;5704432,431600000700000;7,081542422000041;51,475344134000068;0
211489;5200728600360936202;5;3;82;12;2020;7;11;3;2;5;3;0;1;1;0;0;0;0;357836,582899999800000;5625526,833200000200000;6,984125585000072;50,764072520000070;0
211491;5200728600110869572;5;3;14;0;2020;7;17;3;3;4;6;0;1;0;0;0;0;1;366047,777999999930000;5621972,353000000100000;7,101782662000062;50,734078925000063;0
211496;5200731400200796908;5;7;11;0;2020;7;11;6;3;1;6;0;1;0;0;0;0;1;467389,831199999900000;5763012,624800000300000;8,524803950000035;52,016793504000077;0
211499;5200730606100069816;5;3;78;4;2020;7;19;5;3;0;1;0;1;0;0;0;0;0;368798,602300000380000;5646728,002499999500000;7,131874151000034;50,957210035000060;0
211501;5200728518410844457;5;1;70;16;2020;7;15;3;3;0;5;0;1;1;0;0;0;0;343905,905899999660000;5726491,688400000300000;6,742791121000039;51,667693985000028;0
211502;5200729602400311207;5;3;62;32;2020;7;11;4;3;5;3;0;1;1;0;0;0;0;337014,132299999710000;5641073,630999999100000;6,682192748000034;50,898292237000078;0
211503;5200728518401279062;5;1;70;36;2020;7;15;3;3;5;3;0;1;1;0;0;0;0;352411,910400000400000;5728123,476399999100000;6,865008510000052;51,684654581000075;0
211504;5200731302130528968;5;9;14;0;2020;7;8;6;3;0;5;0;1;1;0;0;0;0;400946,444299999620000;5689334,536000000300000;7,577713435000021;51,346645588000058;0
211506;5200731513210178763;5;1;62;24;2020;7;10;6;2;0;1;0;1;0;0;0;0;0;338325,650000000370000;5671331,360799999900000;6,687327683000035;51,170531366000034;0
211508;5200730317250083203;5;9;78;32;2020;7;20;5;3;0;6;0;1;1;0;0;0;0;393389,226999999960000;5724705,602000000000000;7,458549063000021;51,663210536000065;0
211510;5200728709500879230;5;5;66;76;2020;7;13;3;3;5;3;0;1;1;0;0;0;0;393661,202999999750000;5793589,466000000000000;7,441137944000047;52,282370634000074;0
211511;5200730410230178198;5;7;70;4;2020;7;12;5;3;5;3;0;1;1;0;0;0;0;485860,732599999760000;5785875,502299999800000;8,793009185000074;52,223125293000066;0
211512;5200728516610682205;5;1;58;4;2020;7;16;3;3;5;3;0;1;1;0;0;0;0;353720,423999999650000;5676450,659000000000000;6,905290672000035;51,220679248000067;0
211513;5200728709110970516;5;5;66;8;2020;7;14;3;3;3;6;0;1;0;0;0;0;0;399151,868499999870000;5781174,315300000800000;7,525300218000041;52,171822837000036;0
211514;5200729601310400209;5;3;15;0;2020;7;17;4;3;4;2;0;1;1;0;0;0;0;355079,704699999650000;5644895,151000000500000;6,937394454000071;50,937452037000071;0
211517;5200729400200496982;5;7;11;0;2020;7;10;4;3;1;5;0;1;1;0;0;0;0;468583,370799999680000;5763603,810900000900000;8,542141360000073;52,022177511000052;0
211518;5200731506100796167;5;1;16;0;2020;7;10;6;3;2;6;0;1;1;0;0;0;0;321873,892799999560000;5670951,145500000600000;6,452419503000044;51,162229176000039;0
211521;5200728515211782176;5;1;54;16;2020;7;19;3;2;1;5;0;1;1;0;0;0;1;302470,948099999690000;5728511,786800000800000;6,143194351000034;51,672800859000063;0
211522;5200728705000296567;5;5;54;12;2020;7;12;3;3;5;3;0;1;0;0;0;0;0;352442,096900000240000;5745851,527599999700000;6,857916053000054;51,843950005000067;0
211524;5200729516920912204;5;1;58;26;2020;7;22;4;2;0;7;2;1;0;0;0;0;0;351909,691100000400000;5663158,536200000000000;6,884851677000029;51,100768042000027;0
211528;5200729600380260200;5;3;14;0;2020;7;17;4;3;5;3;0;1;1;0;0;0;0;369288,016599999740000;5617206,850700000300000;7,149361618000057;50,691983681000067;0
211530;5200730709110372381;5;5;66;12;2020;7;17;5;3;0;1;0;1;1;0;0;0;0;400967,072999999860000;5775634,751299999700000;7,553449259000047;52,122362760000044;0
211531;5200728515211660686;5;1;54;16;2020;7;16;3;3;9;1;0;1;1;0;0;0;0;303645,634999999780000;5729752,792999999600000;6,159463198000026;51,684357329000079;0
211533;5200730506100073743;5;1;16;0;2020;7;16;5;3;0;1;0;1;0;0;0;0;0;322299,878800000060000;5677678,960400000200000;6,455176538000046;51,222799867000049;0
211534;5200728514220660576;5;1;66;36;2020;7;13;3;3;5;3;0;1;1;0;0;0;0;324386,596300000320000;5679396,280400000500000;6,484187484000074;51,238873064000074;0
211535;5200730300210236202;5;9;11;0;2020;7;11;5;3;5;3;0;1;1;0;0;0;0;374514,364000000060000;5700738,918999999800000;7,194330197000056;51,443920597000044;0
211536;5200728513320171975;5;1;62;4;2020;7;16;3;3;1;5;0;1;1;0;0;0;0;348445,006900000390000;5663129,464400000900000;6,835415787000045;51,099601451000069;0