OBJECTID;UIDENTSTLAE;ULAND;UREGBEZ;UKREIS;UGEMEINDE;UJAHR;UMONAT;USTUNDE;UWOCHENTAG;UKATEGORIE;UART;UTYP1;ULICHTVERH;IstRad;IstPKW;IstFuss;IstKrad;IstGkfz;IstSonstige;LINREFX;LINREFY;XGCSWGS84;YGCSWGS84;STRZUSTAND
211866;5200802313231413490;5;9;58;48;2020;8;13;1;3;5;2;0;1;0;0;0;0;1;465403,847000000070000;5670568,300000000700000;8,504986187000043;51,185485011000026;0
211867;5200802310110335208;5;9;54;16;2020;8;14;1;3;0;6;0;1;0;0;0;0;0;373718,410000000150000;5697910,470000000700000;7,183891465000045;51,418323535000070;0
211868;5200804406110296974;5;7;58;12;2020;8;15;3;3;5;3;0;1;0;0;0;0;1;477499,786100000140000;5773744,502100000200000;8,671415866000075;52,113782799000035;0
211869;5200802303200623120;5;9;15;0;2020;8;10;1;3;0;3;0;1;1;0;0;0;0;413230,070700000040000;5727381,725099999500000;7,744673794000050;51,690681175000066;0
211871;5200731602900706209;5;3;62;40;2020;7;22;6;2;0;7;2;1;0;0;0;0;0;358208,057400000280000;5630973,798800000900000;6,987287857000069;50,813116821000051;0
211872;5200804300611964543;5;9;16;0;2020;8;6;3;3;5;2;0;1;0;0;0;0;1;376181,094499999660000;5712704,959599999700000;7,214101671000037;51,551830657000039;0
211880;5200801706300096612;5;5;58;4;2020;8;13;7;2;0;7;0;1;0;0;0;0;0;406281,672000000250000;5739223,818000000000000;7,640987964000033;51,796010742000078;0
211881;5200731602800708207;5;3;62;12;2020;7;23;6;3;1;5;2;1;1;0;0;0;0;352219,287800000050000;5633023,273399999400000;6,901512201000060;50,830037945000072;0
211882;5200804300410647203;5;9;16;0;2020;8;16;3;3;5;2;0;1;1;0;0;0;0;377191,578300000170000;5711609,147700000600000;7,229051331000051;51,542203065000081;0
211883;5200801706100703163;5;5;58;16;2020;8;20;7;3;0;7;0;1;0;0;0;0;0;381353,030000000260000;5743620,042700000100000;7,278149031000055;51,830788031000054;0
211884;5200801705000842447;5;5;54;4;2020;8;19;7;3;0;1;0;1;0;0;0;0;0;363236,468200000000000;5772353,170600000800000;7,003956829000060;52,084831002000044;0
211888;5200801702100441209;5;5;15;0;2020;8;19;7;3;4;2;0;1;1;0;0;0;0;404663,239500000140000;5757231,495600000000000;7,612552452000045;51,957599548000076;0
211890;5200801701610464206;5;5;62;12;2020;8;8;7;3;5;3;0;1;1;0;0;0;0;361525,165300000460000;5736033,650399999700000;6,993605099000035;51,758055733000049;1
211891;5200731601510905207;5;3;15;0;2020;7;13;6;3;4;6;0;1;0;0;0;0;1;360836,669099999590000;5644950,541600000100000;7,019256950000056;50,939367915000048;0
211893;5200731601510447209;5;3;15;0;2020;7;7;6;3;5;5;0;1;1;0;0;0;0;362006,590800000350000;5649623,212899999700000;7,034126209000021;50,981643629000075;0
211895;5200801701200513204;5;5;62;20;2020;8;12;7;3;0;7;0;1;1;0;0;0;0;370180,491399999710000;5718734,793800000100000;7,125371926000071;51,604670776000034;0
211901;5200731601420770205;5;3;15;0;2020;7;12;6;3;1;7;0;1;1;0;0;0;0;356907,110299999830000;5649689,389599999400000;6,961500538000053;50,980993590000026;0
211903;5200804515110957208;5;1;54;40;2020;8;13;3;3;0;7;0;1;0;0;0;0;0;294648,682500000110000;5741057,197599999600000;6,022826789000021;51,782645165000076;0
211904;5200801609160894911;5;3;58;60;2020;8;21;7;2;8;5;2;1;1;0;0;0;0;330524,848000000230000;5623612,640000000600000;6,598060631000067;50,739540071000079;0
211906;5200801608416357202;5;3;34;16;2020;8;13;7;3;0;1;0;1;0;0;0;0;0;294396,558199999850000;5634795,050300000200000;6,080413601000032;50,828307849000055;0
211908;5200801607111165673;5;3;82;28;2020;8;7;7;3;2;1;0;1;0;0;1;0;0;374014,283400000070000;5633610,383700000100000;7,210624434000067;50,840469478000045;0
211911;5200804501113656201;5;1;12;0;2020;8;20;3;2;0;3;0;1;1;0;0;0;0;346527,679299999960000;5708009,940500000500000;6,788751865000052;51,502360095000029;0
211913;5200731601200286481;5;3;15;0;2020;7;9;6;3;0;1;0;1;0;0;0;0;0;353817,463999999690000;5642287,748500000700000;6,920487332000050;50,913701546000027;0
211914;5200801602900765206;5;3;62;40;2020;8;21;7;2;0;1;1;1;0;0;0;0;0;358094,678000000310000;5632237,104000000300000;6,985190833000047;50,824442652000073;0
211915;5200801602500392584;5;3;62;24;2020;8;9;7;3;0;1;0;1;0;0;0;0;0;346504,474100000230000;5642110,067399999100000;6,816610305000040;50,910206393000067;1
211916;5200801601700175201;5;3;16;0;2020;8;9;7;2;0;3;0;1;1;0;0;0;0;359919,774299999700000;5654715,951199999100000;7,002450915000054;51,026908286000037;1
211917;5200801601620376204;5;3;15;0;2020;8;19;7;3;1;7;0;1;1;0;0;0;0;365857,902499999850000;5642425,265900000900000;7,091611332000070;50,917861718000040;0
211919;5200801601310236208;5;3;15;0;2020;8;12;7;3;0;1;0;1;0;0;0;0;0;354261,039699999620000;5646528,273800000500000;6,925097318000042;50,951922082000067;1
211921;5200804300310664208;5;9;11;0;2020;8;17;3;3;1;5;0;1;1;0;0;0;0;382954,115100000050000;5705867,864099999900000;7,314016544000026;51,491826084000081;0
211922;5200804500300372067;5;1;11;0;2020;8;12;3;3;0;7;0;1;1;0;0;0;0;345357,630300000310000;5675827,966600000900000;6,785898109000073;51,212880186000064;0
211924;5200804404302854244;5;7;66;8;2020;8;10;3;3;0;3;0;1;0;0;0;0;0;483143,847500000150000;5768436,150900000700000;8,754101016000050;52,066257678000056;0
211926;5200804400200496887;5;7;11;0;2020;8;18;3;3;5;3;0;1;1;0;0;0;0;468423,360200000000000;5764489,465500000900000;8,539727748000075;52,030131017000031;0
211930;5200804500200760203;5;1;11;0;2020;8;17;3;2;6;6;0;1;0;1;0;0;0;349221,284900000320000;5678288,559200000000000;6,840138501000070;51,236023683000042;0
211933;5200805502146495202;5;1;13;0;2020;8;15;4;2;0;3;0;1;1;0;0;0;0;368943,581199999900000;5700016,062500000000000;7,114482949000035;51,436162683000077;0
211934;5200805600110468209;5;3;14;0;2020;8;15;4;3;0;5;0;1;1;0;0;0;0;366676,154600000010000;5618680,447599999600000;7,111871801000063;50,704635714000062;0
211936;5200805608416050206;5;3;34;16;2020;8;18;4;2;0;1;0;1;0;0;0;0;0;295985,710799999540000;5639336,362999999900000;6,100419234000071;50,869656504000034;0
211938;5200805501319867205;5;1;12;0;2020;8;14;4;3;5;2;0;1;1;0;0;0;0;345147,090200000440000;5696785,034099999800000;6,773789342000043;51,401127830000064;0
211939;5200806513130782342;5;1;62;22;2020;8;16;5;2;0;1;0;1;0;0;0;0;0;338978,988900000230000;5680688,391899999200000;6,692464777000055;51,254787528000065;0
211941;5200806300511071504;5;9;11;0;2020;8;15;5;2;5;2;0;1;1;0;0;0;0;379874,587799999860000;5702308,621300000700000;7,270889293000039;51,459190910000075;0
211942;5200805500300976202;5;1;11;0;2020;8;14;4;3;5;2;0;1;0;0;0;0;0;344271,496000000280000;5676570,882999999400000;6,770037289000072;51,219260403000078;0
211943;5200807405108739650;5;7;54;8;2020;8;23;6;2;0;1;2;1;0;0;0;0;0;460273,764499999580000;5751936,924900000900000;8,422395195000036;51,916752989000031;0
211944;5200806701200909202;5;5;62;20;2020;8;16;5;3;1;5;0;1;1;0;0;0;0;367314,194600000050000;5719169,421700000800000;7,083842024000035;51,607908525000028;0
211945;5200806705000476764;5;5;54;8;2020;8;12;5;3;5;3;0;1;0;0;0;0;0;334645,733599999920000;5744543,967800000700000;6,600424205000024;51,827217816000029;0
211946;5200806502340739208;5;1;13;0;2020;8;19;5;3;5;3;0;1;1;0;0;0;0;362166,990399999540000;5710191,716800000500000;7,013077934000023;51,525996633000034;0
211948;5200807601200181744;5;3;15;0;2020;8;8;6;3;0;1;0;1;0;0;0;0;0;353827,570600000210000;5642303,840299999300000;6,920624555000075;50,913848718000054;0
211949;5200805711131569095;5;5;70;12;2020;8;16;4;3;5;2;0;1;1;0;0;0;0;438540,712000000290000;5754392,768999999400000;8,106000252000058;51,936856441000032;0
211950;5200805500300044200;5;1;11;0;2020;8;21;4;3;5;2;2;1;1;0;0;0;0;345458,662899999880000;5675658,909700000700000;6,787416329000052;51,211388482000075;0
211952;5200806605140173859;5;3;74;40;2020;8;6;5;3;4;1;0;1;1;0;0;0;0;408171,399000000210000;5649519,769999999600000;7,691593250000040;50,989929264000068;0
211953;5200807610113369679;5;3;70;24;2020;8;16;6;3;0;1;0;1;0;0;0;0;0;283679,192999999970000;5652458,172000000300000;5,917989860000034;50,983012323000025;0
211954;5200806410110178169;5;7;70;24;2020;8;18;5;2;5;3;0;1;1;0;0;0;0;496963,381599999960000;5793359,076300000800000;8,955478169000060;52,290579950000051;0
211956;5200805518400744358;5;1;70;8;2020;8;10;4;3;5;3;0;1;1;0;0;0;0;343317,755599999800000;5715118,627100000200000;6,739378077000026;51,565348708000045;0
211959;5200805500200279202;5;1;11;0;2020;8;12;4;3;5;3;0;1;1;0;0;0;0;346673,135099999610000;5676958,257999999400000;6,804234724000025;51,223391197000069;0
211960;5200806500300088200;5;1;11;0;2020;8;7;5;3;4;6;0;1;0;0;0;0;0;349844,585900000300000;5670800,429800000000000;6,852193279000062;51,168900811000071;0
211961;5200805500100676102;5;1;11;0;2020;8;13;4;3;0;7;0;1;1;0;0;0;0;346010,431400000120000;5677019,419600000600000;6,794725517000074;51,223762385000043;0
211962;5200807516800742203;5;1;58;20;2020;8;9;6;3;3;6;0;1;1;0;0;0;0;356574,788399999960000;5665075,621400000500000;6,950673982000069;51,119182085000034;0
211963;5200805705000553157;5;5;54;4;2020;8;17;4;3;5;3;0;1;1;0;0;0;0;356683,765800000170000;5771141,876599999100000;6,908897322000030;52,072290117000080;0
211964;5200805411132596826;5;7;74;32;2020;8;18;4;3;0;6;0;1;0;0;0;0;0;481379,199000000020000;5731167,046599999100000;8,730371814000023;51,731114129000048;0
211966;5200806601700579204;5;3;16;0;2020;8;9;5;3;5;3;0;1;1;0;0;0;0;360227,797000000250000;5657434,404600000000000;7,005791596000051;51,051413980000063;0
211967;5200807608200373685;5;3;34;2;2020;8;14;6;3;4;6;0;1;0;0;0;0;0;295363,879200000320000;5629982,040100000800000;6,096813322000060;50,785423767000054;0
211969;5200805411132566267;5;7;74;32;2020;8;15;4;3;5;2;0;1;1;0;0;0;0;483313,072800000200000;5729394,642799999600000;8,758458852000047;51,715238815000077;0
211972;5200805700100379205;5;5;13;0;2020;8;11;4;3;5;3;0;1;1;0;0;0;0;366571,088399999770000;5707975,591299999500000;7,077364757000055;51,507138886000064;0
211973;5200807300420326209;5;9;16;0;2020;8;5;6;3;1;7;1;1;1;0;0;0;0;371035,480100000280000;5710192,516899999200000;7,140845833000071;51,528098815000078;0
211975;5200806515210596051;5;1;54;20;2020;8;18;5;2;5;3;0;1;1;0;0;0;0;321775,672100000080000;5712486,961999999400000;6,430216853000047;51,535314103000076;0
211977;5200806601220705204;5;3;15;0;2020;8;16;5;3;0;6;0;1;0;0;0;0;1;359523,925499999900000;5636711,107999999100000;7,003754661000073;50,865000329000054;0
211979;5200806303100780471;5;9;15;0;2020;8;18;5;3;0;1;0;1;0;0;0;0;0;418340,864599999970000;5725506,419099999600000;7,819034408000050;51,674589761000050;0
211980;5200805411132075040;5;7;74;32;2020;8;12;4;3;3;6;0;1;0;0;0;0;0;483533,687900000250000;5729977,307499999200000;8,761624654000059;51,720484257000066;0
211983;5200805608100271786;5;3;34;2;2020;8;10;4;3;0;5;0;1;1;0;0;0;0;294856,644399999640000;5628436,859999999400000;6,090488991000029;50,771366920000048;0
211984;5200806709000476750;5;5;66;12;2020;8;18;5;3;9;1;0;1;1;0;0;0;0;404903,467199999840000;5773126,999099999700000;7,611629008000023;52,100513924000040;0
211985;5200805406140031825;5;7;58;32;2020;8;20;4;3;5;2;1;1;1;0;0;0;0;464073,358000000010000;5777470,801000000900000;8,474955272000045;52,146574278000060;0
211987;5200805400200676274;5;7;11;0;2020;8;15;4;3;5;3;0;1;1;0;0;0;0;469537,989000000060000;5762281,390000000600000;8,556170952000059;52,010341312000037;0
211989;5200805315250293850;5;9;70;12;2020;8;18;4;3;0;7;0;1;1;0;0;0;0;448568,995900000450000;5648774,085699999700000;8,267228092000039;50,988252579000061;0
211990;5200805315210977937;5;9;70;24;2020;8;7;4;2;0;1;0;1;0;0;0;0;0;427624,876699999910000;5647749,335799999500000;7,969071524000071;50,976786434000076;0
211991;5200807601310568207;5;3;15;0;2020;8;11;6;2;3;2;0;1;0;0;0;1;0;353127,423600000330000;5645400,136600000800000;6,909424313000045;50,941496222000069;0
211992;5200806301102509618;5;9;13;0;2020;8;21;5;3;5;3;1;1;1;0;0;0;0;396359,680999999870000;5704094,122999999700000;7,507562195000048;51,478498883000043;0
211993;5200805307000949767;5;9;62;32;2020;8;20;4;3;9;1;1;1;0;0;0;0;0;404467,989299999550000;5674156,381300000500000;7,632321056000023;51,210804509000070;0
211994;5200807411132396838;5;7;74;32;2020;8;12;6;3;5;2;0;1;1;0;0;0;0;482721,247000000440000;5732107,035000000100000;8,749757714000054;51,739608803000067;0
211995;5200805606100078223;5;3;78;4;2020;8;12;4;2;0;5;0;1;1;0;0;0;0;369191,800400000070000;5650157,431199999500000;7,136235901000021;50,988122388000079;0
211996;5200806702100510903;5;5;15;0;2020;8;19;5;3;1;5;0;1;1;0;0;0;0;407210,963600000370000;5756781,286200000000000;7,649740098000052;51,953983808000032;0
211997;5200806502135316338;5;1;13;0;2020;8;14;5;3;5;3;0;1;1;0;0;0;0;367353,666100000030000;5703260,614700000700000;7,090405859000043;51,464950827000052;0
211999;5200807601110163204;5;3;15;0;2020;8;4;6;3;0;1;2;1;0;0;0;0;0;356597,258799999950000;5643197,285700000800000;6,959646543000076;50,922572870000067;0
212005;5200806608312182209;5;3;34;12;2020;8;15;5;3;0;7;0;1;1;0;0;0;0;307902,197999999860000;5634659,823999999100000;6,272025389000021;50,831731986000079;0
212007;5200805301503768207;5;9;13;0;2020;8;12;4;2;5;2;0;1;1;0;0;0;0;387959,329800000410000;5704911,422800000800000;7,386386100000038;51,484243457000048;0
212008;5200807514217078946;5;1;66;36;2020;8;23;6;3;1;5;2;1;1;0;0;0;0;327730,436499999840000;5682746,164999999100000;6,530430028000069;51,269986990000064;0
212010;5200805301306875381;5;9;13;0;2020;8;18;4;3;0;1;0;1;0;0;0;0;0;399698,447999999860000;5713503,840299999300000;7,552945566000062;51,563683129000026;0
212011;5200807307000293781;5;9;62;52;2020;8;10;6;2;0;1;0;1;0;0;0;0;0;421199,406999999660000;5675510,760399999100000;7,871502719000034;51,225535017000027;0
212012;5200806601610395206;5;3;15;0;2020;8;7;5;3;0;1;0;1;0;0;0;0;0;358833,567999999970000;5640831,616100000200000;6,992359209000028;50,901863839000043;0
212013;5200807607300572895;5;3;82;76;2020;8;21;6;3;5;7;2;1;1;0;0;0;0;399033,213999999690000;5629271,157999999800000;7,567029634000051;50,806367109000064;0
212014;5200806317210446204;5;9;78;20;2020;8;15;5;3;6;4;0;1;0;1;0;0;0;407426,962799999860000;5716690,194299999600000;7,663571186000070;51,593647458000078;0
212017;5200807501213463738;5;1;12;0;2020;8;9;6;3;4;2;0;1;1;0;0;0;0;339008,316999999810000;5697835,543999999800000;6,685135716000048;51,408857251000029;0
212020;5200805301201814208;5;9;13;0;2020;8;14;4;3;0;5;0;1;0;0;0;0;1;393252,997000000440000;5708772,973999999500000;7,461426789000029;51,519976931000031;0
212021;5200805515210095944;5;1;54;48;2020;8;12;4;2;0;7;0;1;0;0;0;0;0;323519,067699999550000;5701817,768999999400000;6,460660616000041;51,440021567000031;0
212022;5200807508000767254;5;1;19;0;2020;8;10;6;3;5;3;0;1;1;0;0;0;0;349318,723000000230000;5704357,326999999600000;6,830493038000043;51,470291254000074;0
212023;5200805701400587204;5;5;12;0;2020;8;13;4;3;0;1;0;1;0;0;0;0;0;358810,487900000070000;5711033,092700000900000;6,964387681000062;51,532728060000068;0
212024;5200807301202771208;5;9;13;0;2020;8;10;6;3;0;7;0;1;0;0;0;0;1;393693,128399999810000;5711179,298599999400000;7,467041648000077;51,541689096000027;0
212026;5200806600360566203;5;3;82;12;2020;8;7;5;2;5;2;0;1;1;0;0;0;0;354335,470399999990000;5625693,581800000700000;6,934447889000069;50,764702710000051;0
212027;5200807601700423202;5;3;16;0;2020;8;13;6;3;3;6;0;1;1;0;0;0;0;358625,838999999690000;5656966,832299999900000;6,983133215000066;51,046819890000052;0
212029;5200805301201810202;5;9;13;0;2020;8;13;4;3;5;3;0;1;1;0;0;0;0;391728,503399999810000;5710324,166300000600000;7,438985745000025;51,533629409000071;0
212030;5200805515110565207;5;1;54;36;2020;8;14;4;2;5;3;0;1;1;0;0;0;0;298954,032899999990000;5742852,282999999800000;6,084117281000033;51,800327499000048;0
212032;5200805608100075542;5;3;34;2;2020;8;19;4;3;4;2;0;1;1;0;0;0;0;294154,393199999820000;5628587,699400000300000;6,080458466000039;50,772472900000082;0
212034;5200806705000996682;5;5;54;12;2020;8;8;5;3;5;3;0;1;0;0;0;0;1;352695,847199999730000;5745691,545299999400000;6,861665086000073;51,842579574000069;0
212036;5200805602300545528;5;3;62;36;2020;8;20;4;2;2;6;0;1;1;0;0;0;0;345671,421099999920000;5647021,240000000200000;6,802690423000058;50,954116033000048;0
212040;5200804711412037680;5;7;54;28;2020;8;6;3;3;0;1;0;1;0;0;0;0;0;445525,318799999540000;5742568,516200000400000;8,209455720000051;51,831280754000034;0
212041;5200807601300969669;5;3;15;0;2020;8;18;6;3;5;2;0;1;1;0;0;0;0;352926,468999999580000;5647390,654999999300000;6,905761940000048;50,959332925000069;0
212042;5200806300800371462;5;9;54;36;2020;8;16;5;3;1;5;0;1;1;0;0;0;0;384538,476400000040000;5698391,878200000200000;7,339268995000055;51,424957655000071;0
212046;5200806701500871548;5;5;62;24;2020;8;17;5;2;4;6;0;1;1;0;0;0;0;371329,502899999730000;5724920,845300000200000;7,139680967000061;51,660527202000026;0
212047;5200806501214263200;5;1;12;0;2020;8;18;5;3;5;2;0;1;1;0;0;0;0;339162,520999999720000;5696418,291999999400000;6,687993503000030;51,396167635000040;0
212048;5200804705000696634;5;5;54;16;2020;8;16;3;3;0;1;0;1;0;0;0;0;0;362859,174700000320000;5757880,234300000600000;7,004251918000023;51,954691767000043;0
212051;5200804702100564121;5;5;15;0;2020;8;18;3;3;5;2;0;1;1;0;0;0;0;401167,016599999740000;5761545,750499999200000;7,560446008000042;51,995766331000027;0
212054;5200804702100539953;5;5;15;0;2020;8;17;3;2;0;1;0;1;0;0;0;0;0;412027,951600000260000;5752491,682700000700000;7,720914211000036;51,916208225000048;0
212057;5200806607200536877;5;3;82;20;2020;8;11;5;3;0;7;0;1;0;0;0;0;0;379341,192200000400000;5625705,156199999200000;7,288843964000023;50,770546472000035;0
212059;5200806410110578205;5;7;70;24;2020;8;11;5;3;3;7;0;1;0;1;0;0;0;494453,073800000360000;5795267,981100000400000;8,918641507000075;52,307722333000072;0
212060;5200804701800376200;5;5;62;4;2020;8;17;3;2;5;2;0;1;1;0;0;0;0;382619,829800000410000;5718739,496300000700000;7,304908561000048;51,607443443000079;0
212061;5200805514118388206;5;1;66;16;2020;8;8;4;3;0;5;0;1;1;0;0;0;0;309798,417000000370000;5688542,221000000800000;6,270576233000043;51,316344853000032;0
212062;5200807513130681533;5;1;62;22;2020;8;18;6;2;4;2;0;1;1;0;0;0;0;333721,765599999580000;5682624,664999999100000;6,616294034000021;51,270674901000064;0
212065;5200807301402642202;5;9;13;0;2020;8;20;6;3;0;1;0;1;0;0;0;0;0;399682,583999999800000;5706067,620999999300000;7,554835108000020;51,496837514000049;0
212067;5200804701300257205;5;5;62;14;2020;8;10;3;2;5;3;0;1;1;0;0;0;0;360594,940100000240000;5715304,404200000700000;6,988405158000035;51,571553939000069;0
212069;5200806602200573729;5;3;62;4;2020;8;11;5;3;5;3;0;1;1;0;0;0;0;328824,336000000130000;5652369,382999999400000;6,560527029000070;50,997408924000069;0
212071;5200806400200780334;5;7;11;0;2020;8;13;5;3;2;2;0;1;1;0;0;0;0;468418,066100000400000;5764126,803999999500000;8,539684062000049;52,026870163000069;0
212075;5200805700100477746;5;5;13;0;2020;8;10;4;3;5;3;0;1;1;0;0;0;0;366865,253999999720000;5707867,973099999100000;7,081641587000036;51,506241137000075;0
212077;5200807300513036476;5;9;11;0;2020;8;8;6;2;5;3;0;1;1;0;0;0;0;378623,568799999540000;5701205,755000000800000;7,253269254000031;51,449011904000031;0
212079;5200806516120188700;5;1;58;32;2020;8;11;5;2;0;6;0;1;1;0;0;0;0;366488,698599999770000;5685538,396299999200000;7,084623801000021;51,305480368000076;0
212080;5200807601510753205;5;3;15;0;2020;8;16;6;2;5;3;0;1;1;0;0;0;0;362231,545900000260000;5648236,832100000200000;7,037854276000076;50,969237738000061;0
212081;5200806301201264204;5;9;13;0;2020;8;15;5;3;0;7;0;1;1;0;0;0;0;392766,260599999690000;5710200,604499999400000;7,453979447000052;51,532716862000029;0
212083;5200807603116081176;5;3;66;16;2020;8;16;6;3;0;1;0;1;0;0;0;0;0;344186,109199999830000;5613989,735400000600000;6,795578581000029;50,656892082000070;0
212084;5200806307000573283;5;9;62;52;2020;8;15;5;3;3;3;0;1;0;0;1;0;0;421282,112999999900000;5674394,356000000600000;7,872932052000067;51,215509489000056;0
212086;5200805506100373936;5;1;16;0;2020;8;11;4;3;0;1;0;1;0;0;0;0;0;321731,363099999730000;5671591,100299999100000;6,450066017000040;51,167933711000046;0
212089;5200806709100574685;5;5;66;12;2020;8;18;5;3;5;3;0;1;1;0;0;0;0;404529,105399999770000;5772098,889200000100000;7,606453245000068;52,091208641000037;0
212090;5200804608200731204;5;3;34;2;2020;8;12;3;3;0;5;0;1;1;0;0;0;0;295809,650600000280000;5628049,563799999700000;6,104201776000025;50,768224668000073;0
212091;5200806513110464068;5;1;62;16;2020;8;10;5;3;0;1;0;1;0;0;0;0;0;332380,095099999570000;5674166,605399999800000;6,601035290000027;51,194292654000037;0
212092;5200804607400964428;5;3;82;68;2020;8;11;3;2;5;2;0;1;1;0;0;0;0;370298,819500000220000;5629595,869999999200000;7,159302051000054;50,803565628000058;0
212093;5200806300110208203;5;9;11;0;2020;8;13;5;3;5;3;0;1;1;0;0;0;0;376518,461699999870000;5704649,448499999900000;7,221787282000037;51,479506799000035;0
212094;5200804606400076806;5;3;78;28;2020;8;17;3;3;0;7;0;1;0;0;0;0;0;373417,867100000380000;5641837,994000000900000;7,199309375000041;50,914291145000050;0
212095;5200807400300504063;5;7;11;0;2020;8;23;6;2;0;1;2;1;0;0;0;0;0;466907,333700000310000;5758601,573000000800000;8,518199160000052;51,977106737000042;0
212096;5200805601320184202;5;3;15;0;2020;8;17;4;3;5;3;0;1;1;0;0;0;0;348244,628800000060000;5647868,191400000800000;6,838946149000037;50,962410178000027;0
212100;5200806702100966481;5;5;15;0;2020;8;16;5;2;0;3;0;1;1;0;0;0;0;406646,846699999650000;5754525,640300000100000;7,642146041000046;51,933614489000036;0
212101;5200806502209067476;5;1;13;0;2020;8;23;5;3;0;1;2;1;0;0;0;0;0;359999,532899999990000;5701538,015200000300000;6,985285184000077;51,447699792000037;0
212102;5200804603116073810;5;3;66;16;2020;8;18;3;3;4;2;0;1;1;0;0;0;0;342597,091000000010000;5614879,239000000100000;6,772737272000029;50,664458106000041;0
212104;5200805709500666141;5;5;66;76;2020;8;7;4;2;5;3;0;1;1;0;0;0;0;392382,694099999960000;5791754,644899999700000;7,422988900000064;52,265632022000034;0
212105;5200804601700983203;5;3;16;0;2020;8;10;3;3;5;3;0;1;1;0;0;0;0;360273,140100000430000;5659204,699899999400000;7,005754496000066;51,067334582000058;0
212106;5200807316300770541;5;9;74;28;2020;8;15;6;1;3;6;0;1;1;0;0;0;0;454367,911399999630000;5726418,990800000700000;8,339891232000070;51,686877184000082;0
212107;5200806603140573810;5;3;66;40;2020;8;20;5;3;5;3;0;1;1;0;0;0;0;344348,793999999760000;5619859,506999999300000;6,795407039000054;50,709683315000063;0
212109;5200806405228096991;5;7;54;28;2020;8;23;5;2;0;7;2;1;0;0;0;0;0;450954,804600000380000;5744328,998700000300000;8,287992631000066;51,847611544000074;0
212112;5200806500200294209;5;1;11;0;2020;8;14;5;3;0;1;0;1;0;0;0;0;0;347004,286500000390000;5677723,973500000300000;6,808646479000061;51,230360434000033;0
212119;5200806601700457202;5;3;16;0;2020;8;7;5;3;5;3;0;1;1;0;0;0;0;360230,556800000370000;5657435,702999999700000;7,005830445000072;51,051426320000076;0
212120;5200807607500078262;5;3;82;56;2020;8;8;6;3;0;7;0;1;0;1;0;0;0;371620,319400000390000;5625934,333799999200000;7,179325529000039;50,770949033000079;0
212121;5200806400200396804;5;7;11;0;2020;8;16;5;3;0;4;0;1;0;1;0;0;0;468773,608400000260000;5764104,112800000200000;8,544868088000044;52,026686285000039;0
212122;5200804601320265208;5;3;15;0;2020;8;13;3;3;1;1;0;1;1;0;0;0;0;351931,340400000100000;5645146,655899999700000;6,892514621000032;50,938912404000064;0
212125;5200805609116471750;5;3;58;16;2020;8;18;4;3;0;7;0;1;0;0;0;0;0;317895,775999999610000;5625490,030999999500000;6,418330271000059;50,752583755000046;0
212127;5200805503400581640;5;1;22;0;2020;8;13;4;3;5;3;0;1;1;0;0;0;0;359523,875400000250000;5669464,871700000000000;6,991072034000069;51,159357853000074;0
212128;5200807513130582326;5;1;62;22;2020;8;16;6;3;0;5;0;1;1;0;0;0;0;339188,511199999600000;5679033,749800000300000;6,696208059000071;51,239979959000038;0
212129;5200805701400627200;5;5;12;0;2020;8;15;4;3;5;3;0;1;1;0;0;0;0;355822,427799999710000;5710545,680700000400000;6,921536779000064;51,527593171000035;0
212131;5200806601200257560;5;3;15;0;2020;8;15;5;3;3;6;0;1;1;0;0;0;0;353756,389700000170000;5642190,507200000800000;6,919658109000068;50,912812195000072;0
212132;5200807601700451201;5;3;16;0;2020;8;10;6;2;5;3;0;1;1;0;0;0;0;358654,272300000300000;5655441,459200000400000;6,984133779000047;51,033118564000063;0
212133;5200806303100095242;5;9;15;0;2020;8;18;5;3;0;1;0;1;0;0;0;0;0;421863,929999999700000;5726975,712999999500000;7,869645662000039;51,688299411000060;0
212134;5200804601310451205;5;3;15;0;2020;8;22;3;2;0;7;2;1;1;0;0;0;0;353680,186599999670000;5647568,708499999700000;6,916415220000033;50,961124907000055;0
212137;5200805608100180739;5;3;34;2;2020;8;10;4;3;0;1;0;1;0;0;0;0;0;292749,468299999830000;5629480,347999999300000;6,060057090000043;50,779989593000039;0
212138;5200806706100368328;5;5;58;16;2020;8;16;5;3;5;3;0;1;1;0;0;0;0;380874,535000000150000;5743839,347999999300000;7,271132842000043;51,832657118000043;0
212141;5200804601110862200;5;3;15;0;2020;8;9;3;3;6;4;0;1;0;1;0;0;0;355805,434700000100000;5644971,496999999500000;6,947686227000077;50,938320069000042;0
212143;5200804601110150200;5;3;15;0;2020;8;8;3;3;6;7;0;1;0;1;0;0;0;356882,315600000320000;5641102,713199999200000;6,964521203000061;50,903819826000074;0
212145;5200806301101038203;5;9;13;0;2020;8;9;5;2;0;1;0;1;0;0;0;0;0;393622,339300000110000;5708221,352499999100000;7,466914672000030;51,515088376000051;0
212149;5200806702100465837;5;5;15;0;2020;8;8;5;2;0;3;0;1;0;0;0;0;0;409325,254900000060000;5754590,594200000200000;7,681075978000024;51,934641177000060;0