OBJECTID;UIDENTSTLAE;ULAND;UREGBEZ;UKREIS;UGEMEINDE;UJAHR;UMONAT;USTUNDE;UWOCHENTAG;UKATEGORIE;UART;UTYP1;ULICHTVERH;IstRad;IstPKW;IstFuss;IstKrad;IstGkfz;IstSonstige;LINREFX;LINREFY;XGCSWGS84;YGCSWGS84;STRZUSTAND
212150;5200806501315242209;5;1;12;0;2020;8;17;5;2;1;5;0;1;1;0;0;0;0;345931,353299999610000;5700065,896400000900000;6,783629251000036;51,430820346000075;0
212152;5200807600110075536;5;3;14;0;2020;8;18;6;3;0;1;0;1;0;0;0;0;0;365816,964999999850000;5621738,754499999800000;7,098598796000033;50,731926075000047;0
212153;5200805706200696562;5;5;58;12;2020;8;9;4;3;0;7;0;1;0;0;0;0;0;374077,155799999830000;5756688,315199999100000;7,167844556000034;51,946633888000065;0
212154;5200804600140855309;5;3;14;0;2020;8;19;3;3;5;2;0;1;1;0;0;0;0;367339,158999999990000;5622281,663000000600000;7,119960741000057;50,737155415000075;0
212156;5200807601210857560;5;3;15;0;2020;8;17;6;3;5;2;0;1;1;0;0;0;0;355040,455799999650000;5643522,621700000000000;6,937382072000048;50,925107563000040;0
212159;5200807400200980334;5;7;11;0;2020;8;13;6;3;5;2;0;1;1;0;0;0;0;467690,625400000250000;5763689,236400000800000;8,529123100000049;52,022894262000079;0
212160;5200806608200196206;5;3;34;2;2020;8;19;5;3;5;3;0;1;1;0;0;0;0;298102,108900000340000;5626799,504899999100000;6,137355232000061;50,757799329000079;0
212161;5200806500100139206;5;1;11;0;2020;8;9;5;3;4;6;0;1;0;0;0;0;0;344167,621199999940000;5676905,976500000800000;6,768405409000025;51,222242988000062;0
212163;5200807514110895907;5;1;66;32;2020;8;12;6;3;0;3;0;1;1;0;0;0;0;317762,371000000280000;5682193,889000000400000;6,387969253000051;51,261926165000034;0
212164;5200805702100087866;5;5;15;0;2020;8;8;4;3;5;2;0;1;1;0;0;0;0;407509,598699999970000;5754698,199300000400000;7,654644918000031;51,935309600000039;0
212165;5200804518320444694;5;1;70;52;2020;8;14;3;3;5;3;0;1;1;0;0;0;0;323076,324099999850000;5725884,488099999700000;6,442195291000076;51,656068286000050;0
212167;5200806601510495208;5;3;15;0;2020;8;7;5;3;3;6;0;1;0;0;0;0;0;358583,459099999630000;5646562,236800000100000;6,986581664000028;50,953304073000027;0
212168;5200806602300434201;5;3;62;36;2020;8;10;5;3;5;3;0;1;1;0;0;0;0;346152,500599999910000;5647974,774900000500000;6,809131521000040;50,962813103000030;0
212170;5200806400200868165;5;7;11;0;2020;8;6;5;2;0;1;0;1;0;0;0;0;0;469943,189000000250000;5764137,026499999700000;8,561911556000041;52,027046815000062;0
212173;5200807505200346908;5;1;14;0;2020;8;10;6;3;5;3;0;1;1;0;0;0;0;330380,337600000200000;5689451,090299999300000;6,565194025000039;51,331018304000054;0
212175;5200805601210150203;5;3;15;0;2020;8;14;4;2;0;1;0;1;0;0;0;0;0;357307,503100000320000;5641465,686000000700000;6,970422448000022;50,907187104000059;0
212177;5200805600120484205;5;3;82;24;2020;8;14;4;3;5;3;0;1;0;0;0;1;0;374824,428799999880000;5622367,966800000500000;7,225955091000060;50,739592829000060;0
212178;5200806600110981175;5;3;14;0;2020;8;14;5;3;5;3;0;1;1;0;0;0;0;364015,474399999720000;5622371,783500000800000;7,072853067000040;50,737196683000036;0
212182;5200807500200054024;5;1;11;0;2020;8;12;6;3;5;2;0;1;1;0;0;0;0;345708,541000000200000;5679970,880000000800000;6,789134252000054;51,250201031000074;0
212183;5200805608100040205;5;3;34;2;2020;8;20;4;2;0;1;1;1;0;0;0;0;0;294493,662399999800000;5627500,284000000000000;6,085871024000028;50,762826866000069;0
212184;5200810518100596137;5;1;70;48;2020;8;7;2;2;5;3;0;1;1;0;0;0;0;336812,999900000170000;5725943,766899999200000;6,640571200000068;51,660756513000081;0
212185;5200811502101380982;5;1;13;0;2020;8;16;3;3;0;2;0;1;1;0;0;0;0;361505,790099999870000;5702559,544099999600000;7,006547293000040;51,457249985000033;1
212190;5200810515111876741;5;1;54;44;2020;8;11;2;3;0;1;0;1;0;0;0;0;0;320784,449500000100000;5739163,291200000800000;6,402268643000070;51,774614835000079;0
212194;5200810514211678946;5;1;66;12;2020;8;8;2;3;5;3;0;1;1;0;0;0;0;322313,559999999590000;5694764,596000000800000;6,446866572000033;51,376286641000036;0
212196;5200810513210746202;5;1;62;24;2020;8;16;2;3;5;2;0;1;0;0;0;0;1;339616,572200000290000;5674752,223999999500000;6,704250494000064;51,201631253000073;0
212197;5200811608404058675;5;3;34;4;2020;8;21;3;3;0;1;2;1;0;0;0;0;0;300095,058000000190000;5639695,600999999800000;6,158550047000063;50,874318567000046;1
212198;5200810508101736202;5;1;19;0;2020;8;8;2;3;5;2;0;1;1;0;0;0;0;350840,146900000050000;5703652,836899999500000;6,852679137000052;51,464364179000029;0
212200;5200810508000071325;5;1;19;0;2020;8;22;2;2;5;3;2;1;1;0;0;0;0;351149,098699999970000;5703391,917899999800000;6,857233342000029;51,462101031000032;0
212202;5200811500200610206;5;1;11;0;2020;8;20;3;3;5;2;0;1;1;0;0;0;0;346630,973000000230000;5677545,789999999100000;6,803379992000032;51,228659162000042;0
212204;5200810503300695491;5;1;20;0;2020;8;16;2;3;0;7;0;1;0;0;0;0;0;373649,229000000280000;5671424,700699999900000;7,192274122000072;51,180266353000036;0
212205;5200811500200550208;5;1;11;0;2020;8;15;3;3;5;3;0;1;1;0;0;0;0;346274,136300000360000;5683486,642500000100000;6,795720900000049;51,281944413000076;0
212207;5200810503100081647;5;1;24;0;2020;8;12;2;3;5;3;0;1;1;0;0;0;0;370421,029500000180000;5679903,447499999800000;7,143049142000052;51,255746053000053;0
212209;5200811500200002247;5;1;11;0;2020;8;17;3;3;5;3;0;1;1;0;0;0;0;345491,236299999990000;5682716,276900000900000;6,784836956000049;51,274810612000067;0
212210;5200811518400695926;5;1;70;8;2020;8;5;3;3;4;2;1;1;1;0;0;0;0;343902,145299999970000;5714916,753699999300000;6,747892317000037;51,563696996000033;0
212213;5200811500100569712;5;1;11;0;2020;8;12;3;3;5;3;0;1;1;0;0;0;0;340952,996799999850000;5679080,608799999600000;6,721443781000062;51,240895606000038;0
212216;5200810501212572037;5;1;12;0;2020;8;19;2;3;5;3;0;1;1;0;0;0;0;341442,567699999550000;5697920,243599999700000;6,720069405000061;51,410304067000027;0
212218;5200811410110255610;5;7;70;24;2020;8;5;3;3;4;6;1;1;0;0;0;0;0;493951,600800000130000;5796440,819399999500000;8,911265172000071;52,318261403000065;0
212220;5200810411132138055;5;7;74;32;2020;8;19;2;3;4;3;0;1;0;0;0;0;0;483149,492999999780000;5733082,443000000000000;8,755912536000039;51,748392002000060;0
212222;5200811405108082022;5;7;54;8;2020;8;16;3;3;5;3;0;1;1;0;0;0;0;455555,529000000100000;5748361,698000000800000;8,354259274000071;51,884253169000033;0
212226;5200812307100298201;5;9;62;24;2020;8;15;4;3;2;7;0;1;0;0;0;0;0;406323,922100000080000;5692284,907199999300000;7,654126652000059;51,374079693000056;0
212227;5200810404103621676;5;7;66;32;2020;8;9;2;2;0;3;0;1;1;0;0;0;0;496834,053700000050000;5747523,791500000300000;8,954007586000046;51,878482151000071;0
212232;5200810316300682136;5;9;74;28;2020;8;17;2;3;0;5;0;1;1;0;0;0;0;455174,211000000130000;5726432,302999999400000;8,351552551000054;51,687061829000072;0
212233;5200811404110296992;5;7;66;20;2020;8;13;3;3;5;3;0;1;1;0;0;0;0;491896,861999999730000;5753789,024000000200000;8,882136655000068;51,934763486000065;0
212235;5200810316100964296;5;9;74;40;2020;8;15;2;3;0;1;0;1;0;0;0;0;0;437801,425099999640000;5714384,490000000200000;8,102407969000069;51,577091107000058;0
212237;5200811711151002754;5;5;70;32;2020;8;9;3;3;5;2;0;1;1;0;0;0;0;420434,673999999650000;5766002,340700000500000;7,839984036000033;52,038922224000032;0
212238;5200810307000680383;5;9;62;24;2020;8;21;2;3;5;3;2;1;1;0;0;0;0;405082,629999999890000;5691967,421000000100000;7,636382812000022;51,371019525000065;0
212239;5200811400300196972;5;7;11;0;2020;8;15;3;3;5;3;0;1;1;0;0;0;0;466065,775000000370000;5755516,608999999200000;8,506252116000042;51,949320051000029;0
212241;5200811400200304112;5;7;11;0;2020;8;11;3;2;4;2;0;1;1;0;0;0;0;467716,993999999950000;5763631,161000000300000;8,529512860000068;52,022373663000053;0
212244;5200811400100496879;5;7;11;0;2020;8;13;3;3;5;3;0;1;1;0;0;0;0;467443,167899999770000;5764057,865599999200000;8,525481714000023;52,026193996000075;0
212246;5200811316100557674;5;9;74;40;2020;8;10;3;1;5;2;0;1;0;0;0;1;0;438818,271499999800000;5713595,248199999300000;8,117217730000050;51,570106687000077;0
212249;5200811701200889201;5;5;62;20;2020;8;6;3;3;5;7;0;1;1;0;0;0;0;369691,971499999990000;5721081,481100000400000;7,117449099000055;51,625646909000068;0
212250;5200809709300941172;5;5;66;52;2020;8;2;1;3;4;3;2;1;0;0;0;0;0;376845,957000000400000;5778469,797000000300000;7,200260798000045;52,142992356000036;0
212256;5200809700100967056;5;5;13;0;2020;8;18;1;3;6;7;0;1;0;1;0;0;0;367926,786000000310000;5708157,445000000300000;7,096819831000062;51,509091636000051;0
212257;5200809610121080789;5;3;70;12;2020;8;17;1;3;0;1;0;1;0;0;0;0;0;296490,198499999940000;5650288,401200000200000;6,101470016000064;50,968196017000082;0
212259;5200811602700147206;5;3;62;28;2020;8;21;3;3;0;1;1;1;0;0;0;0;0;347731,384300000030000;5639831,246300000700000;6,834999322000044;50,890053343000034;0
212260;5200809606100574414;5;3;78;4;2020;8;11;1;3;9;1;0;1;0;0;0;0;0;369396,562400000170000;5650463,427200000700000;7,139041706000057;50,990919105000046;0
212261;5200809605128776833;5;3;74;28;2020;8;7;1;2;9;1;0;1;0;0;0;0;0;409277,822800000200000;5637743,281700000200000;7,710286066000037;50,884230432000038;0
212263;5200809602900766208;5;3;62;40;2020;8;18;1;3;3;6;0;1;0;0;0;0;0;357858,979000000280000;5631150,778000000900000;6,982267471000057;50,814621809000073;0
212264;5200809601400774321;5;3;15;0;2020;8;12;1;2;9;1;0;1;0;0;0;0;0;356359,254599999640000;5648987,757999999400000;6,953978339000059;50,974551757000029;0
212267;5200809601220507205;5;3;15;0;2020;8;16;1;3;0;6;0;1;1;0;0;0;0;354475,511400000190000;5643591,296499999200000;6,929321716000061;50,925582499000029;0
212268;5200809601220350203;5;3;15;0;2020;8;1;1;3;0;1;2;1;1;0;0;0;0;359071,349200000060000;5639452,328999999900000;6,996270880000054;50,889526057000069;0
212269;5200811301303563600;5;9;13;0;2020;8;17;3;3;5;3;0;1;1;0;0;0;0;398655,905000000260000;5705718,212400000500000;7,540150338000046;51,493513612000072;1
212270;5200811513310473679;5;1;62;8;2020;8;17;3;3;5;3;0;1;1;0;0;0;0;329774,027999999930000;5663262,356899999100000;6,568927875000043;51,095556842000065;0
212271;5200809601110596205;5;3;15;0;2020;8;22;1;3;0;3;2;1;1;0;0;0;0;356401,182599999940000;5645427,547199999900000;6,955979934000027;50,942567194000048;1
212276;5200809516500525204;5;1;58;16;2020;8;20;1;3;0;7;1;1;0;0;0;0;0;356444,571700000200000;5668971,384999999800000;6,947262219000038;51,154158818000042;0
212279;5200809505200879549;5;1;14;0;2020;8;4;1;3;2;7;2;1;0;0;0;0;0;331195,400999999610000;5689971,570399999600000;6,576635950000025;51,335936778000075;0
212280;5200809505200576150;5;1;14;0;2020;8;14;1;3;0;1;0;1;0;0;0;0;0;328731,062900000250000;5691769,336100000900000;6,540427724000040;51,351350401000047;0
212284;5200809503100618207;5;1;24;0;2020;8;21;1;3;5;3;1;1;1;0;0;0;0;369408,162399999800000;5680377,031300000800000;7,128369494000026;51,259771207000028;0
212286;5200811705000920728;5;5;54;20;2020;8;14;3;3;5;2;0;1;1;0;0;0;0;365934,098000000230000;5785982,463999999700000;7,037925929000039;52,207956531000036;0
212289;5200811601510783204;5;3;15;0;2020;8;13;3;3;3;7;0;1;1;0;0;0;0;361888,770800000060000;5649462,534399999300000;7,032509842000025;50,980171325000072;0
212291;5200809500300940202;5;1;11;0;2020;8;2;1;3;1;5;2;1;0;0;0;0;1;344931,790900000370000;5674051,832900000700000;6,780573541000024;51,196805391000055;0
212293;5200809500200864208;5;1;11;0;2020;8;9;1;3;0;1;0;1;0;0;0;0;0;347638,508999999610000;5677548,771999999900000;6,817797844000040;51,228955808000080;0
212294;5200811300410389205;5;9;16;0;2020;8;15;3;3;2;2;0;1;1;0;0;0;0;379394,258799999950000;5711119,984300000600000;7,260966633000066;51,538281703000052;0
212296;5200811300310406202;5;9;11;0;2020;8;16;3;3;5;3;0;1;1;0;0;0;0;382730,887299999590000;5703397,018100000900000;7,311622996000040;51,469572240000048;1
212297;5200809500100946206;5;1;11;0;2020;8;22;1;3;0;7;2;1;0;0;0;0;1;344413,335900000300000;5677416,802600000100000;6,771699576000060;51,226899956000068;0
212298;5200811601510397203;5;3;15;0;2020;8;6;3;3;0;6;0;1;1;0;0;0;0;362836,369400000200000;5651325,609300000600000;7,045297208000022;50,997141821000071;0
212299;5200811609256576007;5;3;58;56;2020;8;17;3;3;0;7;0;1;1;0;0;0;0;319369,866799999960000;5653134,571399999800000;6,425549767000064;51,001393251000081;0
212300;5200809411240526646;5;7;74;40;2020;8;11;1;2;0;1;0;1;0;0;0;0;0;475303,161000000310000;5707313,180999999900000;8,644074806000049;51,516400592000082;1
212301;5200809411232872222;5;7;74;32;2020;8;11;1;3;8;1;0;1;0;0;0;0;0;480718,025399999690000;5732000,892899999400000;8,720751974000052;51,738589103000038;0
212302;5200810709500574673;5;5;66;76;2020;8;16;2;3;0;7;0;1;0;0;0;0;0;395312,983099999840000;5793720,931700000500000;7,465301713000031;52,283869244000073;0
212303;5200809411232396951;5;7;74;32;2020;8;8;1;2;9;7;0;1;0;0;0;0;1;478211,029600000010000;5731996,462200000900000;8,684445657000026;51,738457395000069;0
212307;5200809313212594321;5;9;58;36;2020;8;10;1;2;0;3;0;1;1;0;0;0;0;465484,826799999920000;5683847,780899999700000;8,504864366000049;51,304896156000041;0
212309;5200809301201850209;5;9;13;0;2020;8;14;1;3;1;1;0;1;1;0;0;0;0;392601,346599999820000;5709749,896299999200000;7,451740223000058;51,528634370000077;0
212311;5200811601700632208;5;3;16;0;2020;8;10;3;3;5;3;0;1;1;0;0;0;0;358156,527900000100000;5655010,217299999700000;6,977208475000055;51,029120430000035;0
212313;5200808711321602573;5;5;70;48;2020;8;18;7;3;6;7;0;1;0;1;0;0;0;446843,578599999660000;5732843,406500000500000;8,230074668000043;51,743974455000057;0
212315;5200811505200178880;5;1;14;0;2020;8;14;3;3;0;2;0;1;1;0;0;0;0;330909,088499999610000;5689897,572200000300000;6,572564726000053;51,335186915000065;0
212317;5200808711112003041;5;5;70;52;2020;8;17;7;3;0;7;0;1;1;0;0;0;0;429417,124599999750000;5756464,455299999600000;7,972882820000052;51,954397597000082;0
212320;5200808709500576769;5;5;66;60;2020;8;9;7;2;5;3;0;1;1;0;0;0;0;388797,017199999650000;5789129,867900000900000;7,371331861000044;52,241330013000038;0
212321;5200810701610844202;5;5;62;12;2020;8;19;2;3;5;3;0;1;1;0;0;0;0;358940,795199999590000;5728336,181700000500000;6,959302554000033;51,688243918000069;0
212322;5200808709500174669;5;5;66;76;2020;8;23;7;3;0;7;2;1;0;0;0;0;0;393632,729700000030000;5792086,247899999800000;7,441194839000048;52,268855396000049;0
212324;5200808705000696572;5;5;54;12;2020;8;11;7;3;5;3;0;1;1;0;0;0;0;350964,462000000290000;5744766,065999999600000;6,836949396000023;51,833804922000070;0
212325;5200810701120509207;5;5;62;32;2020;8;5;2;3;5;3;0;1;1;0;0;0;0;377338,610000000340000;5716521,226399999100000;7,229456250000055;51,586381540000048;0
212326;5200811505100565231;5;1;14;0;2020;8;14;3;3;5;2;0;1;1;0;0;0;0;331779,859000000170000;5688142,855000000400000;6,585881738000069;51,319680808000044;0
212329;5200811601300681681;5;3;15;0;2020;8;12;3;3;1;6;0;1;1;0;0;0;0;346986,942099999640000;5645954,756200000600000;6,821854253000026;50,944883295000068;0
212331;5200811601300580845;5;3;15;0;2020;8;12;3;3;3;2;0;1;1;0;0;0;0;349632,923700000160000;5642508,208100000400000;6,860913226000037;50,914607667000041;0
212334;5200808606140032407;5;3;78;24;2020;8;13;7;2;0;7;0;1;0;0;0;0;0;378717,530299999750000;5643393,893500000200000;7,274144778000050;50,929414503000032;0
212339;5200808602300082320;5;3;62;36;2020;8;14;7;3;0;7;0;1;0;0;0;0;0;343038,198800000360000;5659332,361999999700000;6,759904394000046;51,064028035000035;0
212340;5200812300110498209;5;9;11;0;2020;8;6;4;3;0;2;0;1;1;0;0;0;0;376105,669499999840000;5705144,540999999300000;7,215672219000055;51,483866126000066;0
212343;5200808601420203203;5;3;15;0;2020;8;17;7;2;0;1;0;1;0;0;0;0;0;356836,393699999900000;5651666,358300000400000;6,959714698000028;50,998742656000047;0
212344;5200810610121473703;5;3;70;12;2020;8;7;2;3;0;7;0;1;0;0;0;0;0;297837,881400000300000;5649686,740000000200000;6,120972964000032;50,963266858000054;0
212346;5200810609220954051;5;3;58;20;2020;8;8;2;3;5;3;0;1;1;0;0;0;0;315200,161999999550000;5636106,701999999600000;6,374815431000059;50,847105527000053;0
212349;5200811605112672515;5;3;74;24;2020;8;18;3;2;0;1;0;1;0;0;0;0;0;398175,282700000330000;5660388,914000000800000;7,546156431000043;51,085956337000027;0
212350;5200810609144680715;5;3;58;28;2020;8;7;2;3;5;3;0;1;1;0;0;0;0;324929,253499999640000;5625839,279400000300000;6,517775126000061;50,757885417000068;0
212353;5200811701300045421;5;5;62;14;2020;8;9;3;3;5;3;0;1;1;0;0;0;0;361117,622800000010000;5715203,355399999800000;6,995982361000074;51,570774896000046;0
212355;5200808600140996204;5;3;14;0;2020;8;17;7;3;5;2;0;1;1;0;0;0;0;367265,644500000400000;5624201,134500000600000;7,118227851000029;50,754390906000026;0
212356;5200810608416548207;5;3;34;16;2020;8;14;2;3;0;1;0;1;0;0;0;0;0;295926,742300000040000;5640885,615800000700000;6,098717744000055;50,883549773000027;0
212357;5200808600110962205;5;3;14;0;2020;8;9;7;3;0;5;0;1;1;0;0;0;0;366007,383399999700000;5621073,571399999800000;7,101537214000075;50,725991380000039;0
212359;5200810608200752471;5;3;34;2;2020;8;20;2;3;0;7;0;1;0;0;0;0;0;294866,393899999560000;5630295,786299999800000;6,089590078000072;50,788065819000053;0
212361;5200808516400281619;5;1;58;24;2020;8;13;7;2;8;1;0;1;0;0;0;0;0;359566,609500000250000;5681002,123099999500000;6,987165914000059;51,263049377000073;0
212363;5200810608100371738;5;3;34;2;2020;8;18;2;3;5;3;0;1;1;0;0;0;0;293647,317400000060000;5627438,174000000600000;6,073921137000070;50,761968734000050;0
212365;5200808513310881535;5;1;62;8;2020;8;17;7;3;0;7;0;1;0;0;0;0;0;330262,716300000440000;5662836,003200000200000;6,576100729000075;51,091871202000050;0
212366;5200810608100077602;5;3;34;2;2020;8;12;2;3;0;1;0;1;0;0;0;0;0;295095,374200000430000;5629172,934800000900000;6,093460158000028;50,778062170000055;0
212369;5200810607000071656;5;3;82;68;2020;8;10;2;3;5;3;0;1;1;0;0;0;0;371753,614000000060000;5631371,468000000300000;7,179316554000025;50,819848988000047;0
212373;5200808506100742200;5;1;16;0;2020;8;12;7;3;3;6;0;1;1;0;0;0;0;324085,067999999970000;5670245,677999999400000;6,484356030000072;51,156575706000069;0
212376;5200808505200017751;5;1;14;0;2020;8;20;7;3;0;1;1;1;0;0;0;0;0;336156,095700000410000;5691752,509800000100000;6,646966711000061;51,353388531000064;0
212378;5200812301504029207;5;9;13;0;2020;8;12;4;3;5;2;0;1;1;0;0;0;0;386951,158999999990000;5714020,519899999700000;7,368949414000042;51,565915839000070;0
212380;5200811502324371332;5;1;13;0;2020;8;9;3;3;5;1;0;1;1;0;0;0;0;361905,605999999680000;5707093,655999999500000;7,010525919000031;51,498092733000078;0
212390;5200811709500072447;5;5;66;60;2020;8;18;3;3;0;7;0;1;0;0;0;0;0;386693,412299999970000;5793362,777200000400000;7,339115666000055;52,278941261000057;0
212392;5200808400100096903;5;7;11;0;2020;8;16;7;3;0;3;0;1;1;0;0;0;0;464417,616000000390000;5765932,331000000200000;8,481190908000031;52,042860604000055;0
212394;5200810601520301200;5;3;15;0;2020;8;20;2;2;0;7;0;1;0;0;0;0;0;359761,781299999920000;5649028,509299999100000;7,002396389000069;50,975756600000068;0
212395;5200808317220494272;5;9;78;4;2020;8;8;7;3;5;3;0;1;1;0;0;0;0;400820,235000000340000;5718967,027599999700000;7,567580358000043;51,612988936000079;0
212397;5200808307200995205;5;9;62;32;2020;8;12;7;2;3;1;0;1;1;0;0;0;0;404708,661700000060000;5672970,002200000000000;7,636080671000059;51,200179610000077;0
212398;5200810601320293205;5;3;15;0;2020;8;21;2;2;0;7;1;1;0;0;0;0;0;350736,139999999660000;5645751,922000000300000;6,875267594000036;50,944043432000058;0
212400;5200808303100094318;5;9;15;0;2020;8;14;7;3;0;3;0;1;0;0;0;0;1;418797,295099999760000;5723655,997300000900000;7,826063934000047;51,658021414000075;0
212404;5200810601110826207;5;3;15;0;2020;8;11;2;3;0;5;0;1;1;0;0;0;0;356397,923999999650000;5645596,781999999700000;6,955866862000050;50,944087272000047;0
212405;5200808300420668207;5;9;16;0;2020;8;8;7;3;0;3;0;1;1;0;0;0;0;371784,568699999710000;5708622,207399999700000;7,152210043000025;51,514157008000041;0
212406;5200808300310643200;5;9;11;0;2020;8;0;7;3;1;1;2;1;1;0;0;0;0;383942,397900000210000;5702328,821399999800000;7,329408358000023;51,460221123000053;0
212407;5200810600110695263;5;3;14;0;2020;8;14;2;3;5;3;0;1;1;0;0;0;0;364957,684200000020000;5622838,552999999400000;7,086026853000021;50,741611806000037;0
212408;5200807709700576667;5;5;66;28;2020;8;20;6;2;0;1;0;1;0;0;0;0;0;414017,693300000390000;5795870,007300000600000;7,738881949000074;52,306430565000028;0
212409;5200807709500774669;5;5;66;76;2020;8;18;6;3;8;7;0;1;0;0;0;0;0;394298,997899999840000;5791212,570900000600000;7,451228744000048;52,261131901000056;0
212410;5200807709500074704;5;5;66;76;2020;8;13;6;3;5;2;0;1;0;0;0;0;1;393760,759200000200000;5794753,298299999900000;7,442229893000047;52,292849471000068;0
212411;5200810600110226206;5;3;14;0;2020;8;17;2;3;5;2;0;1;1;0;0;0;0;365116,133299999870000;5622759,346500000000000;7,088300235000077;50,740936735000048;0
212412;5200807709500038566;5;5;66;76;2020;8;15;6;3;0;7;0;1;0;0;0;0;0;394040,470599999650000;5792099,642699999700000;7,447163663000026;52,269054495000034;0
212413;5200811601700972208;5;3;16;0;2020;8;17;3;3;5;2;0;1;1;0;0;0;0;358332,264499999580000;5655225,365299999700000;6,979628845000036;51,031097274000047;0
212414;5200807709110757478;5;5;66;12;2020;8;13;6;3;5;3;0;1;1;0;0;0;0;404663,217299999670000;5773420,508600000300000;7,608040436000067;52,103110681000032;0
212418;5200807705000409653;5;5;54;28;2020;8;7;6;3;0;6;0;1;0;0;1;0;0;358377,601200000380000;5743154,051500000100000;6,945123978000027;51,821249077000061;0
212420;5200807702100964164;5;5;15;0;2020;8;17;6;3;0;7;0;1;1;0;0;0;0;407274,318799999540000;5758560,738900000200000;7,650181346000068;51,969989022000050;0
212421;5200807702100942019;5;5;15;0;2020;8;15;6;3;5;3;0;1;1;0;0;0;0;412656,316100000400000;5752697,236400000800000;7,729995860000031;51,918154833000074;0
212423;5200807702100570820;5;5;15;0;2020;8;14;6;2;1;1;0;1;1;0;0;0;0;405540,941700000320000;5755438,804500000600000;7,625814451000053;51,941635831000042;0
212426;5200807702100539947;5;5;15;0;2020;8;11;6;3;5;2;0;1;1;0;0;0;0;403937,229000000280000;5752923,336999999400000;7,603193414000032;51,918751245000067;0
212427;5200807702100079178;5;5;15;0;2020;8;14;6;3;0;3;0;1;1;0;0;0;0;403811,035000000150000;5760936,160000000100000;7,599115932000075;51,990751457000044;0
212428;5200811601110042204;5;3;15;0;2020;8;18;3;3;0;1;0;1;0;0;0;0;0;354721,571100000290000;5644381,875499999200000;6,932505415000037;50,932749251000075;0
212431;5200807701800226206;5;5;62;4;2020;8;19;6;3;1;5;0;1;1;0;0;0;0;383227,940999999640000;5717276,367000000600000;7,314173345000029;51,594419753000068;0
212433;5200810518100696069;5;1;70;48;2020;8;6;2;3;5;2;0;1;1;0;0;0;0;336283,851400000040000;5726403,520300000900000;6,632712213000048;51,664732963000063;0
212436;5200814400100796993;5;7;11;0;2020;8;13;6;3;0;5;0;1;1;0;0;0;0;466360,171099999920000;5764891,236999999700000;8,509615616000076;52,033621865000043;0
212438;5200813313121794254;5;9;58;32;2020;8;14;5;2;5;3;0;1;1;0;0;0;0;447853,098000000230000;5689429,270999999700000;8,251131527000041;51,353738164000049;0
212439;5200815503200078834;5;1;24;0;2020;8;15;7;3;5;2;0;1;1;0;0;0;0;372541,923000000420000;5680671,758999999600000;7,173152446000074;51,263129332000062;1
212441;5200813601300687659;5;3;15;0;2020;8;10;5;3;0;1;0;1;0;0;0;0;0;350589,477099999790000;5650224,792400000600000;6,871344545000056;50,984200218000069;1
212442;5200814602700047522;5;3;62;28;2020;8;17;6;3;5;3;0;1;1;0;0;0;0;352696,552000000140000;5640111,885299999300000;6,905431140000076;50,893862871000067;0
212444;5200814505200072016;5;1;14;0;2020;8;13;6;3;6;1;0;1;0;1;0;0;0;329648,593000000340000;5689629,549000000600000;6,554615110000043;51,332402822000063;0
212445;5200812705000065800;5;5;54;4;2020;8;18;4;3;0;7;0;1;0;0;0;0;1;362914,711699999870000;5771233,967599999200000;6,999713686000064;52,074694985000065;0
212447;5200812702100976207;5;5;15;0;2020;8;18;4;3;0;1;0;1;0;0;0;0;0;407370,765900000000000;5756256,401799999200000;7,652206310000054;51,949292502000048;0
212448;5200815302000056006;5;9;14;0;2020;8;11;7;3;5;2;0;1;1;0;0;0;0;393571,948499999940000;5690951,093100000200000;7,471380262000025;51,359843255000044;0
212449;5200813515111016861;5;1;54;8;2020;8;17;5;3;5;3;0;1;0;0;0;0;0;311385,392799999560000;5746589,219799999100000;6,262152154000034;51,838219411000068;0
212450;5200814601500881839;5;3;15;0;2020;8;16;6;3;0;7;0;1;0;0;0;0;1;362862,711400000380000;5648600,448899999300000;7,046700834000035;50,972656292000067;0
212452;5200814601700586519;5;3;16;0;2020;8;19;6;3;0;7;1;1;0;0;0;0;0;360929,446000000460000;5657136,756799999600000;7,015910313000063;51,048909339000033;1
212454;5200812702100761900;5;5;15;0;2020;8;7;4;3;0;5;0;1;1;0;0;0;0;405505,980999999680000;5755672,437999999200000;7,625241796000069;51,943729899000061;0
212456;5200813705000544445;5;5;54;40;2020;8;16;5;3;4;6;0;1;0;0;0;0;0;352597,558699999940000;5735419,916400000500000;6,864605053000048;51,750262963000068;0
212460;5200814600110675827;5;3;14;0;2020;8;17;6;3;4;6;0;1;0;0;0;0;0;366187,716799999590000;5621414,301200000600000;7,103967112000021;50,729095419000032;1
212465;5200813601700567204;5;3;16;0;2020;8;12;5;3;6;4;0;1;0;1;0;0;0;359546,037800000050000;5655320,671399999400000;6,996890566000047;51,032251683000027;0
212470;5200813609128081255;5;3;58;28;2020;8;11;5;3;0;7;0;1;0;0;0;0;0;318962,790000000040000;5620937,812999999200000;6,435676259000047;50,712020860000052;0
212472;5200814702100679608;5;5;15;0;2020;8;7;6;3;5;3;0;1;1;0;0;0;0;406009,813199999740000;5752866,359200000800000;7,633336141000029;51,918592801000045;0