OBJECTID;UIDENTSTLAE;ULAND;UREGBEZ;UKREIS;UGEMEINDE;UJAHR;UMONAT;USTUNDE;UWOCHENTAG;UKATEGORIE;UART;UTYP1;ULICHTVERH;IstRad;IstPKW;IstFuss;IstKrad;IstGkfz;IstSonstige;LINREFX;LINREFY;XGCSWGS84;YGCSWGS84;STRZUSTAND
212473;5200813502406972101;5;1;17;0;2020;8;10;5;3;1;7;0;1;1;0;0;0;0;354421,062300000340000;5698544,726700000500000;6,906293634000065;51,419396122000080;0
212474;5200814515212078590;5;1;54;64;2020;8;15;6;3;0;7;0;1;1;0;0;0;0;303569,942099999640000;5719629,564999999500000;6,164050534000069;51,593419528000027;0
212478;5200815513210469332;5;1;62;24;2020;8;9;7;2;0;1;0;1;0;0;0;0;0;344381,947999999860000;5671301,976099999600000;6,773901328000022;51,171947296000042;0
212479;5200813601310765200;5;3;15;0;2020;8;18;5;3;0;1;0;1;0;0;0;0;0;354864,442200000400000;5646454,769799999900000;6,933711346000052;50,951413780000053;1
212480;5200814605144476592;5;3;74;44;2020;8;11;6;3;8;1;0;1;1;0;0;0;0;402936,424999999810000;5636344,534600000800000;7,620534617000033;50,870624940000027;0
212481;5200812609128005941;5;3;58;28;2020;8;22;4;3;8;7;2;1;0;0;0;0;0;322636,350300000050000;5624758,150800000900000;6,485819295000056;50,747476170000027;0
212483;5200813500300266185;5;1;11;0;2020;8;11;5;3;0;7;0;1;1;0;0;0;0;350667,882000000220000;5676078,407999999800000;6,861765912000067;51,216543958000045;0
212484;5200814514119082307;5;1;66;16;2020;8;10;6;2;5;3;0;1;1;0;0;0;0;308320,554999999700000;5683316,413799999300000;6,252199942000061;51,268912389000036;0
212485;5200814316200018951;5;9;74;52;2020;8;16;6;2;5;3;0;1;1;0;0;0;0;425511,597699999810000;5712160,806500000900000;7,925554764000026;51,555609936000053;0
212490;5200813600360739204;5;3;82;12;2020;8;9;5;3;5;3;0;1;1;0;0;0;0;362137,781100000250000;5626474,427400000400000;7,044722891000049;50,773627086000033;0
212491;5200814602400768209;5;3;62;32;2020;8;17;6;3;5;2;0;1;1;0;0;0;0;336561,638299999760000;5641830,118499999900000;6,675424909000071;50,904961579000030;0
212493;5200814503100082240;5;1;24;0;2020;8;20;6;3;8;1;1;1;1;0;0;0;0;365623,520100000310000;5675950,006799999600000;7,075821850000068;51,219105814000045;1
212494;5200812608408886209;5;3;34;8;2020;8;13;4;3;5;3;0;1;1;0;0;0;0;302281,646900000050000;5643198,305700000400000;6,187694722000060;50,906531340000072;0
212495;5200813709100755927;5;5;66;12;2020;8;9;5;3;0;1;0;1;0;0;0;0;1;400687,103900000450000;5776362,450899999600000;7,549148799000022;52,128853011000047;0
212498;5200812607121662693;5;3;82;44;2020;8;11;4;3;5;3;0;1;1;0;0;0;0;360682,060800000090000;5633545,025200000000000;7,021406512000056;50,836825844000032;0
212499;5200814301301990201;5;9;78;24;2020;8;17;6;3;4;5;0;1;1;0;0;0;0;398563,450699999930000;5719913,532800000200000;7,534723734000068;51,621094573000050;0
212503;5200814601610582204;5;3;15;0;2020;8;17;6;3;1;1;0;1;1;0;0;0;0;366275,422500000340000;5642533,480399999800000;7,097508052000023;50,918931219000058;0
212504;5200814502226369090;5;1;13;0;2020;8;18;6;2;0;1;0;1;0;0;0;0;0;360696,139800000000000;5698076,380400000100000;6,996664807000059;51,416764195000042;0
212507;5200813702100564164;5;5;15;0;2020;8;11;5;3;3;6;0;1;0;0;0;0;0;406132,645899999890000;5758760,675899999200000;7,633512286000041;51,971594507000077;0
212509;5200814709500532209;5;5;66;76;2020;8;12;6;3;5;3;0;1;1;0;0;0;0;395293,745000000110000;5793731,916799999800000;7,465016382000044;52,283964306000030;0
212510;5200813506100118202;5;1;16;0;2020;8;12;5;2;3;2;0;1;0;0;0;0;1;318149,017900000330000;5675059,950300000600000;6,397125111000037;51,197966561000044;0
212511;5200814518100428556;5;1;70;48;2020;8;13;6;2;5;3;0;1;1;0;0;0;0;334632,270999999720000;5729507,728000000100000;6,607383136000067;51,692136400000038;0
212515;5200814500200169603;5;1;11;0;2020;8;18;6;2;5;3;0;1;1;0;0;0;0;346596,002999999560000;5680625,685000000500000;6,801560058000064;51,256324173000053;0
212517;5200815601320852207;5;3;15;0;2020;8;11;7;3;1;7;0;1;1;0;0;0;0;347841,920099999760000;5645638,691900000000000;6,834147597000026;50,942269374000034;0
212518;5200813608436125203;5;3;34;36;2020;8;18;5;3;3;6;0;1;0;0;0;0;0;298419,765999999830000;5635034,272600000700000;6,137335073000031;50,831871138000054;0
212519;5200812602100580761;5;3;62;8;2020;8;11;4;3;0;1;0;1;0;0;0;0;0;333748,467000000180000;5647884,896999999900000;6,632687925000028;50,958560167000030;0
212522;5200814515111325208;5;1;54;44;2020;8;11;6;3;5;3;0;1;1;0;0;0;0;320187,643500000240000;5737922,488900000200000;6,394269816000076;51,763278564000075;0
212523;5200814400300696853;5;7;11;0;2020;8;16;6;3;0;5;0;1;1;0;0;0;0;466044,170099999760000;5760599,861600000400000;8,505434887000035;51,995020560000057;0
212526;5200815503400178813;5;1;22;0;2020;8;15;7;3;0;3;0;1;1;0;0;0;0;366787,576000000350000;5671926,605000000400000;7,093973721000054;51,183219475000044;0
212527;5200814410110096819;5;7;70;24;2020;8;16;6;3;0;7;0;1;0;0;0;0;0;497657,682900000360000;5793535,868599999700000;8,965656539000065;52,292172802000039;0
212531;5200813601420568203;5;3;15;0;2020;8;13;5;3;5;3;0;1;0;0;1;0;0;354865,986999999730000;5648424,822000000600000;6,932947601000024;50,969118450000053;0
212532;5200814608100279206;5;3;34;2;2020;8;14;6;3;3;7;0;1;1;0;0;0;0;294764,735899999740000;5628945,410700000800000;6,088903529000049;50,775901828000030;0
212534;5200813500200170205;5;1;11;0;2020;8;18;5;3;0;1;0;1;0;0;0;0;0;346493,380599999800000;5677426,842199999800000;6,801461838000023;51,227553365000063;1
212541;5200813500200081998;5;1;11;0;2020;8;15;5;3;0;7;0;1;0;0;0;0;0;346394,799800000150000;5678308,827999999700000;6,799672956000052;51,235451933000036;0
212543;5200815502100380547;5;1;13;0;2020;8;17;7;3;2;6;0;1;1;0;0;0;0;366527,255300000310000;5701742,472899999500000;7,079088882000065;51,451113396000039;1
212545;5200813500200073972;5;1;11;0;2020;8;11;5;3;5;3;0;1;1;0;0;0;0;344563,640300000090000;5680366,227600000800000;6,772570337000047;51,253442468000060;0
212552;5200815307000537475;5;9;62;28;2020;8;16;7;3;8;1;0;1;0;0;0;0;0;400785,764499999580000;5665545,403000000900000;7,581998213000077;51,132768473000056;0
212553;5200813516400076679;5;1;58;24;2020;8;12;5;3;5;2;0;1;1;0;0;0;0;358544,343100000170000;5680530,985799999900000;6,972709881000071;51,258562760000075;0
212554;5200813500200014203;5;1;11;0;2020;8;9;5;2;0;1;0;1;0;0;0;0;0;341846,263000000270000;5685274,578700000400000;6,731490344000065;51,296796990000075;1
212556;5200814501323163204;5;1;12;0;2020;8;18;6;3;5;3;0;1;1;0;0;0;0;345204,162999999710000;5695592,335000000900000;6,775129338000056;51,390426884000078;0
212557;5200812601210577202;5;3;15;0;2020;8;9;4;2;0;1;0;1;0;0;0;0;0;353600,299599999560000;5642217,607899999200000;6,917428393000023;50,913016170000049;1
212560;5200812601110039209;5;3;15;0;2020;8;19;4;3;4;2;0;1;1;0;0;0;0;355809,221599999820000;5645032,149700000900000;6,947716086000071;50,938866091000079;1
212561;5200815608416390209;5;3;34;16;2020;8;13;7;3;5;3;0;1;1;0;0;0;0;297577,229500000370000;5640775,956900000600000;6,122211467000057;50,883145409000065;1
212562;5200813705000696524;5;5;54;64;2020;8;9;5;3;5;3;0;1;1;0;0;0;0;356718,114799999630000;5750674,008700000100000;6,917945244000066;51,888394741000070;0
212563;5200812600110590205;5;3;14;0;2020;8;7;4;3;0;5;0;1;1;0;0;0;0;366453,739799999630000;5620738,443700000600000;7,107979042000068;50,723082017000081;0
212566;5200813500100550675;5;1;11;0;2020;8;8;5;3;5;3;0;1;1;0;0;0;0;345875,951999999580000;5676260,664000000800000;6,793127351000067;51,216908308000029;0
212567;5200814601110376205;5;3;15;0;2020;8;13;6;3;0;1;0;1;0;0;0;0;0;355428,952999999750000;5644984,597999999300000;6,942326274000038;50,938343541000052;0
212568;5200814500100278209;5;1;11;0;2020;8;10;6;3;3;2;0;1;1;0;0;0;0;345714,340699999590000;5676742,661299999800000;6,790607711000064;51,221195635000072;0
212569;5200812516800053202;5;1;58;20;2020;8;19;4;3;4;6;0;1;1;0;0;0;0;353909,681300000290000;5664547,576999999600000;6,912834406000059;51,113763569000071;0
212570;5200813301102610743;5;9;13;0;2020;8;9;5;2;5;3;0;1;0;0;0;1;0;394620,057000000030000;5705136,437999999200000;7,482209639000075;51,487546417000033;0
212572;5200813601700683204;5;3;16;0;2020;8;18;5;3;5;2;0;1;1;0;0;0;0;362573,268699999900000;5655591,930999999900000;7,039933753000071;51,035421387000042;0
212573;5200812516320132203;5;1;58;28;2020;8;13;4;3;0;1;0;1;0;0;0;0;0;349314,595900000070000;5685573,277899999200000;6,838403910000068;51,301506546000041;0
212574;5200814608200844207;5;3;34;2;2020;8;17;6;3;5;2;0;1;1;0;0;0;0;298037,104000000280000;5621652,325999999400000;6,139254534000031;50,711546395000028;0
212575;5200813501115925201;5;1;12;0;2020;8;13;5;3;6;7;0;1;0;1;0;0;0;345091,180900000040000;5706833,711799999700000;6,768587780000075;51,491399924000063;0
212576;5200813700000881333;5;5;13;0;2020;8;18;5;3;0;6;0;1;1;0;0;0;0;368665,502100000160000;5708443,829199999600000;7,107351816000062;51,511837494000076;0
212577;5200812514211095937;5;1;66;12;2020;8;13;4;3;5;3;0;1;1;0;0;0;0;323219,012299999590000;5695570,614800000600000;6,459461961000045;51,383809791000033;0
212578;5200814702100939623;5;5;15;0;2020;8;15;6;3;0;5;0;1;1;0;0;0;0;407018,768500000240000;5757354,742799999200000;7,646788931000060;51,959106230000032;0
212579;5200813505100374034;5;1;14;0;2020;8;13;5;3;0;1;0;1;0;0;0;0;0;328432,317599999720000;5688359,010600000600000;6,537784477000059;51,320623066000053;0
212580;5200814516500399206;5;1;58;16;2020;8;19;6;3;5;2;0;1;1;0;0;0;0;355186,677199999800000;5671099,206499999400000;6,928431114000034;51,172963266000068;0
212581;5200814405220606528;5;7;54;20;2020;8;7;6;3;0;6;0;1;0;1;0;0;0;448000,639600000340000;5748458,750199999700000;8,244488024000077;51,884472220000077;0
212582;5200812514210046151;5;1;66;12;2020;8;14;4;3;5;3;0;1;0;0;0;0;0;320512,954499999990000;5692560,812699999700000;6,422134558000039;51,355924124000069;0
212583;5200813300510036200;5;9;54;36;2020;8;15;5;3;0;1;0;1;0;0;0;0;0;383468,862099999560000;5699845,354399999600000;7,323413113000072;51,437802551000061;0
212591;5200814317130794231;5;9;78;12;2020;8;15;6;2;6;7;0;1;0;1;0;0;0;411195,232400000100000;5704172,598700000000000;7,721114857000032;51,481728173000079;0
212592;5200812514113395937;5;1;66;32;2020;8;17;4;3;0;1;0;1;0;0;0;0;0;316479,572999999860000;5686021,447000000600000;6,367637864000074;51,295896023000068;0
212601;5200813711213476704;5;5;70;4;2020;8;18;5;3;0;3;0;1;0;0;0;0;0;425274,410000000150000;5734044,568000000000000;7,917457025000033;51,752311198000029;0
212603;5200815301403018200;5;9;13;0;2020;8;13;7;3;4;6;0;1;1;0;0;0;0;404181,176699999720000;5710435,547299999700000;7,618433184000025;51,536881648000076;0
212605;5200813405108096987;5;7;54;8;2020;8;13;5;3;7;1;0;1;1;0;0;0;0;459596,969600000420000;5750410,059000000400000;8,412734483000065;51,902976815000045;0
212606;5200814301401723207;5;9;13;0;2020;8;7;6;3;3;2;0;1;1;0;0;0;0;399732,047000000250000;5705856,742699999400000;7,555607349000070;51,494950732000063;0
212608;5200815313231313436;5;9;58;48;2020;8;12;7;3;0;7;0;1;0;0;0;0;0;465516,176799999550000;5670197,717900000500000;8,506628952000028;51,182159569000078;0
212610;5200814601700436203;5;3;16;0;2020;8;13;6;3;4;2;0;1;1;0;0;0;0;360279,331799999810000;5658872,778200000500000;7,005971025000065;51,064353127000061;0
212615;5200812502321271525;5;1;13;0;2020;8;11;4;3;8;1;0;1;0;0;0;0;0;357476,153900000270000;5705238,173900000800000;6,947504938000066;51,480320033000055;0
212618;5200814518310996099;5;1;70;32;2020;8;9;6;3;0;1;0;1;0;0;0;0;0;331876,152999999930000;5717291,460799999500000;6,573411984000074;51,581573900000080;0
212620;5200812502100775278;5;1;13;0;2020;8;8;4;3;0;7;0;1;0;1;0;0;0;362336,395999999720000;5703432,690999999600000;7,018155177000040;51,465299027000071;0
212621;5200814601420589207;5;3;15;0;2020;8;17;6;3;0;7;0;1;1;0;0;0;0;356160,330199999730000;5646418,274000000200000;6,952162607000048;50,951410654000028;0
212625;5200813609108053673;5;3;58;8;2020;8;12;5;3;3;6;0;1;1;0;0;0;0;322316,783400000070000;5632979,502399999600000;6,477320083000052;50,821240101000058;0
212627;5200814702100064203;5;5;15;0;2020;8;11;6;3;0;6;0;1;1;0;0;0;0;412534,749099999670000;5752622,712999999500000;7,728247638000028;51,917465870000058;0
212628;5200813502319781590;5;1;13;0;2020;8;20;5;3;5;3;0;1;1;0;0;0;0;356305,589200000280000;5705866,876499999300000;6,930403520000027;51,485673333000079;1
212629;5200813400200103329;5;7;11;0;2020;8;22;5;2;0;7;2;1;0;0;0;0;0;467920,161000000310000;5762955,741900000700000;8,532536976000074;52,016313007000065;0
212630;5200814515111556263;5;1;54;8;2020;8;11;6;3;5;3;0;1;1;0;0;0;0;314363,923000000420000;5743618,668999999800000;6,306927780000024;51,812537946000077;0
212632;5200812500300474543;5;1;11;0;2020;8;12;4;3;5;2;0;1;1;0;0;0;0;347209,714200000280000;5673856,596100000700000;6,813233943000057;51,195664720000082;0
212635;5200813601310734208;5;3;15;0;2020;8;18;5;3;5;3;0;1;1;0;0;0;0;351652,837500000370000;5646987,802899999500000;6,887803521000024;50,955386232000080;1
212636;5200812709500912033;5;5;66;76;2020;8;19;4;3;0;7;0;1;1;0;0;0;0;394019,379300000150000;5796424,327299999100000;7,445494581000048;52,307917267000050;0
212639;5200814608100371786;5;3;34;2;2020;8;8;6;3;5;3;0;1;1;0;0;0;0;294456,099999999630000;5629264,470100000500000;6,084353505000024;50,778658082000049;0
212642;5200814316000751335;5;9;74;52;2020;8;15;6;3;5;2;0;1;1;0;0;0;0;423953,247399999760000;5712805,953199999400000;7,902941446000057;51,561201858000061;0
212645;5200815400200087202;5;7;11;0;2020;8;13;7;3;5;3;0;1;0;0;0;0;0;468050,601200000380000;5763554,028899999300000;8,534381822000057;52,021699511000065;1
212647;5200814602100779209;5;3;62;8;2020;8;22;6;3;5;7;2;1;1;0;1;0;0;337524,303000000310000;5645472,652000000700000;6,687482205000038;50,937962528000071;1
212649;5200812500200001154;5;1;11;0;2020;8;18;4;3;0;1;0;1;0;0;0;0;0;346753,282200000250000;5676812,025399999700000;6,805444106000039;51,222098738000057;0
212650;5200814603140007384;5;3;66;40;2020;8;14;6;3;5;3;0;1;1;0;0;0;0;347408,106999999840000;5623799,053999999500000;6,837074702000052;50,745897166000077;0
212657;5200813516800258201;5;1;58;20;2020;8;19;5;3;5;3;0;1;1;0;0;0;0;356309,213399999770000;5663345,221699999600000;6,947571137000068;51,103565218000028;0
212658;5200814601510625207;5;3;15;0;2020;8;16;6;3;0;7;0;1;0;0;0;0;0;359032,235600000250000;5646137,862199999400000;6,993131237000057;50,949600137000061;0
212659;5200814501324137207;5;1;12;0;2020;8;15;6;3;0;3;0;1;1;0;0;0;0;343025,488099999730000;5694941,023900000400000;6,744129186000066;51,383976437000058;0
212660;5200812405228682048;5;7;54;28;2020;8;12;4;3;0;7;0;1;1;0;0;0;0;449851,894899999720000;5745555,003200000200000;8,271804771000063;51,858535893000067;0
212662;5200813702100542516;5;5;15;0;2020;8;7;5;3;0;1;0;1;0;0;0;0;0;406765,371899999680000;5759418,016200000400000;7,642541910000034;51,977609495000081;0
212665;5200813705000876771;5;5;54;8;2020;8;14;5;3;5;2;0;1;1;0;0;0;0;335588,020800000060000;5744018,424900000900000;6,614335135000033;51,822774712000069;0
212670;5200814500100501643;5;1;11;0;2020;8;10;6;3;5;3;0;1;1;0;0;0;0;342845,055900000040000;5677653,868799999400000;6,749153326000055;51,228600411000059;0
212675;5200814609108474408;5;3;58;8;2020;8;23;6;3;0;7;0;1;0;0;0;0;0;322572,757000000220000;5631348,069100000000000;6,481739323000056;50,806661638000037;0
212676;5200813501124954205;5;1;12;0;2020;8;22;5;2;0;1;2;1;0;0;0;0;0;342062,743599999700000;5703757,974400000600000;6,726375747000077;51,462927668000077;0
212677;5200814514219082325;5;1;66;36;2020;8;15;6;3;0;2;0;1;1;0;0;0;0;328229,226999999960000;5679685,769999999600000;6,539042540000025;51,242643568000062;0
212678;5200813505200576310;5;1;14;0;2020;8;8;5;3;0;7;1;1;0;0;0;0;0;335768,970300000160000;5691637,879599999600000;6,641464996000025;51,352246902000047;0
212679;5200814516910358203;5;1;58;26;2020;8;13;6;3;5;2;0;1;1;0;0;0;0;353152,400000000370000;5662924,014000000400000;6,902683681000042;51,098980190000077;0
212680;5200814406110296799;5;7;58;12;2020;8;12;6;3;4;6;0;1;1;0;0;0;0;479142,878200000150000;5775754,258800000000000;8,695287340000050;52,131916225000055;0
212681;5200812317110279203;5;9;78;36;2020;8;19;4;3;0;2;0;1;1;0;0;0;0;408896,019199999980000;5709794,700600000100000;7,686560406000069;51,531901555000047;0
212682;5200812705000696574;5;5;54;8;2020;8;14;4;3;1;5;0;1;1;0;0;0;0;337051,889299999920000;5746990,066099999500000;6,634157258000073;51,849899352000079;0
212683;5200815516500502208;5;1;58;16;2020;8;20;7;3;0;1;0;1;0;0;0;0;0;356048,068699999710000;5669919,399299999700000;6,941217138000070;51,162578493000069;1
212686;5200814607200281170;5;3;82;20;2020;8;12;6;3;5;3;0;1;1;0;0;0;0;383905,064000000250000;5622028,642999999200000;7,354698041000063;50,738429091000057;0
212691;5200815317210218479;5;9;78;20;2020;8;14;7;3;1;5;0;1;1;0;0;0;0;406435,643000000160000;5716950,537300000000000;7,649194848000036;51,595823923000069;0
212692;5200819405116906666;5;7;54;16;2020;8;12;4;3;5;3;0;1;1;0;0;0;0;446862,446000000460000;5756918,232999999100000;8,226646661000075;51,960417836000033;0
212693;5200816711312335328;5;5;70;8;2020;8;14;1;3;2;2;0;1;1;0;0;0;0;433441,818599999880000;5734856,843499999500000;8,035602814000072;51,760643673000061;0
212695;5200819400300496844;5;7;11;0;2020;8;7;4;3;0;5;0;1;1;0;0;0;0;466659,629599999640000;5762052,369799999500000;8,514257341000075;52,008116823000080;0
212697;5200819400200596804;5;7;11;0;2020;8;16;4;3;0;3;0;1;1;0;0;0;0;472414,421000000090000;5762817,716000000000000;8,598035955000057;52,015313699000046;0
212699;5200816711214579615;5;5;70;4;2020;8;20;1;3;0;1;1;1;0;0;0;0;0;423395,411999999550000;5733609,302300000600000;7,890337485000032;51,748144488000037;0
212701;5200816709300640735;5;5;66;68;2020;8;15;1;2;8;1;0;1;0;0;0;0;0;379029,764000000430000;5784151,875000000000000;7,230132243000071;52,194536391000042;0
212703;5200816705000981087;5;5;54;8;2020;8;15;1;3;0;2;0;1;1;0;0;0;0;335716,251799999740000;5748094,851700000500000;6,614258130000053;51,859432629000082;0
212705;5200819316300096737;5;9;74;28;2020;8;7;4;3;5;3;0;1;1;0;0;0;0;453335,530299999750000;5725739,878100000300000;8,325048822000042;51,680686544000082;0
212707;5200819315110176516;5;9;70;40;2020;8;15;4;3;4;3;0;1;1;0;0;0;0;431251,154500000180000;5636091,806800000400000;8,022915040000044;50,872414435000053;0
212709;5200819301501364208;5;9;13;0;2020;8;12;4;2;0;1;0;1;0;0;0;0;0;389838,758399999700000;5711128,372700000200000;7,411499676000062;51,540492200000074;0
212713;5200819300410458201;5;9;16;0;2020;8;7;4;3;0;5;0;1;1;0;0;0;0;378558,010999999940000;5711194,435000000500000;7,248888996000062;51,538771530000076;0
212714;5200819300400267182;5;9;11;0;2020;8;9;4;3;6;6;0;1;0;1;0;0;0;371394,025700000110000;5699167,883999999600000;7,150025705000076;51,429101560000049;0
212716;5200818709700744867;5;5;66;28;2020;8;17;3;3;0;1;0;1;1;0;0;0;0;409984,712299999780000;5791925,205900000400000;7,680799885000056;52,270327921000046;0
212717;5200816700200881205;5;5;13;0;2020;8;14;1;2;3;6;0;1;0;0;0;0;0;365187,859799999740000;5710495,403000000900000;7,056481577000056;51,529454945000055;0
212718;5200819502324080920;5;1;13;0;2020;8;15;4;3;6;4;0;1;0;1;0;0;0;361662,921400000340000;5707741,610700000100000;7,006777838000062;51,503856099000075;0
212719;5200819601220798202;5;3;15;0;2020;8;22;4;3;0;1;2;1;0;0;0;0;0;358634,483400000260000;5639774,779699999800000;6,989938812000048;50,892317216000038;0
212721;5200816610221473723;5;3;70;20;2020;8;15;1;3;0;7;0;1;0;0;0;0;0;305187,260400000030000;5659750,074100000800000;6,220100762000072;51,056186508000053;0
212722;5200818709100576669;5;5;66;12;2020;8;16;3;3;0;6;0;1;1;0;0;0;0;404999,086299999620000;5771918,400699999200000;7,613361468000051;52,089667257000031;0
212723;5200816610121114289;5;3;70;12;2020;8;19;1;3;1;5;1;1;1;0;0;0;0;293871,236800000070000;5648737,272500000900000;6,065099437000072;50,953334681000058;1
212724;5200818706100678383;5;5;58;16;2020;8;7;3;3;0;1;0;1;0;0;0;0;0;381552,199199999680000;5742938,055999999900000;7,281271408000066;51,824701166000068;0
212725;5200816608100873753;5;3;34;2;2020;8;13;1;3;7;1;0;1;0;0;0;0;0;292963,810100000350000;5631160,700300000600000;6,062146866000035;50,795157390000043;0
212726;5200818705000196533;5;5;54;8;2020;8;10;3;3;5;2;0;1;1;0;0;0;0;336338,053799999880000;5745235,130300000300000;6,624633001000063;51,833925140000076;0
212727;5200818702100776651;5;5;15;0;2020;8;12;3;3;0;1;0;1;0;0;0;0;0;404680,448900000190000;5757416,701999999600000;7,612751433000028;51,959267204000071;0
212730;5200816606300176548;5;3;78;20;2020;8;16;1;2;0;1;0;1;0;0;0;0;0;368764,056400000120000;5653321,070100000100000;7,129001130000063;51,016458863000082;0
212731;5200819502321477637;5;1;13;0;2020;8;8;4;2;5;3;0;1;1;0;0;0;0;357120,830400000330000;5703086,564600000200000;6,943261340000049;51,460896092000041;0
212733;5200818610111963883;5;3;70;16;2020;8;9;3;3;4;2;0;1;0;0;0;0;1;297465,211900000460000;5660815,171900000400000;6,109461395000039;51,063081011000065;0
212735;5200816606100074414;5;3;78;4;2020;8;15;1;3;3;2;0;1;1;0;0;0;0;367922,836799999700000;5646673,499299999300000;7,119431404000068;50,956520114000057;0
212737;5200818609108481356;5;3;58;8;2020;8;17;3;2;0;4;0;1;0;1;0;0;0;322652,676699999720000;5631195,568600000800000;6,482946135000020;50,805316024000035;0
212739;5200818607111581238;5;3;82;60;2020;8;13;3;3;5;2;0;1;1;0;0;0;0;375667,462899999690000;5629851,734699999900000;7,235366890000023;50,807042450000040;0
212740;5200816605112843904;5;3;74;12;2020;8;16;1;3;8;5;0;1;1;0;0;0;0;398415,966599999930000;5653650,527799999300000;7,551483228000052;51,025424063000060;0
212741;5200819502210681110;5;1;13;0;2020;8;19;4;2;0;1;0;1;1;0;0;0;0;361933,930200000290000;5700618,394899999700000;7,013463268000066;51,439910629000053;0
212743;5200819515210276393;5;1;54;52;2020;8;6;4;3;9;7;0;1;0;0;0;0;1;310036,190100000240000;5700971,975199999300000;6,267341307000038;51,428064780000057;0
212747;5200818605136378446;5;3;74;36;2020;8;16;3;3;1;5;0;1;1;0;0;0;0;385595,300300000240000;5673628,948000000800000;7,362407982000036;51,202594815000054;0
212751;5200818602700200204;5;3;62;28;2020;8;13;3;3;0;1;0;1;0;0;0;0;0;351508,641400000080000;5639369,075799999800000;6,888853855000036;50,886883381000075;0
212753;5200818601510877200;5;3;15;0;2020;8;13;3;2;4;2;0;1;1;0;0;0;0;361891,183000000190000;5650480,243000000700000;7,032157389000076;50,989318271000059;0
212755;5200818601500776807;5;3;15;0;2020;8;16;3;3;0;7;0;1;1;0;0;0;0;365863,881599999960000;5648237,369300000400000;7,089555877000066;50,970099903000062;0
212756;5200819513210495634;5;1;62;24;2020;8;13;4;3;4;2;0;1;1;0;0;0;0;340319,493700000460000;5672300,126100000000000;6,715393846000040;51,179795937000051;0
212758;5200818601310874203;5;3;15;0;2020;8;15;3;3;2;6;0;1;1;0;0;0;0;354049,057000000030000;5645324,358999999200000;6,922563899000068;50,941049263000082;0
212761;5200818601110923201;5;3;15;0;2020;8;18;3;3;0;1;0;1;0;0;0;0;0;355359,002999999560000;5645891,259800000100000;6,940971354000055;50,946473968000078;1
212762;5200816600310225200;5;3;14;0;2020;8;10;1;3;1;5;0;1;1;0;0;0;0;363541,242999999780000;5616120,016699999600000;7,068447533000040;50,680895632000045;0
212763;5200818601110879208;5;3;15;0;2020;8;15;3;3;5;3;0;1;1;0;0;0;0;355187,957499999550000;5643737,145300000900000;6,939394208000067;50,927072486000043;0
212764;5200818601110581201;5;3;15;0;2020;8;11;3;3;2;6;0;1;1;0;0;0;0;355335,779299999590000;5644598,382400000500000;6,941154382000036;50,934849337000060;0
212765;5200818601110347207;5;3;15;0;2020;8;7;3;3;5;3;0;1;1;0;0;0;0;355378,709300000220000;5643574,590299999300000;6,942171120000069;50,925659488000065;0
212771;5200819601310709202;5;3;15;0;2020;8;15;4;3;8;6;0;1;1;0;0;0;0;352522,143000000160000;5648656,703999999900000;6,899495482000020;50,970606943000064;0
212772;5200818518100053508;5;1;70;48;2020;8;15;3;3;1;5;0;1;1;0;0;0;0;336315,324099999850000;5726741,400900000700000;6,633008614000062;51,667777581000053;0
212773;5200816516400562204;5;1;58;24;2020;8;16;1;3;1;5;0;1;1;0;0;0;0;358922,936200000350000;5679772,624299999300000;6,978431122000075;51,251841551000041;0
212775;5200818515210096134;5;1;54;52;2020;8;7;3;3;5;2;0;1;1;0;0;0;0;310548,400000000370000;5701389,614000000100000;6,274477215000047;51,431987311000057;0
212776;5200818515111595869;5;1;54;44;2020;8;8;3;3;1;7;0;1;1;0;0;0;0;320503,689500000330000;5737471,685100000400000;6,399077492000060;51,759330806000037;0
212777;5200818515111096126;5;1;54;8;2020;8;12;3;2;3;6;0;1;1;0;0;0;0;309779,185999999750000;5746600,407600000500000;6,238860099000021;51,837775192000038;0
212782;5200819500300906201;5;1;11;0;2020;8;16;4;3;5;2;0;1;1;0;0;0;0;351318,342100000010000;5670489,884400000800000;6,873386482000058;51,166495244000032;0
212784;5200818514114639270;5;1;66;24;2020;8;17;3;3;0;3;0;1;1;0;0;0;0;309610,807000000030000;5677171,376000000200000;6,273940487000061;51,214150535000044;1
212785;5200818513210475912;5;1;62;24;2020;8;19;3;2;0;6;0;1;0;0;0;0;0;339135,915400000290000;5674022,774900000500000;6,697703125000032;51,194942070000081;0
212788;5200818505200079392;5;1;14;0;2020;8;18;3;3;5;3;0;1;1;0;0;0;0;331139,317300000230000;5690144,927899999500000;6,575749392000034;51,337477556000067;0
212791;5200819500300501653;5;1;11;0;2020;8;15;4;3;0;7;0;1;1;0;0;0;0;348092,243700000460000;5675680,967499999300000;6,825082844000065;51,212293275000036;0
212792;5200818502231413202;5;1;13;0;2020;8;17;3;3;0;1;0;1;0;0;0;0;0;363471,318599999880000;5697350,257600000100000;7,036828959000047;51,410913961000062;0