OBJECTID;UIDENTSTLAE;ULAND;UREGBEZ;UKREIS;UGEMEINDE;UJAHR;UMONAT;USTUNDE;UWOCHENTAG;UKATEGORIE;UART;UTYP1;ULICHTVERH;IstRad;IstPKW;IstFuss;IstKrad;IstGkfz;IstSonstige;LINREFX;LINREFY;XGCSWGS84;YGCSWGS84;STRZUSTAND
212793;5200819515110499203;5;1;54;4;2020;8;11;4;2;5;2;0;1;1;0;0;0;0;303137,534099999820000;5738400,013199999900000;6,147235598000066;51,761833659000047;0
212796;5200818502210971203;5;1;13;0;2020;8;17;3;3;5;3;0;1;1;0;0;0;0;361665,944000000130000;5700360,448000000800000;7,009710685000073;51,437527237000040;1
212802;5200816505200672089;5;1;14;0;2020;8;1;1;3;0;7;2;1;0;0;0;0;0;327019,543700000270000;5693620,297000000300000;6,514973352000027;51,367460101000063;1
212806;5200816503200080366;5;1;24;0;2020;8;16;1;3;3;3;0;1;1;0;0;0;0;377259,190600000320000;5682870,717299999700000;7,239974673000063;51,283928499000069;0
212807;5200818410230996890;5;7;70;4;2020;8;15;3;2;0;4;0;1;0;1;0;0;0;485729,067099999640000;5783591,637399999400000;8,791177992000030;52,202588644000059;0
212811;5200818303100594323;5;9;15;0;2020;8;7;3;3;5;3;1;1;1;0;0;0;0;419477,008200000040000;5723836,838600000400000;7,835846595000021;51,659744906000071;0
212815;5200818301401762205;5;9;13;0;2020;8;8;3;3;0;3;0;1;0;0;0;0;0;398184,784599999900000;5709712,496799999800000;7,532212722000054;51,529332623000073;0
212816;5200816500300635206;5;1;11;0;2020;8;8;1;3;5;3;0;1;1;0;0;0;0;349789,658599999730000;5674976,520199999200000;6,849661830000059;51,206412221000051;0
212817;5200818301301070207;5;9;78;24;2020;8;18;3;3;0;7;0;1;0;0;0;0;0;397955,826999999580000;5719078,615800000700000;7,526192728000069;51,613480016000040;0
212818;5200818300411271416;5;9;11;0;2020;8;17;3;3;5;3;0;1;1;0;0;0;0;372224,432500000110000;5700534,157700000300000;7,161471323000058;51,441568382000071;1
212820;5200818300410256209;5;9;16;0;2020;8;12;3;3;1;5;0;1;1;0;0;0;0;371276,882899999620000;5711798,163699999500000;7,143736880000063;51,542583766000064;0
212822;5200816500300560523;5;1;11;0;2020;8;4;1;3;5;3;2;1;1;0;0;0;0;348720,763799999840000;5674062,547399999600000;6,834756974000072;51,197917391000033;0
212825;5200817709100564200;5;5;66;8;2020;8;10;2;3;5;7;0;1;1;0;0;0;0;399755,736700000240000;5781060,031300000800000;7,534161193000045;52,170905711000046;0
212826;5200816410110696859;5;7;70;24;2020;8;14;1;3;0;7;0;1;0;0;0;0;0;490456,927099999970000;5794186,317600000600000;8,860059589000059;52,297942762000048;0
212827;5200817706200065909;5;5;58;12;2020;8;20;2;3;0;1;1;1;0;0;0;0;0;374769,163999999870000;5753629,960300000400000;7,179020840000021;51,919306150000068;0
212828;5200817706000981081;5;5;58;16;2020;8;18;2;3;0;1;0;1;0;0;0;0;0;380729,706000000240000;5744486,359999999400000;7,268808944000057;51,838440975000026;1
212829;5200817705131803115;5;5;54;4;2020;8;15;2;3;1;5;0;1;1;0;0;0;0;363466,991899999790000;5771771,466800000500000;7,007551934000048;52,079661070000043;0
212831;5200817705000570620;5;5;54;8;2020;8;8;2;3;4;2;0;1;0;0;0;0;0;333981,179999999700000;5743459,490000000200000;6,591309461000037;51,817278585000054;1
212832;5200817702100368375;5;5;15;0;2020;8;19;2;3;0;1;0;1;0;0;0;0;0;406112,864000000060000;5757493,588999999700000;7,633570847000044;51,960202017000029;1
212833;5200817702100070612;5;5;15;0;2020;8;16;2;3;0;4;0;1;0;1;0;0;0;406135,716000000010000;5757123,527000000700000;7,634004448000042;51,956879586000071;0
212836;5200819500100400363;5;1;11;0;2020;8;15;4;3;0;1;0;1;0;0;0;0;0;345485,059700000100000;5677475,464199999300000;6,787011110000037;51,227718183000036;0
212839;5200819505100418187;5;1;14;0;2020;8;11;4;2;0;1;0;1;0;0;0;0;0;337772,174999999810000;5690487,770999999700000;6,670731692000061;51,342489133000072;1
212841;5200819505100302116;5;1;14;0;2020;8;10;4;3;2;6;0;1;1;0;0;0;0;332101,080400000330000;5686078,703500000800000;6,591458810000063;51,301231224000048;0
212842;5200817701300210200;5;5;62;14;2020;8;17;2;3;5;3;0;1;1;0;0;0;0;360941,997700000180000;5714042,770500000600000;6,993909019000057;51,560302466000053;0
212844;5200817610221754029;5;3;70;20;2020;8;17;2;3;5;3;0;1;1;0;0;0;0;305080,548600000330000;5659175,111099999400000;6,218889527000044;51,050986091000027;0
212846;5200819500000280877;5;1;11;0;2020;8;11;4;3;5;2;0;1;1;0;0;0;0;342320,553999999540000;5684078,294999999900000;6,738816004000057;51,286179879000031;0
212847;5200817608200660202;5;3;34;2;2020;8;18;2;3;0;2;0;1;1;0;0;0;0;296073,944500000220000;5628266,587099999200000;6,107824572000027;50,770266787000025;0
212848;5200819518120375292;5;1;70;44;2020;8;16;4;3;5;3;0;1;1;0;0;0;0;340478,050099999640000;5719109,613399999200000;6,696628781000072;51,600408990000062;0
212850;5200817608100671202;5;3;34;2;2020;8;18;2;3;0;1;0;1;0;0;0;0;0;293730,431499999950000;5631637,313600000000000;6,072742457000061;50,799711183000056;0
212851;5200816404100250986;5;7;66;64;2020;8;3;1;3;0;1;2;1;0;0;0;0;0;489212,600700000300000;5742616,769099999200000;8,843442503000063;51,834267037000075;0
212852;5200817606100878638;5;3;78;4;2020;8;13;2;3;0;1;0;1;0;0;0;0;0;368577,015999999830000;5650624,930999999900000;7,127312271000051;50,992184102000067;0
212860;5200816303100880641;5;9;15;0;2020;8;2;1;3;1;1;2;1;1;0;0;0;0;417133,727400000210000;5725603,929600000400000;7,801557571000046;51,675289539000062;0
212867;5200817601110661208;5;3;15;0;2020;8;8;2;3;5;3;0;1;1;0;0;0;0;356511,758999999610000;5643550,435200000200000;6,958291901000052;50,925725334000049;0
212872;5200817600360497209;5;3;82;12;2020;8;16;2;3;5;3;0;1;0;0;0;0;1;360927,701200000010000;5628598,025599999400000;7,026767900000039;50,792424044000029;0
212874;5200817600350406201;5;3;82;32;2020;8;12;2;3;1;5;0;1;1;0;0;0;0;360218,225899999960000;5610654,650900000700000;7,023503599000037;50,630986001000053;0
212876;5200816301303475445;5;9;13;0;2020;8;14;1;3;0;1;0;1;0;0;0;0;0;397527,332000000400000;5707033,664300000300000;7,523517055000070;51,505134434000070;0
212877;5200817600110981229;5;3;14;0;2020;8;18;2;3;0;7;0;1;0;0;0;0;0;365800,255499999970000;5622474,244999999200000;7,098094368000034;50,738532767000038;0
212879;5200817600110382201;5;3;14;0;2020;8;9;2;3;0;1;0;1;0;0;0;0;0;365582,211000000130000;5621861,467900000500000;7,095229498000037;50,732974739000042;0
212882;5200817515110065207;5;1;54;36;2020;8;7;2;3;4;6;0;1;0;0;0;0;0;302587,512900000440000;5740287,461899999500000;6,138203260000068;51,778589529000044;0
212885;5200819411220037539;5;7;74;20;2020;8;7;4;3;5;3;0;1;1;0;0;0;0;470166,699000000020000;5734603,722100000800000;8,567724646000045;51,761528980000037;0
212886;5200819518400644358;5;1;70;8;2020;8;14;4;3;6;4;0;1;0;1;0;0;0;343411,377899999730000;5714857,465700000500000;6,740844077000077;51,563028271000064;0
212889;5200819601220737207;5;3;15;0;2020;8;16;4;3;0;3;0;1;1;0;0;0;0;359582,682199999690000;5637932,665200000600000;7,004120124000053;50,875993031000064;0
212891;5200817513210476322;5;1;62;24;2020;8;14;2;3;0;4;0;1;0;1;0;0;0;338881,733500000090000;5673446,844100000300000;6,694326809000074;51,189695772000050;0
212892;5200817513110657203;5;1;62;16;2020;8;22;2;3;0;7;2;1;1;0;0;0;0;334188,536999999550000;5677133,881999999300000;6,625522362000027;51,221479599000077;0
212895;5200816300312116017;5;9;11;0;2020;8;13;1;3;0;1;0;1;0;0;0;0;0;380376,217199999840000;5703924,138699999100000;7,277559595000071;51,473816950000071;0
212896;5200819411132670307;5;7;74;32;2020;8;19;4;2;1;5;0;1;1;0;0;0;0;484862,706699999980000;5730177,459799999400000;8,780855399000075;51,722321342000043;0
212897;5200817503100595701;5;1;24;0;2020;8;17;2;3;0;7;0;1;1;0;0;0;0;368555,218100000170000;5682252,493100000500000;7,115462734000062;51,276430371000060;1
212899;5200817503100078734;5;1;24;0;2020;8;18;2;3;5;3;0;1;1;0;0;0;0;370506,507000000220000;5680985,797000000300000;7,143881551000050;51,265492954000081;0
212900;5200817502325971206;5;1;13;0;2020;8;11;2;3;5;3;0;1;1;0;0;0;0;361744,884999999780000;5706826,002499999500000;7,008316845000024;51,495648234000043;1
212902;5200815706300953113;5;5;58;4;2020;8;19;7;3;3;6;0;1;0;0;0;0;0;403628,095499999820000;5738262,711400000400000;7,602787579000051;51,786920781000049;0
212903;5200817502228254201;5;1;13;0;2020;8;20;2;3;0;6;0;1;1;0;0;0;0;358353,439799999820000;5699340,840099999700000;6,962491631000034;51,427546358000029;1
212904;5200815706200496625;5;5;58;12;2020;8;13;7;3;0;2;0;1;1;0;0;0;0;373916,621399999600000;5755741,789200000500000;7,165857157000062;51,938091632000067;1
212905;5200817502105973599;5;1;13;0;2020;8;21;2;3;5;2;2;1;1;0;0;0;0;361802,484500000250000;5701546,349199999100000;7,011210882000057;51,448217538000051;1
212910;5200819513210091215;5;1;62;24;2020;8;7;4;3;0;3;0;1;1;0;0;0;0;339272,303000000310000;5677071,731100000400000;6,698287524000023;51,222375073000080;0
212911;5200817501215620203;5;1;12;0;2020;8;13;2;3;5;2;0;1;1;0;0;0;0;338017,223299999720000;5696547,160800000700000;6,671485820000044;51,396999632000075;0
212913;5200817500300551245;5;1;11;0;2020;8;8;2;3;3;6;0;1;1;0;0;0;0;345074,080400000330000;5676137,256799999600000;6,781708023000022;51,215582436000034;1
212914;5200815701610686206;5;5;62;12;2020;8;13;7;3;5;3;0;1;0;0;0;0;0;359288,825899999590000;5725413,005799999500000;6,965511813000035;51,662064227000030;1
212916;5200815701200678203;5;5;62;20;2020;8;11;7;3;4;6;0;1;0;0;0;0;0;371551,792500000450000;5719434,205299999600000;7,144906399000035;51,611270735000062;0
212920;5200817411232678146;5;7;74;32;2020;8;20;2;3;0;7;0;1;0;0;0;0;0;480486,925099999640000;5734455,839700000400000;8,717267369000069;51,760654104000082;1
212921;5200817411132996933;5;7;74;32;2020;8;15;2;3;5;2;0;1;1;0;0;0;0;482433,067599999720000;5728455,309499999500000;8,745768374000022;51,706766100000038;1
212922;5200817410240395540;5;7;70;40;2020;8;10;2;2;5;3;0;1;1;0;0;0;0;473597,395700000230000;5808967,856300000100000;8,611670829000047;52,430280029000073;0
212924;5200815610121267470;5;3;70;12;2020;8;13;7;3;8;1;0;1;0;0;0;0;0;294893,724999999630000;5651651,867000000600000;6,077994437000029;50,979874954000081;0
212925;5200819601310213209;5;3;15;0;2020;8;8;4;3;5;3;0;1;1;0;0;0;0;355035,104899999690000;5645983,113900000200000;6,936327152000047;50,947218080000027;0
212927;5200815610121180789;5;3;70;12;2020;8;14;7;3;5;3;0;1;0;0;0;0;1;297639,866700000130000;5651754,274700000900000;6,117006457000059;50,981766200000038;0
212929;5200817315260168288;5;9;70;32;2020;8;19;2;2;0;7;0;1;0;0;0;0;0;439159,002299999820000;5640667,382099999100000;8,134527620000029;50,914442977000078;0
212930;5200817307100531208;5;9;62;24;2020;8;7;2;3;2;6;0;1;1;0;0;0;0;409340,372700000180000;5693826,399499999400000;7,697059241000034;51,388426767000055;0
212932;5200817302100229179;5;9;14;0;2020;8;7;2;3;5;7;0;1;1;0;0;0;0;392029,329199999570000;5689753,119500000000000;7,449595955000063;51,348783964000063;0
212934;5200815610111167511;5;3;70;16;2020;8;17;7;2;6;4;0;1;0;1;0;0;0;294353,729399999600000;5662819,888100000100000;6,063976891000038;51,079978619000030;0
212935;5200819411132076078;5;7;74;32;2020;8;16;4;3;0;5;0;1;1;0;0;0;0;481349,173200000080000;5727664,801699999700000;8,730124543000045;51,699623409000026;0
212936;5200819601110237207;5;3;15;0;2020;8;8;4;3;3;2;0;1;0;0;0;0;1;355767,275700000110000;5645792,097600000000000;6,946818573000030;50,945685109000067;0
212937;5200817301403053202;5;9;13;0;2020;8;12;2;3;5;3;0;1;1;0;0;0;0;404023,404400000350000;5710693,296000000100000;7,616088773000058;51,539171759000055;0
212938;5200819503200463809;5;1;24;0;2020;8;13;4;3;0;1;0;1;0;0;0;0;0;374051,746700000020000;5681376,132300000600000;7,194532934000051;51,269795576000035;0
212940;5200819503100676113;5;1;24;0;2020;8;16;4;3;1;6;0;1;1;0;0;0;0;370659,658999999990000;5681107,308000000200000;7,146031596000057;51,266619793000075;0
212944;5200819513130095609;5;1;62;22;2020;8;13;4;3;0;1;0;1;0;0;0;0;0;337888,765700000340000;5686479,962700000000000;6,674227207000058;51,306513928000072;0
212945;5200819514217693208;5;1;66;36;2020;8;7;4;3;5;3;0;1;1;0;0;0;0;328970,355800000020000;5681568,424300000100000;6,548750602000041;51,259779771000069;0
212951;5200819701110651306;5;5;62;32;2020;8;17;4;3;5;3;0;1;1;0;0;0;0;375286,739000000060000;5716406,584000000700000;7,199895055000070;51,584900851000043;0
212953;5200822317110994293;5;9;78;36;2020;8;13;7;3;0;7;0;1;0;0;0;0;0;409620,121100000110000;5710139,807499999200000;7,696908226000062;51,535120226000060;0
212954;5200820505200576213;5;1;14;0;2020;8;11;5;3;5;3;0;1;1;0;0;0;0;330324,959200000390000;5690153,797100000100000;6,564065141000071;51,337314797000033;0
212956;5200819709700448420;5;5;66;28;2020;8;7;4;3;5;2;0;1;1;0;0;0;0;411527,902999999930000;5793109,560000000500000;7,703098735000026;52,281223632000035;0
212959;5200820602500745203;5;3;62;24;2020;8;8;5;3;0;1;0;1;1;0;0;0;0;342387,437599999830000;5645697,114800000600000;6,756544526000027;50,941329166000060;0
212962;5200822315150093915;5;9;70;44;2020;8;18;7;2;0;7;0;1;1;0;0;0;0;441481,147499999960000;5633041,377000000300000;8,168777638000051;50,846112107000067;0
212963;5200821502134016338;5;1;13;0;2020;8;13;6;3;5;3;0;1;1;0;0;0;0;366491,939299999740000;5702077,994300000400000;7,078454303000058;51,454120314000079;1
212964;5200819705000596537;5;5;54;8;2020;8;12;4;3;2;2;0;1;0;0;0;1;0;336098,332999999630000;5745989,281999999700000;6,620799720000036;51,840629739000065;0
212965;5200822313121179616;5;9;58;32;2020;8;12;7;3;4;2;0;1;0;0;0;0;0;442731,991600000300000;5691746,859799999700000;8,177223075000029;51,374082499000053;0
212966;5200821300410298204;5;9;16;0;2020;8;18;6;3;5;2;0;1;1;0;0;0;0;376198,491100000220000;5712713,743499999900000;7,214349368000057;51,551913418000026;0
212967;5200820601420459204;5;3;15;0;2020;8;16;5;3;0;2;0;1;0;0;0;0;0;355605,118499999870000;5648337,501399999500000;6,943501981000054;50,968519479000065;0
212969;5200822313110675338;5;9;58;4;2020;8;5;7;3;0;6;1;1;1;0;0;0;0;427928,946600000370000;5700702,833300000100000;7,962758678000057;51,452914020000037;0
212971;5200822606700074352;5;3;78;8;2020;8;22;7;2;0;1;2;1;1;0;0;0;0;369141,287100000310000;5661065,529400000300000;7,131576600000074;51,086149260000070;0
212972;5200821411132196838;5;7;74;32;2020;8;11;6;3;5;3;0;1;1;0;0;0;0;483950,265499999750000;5729212,448799999400000;8,767690445000028;51,713619246000064;0
212981;5200820709700476376;5;5;66;28;2020;8;9;5;3;1;2;0;1;1;0;0;0;0;415616,853000000120000;5791748,141000000800000;7,763363289000040;52,269629563000080;0
212985;5200822500300851245;5;1;11;0;2020;8;18;7;3;3;3;0;1;1;0;0;0;0;344726,656700000170000;5675218,901699999300000;6,777135001000033;51,207236283000043;0
212987;5200821406110131814;5;7;58;12;2020;8;18;6;3;4;6;0;1;0;0;0;0;0;476846,506000000050000;5774393,854599999300000;8,661831627000026;52,119593912000028;0
212988;5200819610113067520;5;3;70;24;2020;8;14;4;3;7;1;0;1;0;0;0;0;0;282607,923499999570000;5655626,390599999600000;5,900854596000045;51,011057444000073;0
212989;5200820608436111209;5;3;34;36;2020;8;7;5;3;1;5;0;1;1;0;0;0;0;297711,542899999770000;5633696,869899999400000;6,128028641000071;50,819612274000065;0
212990;5200822300600531589;5;9;16;0;2020;8;1;7;3;0;1;2;1;0;0;0;0;0;373759,693199999630000;5708567,608100000800000;7,180678750000027;51,514111118000073;0
212996;5200822500300172290;5;1;11;0;2020;8;19;7;3;5;3;0;1;1;0;0;0;0;352119,094499999660000;5675067,469900000800000;6,882946815000025;51,207837337000058;0
212997;5200822601110694200;5;3;15;0;2020;8;17;7;3;5;7;0;1;0;0;0;0;1;356749,296299999580000;5645273,873199999300000;6,960992141000077;50,941272739000055;0
212998;5200821400200896880;5;7;11;0;2020;8;8;6;3;5;3;0;1;0;0;0;0;0;468048,213999999690000;5763570,444000000100000;8,534345501000075;52,021846956000047;0
212999;5200819610112071751;5;3;70;8;2020;8;19;4;3;2;6;0;1;0;0;0;0;0;291458,844100000340000;5656003,391300000300000;6,026631161000069;51,017719819000035;0
213001;5200821702100870562;5;5;15;0;2020;8;10;6;3;5;3;0;1;1;0;0;0;0;404912,875500000080000;5756292,655400000500000;7,616444080000065;51,949203616000034;0
213002;5200820505200518013;5;1;14;0;2020;8;13;5;3;5;3;0;1;1;0;0;0;0;329085,295300000350000;5689862,229900000600000;6,546425312000054;51,334324147000075;0
213003;5200821701800434205;5;5;62;4;2020;8;20;6;3;5;3;1;1;1;0;0;0;0;383509,043100000360000;5716305,471999999100000;7,318551972000023;51,585751828000070;0
213004;5200819706300776682;5;5;58;36;2020;8;7;4;2;0;7;0;1;1;1;0;0;0;388301,391400000080000;5730533,185300000000000;7,383151095000073;51,714599757000030;0
213005;5200821701500382200;5;5;62;24;2020;8;14;6;3;5;3;0;1;1;0;0;0;0;370426,013399999590000;5725923,057900000400000;7,126254190000054;51,669326174000048;0
213006;5200821701400495200;5;5;12;0;2020;8;17;6;3;0;1;0;1;0;0;0;0;0;359605,646399999970000;5708002,822200000300000;6,977051456000027;51,505696079000074;1
213008;5200821701110671187;5;5;62;32;2020;8;15;6;3;5;5;0;1;1;0;0;0;0;375390,731599999590000;5719327,817600000600000;7,200357605000022;51,611177391000069;0
213009;5200821313110868190;5;9;58;4;2020;8;17;6;3;0;1;0;1;0;0;0;0;0;432045,341699999760000;5697499,309000000400000;8,022606937000035;51,424621770000044;0
213011;5200820603116595320;5;3;66;16;2020;8;17;5;3;5;3;0;1;1;0;0;0;0;343573,683000000190000;5614336,407999999800000;6,786774505000039;50,659843234000050;0
213013;5200821701110548296;5;5;62;32;2020;8;22;6;3;3;6;2;1;1;0;0;0;0;376128,156000000420000;5719889,274199999900000;7,210803649000070;51,616386025000054;0
213014;5200822610221845554;5;3;70;20;2020;8;12;7;3;0;1;0;1;0;0;0;0;0;302051,802699999880000;5660291,036000000300000;6,175120922000076;51,059973053000078;0
213015;5200821501122079056;5;1;12;0;2020;8;15;6;3;1;5;0;1;1;0;0;0;0;343099,635400000030000;5705462,783900000200000;6,740533184000071;51,478533377000076;0
213016;5200819702100533550;5;5;15;0;2020;8;16;4;3;0;6;0;1;1;0;0;0;0;406087,677799999710000;5758929,012900000400000;7,632811801000059;51,973099997000077;0
213017;5200821701110412205;5;5;62;32;2020;8;16;6;2;0;1;0;1;0;0;0;0;0;374384,037800000050000;5720051,559699999200000;7,185567059000050;51,617457979000051;1
213019;5200820601410429201;5;3;15;0;2020;8;12;5;3;5;3;0;1;1;0;0;0;0;352566,377399999650000;5654034,624099999700000;6,897941887000059;51,018946715000027;0
213020;5200821301101522203;5;9;13;0;2020;8;19;6;3;0;1;0;1;0;0;0;0;0;393031,854700000030000;5706492,300000000700000;7,458932577000041;51,499435355000060;1
213021;5200820601610491206;5;3;15;0;2020;8;17;5;3;6;7;0;1;0;1;0;0;0;359225,331000000240000;5643827,074999999300000;6,996771289000037;50,928880075000052;0
213022;5200820500200935205;5;1;11;0;2020;8;15;5;3;5;3;0;1;1;0;0;0;0;347346,181800000370000;5676406,306500000900000;6,814100778000068;51,218611955000029;0
213028;5200820702100070553;5;5;15;0;2020;8;18;5;3;5;2;0;1;1;0;0;0;0;405422,991999999620000;5758291,105000000400000;7,623313969000037;51,967253503000052;0
213029;5200820516600081495;5;1;58;4;2020;8;13;5;3;0;1;0;1;0;0;0;0;0;355931,588600000370000;5674126,070900000600000;6,937865758000044;51,200351984000065;0
213031;5200821608416388203;5;3;34;16;2020;8;16;6;3;0;1;0;1;0;0;0;0;0;293172,230499999600000;5636297,897099999700000;6,062204438000038;50,841368761000069;0
213032;5200822500200774713;5;1;11;0;2020;8;14;7;3;1;5;0;1;0;0;0;0;1;345251,627399999650000;5679317,104900000600000;6,782874936000042;51,244202820000055;0
213034;5200821405108496845;5;7;54;8;2020;8;14;6;3;0;7;0;1;0;0;0;0;0;457190,103500000200000;5751059,039999999100000;8,377671773000031;51,908631775000060;0
213035;5200820405108381502;5;7;54;8;2020;8;17;5;2;1;5;0;1;1;0;0;0;0;457677,850599999540000;5751315,759999999800000;8,384730177000051;51,910977110000033;0
213037;5200822500200327203;5;1;11;0;2020;8;11;7;3;5;5;0;1;1;0;0;0;0;346147,359799999740000;5680238,801999999200000;6,795301976000076;51,252726979000045;0
213042;5200822600360639933;5;3;82;12;2020;8;21;7;3;3;6;2;1;1;0;0;0;0;356169,326999999580000;5628972,971400000200000;6,959151713000040;50,794632532000037;0
213043;5200820513320295753;5;1;62;4;2020;8;13;5;3;3;6;0;1;0;0;1;0;0;346891,563000000080000;5662626,937000000800000;6,813459035000051;51,094673131000036;0
213044;5200820301201964200;5;9;13;0;2020;8;8;5;3;1;7;0;1;1;0;0;0;0;394018,030799999830000;5709200,759299999100000;7,472320514000046;51,523966147000067;0
213045;5200821608200558645;5;3;34;2;2020;8;17;6;3;0;1;0;1;0;0;0;0;0;295820,329699999650000;5630230,333399999900000;6,103142251000065;50,787814670000046;1
213046;5200822410230561204;5;7;70;4;2020;8;4;7;3;9;1;2;1;0;0;0;0;0;485982,262000000100000;5783831,164999999100000;8,794872971000075;52,204748636000033;0
213047;5200821316300577156;5;9;74;28;2020;8;16;6;3;5;3;0;1;1;0;0;0;0;454796,415099999870000;5725330,984099999100000;8,346230380000066;51,677129732000026;0
213052;5200822518110596166;5;1;70;12;2020;8;11;7;3;0;3;0;1;1;0;0;0;0;335273,527400000020000;5734915,402200000400000;6,614095902000031;51,740905296000051;0
213054;5200821608200277603;5;3;34;2;2020;8;18;6;3;0;5;0;1;1;0;0;0;0;296521,414200000460000;5628510,145099999400000;6,114027488000033;50,772611394000080;0
213056;5200821608100073624;5;3;34;2;2020;8;16;6;3;1;5;0;1;1;0;0;0;0;294721,033200000410000;5628514,376100000000000;6,088525038000057;50,772015143000033;0
213057;5200819709800574652;5;5;66;40;2020;8;16;4;3;0;3;0;1;1;0;0;0;0;420981,158200000410000;5782358,116499999500000;7,844153500000061;52,186021806000042;0
213059;5200821307300998205;5;9;62;40;2020;8;17;6;3;0;1;0;1;0;0;0;0;0;418802,035199999810000;5696317,888399999600000;7,832437932000062;51,412258107000071;0
213061;5200820602600869700;5;3;62;20;2020;8;12;5;3;5;3;0;1;1;0;0;0;0;345693,083899999970000;5631678,868100000500000;6,809476475000054;50,816254049000065;0
213064;5200822610122833514;5;3;70;28;2020;8;11;7;3;5;3;0;1;1;0;0;0;0;297444,976999999960000;5644890,197000000600000;6,118051731000037;50,920050193000066;0
213065;5200821500300572238;5;1;11;0;2020;8;16;6;3;7;7;0;1;0;1;0;0;0;348498,536700000060000;5671569,200799999800000;6,832630274000053;51,175453874000027;0
213066;5200820503400542203;5;1;22;0;2020;8;14;5;3;0;7;0;1;1;0;0;0;0;366635,427199999800000;5670305,827199999200000;7,092399430000057;51,168617684000026;0
213068;5200821502146066209;5;1;13;0;2020;8;16;6;2;0;7;0;1;0;0;0;0;0;367746,057000000030000;5700348,661000000300000;7,097140022000076;51,438873409000053;0
213069;5200819705000596552;5;5;54;8;2020;8;14;4;3;5;3;0;1;0;0;0;0;1;334640,036199999970000;5744175,555700000400000;6,600517553000032;51,823906561000058;0
213071;5200821301101483206;5;9;13;0;2020;8;14;6;3;5;7;0;1;1;0;0;0;0;392412,918999999760000;5706611,322899999100000;7,449982902000045;51,500387714000055;0
213072;5200822513320695610;5;1;62;4;2020;8;9;7;3;2;6;0;1;0;0;0;0;0;345215,735999999570000;5667196,111999999700000;6,787584825000067;51,135280131000059;0
213073;5200820601510036207;5;3;15;0;2020;8;7;5;2;5;3;0;1;1;0;0;0;0;360772,570000000300000;5646893,278000000900000;7,017602408000073;50,956812192000029;0
213075;5200821601520429204;5;3;15;0;2020;8;22;6;3;5;2;2;1;1;0;0;0;0;357621,900899999770000;5645135,623299999200000;6,973458356000037;50,940246428000080;0
213077;5200822607400234346;5;3;82;68;2020;8;16;7;3;5;3;0;1;1;0;0;0;0;370906,501199999820000;5630671,907999999800000;7,167542998000045;50,813372983000079;0
213079;5200819606100178638;5;3;78;20;2020;8;15;4;2;0;1;0;1;0;0;0;0;0;368782,648900000380000;5653321,005200000500000;7,129266071000075;51,016462523000030;0
213080;5200821601420745203;5;3;15;0;2020;8;7;6;3;8;7;0;1;0;0;0;0;0;356767,253499999640000;5648966,710999999200000;6,959794228000021;50,974464228000045;0
213081;5200820701110880209;5;5;62;32;2020;8;8;5;3;4;5;0;1;1;0;0;0;0;376364,179600000380000;5718551,768600000100000;7,214682707000065;51,604417502000047;1
213082;5200819701500547202;5;5;62;24;2020;8;5;4;3;5;2;1;1;1;0;0;0;0;369075,543300000020000;5725173,711200000700000;7,107017479000035;51,662279054000066;0
213084;5200820711111172431;5;5;70;52;2020;8;15;5;3;7;4;0;1;0;1;0;0;0;428009,259999999780000;5764828,227000000000000;7,950643130000060;52,029402950000076;0
213087;5200821601420252200;5;3;15;0;2020;8;15;6;3;2;6;0;1;1;0;0;0;0;356554,149100000040000;5646894,798599999400000;6,957577798000045;50,955791257000044;0
213090;5200821407109077576;5;7;62;20;2020;8;17;6;3;5;1;0;1;1;0;0;0;0;529193,903500000010000;5738007,524599999200000;9,423297208000065;51,792166461000079;0
213091;5200819603104826542;5;3;66;4;2020;8;6;4;3;1;5;0;1;1;0;0;0;0;341488,261500000020000;5603802,589800000200000;6,761790777000044;50,564620163000029;0
213093;5200820609224094851;5;3;58;24;2020;8;17;5;3;0;7;0;1;0;1;0;0;0;314231,492999999780000;5642759,160000000100000;6,357690952000041;50,906555233000063;0
213094;5200822506100695914;5;1;16;0;2020;8;11;7;2;0;1;0;1;0;0;0;0;0;322124,032499999740000;5674557,779400000300000;6,454208302000041;51,194706639000060;0
213095;5200820508000671486;5;1;19;0;2020;8;12;5;3;0;5;0;1;1;0;0;0;0;350830,988199999560000;5703402,445900000600000;6,852653030000056;51,462111886000059;0
213096;5200820300220968202;5;9;11;0;2020;8;17;5;3;5;3;0;1;1;0;0;0;0;372964,150000000370000;5699555,618699999500000;7,172460176000072;51,432940400000064;0
213097;5200820515212544205;5;1;54;32;2020;8;8;5;2;0;1;0;1;0;0;0;0;0;309372,872499999590000;5718283,534800000500000;6,248455380000053;51,583323724000081;0
213098;5200820307000071370;5;9;62;40;2020;8;15;5;3;3;6;0;1;1;0;0;0;0;413762,555999999870000;5701421,569499999300000;7,758748980000064;51,457394647000058;0
213099;5200821601410300209;5;3;15;0;2020;8;19;6;3;6;4;0;1;0;1;0;0;0;352786,295900000260000;5654239,591800000500000;6,900991955000052;51,020844988000079;0
213101;5200822601210577203;5;3;15;0;2020;8;11;7;3;1;6;0;1;0;0;0;0;0;355540,466199999680000;5641255,850600000500000;6,945389322000040;50,904861869000058;0