OBJECTID;UIDENTSTLAE;ULAND;UREGBEZ;UKREIS;UGEMEINDE;UJAHR;UMONAT;USTUNDE;UWOCHENTAG;UKATEGORIE;UART;UTYP1;ULICHTVERH;IstRad;IstPKW;IstFuss;IstKrad;IstGkfz;IstSonstige;LINREFX;LINREFY;XGCSWGS84;YGCSWGS84;STRZUSTAND
213104;5200820608100671770;5;3;34;2;2020;8;18;5;3;3;7;0;1;1;0;0;0;0;295085,099799999970000;5628910,594399999800000;6,093460784000058;50,775702392000028;0
213105;5200821601220339203;5;3;15;0;2020;8;19;6;3;0;1;0;1;0;0;0;0;0;359446,594200000170000;5635934,673599999400000;7,002954665000061;50,858003527000051;0
213106;5200820505200574026;5;1;14;0;2020;8;15;5;3;5;5;0;1;1;0;0;0;0;335553,362399999980000;5693202,932900000400000;6,637647885000035;51,366245455000069;0
213108;5200819709500574704;5;5;66;60;2020;8;6;4;3;5;7;0;1;1;0;0;0;0;388655,113800000400000;5789268,398399999400000;7,369208821000029;52,242546293000032;0
213109;5200821601210306203;5;3;15;0;2020;8;19;6;3;5;2;0;1;1;0;0;0;0;353370,298799999990000;5642454,259899999900000;6,914063785000053;50,915084497000066;1
213111;5200822505200578970;5;1;14;0;2020;8;17;7;3;0;1;0;1;0;1;0;0;0;331874,771200000310000;5691447,809100000200000;6,585682589000044;51,349400565000053;0
213113;5200821313121613877;5;9;58;32;2020;8;11;6;3;5;3;0;1;0;0;0;0;0;450239,847400000320000;5687645,845400000000000;8,285653456000034;51,337916973000063;0
213117;5200821518320096077;5;1;70;52;2020;8;15;6;3;5;2;0;1;1;0;0;0;0;323475,063799999650000;5726185,537300000000000;6,447801753000022;51,658897825000054;0
213119;5200819705000596536;5;5;54;8;2020;8;12;4;3;7;5;0;1;1;0;0;0;0;336180,866299999880000;5746294,769300000700000;6,621851984000045;51,843398285000035;0
213122;5200820601410494203;5;3;15;0;2020;8;16;5;3;5;3;0;1;1;0;0;0;0;352173,356300000100000;5653663,507300000600000;6,892493628000068;51,015510811000070;0
213123;5200820405108996965;5;7;54;8;2020;8;14;5;3;2;6;0;1;1;0;0;0;0;457166,410000000150000;5750597,395999999700000;8,377384754000048;51,904479511000034;0
213125;5200820601700133202;5;3;16;0;2020;8;8;5;3;5;3;0;1;1;0;0;0;0;354239,281200000080000;5658361,020899999900000;6,920035937000023;51,058252449000065;1
213126;5200820500300001652;5;1;11;0;2020;8;16;5;3;5;3;0;1;1;0;0;0;0;348383,132100000050000;5671744,988199999600000;6,830906421000066;51,177002873000049;0
213127;5200821516800586205;5;1;58;20;2020;8;16;6;3;3;5;0;1;1;0;0;0;0;357020,510800000280000;5665765,574699999800000;6,956764710000073;51,125493812000059;0
213129;5200821500200601993;5;1;11;0;2020;8;19;6;3;5;2;0;1;0;0;0;0;1;349716,659799999560000;5677584,201999999600000;6,847524682000028;51,229825165000079;0
213131;5200821516800535201;5;1;58;20;2020;8;12;6;3;3;6;0;1;0;0;0;0;1;356448,831699999980000;5663905,240299999700000;6,949341259000050;51,108632844000056;0
213132;5200820706100696516;5;5;58;16;2020;8;21;5;3;1;5;2;1;1;0;0;0;0;381011,224399999720000;5744349,648700000700000;7,272940157000051;51,837272389000077;0
213133;5200822503400835202;5;1;22;0;2020;8;6;7;3;0;7;0;1;0;0;0;0;0;365830,015599999580000;5670477,704500000900000;7,080821873000048;51,169974007000064;0
213134;5200820600330057200;5;3;82;48;2020;8;8;5;3;5;3;0;1;1;0;0;0;0;354568,184600000270000;5610674,924000000600000;6,943658558000038;50,629786080000031;0
213135;5200820316100594419;5;9;74;40;2020;8;13;5;3;0;7;0;1;0;0;0;0;0;437423,852400000210000;5714518,038699999500000;8,096936120000066;51,578249982000045;0
213136;5200821514213595938;5;1;66;8;2020;8;9;6;3;7;2;0;1;1;0;0;0;0;314884,254200000320000;5690606,079700000600000;6,342401382000048;51,336560376000079;0
213137;5200822405108506528;5;7;54;8;2020;8;1;7;3;0;1;2;1;0;0;0;0;1;457503,543899999930000;5751378,389699999200000;8,382188578000068;51,911526914000035;0
213138;5200822601700409202;5;3;16;0;2020;8;0;7;2;0;7;2;1;0;0;0;0;0;359076,812400000170000;5655437,866900000700000;6,990157449000037;51,033190046000072;0
213139;5200821405232296892;5;7;54;32;2020;8;17;6;3;5;3;0;1;1;0;0;0;0;461731,401200000200000;5741583,101700000500000;8,444735183000034;51,823766600000056;0
213140;5200819601600781776;5;3;15;0;2020;8;11;4;2;0;5;0;1;0;0;0;0;0;359497,470999999900000;5642142,286599999300000;7,001290399000027;50,913804991000063;0
213142;5200822404101896912;5;7;66;20;2020;8;15;7;3;0;6;0;1;1;0;0;0;0;492650,508999999610000;5754761,276000000500000;8,893077948000041;51,943515503000071;0
213143;5200822602700447522;5;3;62;28;2020;8;11;7;3;5;5;0;1;1;0;0;0;0;350336,355000000450000;5638129,085000000900000;6,872707020000064;50,875437723000061;0
213144;5200821410140579606;5;7;70;12;2020;8;16;6;3;5;3;0;1;1;0;0;0;0;484766,292000000370000;5794003,038000000600000;8,776620495000032;52,296166654000046;0
213145;5200819601520644209;5;3;15;0;2020;8;14;4;3;5;2;0;1;1;0;0;0;0;364665,211000000130000;5649037,089999999900000;7,072196355000074;50,977006958000061;0
213147;5200820515110095941;5;1;54;36;2020;8;7;5;3;0;1;0;1;0;0;0;0;0;300095,048299999910000;5739146,083799999200000;6,102777598000046;51,767455620000078;1
213149;5200821514110279479;5;1;66;32;2020;8;9;6;3;0;2;0;1;1;0;0;0;0;317776,679100000300000;5680346,834899999200000;6,389114596000070;51,245339094000030;1
213152;5200819601520163202;5;3;15;0;2020;8;6;4;3;0;7;0;1;0;0;0;0;0;357600,144999999550000;5645405,425200000400000;6,973043433000044;50,942665754000075;0
213153;5200820608100262108;5;3;34;2;2020;8;6;5;2;0;1;0;1;0;0;0;0;0;297992,315399999730000;5619448,768300000600000;6,139826128000038;50,691739046000066;1
213154;5200820505200479065;5;1;14;0;2020;8;18;5;2;5;3;0;1;1;0;0;0;0;332725,860000000340000;5690496,015300000100000;6,598340108000059;51,341100730000051;0
213156;5200821513320295747;5;1;62;4;2020;8;23;6;2;1;7;2;1;1;0;0;0;0;343267,435200000180000;5664744,862400000900000;6,760825025000031;51,112724670000034;0
213165;5200821513210569332;5;1;62;24;2020;8;16;6;2;5;3;0;1;1;0;0;0;1;341913,356800000180000;5671967,565300000800000;6,738324959000067;51,177250729000036;0
213168;5200819702100336204;5;5;15;0;2020;8;14;4;3;0;5;0;1;1;0;0;0;0;406706,644299999810000;5750712,803400000600000;7,644048507000036;51,899352585000031;0
213169;5200821513110574206;5;1;62;16;2020;8;11;6;3;0;5;0;1;1;0;0;0;0;332914,335799999540000;5677184,582800000900000;6,607268728000065;51,221563625000044;1
213170;5200820711111561701;5;5;70;52;2020;8;11;5;3;5;2;0;1;1;0;0;0;0;430801,622000000440000;5756873,597999999300000;7,992944126000054;51,958249644000034;0
213171;5200821503200467237;5;1;24;0;2020;8;14;6;3;5;3;0;1;1;0;0;0;0;375105,406999999660000;5682003,312999999200000;7,209410045000027;51,275664371000062;0
213172;5200819706100898205;5;5;58;16;2020;8;7;4;3;5;3;0;1;1;0;0;0;0;379941,845999999900000;5744614,910599999100000;7,257334346000050;51,839427444000080;0
213173;5200821506100095947;5;1;16;0;2020;8;20;6;2;5;3;1;1;1;0;0;0;0;323516,342000000180000;5670957,735799999900000;6,475882228000046;51,162797378000050;0
213174;5200821301101506207;5;9;13;0;2020;8;18;6;3;0;5;0;1;1;0;0;0;0;392405,031600000340000;5706922,760900000100000;7,449774315000070;51,503185552000048;0
213175;5200820601510454209;5;3;15;0;2020;8;13;5;2;5;2;0;1;1;0;0;0;0;359171,143000000160000;5650393,818099999800000;6,993459598000072;50,987882510000077;0
213179;5200821500200241209;5;1;11;0;2020;8;18;6;3;1;5;0;1;1;0;0;0;0;345853,477500000040000;5678243,815999999600000;6,791952892000040;51,234721794000052;1
213181;5200821505200179067;5;1;14;0;2020;8;18;6;3;1;5;0;1;1;0;0;0;0;330573,302299999630000;5691386,801300000400000;6,567040259000066;51,348465989000033;1
213182;5200820701400884205;5;5;12;0;2020;8;9;5;3;4;6;0;1;0;0;0;0;0;357934,986700000240000;5709867,331700000900000;6,952243883000051;51,522032991000060;0
213183;5200820516310261202;5;1;58;28;2020;8;9;5;3;0;1;0;1;0;0;0;0;0;349759,710300000380000;5684827,297100000100000;6,845098267000026;51,294921054000042;0
213184;5200820601310613200;5;3;15;0;2020;8;22;5;3;0;7;2;1;1;0;0;0;0;353260,538900000040000;5646928,573300000300000;6,910701807000066;50,955265560000043;0
213189;5200821407201674508;5;7;62;4;2020;8;10;6;3;5;5;0;1;1;0;0;0;0;501743,026899999940000;5731417,961200000700000;9,025240341000028;51,733676777000028;0
213190;5200819601320641202;5;3;15;0;2020;8;13;4;3;4;6;0;1;1;0;0;0;0;349220,909900000320000;5644342,146800000200000;6,854298149000044;50,930980517000080;0
213191;5200822503400572001;5;1;22;0;2020;8;10;7;2;0;7;0;1;1;0;0;0;0;359276,127500000410000;5670526,918500000600000;6,987115841000048;51,168841260000079;0
213192;5200820609248894851;5;3;58;48;2020;8;13;5;3;1;5;0;1;1;0;0;0;0;319946,308699999940000;5636658,716499999200000;6,441892966000069;50,853561211000056;0
213193;5200822503100859200;5;1;24;0;2020;8;19;7;2;0;1;1;1;0;0;0;0;0;370195,360999999570000;5680401,575999999400000;7,139636247000055;51,260171581000066;0
213194;5200820513310671632;5;1;62;8;2020;8;10;5;3;0;7;0;1;0;0;0;0;0;329579,094999999740000;5662844,284000000000000;6,566343917000040;51,091742882000062;0
213195;5200820301102871542;5;9;13;0;2020;8;8;5;3;0;1;0;1;0;0;0;0;0;394226,153300000350000;5705204,245400000400000;7,476518069000065;51,488082364000036;1
213196;5200821503200797204;5;1;24;0;2020;8;12;6;3;5;3;0;1;0;0;0;0;1;376391,419200000350000;5681345,528000000900000;7,228065328000071;51,270032798000045;0
213197;5200821316300051156;5;9;74;28;2020;8;13;6;3;0;4;0;1;0;1;0;0;0;454771,588800000030000;5724589,681600000700000;8,345967355000028;51,670462776000079;0
213199;5200825307000171366;5;9;62;16;2020;8;6;3;3;0;1;0;1;0;0;0;0;0;414606,910799999720000;5693533,761800000400000;7,772799952000071;51,386612996000053;0
213201;5200824505200175930;5;1;14;0;2020;8;7;2;3;2;6;0;1;0;0;0;0;0;328270,189000000250000;5690416,016499999900000;6,534468595000021;51,339053594000063;0
213202;5200826404101376381;5;7;66;20;2020;8;13;4;3;4;3;0;1;1;0;0;0;0;491098,808600000110000;5753723,548699999200000;8,870530377000023;51,934162602000072;1
213205;5200824405108096907;5;7;54;8;2020;8;10;2;3;5;3;0;1;1;0;0;0;0;458371,618999999950000;5748612,856000000600000;8,395141836000050;51,886728636000043;0
213206;5200825500300070202;5;1;11;0;2020;8;16;3;3;3;7;0;1;0;0;0;0;1;344042,015900000000000;5675320,188300000500000;6,767297742000039;51,207959854000080;0
213208;5200824709000852883;5;5;66;72;2020;8;17;2;2;5;3;0;1;1;0;0;0;0;412846,036000000310000;5803162,039999999100000;7,719810054000050;52,371788084000059;0
213209;5200826709500666141;5;5;66;76;2020;8;8;4;3;0;2;0;1;1;0;0;0;0;393252,862999999900000;5792447,134999999800000;7,435515965000036;52,272025149000058;1
213210;5200824316100080557;5;9;74;40;2020;8;18;2;3;5;3;0;1;1;0;0;0;0;438240,884999999780000;5714366,235999999600000;8,108752227000025;51,576975318000052;0
213212;5200825600380977200;5;3;14;0;2020;8;16;3;3;0;1;0;1;0;0;0;0;0;368115,259499999690000;5615962,208200000200000;7,133211036000034;50,680531861000077;1
213213;5200825601410768201;5;3;15;0;2020;8;15;3;3;5;2;0;1;1;0;0;0;0;354116,099000000390000;5653621,921000000100000;6,920187615000032;51,015633209000043;1
213218;5200826701110474202;5;5;62;32;2020;8;8;4;3;5;3;0;1;1;0;0;0;0;374845,298499999570000;5719884,825400000400000;7,192285614000070;51,616062276000036;0
213220;5200826301501116200;5;9;13;0;2020;8;17;4;3;5;2;0;1;1;0;0;0;0;392261,078300000170000;5708385,428999999500000;7,447254102000045;51,516305186000068;0
213221;5200825600110937206;5;3;14;0;2020;8;13;3;3;5;3;0;1;1;0;0;0;0;365885,321800000030000;5621774,818800000500000;7,099553737000065;50,732266006000032;0
213224;5200824505100273943;5;1;14;0;2020;8;22;2;3;0;1;2;1;0;0;0;0;0;330412,186900000090000;5689353,019899999700000;6,565697443000033;51,330146751000029;0
213225;5200826502401679209;5;1;17;0;2020;8;16;4;3;5;7;0;1;1;0;0;0;0;352864,771900000050000;5699046,955299999600000;6,883718985000030;51,423507207000057;0
213230;5200824307000393907;5;9;62;32;2020;8;23;2;3;9;1;2;1;1;0;0;0;0;405073,120000000110000;5675184,051400000200000;7,640709705000063;51,220143801000063;0
213232;5200824610222550666;5;3;70;36;2020;8;15;2;3;5;3;0;1;1;0;0;0;0;302215,888600000180000;5665287,089199999300000;6,174725446000025;51,104901350000034;0
213235;5200825706100874646;5;5;58;16;2020;8;18;3;3;5;3;0;1;1;0;0;0;0;380600,302000000140000;5743771,703999999900000;7,267178201000036;51,831990641000061;0
213237;5200825314210150205;5;9;66;4;2020;8;17;3;3;5;3;0;1;0;0;1;0;0;423495,715900000180000;5664351,424799999200000;7,906756920000021;51,125518477000071;0
213239;5200824503400395510;5;1;22;0;2020;8;7;2;3;0;4;1;1;0;1;0;0;0;362041,721900000240000;5671824,672000000300000;7,026150817000030;51,181177805000061;0
213241;5200824601610977204;5;3;15;0;2020;8;18;2;3;1;5;0;1;1;0;0;0;0;362784,423299999910000;5646119,539400000100000;7,046522007000021;50,950340904000029;0
213246;5200825505200331201;5;1;14;0;2020;8;17;3;3;0;7;0;1;0;0;0;0;0;329500,628499999640000;5689588,075200000800000;6,552513017000024;51,331985888000077;1
213248;5200824300410864207;5;9;16;0;2020;8;16;2;3;3;6;0;1;1;0;0;0;0;376064,723799999800000;5710123,511800000400000;7,213333061000071;51,528604891000043;0
213250;5200826400100596842;5;7;11;0;2020;8;13;4;3;2;2;0;1;1;0;0;0;0;468299,072999999860000;5764876,050000000700000;8,537880328000028;52,033599560000027;1
213251;5200824601420959200;5;3;15;0;2020;8;14;2;3;1;5;0;1;1;0;0;0;0;356314,330199999730000;5648103,741399999700000;6,953688134000061;50,966596066000079;0
213252;5200825601610715209;5;3;15;0;2020;8;17;3;3;3;2;0;1;1;0;0;0;0;359479,172600000170000;5645394,638100000100000;6,999776618000055;50,943029840000065;1
213253;5200824300110746201;5;9;11;0;2020;8;11;2;3;2;2;0;1;1;0;0;0;0;377409,735899999740000;5705083,561300000200000;7,234464930000058;51,483602246000032;0
213254;5200825500200448209;5;1;11;0;2020;8;17;3;3;6;4;0;1;0;1;0;0;0;344935,973600000140000;5678432,815999999600000;6,778739004000045;51,236171445000082;0
213256;5200824702100544586;5;5;15;0;2020;8;13;2;3;0;3;0;1;0;0;0;0;0;408911,122999999670000;5753108,305800000200000;7,675446239000053;51,921249754000030;0
213257;5200826705000480974;5;5;54;8;2020;8;20;4;3;5;3;1;1;1;0;0;0;0;337144,143000000160000;5745760,798000000400000;6,636074287000042;51,838883096000075;0
213258;5200823709500979157;5;5;66;76;2020;8;0;1;3;1;1;2;1;1;0;0;0;1;394575,546199999750000;5788368,667899999800000;7,456166867000036;52,235625939000045;0
213259;5200823706300208328;5;5;58;24;2020;8;20;1;2;0;1;2;1;0;0;0;0;0;391749,804999999700000;5736542,182499999200000;7,431176918000062;51,769284648000053;0
213260;5200824711152074649;5;5;70;32;2020;8;15;2;2;5;3;0;1;1;0;0;0;0;420185,033599999730000;5767267,529699999800000;7,836049798000033;52,050259168000082;0
213261;5200827300110833202;5;9;11;0;2020;8;13;5;3;2;6;0;1;1;0;0;0;0;375343,743999999950000;5704410,607000000800000;7,204963774000021;51,477102587000047;0
213262;5200823702100168301;5;5;15;0;2020;8;9;1;2;5;2;0;1;0;0;0;0;0;407162,353000000120000;5757798,263000000300000;7,648758093000026;51,963116811000077;0
213264;5200824600130410200;5;3;82;8;2020;8;15;2;2;6;6;0;1;0;1;0;0;0;374685,016499999910000;5611778,219799999100000;7,227571946000069;50,644375108000077;0
213265;5200825601310153203;5;3;15;0;2020;8;7;3;3;3;6;0;1;0;0;0;0;0;354217,430399999950000;5646563,991299999900000;6,924462581000057;50,952232035000065;0
213266;5200825411132596860;5;7;74;32;2020;8;13;3;3;0;7;0;1;0;0;0;0;0;483530,507600000130000;5730376,348500000300000;8,761559742000031;51,724072064000040;0
213271;5200823610221063915;5;3;70;20;2020;8;18;1;3;0;3;1;1;0;0;1;0;0;306947,954800000410000;5658477,868400000000000;6,245872275000068;51,045354072000066;1
213273;5200825518400245382;5;1;70;8;2020;8;9;3;3;5;3;0;1;1;0;0;0;0;344217,830500000160000;5714771,617000000600000;6,752507420000029;51,562480269000048;0
213275;5200825600350923209;5;3;82;32;2020;8;12;3;3;1;5;0;1;1;0;0;0;0;361401,349100000230000;5609358,735700000100000;7,040706607000061;50,619621047000066;0
213276;5200825404101072322;5;7;66;20;2020;8;7;3;3;5;2;0;1;0;0;0;0;1;490880,752999999560000;5755229,161100000100000;8,867318794000028;51,947696070000063;0
213282;5200825705000096634;5;5;54;68;2020;8;6;3;2;0;3;0;1;1;0;0;0;0;351044,238900000230000;5767276,872099999300000;6,828359795000040;52,036077326000054;1
213284;5200825313211844491;5;9;58;12;2020;8;16;3;3;0;7;0;1;0;0;0;0;0;469259,584599999710000;5693419,838300000900000;8,558186220000039;51,391181591000077;1
213285;5200823609108033416;5;3;58;8;2020;8;2;1;2;9;1;2;1;0;0;0;0;0;317927,161299999800000;5628479,868200000400000;6,417295405000061;50,779453470000078;0
213288;5200825316100057674;5;9;74;40;2020;8;16;3;3;0;1;0;1;0;0;0;0;0;439944,296000000090000;5712977,168999999800000;8,133568593000064;51,564670862000071;1
213289;5200823608408514204;5;3;34;8;2020;8;14;1;3;3;6;0;1;0;0;1;0;0;303980,593999999580000;5645696,745999999300000;6,210487060000048;50,929551534000041;0
213290;5200824503200763809;5;1;24;0;2020;8;4;2;3;7;2;2;1;0;0;0;0;0;378007,503999999720000;5682634,987999999900000;7,250780133000035;51,281970557000079;1
213291;5200826500200502247;5;1;11;0;2020;8;15;4;2;5;3;0;1;1;0;0;0;0;347002,265599999580000;5677722,828500000800000;6,808618046000049;51,230349604000025;0
213293;5200826601100069788;5;3;15;0;2020;8;16;4;3;0;7;0;1;0;0;0;0;0;356399,943799999540000;5645467,788899999100000;6,955946448000020;50,942928532000053;0
213298;5200827300511062586;5;9;11;0;2020;8;19;5;2;4;6;1;1;0;0;0;0;0;380411,303999999540000;5699983,510999999900000;7,279397006000067;51,438407053000049;0
213299;5200823607100932320;5;3;82;60;2020;8;16;1;3;0;1;0;1;0;0;0;0;0;373134,639000000430000;5628552,020999999700000;7,199886697000068;50,794811021000044;0
213300;5200824502321075478;5;1;13;0;2020;8;18;2;3;0;7;0;1;0;0;0;0;0;357751,398599999960000;5704631,434100000200000;6,951710349000052;51,474937148000038;0
213301;5200826316500019089;5;9;74;20;2020;8;7;4;3;1;5;0;1;1;0;0;0;0;465378,261500000020000;5720203,881799999600000;8,499773804000029;51,631783242000040;0
213303;5200824516310904207;5;1;58;28;2020;8;15;2;3;5;3;0;1;0;0;0;0;1;350271,345900000070000;5684317,884299999100000;6,852644761000022;51,290478378000046;0
213304;5200825601420425204;5;3;15;0;2020;8;10;3;3;5;2;0;1;1;0;0;0;0;354686,121100000110000;5648407,000199999700000;6,930394791000026;50,968912944000067;0
213306;5200824515211697209;5;1;54;16;2020;8;8;2;2;0;7;0;1;0;0;0;0;0;303516,529299999590000;5728254,281099999300000;6,158441019000065;51,670854964000057;0
213307;5200825608100863875;5;3;34;2;2020;8;12;3;3;5;2;0;1;1;0;0;0;0;293881,326899999750000;5628523,471200000500000;6,076626885000053;50,771799105000071;0
213309;5200825500300082201;5;1;11;0;2020;8;14;3;3;5;3;0;1;1;0;0;0;0;347027,254700000400000;5674911,294299999300000;6,810175097000069;51,205093019000060;0
213311;5200824709110279238;5;5;66;8;2020;8;14;2;3;0;7;0;1;0;0;0;0;0;399502,325400000440000;5781723,701999999600000;7,530260356000042;52,176824513000042;1
213314;5200826315210880407;5;9;70;24;2020;8;14;4;3;0;7;0;1;0;0;0;0;0;430781,167200000030000;5643593,538699999500000;8,014813716000049;50,939808784000036;0
213315;5200824515211696080;5;1;54;16;2020;8;16;2;3;5;3;0;1;1;0;0;0;0;303683,667000000370000;5729141,713999999700000;6,160356226000033;51,678882893000036;0
213318;5200823601520993207;5;3;15;0;2020;8;12;1;3;7;7;0;1;0;0;0;0;0;357626,673000000420000;5645210,839999999900000;6,973496838000074;50,940923576000046;0
213323;5200824701300550786;5;5;62;14;2020;8;17;2;3;5;5;0;1;1;0;0;0;0;361051,438500000160000;5715262,921099999900000;6,995004421000033;51,571293853000043;0
213325;5200823600380523201;5;3;14;0;2020;8;13;1;3;0;7;0;1;0;0;0;0;0;371172,864400000310000;5616138,289999999100000;7,176405507000027;50,682799505000048;0
213328;5200825600110967671;5;3;14;0;2020;8;6;3;2;6;4;0;1;0;1;0;0;0;366514,457200000060000;5622016,124399999200000;7,108376201000056;50,734579783000072;0
213334;5200826601610934206;5;3;15;0;2020;8;7;4;3;0;7;0;1;0;0;0;0;1;359592,086000000130000;5645111,608799999600000;7,001491913000052;50,940513732000056;0
213337;5200824700100273524;5;5;13;0;2020;8;9;2;2;1;5;0;1;1;0;0;0;0;370028,020299999970000;5709242,963700000200000;7,126680905000058;51,519334306000076;0
213339;5200823513310081756;5;1;62;8;2020;8;1;1;3;8;1;2;1;0;0;0;0;0;333227,529799999670000;5664244,626399999500000;6,617748963000054;51,105396832000054;0
213343;5200823513210562143;5;1;62;24;2020;8;3;1;3;0;1;2;1;0;0;0;0;0;338567,299999999810000;5669809,303999999500000;6,691464452000048;51,156924036000078;0
213346;5200824601620774203;5;3;15;0;2020;8;13;2;3;0;2;0;1;1;0;0;0;0;364986,206299999730000;5637311,224700000100000;7,081107849000034;50,871695417000069;0
213350;5200825502211274718;5;1;13;0;2020;8;7;3;3;1;5;0;1;0;0;0;0;1;360070,366999999620000;5699970,906899999800000;6,986923303000026;51,433634852000068;0
213351;5200824711211958483;5;5;70;4;2020;8;17;2;3;5;3;0;1;1;0;0;0;0;423357,605000000450000;5736536,989000000100000;7,889144174000023;51,774458151000033;0
213353;5200825303100052429;5;9;15;0;2020;8;10;3;3;4;6;0;1;0;0;0;0;0;417298,352400000210000;5726657,589900000000000;7,803688276000059;51,684785670000053;0
213358;5200825601700213201;5;3;16;0;2020;8;7;3;2;1;3;0;1;1;0;0;0;0;361683,939100000080000;5659284,178500000400000;7,025846804000025;51,068390549000071;0
213360;5200825500200854024;5;1;11;0;2020;8;11;3;3;5;2;0;1;0;0;0;1;0;347631,232200000440000;5676037,995100000900000;6,818335827000055;51,215378584000064;0
213362;5200824705000196567;5;5;54;12;2020;8;12;2;3;4;1;0;1;0;0;0;0;0;351813,892599999900000;5747527,793400000800000;6,848084871000026;51,858844625000074;0
213363;5200826706100876624;5;5;58;32;2020;8;18;4;3;4;2;0;1;1;0;0;0;0;386949,210300000380000;5754374,275499999500000;7,355803191000064;51,928601730000082;1
213366;5200824514110078582;5;1;66;32;2020;8;20;2;3;0;3;0;1;1;0;0;0;0;317875,952999999750000;5680953,553999999500000;6,390226738000024;51,250820822000037;1
213368;5200823500100441203;5;1;11;0;2020;8;11;1;3;3;6;0;1;1;0;0;0;0;345574,622000000440000;5676451,583900000900000;6,788733886000046;51,218542396000032;0
213372;5200825411132656203;5;7;74;32;2020;8;18;3;3;0;1;0;1;0;0;0;0;0;482870,184999999590000;5729431,563999999300000;8,752046356000051;51,715557432000026;1
213373;5200823410230496927;5;7;70;4;2020;8;9;1;3;3;6;0;1;0;0;0;0;0;485856,582000000400000;5783668,221100000700000;8,793040666000024;52,203280464000045;0
213383;5200825404101096872;5;7;66;20;2020;8;16;3;3;0;7;0;1;0;0;0;0;0;491398,350499999710000;5755477,328500000800000;8,874843388000045;51,949935592000031;0
213384;5200823405140796868;5;7;54;40;2020;8;10;1;3;0;1;0;1;0;0;0;0;0;454913,696399999780000;5761148,299399999900000;8,343257993000066;51,999159039000062;0
213385;5200826505200518183;5;1;14;0;2020;8;12;4;3;5;3;0;1;1;0;0;0;0;326545,350399999880000;5694905,303400000600000;6,507540904000052;51,378859224000053;0
213386;5200824610212776597;5;3;70;40;2020;8;14;2;3;0;3;0;1;1;0;0;0;0;310680,156999999660000;5669273,096999999100000;6,293393771000069;51,143562371000030;0
213394;5200824500100698205;5;1;11;0;2020;8;13;2;3;8;1;0;1;0;0;0;0;0;345824,804399999790000;5676287,856300000100000;6,792383870000037;51,217138836000061;0
213395;5200826406220133566;5;7;58;24;2020;8;8;4;3;0;1;0;1;0;0;0;0;0;480656,959800000300000;5783284,144400000600000;8,716977879000069;52,199669450000044;1
213396;5200824601610967203;5;3;15;0;2020;8;19;2;3;1;5;0;1;1;0;0;0;0;359901,708100000400000;5643195,086899999500000;7,006632758000023;50,923364964000029;0
213401;5200826601420207203;5;3;15;0;2020;8;11;4;3;0;5;0;1;1;0;0;0;0;355949,530899999660000;5647743,008500000500000;6,948639207000042;50,963263132000066;0
213405;5200827301101203204;5;9;13;0;2020;8;7;5;3;3;6;0;1;1;0;0;0;0;395172,554999999700000;5707229,929999999700000;7,489542323000023;51,506466686000067;0
213407;5200824410230594204;5;7;70;4;2020;8;15;2;3;5;3;0;1;1;0;0;0;0;487400,334999999960000;5782772,790300000500000;8,815663435000033;52,195267451000063;0
213412;5200823300811169290;5;9;54;36;2020;8;22;1;3;5;3;2;1;1;0;0;0;0;384201,457100000230000;5700457,346799999500000;7,333748290000074;51,443453377000026;0
213414;5200825500300984204;5;1;11;0;2020;8;11;3;2;1;5;0;1;1;0;0;0;0;344064,030399999580000;5675647,779400000300000;6,767470256000024;51,210909384000047;0
213420;5200824518100095917;5;1;70;48;2020;8;14;2;3;5;3;0;1;1;0;0;0;0;335270,294999999930000;5725804,168999999800000;6,618352545000050;51,659052388000077;0
213422;5200825411132396856;5;7;74;32;2020;8;15;3;3;5;2;0;1;1;0;0;0;0;483432,040900000370000;5732358,208200000200000;8,760039838000068;51,741888638000034;0
213424;5200826513320595592;5;1;62;4;2020;8;17;4;3;8;7;0;1;0;0;0;0;0;347716,770600000400000;5663461,682800000500000;6,824882613000057;51,102393767000081;0
213426;5200826610212032769;5;3;70;40;2020;8;8;4;2;5;3;0;1;1;0;0;0;0;310768,028199999590000;5668573,420800000400000;6,295016085000043;51,137306753000075;1
213432;5200822709500262050;5;5;66;76;2020;8;22;7;2;0;1;2;1;0;0;0;0;0;395064,845999999900000;5795352,335000000900000;7,461157380000032;52,298483783000052;0
213434;5200825600350916205;5;3;82;32;2020;8;12;3;3;5;3;0;1;1;0;0;0;0;361201,821899999860000;5609565,620500000200000;7,037810361000027;50,621433035000052;0
213435;5200825400100326203;5;7;11;0;2020;8;17;3;3;5;3;0;1;0;0;0;0;0;466891,091300000440000;5765197,898700000700000;8,517325112000037;52,036410888000034;1
213436;5200822701500570205;5;5;62;24;2020;8;20;7;2;0;1;1;1;0;0;0;0;0;369637,372000000440000;5725859,347500000100000;7,114880194000023;51,668571203000056;0
213437;5200826503300869298;5;1;20;0;2020;8;13;4;3;6;7;0;1;0;1;0;0;0;376985,666500000280000;5674889,963600000400000;7,238797310000052;51,212139612000044;0
213439;5200826601620993203;5;3;15;0;2020;8;7;4;3;5;3;0;1;1;0;0;0;0;364653,210699999700000;5638086,313100000800000;7,076091080000026;50,878583737000042;0