OBJECTID;UIDENTSTLAE;ULAND;UREGBEZ;UKREIS;UGEMEINDE;UJAHR;UMONAT;USTUNDE;UWOCHENTAG;UKATEGORIE;UART;UTYP1;ULICHTVERH;IstRad;IstPKW;IstFuss;IstKrad;IstGkfz;IstSonstige;LINREFX;LINREFY;XGCSWGS84;YGCSWGS84;STRZUSTAND
213440;5200822701500539202;5;5;62;24;2020;8;13;7;3;4;5;0;1;1;0;0;0;0;369480,435100000350000;5724025,054500000600000;7,113297052000064;51,652050711000072;0
213441;5200825702100972452;5;5;15;0;2020;8;10;3;3;0;7;0;1;0;1;0;0;0;401215,846599999820000;5761393,025499999500000;7,561201011000037;51,994402308000076;0
213442;5200825506100482319;5;1;16;0;2020;8;20;3;2;5;3;0;1;1;0;0;0;0;321924,168300000020000;5675462,085400000200000;6,450902274000043;51,202768036000066;0
213444;5200825315240693675;5;9;70;20;2020;8;17;3;3;0;7;0;1;0;0;0;0;0;433548,223299999720000;5647480,798200000100000;8,053481306000037;50,975086020000049;0
213447;5200826411132996984;5;7;74;32;2020;8;7;4;3;3;6;0;1;0;0;0;0;0;483576,032899999990000;5729700,072499999800000;8,762250730000062;51,717992792000075;0
213450;5200824513110688700;5;1;62;16;2020;8;8;2;3;5;3;0;1;1;0;0;0;0;332717,474100000230000;5674727,381200000600000;6,605598025000063;51,199429712000040;0
213452;5200824506100072073;5;1;16;0;2020;8;10;2;3;1;5;0;1;1;0;0;0;0;318882,602800000460000;5676367,528000000900000;6,406953653000073;51,209945482000080;0
213453;5200825505100075930;5;1;14;0;2020;8;17;3;3;2;6;0;1;1;0;0;0;0;330497,777200000360000;5689122,739000000100000;6,567034384000067;51,328103451000061;1
213454;5200824711311176733;5;5;70;8;2020;8;10;2;3;5;3;0;1;1;0;0;0;0;433652,707999999630000;5734436,315999999600000;8,038738325000054;51,756888131000039;0
213456;5200822701300026177;5;5;62;14;2020;8;13;7;3;5;3;0;1;1;0;0;0;0;361990,905700000000000;5712961,198899999300000;7,009455457000058;51,550840860000051;0
213457;5200826316300794265;5;9;74;28;2020;8;13;4;2;0;1;0;1;0;0;0;0;0;454188,603000000120000;5724589,466700000700000;8,337537627000074;51,670413603000043;1
213460;5200830400300196925;5;7;11;0;2020;8;18;1;2;0;1;0;1;0;0;0;0;0;467025,202999999750000;5759504,616000000400000;8,519828368000049;51,985232707000080;0
213463;5200829301101944201;5;9;13;0;2020;8;10;7;3;1;3;0;1;1;0;0;0;0;392744,544499999840000;5708007,434399999700000;7,454334160000030;51,512999611000055;0
213464;5200828711211776329;5;5;70;4;2020;8;11;6;3;1;5;0;1;1;0;0;0;0;423492,541299999690000;5736128,060799999200000;7,891189646000044;51,770800502000043;0
213465;5200831316100494443;5;9;74;32;2020;8;13;2;2;0;1;0;1;0;0;0;0;0;439686,046900000420000;5705244,315199999100000;8,131167715000061;51,495119952000039;0
213466;5200830400100196932;5;7;11;0;2020;8;23;1;2;0;1;2;1;0;0;0;0;0;467951,521999999880000;5765498,081000000200000;8,532755793000035;52,039172016000066;0
213467;5200828709700081515;5;5;66;56;2020;8;13;6;3;8;1;0;1;0;0;0;0;0;417012,332499999550000;5797563,668999999800000;7,782376175000024;52,322114671000065;0
213468;5200830315210293929;5;9;70;24;2020;8;14;1;3;0;5;0;1;1;0;0;0;0;430896,367300000040000;5645915,374299999300000;8,016012371000045;50,960698808000075;0
213469;5200828709500502281;5;5;66;76;2020;8;13;6;3;0;6;0;1;1;0;0;0;0;394173,791000000200000;5796469,061000000700000;7,447744498000077;52,308349076000070;0
213471;5200828702100939947;5;5;15;0;2020;8;13;6;2;0;5;0;1;1;0;0;0;0;408737,798799999990000;5751228,301200000600000;7,673424729000033;51,904322612000044;0
213474;5200828701610214205;5;5;62;12;2020;8;14;6;2;5;3;0;1;1;0;0;0;0;358560,484899999570000;5727460,630400000100000;6,954159166000068;51,680280798000069;0
213476;5200828701110031206;5;5;62;32;2020;8;7;6;3;5;3;0;1;1;0;0;0;0;374993,077899999920000;5720460,573499999900000;7,194213560000037;51,621269405000078;0
213478;5200828700200328207;5;5;13;0;2020;8;21;6;3;0;3;2;1;1;0;0;0;0;364446,778400000180000;5716195,829700000600000;7,043607243000054;51,580503855000075;1
213479;5200828608436361205;5;3;34;36;2020;8;7;6;3;1;5;0;1;1;0;0;0;0;300167,284199999650000;5636302,575999999400000;6,161427589000027;50,843868524000072;0
213484;5200828606100464387;5;3;78;4;2020;8;7;6;3;0;1;0;1;0;0;0;0;0;365846,720999999900000;5651870,767999999200000;7,087970095000060;51,002751124000042;0
213489;5200829711422603006;5;5;70;20;2020;8;10;7;2;7;7;0;1;0;1;0;0;0;433651,184600000270000;5744301,828099999600000;8,036828070000070;51,845578853000063;0
213490;5200828602800624203;5;3;62;12;2020;8;7;6;3;1;5;0;1;1;0;0;0;0;352363,204599999820000;5633292,911499999500000;6,903445766000061;50,832497834000037;0
213491;5200829711111472261;5;5;70;52;2020;8;5;7;2;0;7;1;1;0;0;0;0;0;429956,192999999970000;5756421,384099999400000;7,980734740000059;51,954078563000053;0
213492;5200828602700735205;5;3;62;28;2020;8;15;6;3;2;6;0;1;1;0;0;0;0;349310,320399999620000;5638967,078999999900000;6,857788591000031;50,882701660000066;0
213493;5200828601610917201;5;3;15;0;2020;8;12;6;3;5;2;0;1;1;0;0;0;0;359136,429800000040000;5644995,849099999300000;6,995055290000039;50,939362253000070;0
213494;5200829706300109883;5;5;58;24;2020;8;1;7;3;8;1;2;1;1;0;0;0;0;395354,859000000170000;5738522,535000000100000;7,482806329000027;51,787769840000067;1
213495;5200828601610750208;5;3;15;0;2020;8;9;6;3;5;3;0;1;1;0;0;0;0;359229,509100000370000;5642679,563400000300000;6,997273690000043;50,918568272000073;0
213496;5200828601510947207;5;3;15;0;2020;8;20;6;3;6;7;1;1;0;1;0;0;0;359653,063199999740000;5646200,251199999800000;7,001939759000038;50,950312329000042;1
213497;5200828601420103201;5;3;15;0;2020;8;14;6;3;5;3;0;1;1;0;0;0;0;356321,214399999940000;5646386,523000000000000;6,954464075000033;50,951165441000057;0
213498;5200829701930318203;5;5;62;36;2020;8;11;7;3;1;7;0;1;1;0;0;0;0;388868,474200000060000;5720513,103299999600000;7,394543783000074;51,624652639000033;0
213501;5200828601220177204;5;3;15;0;2020;8;21;6;3;0;1;2;1;0;0;0;0;0;356876,156700000170000;5641141,438799999700000;6,964418486000056;50,904166325000062;1
213502;5200828601210074205;5;3;15;0;2020;8;16;6;3;3;6;0;1;0;0;0;0;0;355555,961000000130000;5642036,003300000000000;6,945300793000058;50,911876865000067;0
213505;5200828601200081667;5;3;15;0;2020;8;8;6;3;3;2;0;1;0;0;0;0;1;356946,843399999660000;5640711,828900000100000;6,965591480000057;50,900322950000032;0
213507;5200831500300565293;5;1;11;0;2020;8;7;2;3;1;7;1;1;1;0;0;0;0;344228,610200000000000;5675142,157900000000000;6,770044156000040;51,206411105000029;0
213509;5200828600330565206;5;3;82;48;2020;8;16;6;3;5;3;0;1;1;0;0;0;0;355941,603099999950000;5609952,481100000400000;6,963345570000058;50,623634203000051;0
213511;5200830506100042710;5;1;16;0;2020;8;13;1;2;0;1;0;1;0;0;0;0;0;320769,179499999620000;5674235,914699999600000;6,434998804000031;51,191391962000068;0
213512;5200828600310834399;5;3;14;0;2020;8;13;6;3;0;7;0;1;0;0;0;0;0;361996,846300000320000;5618980,589099999500000;7,045531819000075;50,706241512000076;0
213513;5200828600110551209;5;3;14;0;2020;8;17;6;3;0;7;0;1;0;0;0;0;0;366769,231499999760000;5619616,946599999400000;7,112851182000043;50,713074368000036;1
213514;5200828518310295967;5;1;70;32;2020;8;14;6;3;3;2;0;1;1;0;0;0;0;333368,549100000410000;5713817,121200000900000;6,596578888000067;51,550804640000081;0
213517;5200828518200457553;5;1;70;24;2020;8;18;6;3;6;4;0;1;0;1;0;0;0;333526,146399999970000;5707035,936400000000000;6,602053232000060;51,489930321000031;0
213519;5200828518120344423;5;1;70;44;2020;8;16;6;3;5;3;0;1;1;0;0;0;0;338064,516599999740000;5722493,168199999300000;6,660246956000037;51,630118325000069;0
213520;5200829608100373753;5;3;34;2;2020;8;1;7;3;0;1;2;1;0;0;0;0;0;294217,136400000190000;5629437,663300000100000;6,080871573000025;50,780128827000055;0
213521;5200829608100032662;5;3;34;2;2020;8;13;7;3;5;2;0;1;1;0;0;0;0;294272,012199999760000;5629335,239499999200000;6,081706236000059;50,779228409000041;0
213522;5200828516800080813;5;1;58;20;2020;8;15;6;2;0;7;0;1;0;0;0;0;0;356914,513000000270000;5667154,589600000500000;6,954699443000038;51,137949816000059;0
213525;5200828515212517660;5;1;54;32;2020;8;11;6;3;5;3;0;1;1;0;0;0;0;309066,273000000040000;5717943,085999999200000;6,244220472000052;51,580162314000063;0
213527;5200831307000477972;5;9;62;40;2020;8;16;2;3;5;3;0;1;1;0;0;0;0;416737,105299999940000;5698459,970000000700000;7,802249444000040;51,431215681000026;0
213529;5200829605140276441;5;3;74;40;2020;8;17;7;2;0;1;0;1;0;0;0;0;0;406563,929999999700000;5640749,537000000500000;7,670946848000028;50,910824822000052;0
213530;5200828513310973736;5;1;62;28;2020;8;5;6;2;7;7;2;1;0;0;0;0;0;339443,275399999690000;5658405,259999999800000;6,709053876000041;51,054703727000060;0
213531;5200828513310576596;5;1;62;8;2020;8;5;6;3;5;3;2;1;1;0;0;0;0;333485,439000000250000;5667708,086999999400000;6,619830265000076;51,136589445000027;0
213532;5200829605112592471;5;3;74;12;2020;8;15;7;3;5;3;0;1;1;0;0;0;0;402805,553999999540000;5652132,513000000300000;7,614462473000060;51,012536348000026;0
213533;5200828506100187203;5;1;16;0;2020;8;18;6;3;5;3;0;1;1;0;0;0;0;321647,304899999870000;5675942,356899999100000;6,446704594000039;51,206996070000059;0
213538;5200828503100645202;5;1;24;0;2020;8;5;6;2;0;1;2;1;0;0;0;0;0;367972,010099999610000;5679628,433900000500000;7,108074915000032;51,252712627000051;1
213539;5200829605112440061;5;3;74;12;2020;8;15;7;3;0;1;0;1;0;0;0;0;0;398910,352900000290000;5653577,010399999100000;7,558550936000074;51,024850327000081;0
213540;5200828502325873434;5;1;13;0;2020;8;13;6;3;5;3;0;1;1;0;0;0;0;362265,695299999790000;5704509,010600000600000;7,016718524000055;51,474954046000050;0
213542;5200829602800783202;5;3;62;12;2020;8;1;7;3;8;1;2;1;0;0;0;0;0;351950,500000000000000;5632226,538300000100000;6,898019833000035;50,822809236000069;0
213546;5200828500300774344;5;1;11;0;2020;8;19;6;3;6;4;0;1;0;1;0;0;0;344050,620000000110000;5675196,132999999400000;6,767474739000022;51,206847524000068;0
213548;5200830505200417765;5;1;14;0;2020;8;14;1;3;4;6;0;1;0;0;0;0;1;330507,556800000370000;5691275,819299999600000;6,566149921000033;51,347449341000072;0
213551;5200829601410586204;5;3;15;0;2020;8;19;7;2;4;7;0;1;0;0;0;0;0;353069,905799999830000;5651117,185499999700000;6,906296923000070;50,992858103000060;0
213552;5200830505100076313;5;1;14;0;2020;8;10;1;3;0;7;0;1;0;1;0;0;0;326315,329900000240000;5686872,176699999700000;6,508157765000021;51,306623744000035;0
213553;5200828500200899201;5;1;11;0;2020;8;12;6;3;5;3;0;1;1;0;0;0;0;345059,642199999650000;5678927,902899999200000;6,780294929000036;51,240653582000050;0
213554;5200828406110855904;5;7;58;12;2020;8;13;6;3;5;3;0;1;1;0;0;0;0;478722,277999999930000;5772913,707000000400000;8,689320275000057;52,106361801000048;0
213556;5200831500200054024;5;1;11;0;2020;8;16;2;3;5;3;0;1;1;0;0;0;0;347642,167899999770000;5679221,755699999600000;6,817138609000040;51,243989556000031;0
213558;5200828404103478081;5;7;66;16;2020;8;17;6;3;0;7;0;1;0;0;0;0;0;507365,680999999870000;5755185,827999999700000;9,107166684000049;51,947332447000065;0
213561;5200830503400881551;5;1;22;0;2020;8;17;1;3;0;7;0;1;1;0;0;0;0;365891,280500000340000;5672872,062699999700000;7,080804058000069;51,191506889000038;0
213568;5200830605104692471;5;3;74;4;2020;8;17;1;3;0;4;0;1;0;1;0;0;0;405857,423399999740000;5653493,296199999700000;7,657601592000049;51,025277494000079;0
213569;5200828303100577976;5;9;15;0;2020;8;7;6;3;0;1;0;1;0;0;0;0;0;418343,140300000090000;5725593,197100000500000;7,819047021000074;51,675370186000066;0
213570;5200831404301778077;5;7;66;44;2020;8;7;2;3;0;3;0;1;1;0;0;0;0;493018,656999999660000;5763038,335000000900000;8,898265397000046;52,017939067000043;0
213574;5200828303100079090;5;9;15;0;2020;8;7;6;3;4;2;0;1;1;0;0;0;0;422260,850999999790000;5725436,719000000500000;7,875729246000049;51,674519396000051;1
213576;5200828301303880595;5;9;13;0;2020;8;15;6;3;3;6;0;1;0;0;1;0;0;401292,571100000290000;5706329,485899999700000;7,577947447000042;51,499474836000047;0
213578;5200828301302439197;5;9;13;0;2020;8;18;6;3;5;1;0;1;1;0;0;0;0;397465,625300000420000;5706682,384700000300000;7,522730390000049;51,501965683000037;0
213580;5200828301301681202;5;9;78;24;2020;8;9;6;3;5;2;0;1;1;0;0;0;0;397331,098899999630000;5718668,624500000800000;7,517293219000067;51,609681200000068;0
213581;5200829518000882173;5;1;70;8;2020;8;16;7;3;0;3;0;1;0;0;1;0;0;343918,820299999790000;5714910,710500000000000;6,748135380000065;51,563647314000036;0
213586;5200827711212972472;5;5;70;4;2020;8;13;5;3;4;6;0;1;0;0;0;0;0;424567,347599999980000;5736415,053099999200000;7,906701218000023;51,773526340000046;0
213588;5200827709500072447;5;5;66;76;2020;8;13;5;3;6;7;0;1;0;1;0;0;0;396960,461099999960000;5787689,486800000100000;7,491285227000049;52,229973327000039;0
213592;5200827709100938292;5;5;66;12;2020;8;15;5;3;1;5;0;1;1;0;0;0;0;405006,505499999970000;5771984,643200000700000;7,613451267000073;52,090263930000049;0
213593;5200829508000873458;5;1;19;0;2020;8;4;7;3;9;1;2;1;1;0;0;0;0;350624,415599999950000;5711381,481599999600000;6,846303720000037;51,533752100000072;0
213594;5200830502339479288;5;1;13;0;2020;8;9;1;3;1;5;0;1;1;0;0;0;0;364462,693799999540000;5707176,869699999700000;7,047309728000073;51,499459428000080;0
213595;5200827705000985645;5;5;54;8;2020;8;7;5;3;1;3;0;1;1;0;0;0;0;335898,478900000450000;5745399,706100000100000;6,618180971000072;51,835274634000029;0
213596;5200827702100279100;5;5;15;0;2020;8;19;5;3;5;3;1;1;1;0;0;0;0;404338,395100000310000;5760185,765900000900000;7,607003192000036;51,984097759000065;0
213597;5200829506200096083;5;1;16;0;2020;8;12;7;3;3;1;0;1;0;1;0;0;1;320990,025700000110000;5674527,353499999300000;6,438010708000036;51,194079229000067;0
213598;5200827702100142436;5;5;15;0;2020;8;7;5;3;4;6;0;1;1;0;0;0;0;404811,630699999630000;5755144,307299999500000;7,615289324000059;51,938864468000077;0
213600;5200827702100055909;5;5;15;0;2020;8;21;5;3;6;1;2;1;0;1;0;0;0;406243,199599999930000;5757023,105699999300000;7,635595568000042;51,955995085000040;0
213601;5200829506100220206;5;1;16;0;2020;8;15;7;3;0;7;0;1;0;0;0;0;0;320969,390999999830000;5674456,337099999200000;6,437751106000064;51,193434810000042;0
213602;5200827701930047339;5;5;62;36;2020;8;13;5;2;2;6;0;1;0;0;0;0;1;389201,542000000370000;5722216,134700000300000;7,398814423000033;51,640025183000034;0
213603;5200827701400808209;5;5;12;0;2020;8;11;5;3;5;3;0;1;1;0;0;0;0;358286,216199999680000;5711934,751700000800000;6,956471161000025;51,540698973000076;1
213604;5200827701110778204;5;5;62;32;2020;8;9;5;3;3;5;0;1;1;0;0;0;0;374535,302799999710000;5718828,517599999900000;7,188188578000052;51,606500170000061;0
213606;5200830502321077665;5;1;13;0;2020;8;11;1;3;0;7;0;1;0;0;0;0;0;357477,396900000050000;5705237,415100000800000;6,947523132000072;51,480313528000067;0
213607;5200827610211811825;5;3;70;4;2020;8;18;5;3;1;5;0;1;1;0;0;0;0;311819,981300000100000;5661917,531099999300000;6,313506129000075;51,077867352000055;0
213609;5200830601410906204;5;3;15;0;2020;8;17;1;3;9;1;0;1;1;0;0;0;0;356378,121700000020000;5646449,022900000200000;6,955249050000020;50,951741300000037;0
213615;5200827608416375492;5;3;34;16;2020;8;17;5;2;0;1;0;1;0;0;0;0;0;296665,599999999630000;5643449,819000000100000;6,107780408000053;50,906839854000054;0
213617;5200829503100832208;5;1;24;0;2020;8;13;7;3;0;4;0;1;0;0;0;0;1;373043,038599999620000;5684540,348200000800000;7,178956287000062;51,298010200000078;0
213622;5200831314130579319;5;9;66;28;2020;8;14;2;3;8;1;0;1;0;0;0;0;0;416755,082999999630000;5647847,912000000500000;7,814250176000030;50,976203842000075;0
213624;5200827608312771797;5;3;34;12;2020;8;16;5;2;0;1;0;1;0;0;0;0;0;307495,075400000440000;5636991,844799999100000;6,265025659000060;50,852544114000068;0
213625;5200829500300301865;5;1;11;0;2020;8;13;7;3;5;7;0;1;1;0;0;0;0;348365,135999999940000;5671744,547299999700000;6,830649345000040;51,176994139000044;0
213626;5200827608100433211;5;3;34;2;2020;8;12;5;3;0;1;0;1;0;0;0;0;0;294465,290000000040000;5629085,659000000000000;6,084583619000057;50,777055402000030;0
213627;5200829500200104206;5;1;11;0;2020;8;17;7;3;0;7;0;1;0;0;0;0;0;341812,211000000130000;5680963,665999999300000;6,732910575000062;51,258053894000057;0
213629;5200830601310881205;5;3;15;0;2020;8;16;1;3;0;7;0;1;0;1;0;0;0;351138,426599999890000;5644449,957000000400000;6,881521778000035;50,932447410000066;0
213630;5200829500100502262;5;1;11;0;2020;8;12;7;3;0;7;0;1;0;1;0;0;0;344793,922000000250000;5677431,111600000400000;6,777139700000021;51,227132142000073;0
213631;5200827607400905202;5;3;82;44;2020;8;11;5;3;5;3;0;1;1;0;0;0;0;359707,235200000000000;5632605,857899999200000;7,007930397000052;50,828149755000027;0
213632;5200827607400378310;5;3;82;44;2020;8;10;5;3;3;6;0;1;1;0;0;0;0;362527,269700000060000;5628891,247099999300000;7,049339580000037;50,795440988000053;0
213637;5200827601610419209;5;3;15;0;2020;8;16;5;3;5;3;0;1;1;0;0;0;0;362729,439000000250000;5643047,068000000000000;7,046897168000044;50,922714388000031;0
213638;5200827601500472549;5;3;15;0;2020;8;13;5;3;5;1;0;1;0;0;0;0;1;359958,245699999850000;5648538,585000000900000;7,005381771000032;50,971401418000028;0
213639;5200829411232096957;5;7;74;32;2020;8;13;7;2;5;3;0;1;1;0;0;0;0;481544,441999999810000;5733940,425000000700000;8,732617335000043;51,756055745000026;0
213641;5200827601400667751;5;3;15;0;2020;8;7;5;3;1;7;1;1;1;0;0;0;0;355651,709499999880000;5649143,197699999400000;6,943845265000050;50,975771746000078;0
213642;5200830702100365835;5;5;15;0;2020;8;15;1;3;0;5;0;1;1;0;0;0;0;405295,781999999660000;5757345,360999999600000;7,621723642000063;51,958731109000041;0
213645;5200827601310436204;5;3;15;0;2020;8;18;5;3;5;3;0;1;0;0;0;0;0;353424,714399999940000;5648598,364199999700000;6,912365025000042;50,970313057000055;0
213647;5200827601210385208;5;3;15;0;2020;8;15;5;3;0;7;0;1;0;0;0;0;0;356848,975800000130000;5641319,266200000400000;6,963962431000027;50,905757715000050;0
213648;5200829410230751207;5;7;70;4;2020;8;11;7;3;5;2;0;1;1;0;0;0;0;484946,232499999930000;5784878,966299999500000;8,779665869000041;52,214141643000062;0
213651;5200829410110578205;5;7;70;24;2020;8;11;7;3;3;7;0;1;1;0;0;0;0;493127,208899999970000;5794658,689099999100000;8,899207103000038;52,302229512000054;0
213656;5200827600110034562;5;3;14;0;2020;8;17;5;2;3;1;0;1;0;0;0;0;0;366742,350399999880000;5620457,186200000300000;7,112167181000075;50,720620324000038;0
213657;5200829407306353549;5;7;62;36;2020;8;10;7;3;5;3;0;1;1;0;0;0;0;511547,420800000430000;5707995,647299999400000;9,166442504000031;51,522958984000070;0
213658;5200830500300220204;5;1;11;0;2020;8;13;1;3;5;3;0;1;1;0;0;0;0;353240,821700000200000;5668014,435100000400000;6,901873627000043;51,144746793000081;0
213659;5200827518320296041;5;1;70;52;2020;8;10;5;3;3;3;0;1;1;0;0;0;0;323716,400100000200000;5725766,944700000800000;6,451498318000063;51,655213519000029;0
213662;5200831404302158123;5;7;66;8;2020;8;12;2;2;6;7;0;1;0;1;0;0;0;482236,156800000000000;5770862,639900000800000;8,740733336000062;52,088045261000048;0
213663;5200830500100781337;5;1;11;0;2020;8;1;1;3;0;7;2;1;0;0;0;0;0;346229,848000000230000;5677214,676999999200000;6,797781512000029;51,225576018000027;0
213664;5200827516114868081;5;1;58;32;2020;8;18;5;3;4;6;0;1;0;0;0;0;0;364614,336000000130000;5689278,157999999800000;7,056329838000067;51,338646207000068;0
213665;5200827515210096134;5;1;54;12;2020;8;7;5;3;5;3;0;1;1;0;0;0;0;313705,236999999730000;5711281,048000000400000;6,314623069000049;51,521877744000051;0
213666;5200827514217560576;5;1;66;36;2020;8;12;5;2;5;2;0;1;1;0;0;0;0;328519,388600000180000;5681695,814700000000000;6,542232506000062;51,260788766000076;0
213667;5200831500300522208;5;1;11;0;2020;8;19;2;3;5;3;1;1;1;0;0;0;0;349158,668999999760000;5673477,940999999600000;6,841265493000037;51,192780004000042;0
213668;5200827514116096032;5;1;66;16;2020;8;14;5;3;7;1;0;1;1;0;0;0;0;305147,596800000410000;5690143,573699999600000;6,203045205000024;51,329153555000062;0
213669;5200827513130882342;5;1;62;22;2020;8;15;5;3;2;6;0;1;1;0;0;0;0;339545,968000000340000;5679147,616000000400000;6,701273556000047;51,241103676000080;0
213671;5200830407101078083;5;7;62;20;2020;8;17;1;3;0;1;0;1;0;0;0;0;0;526469,438299999570000;5736260,074400000300000;9,383661510000025;51,776590554000052;0
213672;5200827513130195618;5;1;62;22;2020;8;18;5;3;9;1;0;1;0;0;0;0;0;339101,257299999710000;5680056,161800000800000;6,694499678000057;51,249141565000059;0
213673;5200827513120886929;5;1;62;20;2020;8;14;5;3;5;3;0;1;1;0;0;0;0;326419,442300000230000;5674384,953099999600000;6,515705776000061;51,194474880000030;0
213676;5200827506100396090;5;1;16;0;2020;8;9;5;3;5;3;0;1;1;0;0;0;0;321801,946700000200000;5677832,139699999200000;6,447977141000024;51,224020710000048;0
213678;5200829400300096853;5;7;11;0;2020;8;16;7;3;0;6;0;1;1;0;0;0;0;466858,767300000410000;5761020,964900000000000;8,517258278000043;51,998855766000077;0
213681;5200827505100178938;5;1;14;0;2020;8;15;5;3;0;7;0;1;0;0;0;0;0;330914,491200000050000;5689517,349999999600000;6,572822689000020;51,331772640000054;0
213682;5200829317240162200;5;9;78;40;2020;8;18;7;3;1;7;0;1;1;0;0;0;0;404520,563500000160000;5723727,960500000000000;7,619707285000061;51,656424315000038;0
213683;5200827503400360578;5;1;22;0;2020;8;15;5;3;3;7;0;1;0;0;0;0;0;363345,219399999830000;5671797,676799999500000;7,044799283000032;51,181248269000037;0
213687;5200827501112773460;5;1;12;0;2020;8;14;5;3;0;7;0;1;1;0;0;0;0;344220,859299999660000;5707965,506400000300000;6,755561765000039;51,501329806000058;0
213690;5200827500300001652;5;1;11;0;2020;8;11;5;3;5;2;0;1;0;0;0;0;1;347883,956299999730000;5675966,314999999500000;6,821982008000020;51,214801870000031;0
213691;5200829316200818951;5;9;74;52;2020;8;20;7;3;4;6;1;1;0;0;1;0;0;422088,425099999640000;5713242,565600000300000;7,875948044000040;51,564872417000061;0
213693;5200827410220282103;5;7;70;8;2020;8;7;5;2;5;3;0;1;0;0;0;0;1;474824,326000000350000;5799867,043999999800000;8,630400094000038;52,348520020000080;0
213694;5200827410110074622;5;7;70;24;2020;8;10;5;3;1;5;0;1;1;0;0;0;0;491950,983400000260000;5792620,899700000900000;8,882005899000035;52,283892808000076;0
213697;5200827406220678149;5;7;58;24;2020;8;15;5;3;1;6;0;1;0;0;0;0;0;484105,788700000380000;5783814,492699999400000;8,767414819000067;52,204547820000073;0
213699;5200827405112006445;5;7;54;40;2020;8;13;5;3;5;3;0;1;1;0;0;0;0;460365,797000000250000;5763310,992000000600000;8,422420160000058;52,019018684000059;0
213700;5200829313110774643;5;9;58;4;2020;8;15;7;2;0;1;0;1;0;0;0;0;0;429841,428399999630000;5697255,529799999700000;7,990961485000071;51,422161525000035;0
213701;5200827405108396967;5;7;54;8;2020;8;16;5;3;0;7;0;1;0;0;0;0;1;457083,211000000130000;5751868,899000000200000;8,376017064000052;51,915904635000061;0
213702;5200827405108182022;5;7;54;8;2020;8;15;5;3;5;3;0;1;1;0;0;0;0;457493,831000000240000;5750738,945000000300000;8,382126278000044;51,905777197000077;0
213704;5200827404101770345;5;7;66;20;2020;8;7;5;3;3;2;0;1;1;0;0;0;0;490865,890999999830000;5755203,478000000100000;8,867103241000052;51,947464909000075;1
213706;5200827317110037200;5;9;78;36;2020;8;13;5;3;4;5;0;1;0;0;0;0;0;409507,552199999800000;5710055,038899999100000;7,695307455000034;51,534340178000036;0
213713;5200830600310981279;5;3;14;0;2020;8;15;1;3;5;2;0;1;1;0;0;0;0;362315,217299999670000;5620006,015699999400000;7,049655438000059;50,715533256000072;0
213717;5200827303100559200;5;9;15;0;2020;8;14;5;2;5;3;0;1;1;0;0;0;0;421326,879399999980000;5722770,012700000800000;7,862825253000040;51,650416456000073;0
213718;5200827301401472206;5;9;13;0;2020;8;17;5;3;5;3;0;1;1;0;0;0;0;394241,481300000100000;5705129,261600000800000;7,476761221000061;51,487411234000035;0
213719;5200829301301018209;5;9;78;24;2020;8;18;7;3;4;6;0;1;1;0;0;0;0;397213,371399999600000;5718382,527300000200000;7,515677538000034;51,607088123000040;0
213721;5200830701800538209;5;5;62;4;2020;8;17;1;3;8;1;0;1;0;0;0;0;0;382235,417600000280000;5719210,045800000400000;7,299201806000042;51,611592283000050;0
213723;5200901302100171479;5;9;14;0;2020;9;13;3;3;0;7;0;1;1;0;0;0;0;395587,959999999960000;5689068,021999999900000;7,500877965000029;51,343290710000076;0
213724;5200901500200072594;5;1;11;0;2020;9;15;3;2;0;1;0;1;0;0;0;0;0;345549,808100000020000;5682733,383199999100000;6,785668623000049;51,274980197000048;0
213726;5200901600110169556;5;3;14;0;2020;9;14;3;3;1;5;0;1;1;0;0;0;0;365608,066100000400000;5622794,699599999900000;7,095255352000038;50,741368546000047;0
213727;5200902601420558205;5;3;15;0;2020;9;7;4;3;5;3;0;1;0;0;0;0;0;355210,346300000320000;5648403,195399999600000;6,937857302000055;50,969010760000060;0
213728;5200901301501947201;5;9;13;0;2020;9;17;3;2;5;3;0;1;1;0;0;0;0;389420,138799999840000;5711117,753699999300000;7,405469123000046;51,540314893000073;0
213731;5200901301301780208;5;9;78;24;2020;9;11;3;3;5;2;0;1;0;0;0;1;0;398007,640999999830000;5719325,231899999100000;7,526869029000068;51,615706134000050;0
213732;5200901702100168372;5;5;15;0;2020;9;16;3;3;2;6;0;1;0;0;0;0;0;405314,260700000450000;5755979,837600000200000;7,622368737000045;51,946460345000048;0
213734;5200902709300065811;5;5;66;84;2020;9;16;4;3;5;2;0;1;1;0;0;0;0;385718,171000000090000;5778860,205000000100000;7,329723618000060;52,148407722000059;0
213738;5200903513110981506;5;1;62;16;2020;9;7;5;2;5;2;0;1;0;0;0;0;0;332730,089900000020000;5677583,984600000100000;6,604446363000022;51,225098015000071;0
213739;5200901300400473286;5;9;11;0;2020;9;21;3;3;0;3;2;1;1;0;0;0;0;373948,596599999820000;5699597,386499999100000;7,186599921000038;51,433535651000057;0