OBJECTID;UIDENTSTLAE;ULAND;UREGBEZ;UKREIS;UGEMEINDE;UJAHR;UMONAT;USTUNDE;UWOCHENTAG;UKATEGORIE;UART;UTYP1;ULICHTVERH;IstRad;IstPKW;IstFuss;IstKrad;IstGkfz;IstSonstige;LINREFX;LINREFY;XGCSWGS84;YGCSWGS84;STRZUSTAND
213743;5200902705000470528;5;5;54;12;2020;9;13;4;3;3;7;0;1;0;0;1;0;0;353225,771599999630000;5745402,449500000100000;6,869474630000070;51,840121594000038;0
213744;5200902514210646108;5;1;66;12;2020;9;20;4;3;5;3;2;1;1;0;0;0;0;320548,127999999560000;5693980,577999999700000;6,421922792000032;51,368688747000078;0
213746;5200903501215378682;5;1;12;0;2020;9;10;5;3;0;3;0;1;1;0;0;0;0;337470,964900000020000;5697219,910900000500000;6,663332191000052;51,402887667000073;1
213747;5200831711211579152;5;5;70;4;2020;8;7;2;3;5;3;0;1;1;0;0;0;0;423625,223100000060000;5735848,046099999900000;7,893173772000068;51,768301392000069;0
213748;5200901500200071954;5;1;11;0;2020;9;16;3;3;9;1;0;1;0;0;0;0;0;341692,267699999730000;5685169,947100000500000;6,729329744000040;51,295814082000049;0
213749;5200903400100854107;5;7;11;0;2020;9;11;5;3;0;6;0;1;1;0;0;0;0;467061,742200000210000;5769772,255100000600000;8,519371681000052;52,077547053000046;0
213750;5200901601620553605;5;3;15;0;2020;9;14;3;3;1;7;0;1;1;0;0;0;0;363763,710799999540000;5639762,768400000400000;7,062829841000053;50,893441913000061;0
213754;5200831709700769049;5;5;66;28;2020;8;6;2;3;4;7;0;1;0;0;0;0;1;412985,252999999560000;5792410,499399999200000;7,724636463000024;52,275172910000038;0
213757;5200831709100402638;5;5;66;12;2020;8;16;2;2;6;1;0;1;0;1;0;0;0;404982,023000000040000;5772420,568000000000000;7,612972509000031;52,094177898000055;0
213759;5200902513210046675;5;1;62;24;2020;9;16;4;2;1;5;0;1;1;0;0;0;0;338215,730100000280000;5673655,384199999300000;6,684710392000056;51,191381345000082;0
213760;5200902313110954099;5;9;58;4;2020;9;19;4;3;1;7;0;1;1;0;0;0;0;434866,631599999960000;5692510,478199999800000;8,064095638000026;51,380100095000046;0
213761;5200903500100377207;5;1;11;0;2020;9;13;5;3;5;3;0;1;1;0;0;0;0;343025,437500000000000;5678309,195900000600000;6,751447597000038;51,234538303000079;1
213762;5200831709100074663;5;5;66;64;2020;8;18;2;3;5;7;0;1;1;0;0;0;0;396051,983000000010000;5771526,315999999600000;7,482936003000020;52,084535237000068;0
213765;5200901601110974206;5;3;15;0;2020;9;8;3;3;1;5;0;1;1;0;0;0;0;356448,902999999930000;5644614,114000000100000;6,956979232000037;50,935268858000029;0
213768;5200902500200902204;5;1;11;0;2020;9;7;4;3;0;1;0;1;0;0;0;0;0;348505,878999999720000;5678330,323100000600000;6,829880721000052;51,236209469000073;0
213769;5200903516300776290;5;1;58;28;2020;9;10;5;2;0;1;0;1;0;0;0;0;0;351032,724999999630000;5685040,701999999600000;6,863254420000033;51,297173135000037;1
213770;5200902607500471621;5;3;82;56;2020;9;7;4;3;7;7;0;1;0;0;0;0;0;369988,665099999870000;5624377,407800000200000;7,156748265000033;50,756591647000050;0
213771;5200902503100481126;5;1;24;0;2020;9;14;4;3;5;3;0;1;1;0;0;0;0;364585,998999999840000;5677569,346000000800000;7,060362511000051;51,233413666000047;0
213777;5200901516800150206;5;1;58;20;2020;9;7;3;3;5;3;0;1;1;0;0;0;0;356732,792100000200000;5664153,847799999600000;6,953296201000057;51,110938024000063;0
213778;5200902601320074204;5;3;15;0;2020;9;17;4;3;5;6;0;1;1;0;0;0;0;347451,848299999720000;5646866,440600000300000;6,828085183000042;50,953198995000037;0
213779;5200831705000679162;5;5;54;12;2020;8;14;2;3;0;7;0;1;0;0;0;0;0;352220,578499999830000;5746135,349800000000000;6,854581441000050;51,846441533000075;0
213780;5200902411132581993;5;7;74;32;2020;9;10;4;3;5;3;0;1;1;0;0;0;0;482639,608199999670000;5732939,005599999800000;8,748533854000073;51,747086749000061;0
213782;5200831702100087866;5;5;15;0;2020;8;15;2;3;5;3;0;1;0;0;0;0;0;407124,591500000100000;5756622,797000000300000;7,648526431000050;51,952544805000059;0
213784;5200831702100026998;5;5;15;0;2020;8;14;2;3;3;6;0;1;0;0;0;0;0;407558,856599999590000;5758810,778200000500000;7,654254826000056;51,972283902000072;0
213785;5200831701120869207;5;5;62;32;2020;8;16;2;3;3;5;0;1;1;0;0;0;0;375274,252399999650000;5715633,511800000400000;7,199989523000056;51,577950364000060;0
213789;5200901514210035822;5;1;66;12;2020;9;6;3;3;5;3;1;1;1;0;0;0;0;319790,724999999630000;5694892,926999999200000;6,410590972000023;51,376644325000029;0
213791;5200902407305639497;5;7;62;36;2020;9;17;4;3;0;7;0;1;0;0;0;0;0;515454,279000000100000;5706638,294999999900000;9,222695349000048;51,510660764000079;0
213792;5200903506100808208;5;1;16;0;2020;9;16;5;3;0;5;0;1;1;0;0;0;0;321715,034300000410000;5670857,445399999600000;6,450196335000044;51,161337956000068;1
213794;5200903407201376337;5;7;62;4;2020;9;7;5;3;0;5;0;1;1;0;0;0;0;501464,144000000320000;5731435,141000000800000;9,021201979000068;51,733832045000042;0
213798;5200902513310978782;5;1;62;8;2020;9;12;4;3;5;7;0;1;1;0;0;0;0;331705,370000000110000;5662554,209000000700000;6,596814058000064;51,089764565000053;0
213799;5200902709100668030;5;5;66;8;2020;9;22;4;2;5;3;2;1;1;0;0;0;0;399635,626000000160000;5781452,266699999600000;7,532289444000071;52,174409190000063;0
213800;5200902515210373974;5;1;54;12;2020;9;7;4;3;4;2;0;1;1;0;0;0;0;314940,992999999780000;5711768,503000000500000;6,332159218000072;51,526662230000056;0
213803;5200831608200280699;5;3;34;2;2020;8;10;2;3;5;2;0;1;1;0;0;0;0;294823,493599999700000;5629012,020500000600000;6,089698653000028;50,776520852000033;1
213804;5200903405108070277;5;7;54;8;2020;9;12;5;3;0;5;2;1;1;0;0;0;0;457494,942900000140000;5751232,096899999300000;8,382081597000024;51,910211002000040;0
213805;5200901606110546207;5;3;78;4;2020;9;18;3;3;5;2;0;1;1;0;0;0;0;369549,851400000040000;5646877,422599999200000;7,142511308000053;50,958723555000063;0
213806;5200831608200079469;5;3;34;2;2020;8;10;2;3;0;1;0;1;0;0;0;0;0;295546,152999999930000;5628419,944000000100000;6,100264179000021;50,771458388000042;1
213808;5200902505200582206;5;1;14;0;2020;9;15;4;3;0;7;0;1;1;0;0;0;0;330316,807099999860000;5689946,642899999400000;6,564046912000038;51,335451323000029;0
213809;5200902303100445447;5;9;15;0;2020;9;7;4;3;3;2;0;1;1;0;0;0;0;423085,532999999820000;5726014,382999999400000;7,887526190000074;51,679825989000051;0
213811;5200901406210460949;5;7;58;4;2020;9;13;3;3;5;2;0;1;1;0;0;0;0;471978,804999999700000;5781829,909399999300000;8,590124708000076;52,186222413000053;0
213812;5200903303100023107;5;9;15;0;2020;9;12;5;2;5;3;0;1;1;0;0;0;0;420811,753999999720000;5720535,571000000500000;7,855886678000047;51,630257133000043;1
213815;5200831607000078266;5;3;82;56;2020;8;16;2;3;0;7;0;1;0;0;0;0;0;370417,491100000220000;5627736,473099999100000;7,161641242000030;50,786879583000029;0
213817;5200903315110687613;5;9;70;40;2020;9;16;5;3;5;3;0;1;1;0;0;0;0;431806,902599999680000;5636826,740100000100000;8,030675252000037;50,879088362000061;1
213818;5200901601420163203;5;3;15;0;2020;9;13;3;3;0;1;0;1;0;0;0;0;0;355971,035400000400000;5648245,655400000500000;6,948746227000072;50,967785688000049;0
213819;5200902605120178604;5;3;74;20;2020;9;15;4;3;5;3;0;1;1;0;0;0;0;385738,977400000210000;5652912,858699999700000;7,371024591000037;51,016413310000075;0
213820;5200901513210847584;5;1;62;24;2020;9;13;3;3;6;6;0;1;0;1;0;0;0;337604,964999999850000;5675280,740299999700000;6,675242181000044;51,205811604000075;0
213828;5200901513210278680;5;1;62;24;2020;9;18;3;3;4;3;0;1;1;0;0;0;0;338180,306499999950000;5671098,808800000700000;6,685355087000062;51,168400808000058;0
213830;5200901600110223201;5;3;14;0;2020;9;17;3;3;0;1;0;1;0;0;0;0;0;366322,455599999990000;5621661,689899999600000;7,105785462000029;50,731349969000064;1
213832;5200902601500374362;5;3;15;0;2020;9;16;4;3;5;2;0;1;1;0;0;0;0;362445,485000000340000;5649803,676000000900000;7,040306536000060;50,983370523000076;0
213835;5200903514215479484;5;1;66;28;2020;9;13;5;3;0;7;0;1;0;0;0;0;0;325525,305999999870000;5688373,314200000800000;6,496100555000055;51,319867488000057;1
213837;5200901705000121048;5;5;54;48;2020;9;10;3;2;0;7;0;1;0;0;0;0;0;341971,752000000330000;5746274,003000000500000;6,705853181000066;51,844880613000043;0
213839;5200902711111581616;5;5;70;52;2020;9;16;4;3;1;5;0;1;1;0;0;0;0;430129,481900000010000;5756517,289799999400000;7,983236478000038;51,954962518000059;0
213840;5200901505200469208;5;1;14;0;2020;9;11;3;3;6;6;0;1;0;1;0;0;0;335786,356999999840000;5691643,102600000800000;6,641712050000024;51,352298852000047;0
213842;5200902406210679095;5;7;58;4;2020;9;13;4;2;2;6;0;1;0;0;0;0;0;472082,766999999990000;5782878,633999999600000;8,591558958000064;52,195656178000036;0
213844;5200831601510705204;5;3;15;0;2020;8;16;2;2;5;3;0;1;1;0;0;0;0;359643,202200000170000;5646774,469100000300000;7,001578075000055;50,955470481000077;0
213845;5200903406110987323;5;7;58;12;2020;9;15;5;3;5;3;0;1;1;0;0;0;0;479664,783599999730000;5773301,840299999300000;8,703058581000050;52,109886837000033;0
213846;5200902410220866205;5;7;70;8;2020;9;7;4;3;0;1;0;1;0;0;0;0;0;475230,637099999930000;5803481,039300000300000;8,636098094000033;52,381029132000037;0
213847;5200903513130579060;5;1;62;22;2020;9;7;5;3;1;6;0;1;1;0;0;0;0;333810,645299999970000;5682915,879899999100000;6,617431616000033;51,273317187000032;0
213849;5200903411132078071;5;7;74;32;2020;9;10;5;3;2;6;0;1;1;0;0;0;0;484071,691999999810000;5728437,721000000800000;8,769483410000021;51,706656873000043;0
213850;5200901700100668218;5;5;13;0;2020;9;16;3;3;8;7;0;1;0;0;0;0;0;369642,238499999980000;5709473,235300000800000;7,121038560000045;51,521314824000058;0
213851;5200831601510569202;5;3;15;0;2020;8;15;2;2;3;3;0;1;1;0;0;0;0;359940,084900000130000;5650023,183100000000000;7,004551281000033;50,984739199000046;0
213852;5200902705000964594;5;5;54;4;2020;9;17;4;3;2;1;0;1;0;0;0;0;0;356732,293200000190000;5777521,715800000400000;6,906922231000067;52,129624296000031;0
213854;5200902514212800414;5;1;66;12;2020;9;17;4;3;5;2;0;1;1;0;0;0;0;326230,105999999680000;5698881,046000000100000;6,501069161000032;51,414478249000069;0
213857;5200831601420850201;5;3;15;0;2020;8;14;2;3;0;7;0;1;0;0;0;0;1;355526,842699999920000;5649493,016100000600000;6,941928820000044;50,978884157000039;0
213859;5200903404000887357;5;7;66;20;2020;9;7;5;3;1;6;0;1;1;0;0;0;0;490187,557500000110000;5753718,981499999800000;8,857276219000028;51,934106216000032;0
213860;5200901602400869736;5;3;62;32;2020;9;6;3;3;0;3;1;1;1;0;0;0;0;336849,992999999780000;5641346,404999999300000;6,679738715000042;50,900696838000044;0
213861;5200831601420067204;5;3;15;0;2020;8;6;2;3;0;1;0;1;0;0;0;0;0;355693,065200000070000;5649977,337500000400000;6,944102795000049;50,983278307000035;1
213862;5200902609128185690;5;3;58;28;2020;9;12;4;3;5;2;0;1;1;0;0;0;0;322364,974000000390000;5624153,265000000600000;6,482268063000049;50,741958790000069;0
213863;5200901610111775534;5;3;70;16;2020;9;17;3;3;5;3;0;1;1;0;0;0;0;297068,893000000160000;5661776,912000000500000;6,103273408000064;51,071578371000044;0
213865;5200902701400325200;5;5;12;0;2020;9;11;4;3;1;5;0;1;0;0;0;0;1;356151,245500000190000;5709759,924100000400000;6,926594495000074;51,520616379000046;0
213866;5200902513210527201;5;1;62;24;2020;9;19;4;3;3;7;0;1;0;0;0;0;0;339068,047199999910000;5668383,064099999100000;6,699256714000057;51,144250309000029;0
213868;5200903500200870419;5;1;11;0;2020;9;12;5;3;5;2;0;1;1;0;0;0;0;350953,968100000170000;5677201,829500000900000;6,865392164000070;51,226713674000052;1
213869;5200831601200067855;5;3;15;0;2020;8;18;2;3;0;3;0;1;1;0;0;0;0;354825,094200000170000;5642971,181199999500000;6,934539359000041;50,920097741000063;0
213870;5200901316100682042;5;9;74;32;2020;9;8;3;3;0;7;0;1;0;0;0;0;0;438865,048999999650000;5705598,950999999400000;8,119281150000063;51,498220171000071;0
213872;5200901601220951207;5;3;15;0;2020;9;9;3;3;5;2;0;1;1;0;0;0;0;356767,359000000170000;5641897,007999999400000;6,962575647000051;50,910929609000050;0
213874;5200902602600669700;5;3;62;20;2020;9;14;4;3;5;2;0;1;1;0;0;0;0;343518,170800000430000;5629860,245400000400000;6,779401498000027;50,799328299000081;0
213876;5200902500300401076;5;1;11;0;2020;9;16;4;3;3;6;0;1;1;0;0;0;0;344560,591000000010000;5675975,462999999500000;6,774431735000064;51,213989110000057;0
213878;5200901711232202946;5;5;70;40;2020;9;15;3;3;5;3;0;1;1;0;0;0;0;412916,989000000060000;5746671,985999999600000;7,735306561000073;51,864035102000059;0
213881;5200831601110703206;5;3;15;0;2020;8;15;2;3;6;4;0;1;0;1;0;0;0;354770,762799999680000;5643769,242699999400000;6,933449064000058;50,927256060000047;0
213882;5200901310130580460;5;9;54;20;2020;9;18;3;3;0;1;0;1;1;0;0;0;0;391093,438000000080000;5695498,778000000900000;7,434401402000049;51,400250601000039;0
213884;5200901518100068242;5;1;70;48;2020;9;14;3;3;8;6;0;1;1;0;0;0;0;335939,871600000190000;5728387,821799999100000;6,626810964000072;51,682459107000057;0
213888;5200903514118209208;5;1;66;16;2020;9;16;5;3;0;3;0;1;1;0;0;0;0;310112,206000000240000;5687623,880999999100000;6,275562592000028;51,308201267000072;0
213890;5200901701400125206;5;5;12;0;2020;9;14;3;3;5;3;0;1;1;0;0;0;0;357521,745000000110000;5709332,135999999900000;6,946507819000033;51,517119675000060;0
213892;5200902709300036372;5;5;66;68;2020;9;22;4;3;0;1;2;1;0;0;0;0;0;375547,627899999730000;5785631,085100000700000;7,178670495000063;52,207053795000036;0
213896;5200901514214576261;5;1;66;8;2020;9;15;3;3;1;5;0;1;1;0;0;0;0;317477,635800000280000;5689242,547900000600000;6,380289479000055;51,325150731000065;0
213900;5200831600110046206;5;3;14;0;2020;8;16;2;2;3;6;0;1;1;0;0;0;0;362479,929700000210000;5623352,669399999100000;7,050738880000040;50,745651010000074;0
213901;5200903410110572323;5;7;70;24;2020;9;16;5;3;5;3;0;1;1;0;0;0;0;493603,384600000460000;5793689,378799999100000;8,906208857000024;52,293520690000037;1
213904;5200902702100772433;5;5;15;0;2020;9;17;4;2;0;7;0;1;0;1;0;0;0;405339,528300000350000;5758449,039400000100000;7,622055887000045;51,968658874000027;0
213905;5200902514111074206;5;1;66;32;2020;9;17;4;3;3;7;0;1;1;0;0;0;0;315191,663800000210000;5682499,107000000800000;6,351007295000045;51,263840282000046;0
213906;5200902400100054107;5;7;11;0;2020;9;9;4;3;4;3;0;1;1;0;0;0;0;466079,533800000320000;5764783,243400000000000;8,505535502000043;52,032633845000078;0
213907;5200903500300515207;5;1;11;0;2020;9;7;5;3;5;2;0;1;1;0;0;0;0;347220,028300000350000;5673829,709499999900000;6,813392886000031;51,195425884000031;0
213910;5200902405148046331;5;7;54;48;2020;9;16;4;3;5;3;0;1;1;0;0;0;0;444676,258000000380000;5764940,684200000000000;8,193537749000029;52,032327024000040;0
213912;5200831516210011209;5;1;58;12;2020;8;13;2;3;0;7;0;1;0;0;0;0;0;357766,790900000370000;5687535,970799999300000;6,958783679000021;51,321318547000033;0
213913;5200903405108087154;5;7;54;8;2020;9;14;5;3;8;6;0;1;1;0;0;0;0;458981,192800000310000;5748177,470899999100000;8,404050158000075;51,882859430000053;1
213916;5200902700200082308;5;5;13;0;2020;9;15;4;3;0;7;0;1;1;0;0;0;0;366479,406999999660000;5715841,453700000400000;7,073060206000037;51,577804437000054;0
213921;5200831515110078980;5;1;54;4;2020;8;19;2;3;2;6;0;1;0;0;0;0;0;309560,335099999790000;5741287,548399999700000;6,238607365000064;51,789986984000052;0
213924;5200901600140878283;5;3;14;0;2020;9;14;3;3;1;5;0;1;1;0;0;0;0;371672,925999999980000;5622956,822799999300000;7,181109184000036;50,744197801000041;0
213928;5200901601620246200;5;3;15;0;2020;9;13;3;3;5;3;0;1;1;0;0;0;0;363110,199500000100000;5636788,612199999400000;7,054656871000020;50,866557177000061;0
213929;5200902607000181193;5;3;82;28;2020;9;14;4;3;5;3;0;1;1;0;0;0;0;377315,163999999870000;5641042,039999999100000;7,254989950000038;50,907978413000080;0
213931;5200903600110592205;5;3;14;0;2020;9;16;5;3;5;3;0;1;1;0;0;0;0;364860,500900000330000;5622756,130599999800000;7,084680512000034;50,740848395000057;1
213934;5200901303100558254;5;9;15;0;2020;9;12;3;3;5;7;0;1;0;0;0;0;0;415663,971099999730000;5725318,729100000100000;7,780375433000074;51,672506991000034;0
213935;5200903300510145206;5;9;54;36;2020;9;16;5;3;0;1;0;1;0;0;0;0;0;385901,730399999770000;5701738,186400000000000;7,357789978000028;51,455310792000034;1
213937;5200902601210614207;5;3;15;0;2020;9;8;4;3;5;3;0;1;1;0;0;0;0;354136,677099999970000;5641899,947300000100000;6,925180114000057;50,910297242000070;0
213940;5200831513310573679;5;1;62;8;2020;8;9;2;3;5;3;0;1;1;0;0;0;0;331617,879900000060000;5661616,290500000100000;6,596002994000060;51,081312212000057;0
213941;5200831513310533206;5;1;62;8;2020;8;15;2;3;4;6;0;1;0;0;0;0;0;331533,565399999730000;5662081,020099999400000;6,594583715000056;51,085462798000037;0
213946;5200831513000081477;5;1;62;8;2020;8;13;2;3;5;3;0;1;1;0;0;0;0;330216,872399999760000;5662264,470200000300000;6,575715309000032;51,086722806000068;0
213947;5200902711142487306;5;5;70;44;2020;9;18;4;3;0;7;0;1;0;0;0;0;0;416614,137699999850000;5760026,353800000600000;7,785751192000021;51,984643134000066;0
213948;5200901513210971974;5;1;62;24;2020;9;13;3;3;0;1;0;1;0;0;0;0;0;341849,299700000320000;5672439,583000000600000;6,737201567000057;51,181474191000063;0
213949;5200902600140273828;5;3;14;0;2020;9;16;4;3;1;5;0;1;1;0;0;0;0;368060,212600000200000;5621558,724099999300000;7,130432299000063;50,730821815000070;0
213950;5200902406210679096;5;7;58;4;2020;9;20;4;2;0;1;2;1;0;0;0;0;0;471563,550099999640000;5783869,374700000500000;8,583879627000044;52,204536810000036;0
213951;5200903506100397863;5;1;16;0;2020;9;21;5;2;0;1;1;1;0;0;0;0;0;322569,852500000040000;5669713,307199999700000;6,462973040000065;51,151325393000036;0
213952;5200831505200946908;5;1;14;0;2020;8;12;2;3;5;2;0;1;1;0;0;0;0;330668,610399999660000;5691121,791300000600000;6,568533629000058;51,346113580000065;0
213955;5200831505200302116;5;1;14;0;2020;8;9;2;3;3;6;0;1;1;0;0;0;0;329626,307599999940000;5689712,457000000400000;6,554255866000062;51,333140974000059;0
213956;5200902701610258208;5;5;62;12;2020;9;8;4;3;5;3;0;1;1;0;0;0;0;361320,786000000310000;5726397,578400000900000;6,994480839000062;51,671416640000075;0
213959;5200831505100972135;5;1;14;0;2020;8;15;2;3;5;3;0;1;1;0;0;0;0;326772,099000000390000;5686241,064999999500000;6,515010755000048;51,301093305000052;0
213960;5200902706100138208;5;5;58;16;2020;9;7;4;3;5;2;0;1;1;0;0;0;0;382281,042399999690000;5743586,355399999800000;7,291621679000059;51,830681616000049;0
213961;5200902515111585966;5;1;54;44;2020;9;15;4;3;3;7;0;1;1;0;0;0;0;320848,008799999950000;5738204,540200000600000;6,403683389000037;51,766023610000047;0
213964;5200831505100389086;5;1;14;0;2020;8;11;2;2;5;3;0;1;1;0;0;0;0;330717,924899999980000;5689482,633899999800000;6,570020251000074;51,331402276000063;0
213968;5200902610212277521;5;3;70;40;2020;9;10;4;3;1;3;0;1;0;0;0;1;0;310490,282100000420000;5668454,455900000400000;6,291113158000030;51,136146337000071;0
213969;5200902505200056583;5;1;14;0;2020;9;5;4;3;5;3;2;1;1;0;0;0;0;328868,366000000390000;5690421,475999999800000;6,543045529000040;51,339283007000063;0
213973;5200831503300582145;5;1;20;0;2020;8;18;2;3;4;6;0;1;1;0;0;0;0;373495,544999999930000;5672171,309000000400000;7,189813612000023;51,186942677000047;0
213976;5200901601300378626;5;3;15;0;2020;9;20;3;3;0;5;2;1;1;0;0;0;0;354647,680999999870000;5646969,543099999400000;6,930421937000062;50,955985272000078;0
213978;5200902603116181272;5;3;66;16;2020;9;21;4;3;0;2;2;1;1;0;0;0;0;345844,939000000250000;5617816,978000000100000;6,817434015000060;50,691726926000058;0
213980;5200902500300451245;5;1;11;0;2020;9;18;4;3;5;2;0;1;1;0;0;0;0;343593,469200000170000;5675360,258800000000000;6,760864108000021;51,208197250000069;0
213983;5200831503100011204;5;1;24;0;2020;8;16;2;3;1;5;0;1;1;0;0;0;0;370958,385400000030000;5679304,923000000400000;7,150961328000051;51,250488729000040;0
213986;5200905601700875202;5;3;16;0;2020;9;17;7;2;0;1;0;1;0;0;0;0;0;365316,338999999690000;5656776,241000000400000;7,078592989000072;51,046714681000026;0
213989;5200905601600586638;5;3;15;0;2020;9;18;7;3;5;2;0;1;1;0;0;0;0;363646,233799999580000;5638846,470200000300000;7,061502395000048;50,885178943000028;0
213990;5200905601200485732;5;3;15;0;2020;9;0;7;3;4;6;2;1;1;0;0;0;0;357825,488599999810000;5637880,766699999600000;6,979180199000041;50,875097001000029;0
213991;5200905601110897202;5;3;15;0;2020;9;21;7;3;6;7;2;1;0;1;1;0;0;355367,247899999840000;5645201,018500000200000;6,941362719000040;50,940272992000075;0
213993;5200905601000586572;5;3;15;0;2020;9;16;7;2;0;1;0;1;0;0;0;0;0;354428,406999999660000;5651285,563999999300000;6,925573973000041;50,994716468000036;0
213994;5200907300110876202;5;9;11;0;2020;9;12;2;3;0;1;0;1;0;0;0;0;0;375621,875199999660000;5706348,519500000400000;7,208284052000067;51,494580506000034;0
213999;5200905518200974204;5;1;70;24;2020;9;10;7;3;0;3;0;1;1;0;0;0;0;336359,990100000050000;5703830,432399999400000;6,644320135000044;51,461958742000036;1
214001;5200906709100609878;5;5;66;8;2020;9;16;1;2;3;6;0;1;0;0;0;0;0;398814,535500000230000;5780745,292700000100000;7,520497117000048;52,167905158000053;0
214002;5200905514211385983;5;1;66;12;2020;9;9;7;3;5;3;0;1;1;0;0;0;0;322840,935999999750000;5695630,974099999300000;6,454004238000039;51,384234131000028;1
214006;5200905508104973206;5;1;19;0;2020;9;17;7;3;5;2;0;1;1;0;0;0;0;352605,068300000390000;5705359,239900000400000;6,877356510000027;51,480159609000054;0
214007;5200905505200778970;5;1;14;0;2020;9;22;7;2;5;3;2;1;1;0;0;0;0;329137,158900000150000;5689049,118599999700000;6,547559056000068;51,327034950000041;0
214010;5200907406130686804;5;7;58;8;2020;9;13;2;3;1;5;0;1;1;0;0;0;0;469927,412100000310000;5776720,060399999800000;8,560571948000074;52,140174559000059;0
214012;5200905502339573565;5;1;13;0;2020;9;17;7;3;3;6;0;1;0;0;1;0;0;363365,348500000310000;5707162,083100000400000;7,031515961000025;51,499062365000043;0
214013;5200907506100031205;5;1;16;0;2020;9;12;2;2;0;1;0;1;0;0;0;0;0;321416,128999999720000;5667577,587300000700000;6,447552682000037;51,131780668000033;0
214015;5200905502339481142;5;1;13;0;2020;9;10;7;3;2;7;0;1;1;0;0;0;0;365229,795500000010000;5706451,052300000600000;7,058631752000053;51,493120237000028;0
214019;5200907516340940201;5;1;58;28;2020;9;7;2;3;4;6;0;1;1;0;0;0;0;349757,027700000440000;5689286,280600000200000;6,843181072000050;51,334987176000027;0
214021;5200905500300076148;5;1;11;0;2020;9;10;7;3;4;6;0;1;1;0;0;0;0;347604,805999999870000;5673684,919999999900000;6,818957046000037;51,194227600000033;1
214022;5200905500200741208;5;1;11;0;2020;9;15;7;3;0;2;0;1;1;0;0;0;0;345713,319000000130000;5678603,848999999500000;6,789791740000055;51,237918970000067;0
214023;5200905500200706209;5;1;11;0;2020;9;8;7;3;7;7;0;1;0;0;0;0;0;341808,186999999920000;5680963,436000000700000;6,732853055000021;51,258050711000067;1
214024;5200906701300252207;5;5;62;14;2020;9;2;1;2;0;7;2;1;0;0;0;0;0;362566,365600000140000;5712096,411699999100000;7,018087922000063;51,543210112000054;0
214026;5200905500100759201;5;1;11;0;2020;9;15;7;3;6;4;0;1;0;1;0;0;0;346038,684000000360000;5676387,099999999600000;6,795401342000048;51,218088301000080;0
214027;5200905500100753207;5;1;11;0;2020;9;17;7;3;0;5;0;1;1;0;0;0;0;344784,675999999980000;5677357,583000000600000;6,777039229000025;51,226468946000068;0
214029;5200906608312584201;5;3;34;12;2020;9;13;1;3;4;5;0;1;1;0;0;0;0;307283,729600000200000;5633020,828299999200000;6,264114397000071;50,816804139000055;0
214030;5200905410110070339;5;7;70;24;2020;9;12;7;3;0;1;0;1;0;0;0;0;0;493878,753999999720000;5792758,200999999400000;8,910263405000023;52,285152070000038;1
214032;5200905406210039782;5;7;58;4;2020;9;16;7;2;0;1;0;1;0;0;0;0;0;472487,111800000070000;5782937,570599999300000;8,597469749000027;52,196206371000073;1
214035;5200907404101481978;5;7;66;40;2020;9;7;2;3;1;6;0;1;0;0;0;0;0;486371,595599999650000;5760606,435399999800000;8,801499297000021;51,995950657000037;0
214037;5200905405108587154;5;7;54;8;2020;9;14;7;3;5;2;0;1;1;0;0;0;0;459043,649000000210000;5750141,814999999500000;8,404724210000040;51,900524731000075;0
214038;5200905400300166201;5;7;11;0;2020;9;12;7;3;5;3;0;1;1;0;0;0;0;471734,112200000320000;5755249,301200000600000;8,588746699000069;51,947233696000069;1
214039;5200906605108086583;5;3;74;8;2020;9;12;1;3;0;5;0;1;1;0;0;0;0;393292,438900000420000;5650588,596799999500000;7,479352772000027;50,996971154000050;0
214043;5200907601100786598;5;3;15;0;2020;9;17;2;3;0;1;0;1;0;0;0;0;0;355577,845300000160000;5643689,108599999900000;6,944957332000058;50,926738529000033;0
214044;5200906602300025962;5;3;62;36;2020;9;12;1;3;5;3;0;1;1;0;0;0;0;345258,168999999760000;5647679,164000000800000;6,796531527000070;50,959917274000077;0
214045;5200906601600186430;5;3;15;0;2020;9;22;1;2;0;1;1;1;0;0;0;0;0;359454,939100000080000;5645064,734500000300000;6,999559176000048;50,940059055000063;0
214046;5200905301502151208;5;9;13;0;2020;9;0;7;3;5;3;2;1;1;0;0;0;0;390738,099700000140000;5706026,582200000100000;7,426044424000054;51,494810589000053;0
214047;5200906601210923201;5;3;15;0;2020;9;0;1;2;0;1;2;1;0;0;0;0;0;354774,917600000280000;5643771,387399999400000;6,933507290000023;50,927276380000080;1
214051;5200904709500074722;5;5;66;76;2020;9;20;6;3;1;6;2;1;1;0;0;0;0;393821,178700000050000;5793218,043999999800000;7,443599129000063;52,279063514000029;0
214052;5200906600110995200;5;3;14;0;2020;9;1;1;2;5;2;2;1;1;0;0;0;0;366555,691499999720000;5620429,570399999600000;7,109534348000068;50,720329278000065;0
214054;5200904705000486931;5;5;54;8;2020;9;7;6;3;5;3;0;1;1;0;0;0;0;336675,182500000110000;5747404,154500000200000;6,628497279000044;51,853509228000064;1
214056;5200906518320945137;5;1;70;52;2020;9;13;1;3;0;6;0;1;0;0;0;0;0;323522,505099999720000;5726227,958699999400000;6,448465513000031;51,659293774000048;0