OBJECTID;UIDENTSTLAE;ULAND;UREGBEZ;UKREIS;UGEMEINDE;UJAHR;UMONAT;USTUNDE;UWOCHENTAG;UKATEGORIE;UART;UTYP1;ULICHTVERH;IstRad;IstPKW;IstFuss;IstKrad;IstGkfz;IstSonstige;LINREFX;LINREFY;XGCSWGS84;YGCSWGS84;STRZUSTAND
214693;5200912301502574201;5;9;13;0;2020;9;12;7;3;5;3;0;1;1;0;0;0;0;391867,234899999570000;5703883,690099999300000;7,442959797000071;51,475766468000074;0
214695;5200912300800062150;5;9;54;36;2020;9;16;7;2;0;1;0;1;0;0;0;0;0;381178,468399999660000;5697850,633500000500000;7,291144864000046;51,419398546000082;0
214696;5200912300310629206;5;9;11;0;2020;9;19;7;2;0;1;0;1;0;0;0;0;0;382144,747899999840000;5705229,398199999700000;7,302576684000030;51,485919552000041;0
214699;5200911711151579116;5;5;70;32;2020;9;15;6;2;5;3;0;1;1;0;0;0;0;420356,172000000250000;5764077,575999999400000;7,839287896000030;52,021609118000072;0
214700;5200911709300487285;5;5;66;52;2020;9;15;6;2;5;3;0;1;1;0;0;0;0;377102,049999999810000;5778391,983999999200000;7,204029414000047;52,142350138000040;0
214701;5200911301402196203;5;9;13;0;2020;9;7;6;3;0;1;0;1;0;0;0;0;0;400260,400899999770000;5705440,970799999300000;7,563333385000021;51,491306862000044;0
214706;5200911706200552435;5;5;58;12;2020;9;11;6;3;5;3;0;1;1;0;0;0;0;373290,954199999570000;5756449,361500000600000;7,156499905000032;51,944308042000046;0
214707;5200911706100295209;5;5;58;16;2020;9;7;6;3;5;3;0;1;1;0;0;0;0;381533,705699999820000;5743060,666099999100000;7,280961234000074;51,825799164000045;0
214708;5200911705000165897;5;5;54;48;2020;9;14;6;3;0;3;0;1;1;0;0;0;0;341289,803299999800000;5745843,820100000100000;6,696159123000030;51,840822464000041;0
214709;5200911702100461966;5;5;15;0;2020;9;10;6;3;0;4;0;1;0;1;0;0;0;406366,149899999610000;5757290,396600000600000;7,637311417000035;51,958418339000048;0
214710;5200911300700457875;5;9;16;0;2020;9;18;6;2;0;5;0;1;1;0;0;0;0;373003,482699999590000;5708965,564200000800000;7,169643145000066;51,517518111000072;0
214712;5200911300700373255;5;9;16;0;2020;9;15;6;3;6;6;0;1;0;1;0;0;0;372273,880599999800000;5710563,489099999900000;7,158554121000066;51,531714233000059;0
214713;5200911701610668207;5;5;62;12;2020;9;8;6;3;5;3;0;1;1;0;0;0;0;358677,782700000330000;5725287,420800000400000;6,956733794000058;51,660782429000051;0
214714;5200911300500377742;5;9;11;0;2020;9;9;6;3;5;2;0;1;1;0;0;0;0;375530,497299999930000;5703114,602900000300000;7,208108084000060;51,465496041000051;0
214715;5200911701200797203;5;5;62;20;2020;9;13;6;3;1;5;0;1;1;0;0;0;0;367418,951399999670000;5718900,460899999400000;7,085455642000056;51,605516174000059;0
214716;5200914518100057224;5;1;70;48;2020;9;17;2;3;5;3;0;1;1;0;0;0;0;335168,614000000060000;5725972,073999999100000;6,616804651000052;51,660530987000072;0
214719;5200911700100375208;5;5;13;0;2020;9;12;6;3;5;3;0;1;1;0;0;0;0;364976,853099999950000;5709379,622400000700000;7,053869126000052;51,519377568000039;0
214720;5200911300310509202;5;9;11;0;2020;9;19;6;2;0;7;0;1;0;0;0;0;0;378877,195000000300000;5700221,567900000100000;7,257254205000038;51,440220683000064;0
214723;5200911609160081255;5;3;58;60;2020;9;16;6;2;6;1;0;1;0;1;0;0;0;330447,712000000290000;5623171,732000000800000;6,597171254000045;50,735556002000067;0
214724;5200914500200712200;5;1;11;0;2020;9;0;2;3;1;5;2;1;1;0;0;0;0;342629,142300000410000;5685460,729699999100000;6,742628281000066;51,298686486000065;0
214725;5200911608436473202;5;3;34;36;2020;9;11;6;3;5;3;0;1;1;0;0;0;0;297618,919999999930000;5633611,636299999400000;6,126762416000076;50,818814394000071;0
214727;5200911608404437204;5;3;34;4;2020;9;7;6;3;5;5;0;1;1;0;0;0;0;299474,423200000080000;5637412,578299999200000;6,150990953000076;50,853598453000075;0
214728;5200914502323242206;5;1;13;0;2020;9;8;2;3;5;3;0;1;1;0;0;0;0;358072,135300000200000;5706890,466000000000000;6,955417581000063;51,495317412000077;0
214729;5200911608312535208;5;3;34;12;2020;9;14;6;3;6;6;0;1;0;1;0;0;0;307758,411199999970000;5632782,337300000700000;6,270969957000034;50,814819618000058;0
214730;5200911607500278225;5;3;82;56;2020;9;18;6;3;0;5;0;1;1;0;0;0;0;371041,572999999860000;5624839,086300000500000;7,171506103000070;50,760976266000057;0
214731;5200911607400922207;5;3;82;68;2020;9;16;6;2;7;1;0;1;0;0;0;0;0;365756,937500000000000;5626210,364800000600000;7,096118515000057;50,772102676000031;0
214732;5200910711213572261;5;5;70;4;2020;9;22;5;2;8;1;2;1;0;0;0;0;0;423761,385099999610000;5734652,679600000400000;7,895408941000028;51,757574025000054;0
214736;5200911605104485532;5;3;74;4;2020;9;15;6;3;2;6;0;1;1;0;0;0;0;405573,133799999950000;5653624,176699999700000;7,653514951000034;51,026407476000031;0
214737;5200914317240984932;5;9;78;32;2020;9;15;2;3;0;7;0;1;0;0;0;0;0;394296,586400000380000;5728246,081199999900000;7,470591337000030;51,695204651000040;0
214738;5200911602800173707;5;3;62;12;2020;9;23;6;3;7;5;2;1;1;0;0;0;0;351563,756799999620000;5633711,613199999600000;6,891931619000047;50,836056104000079;0
214739;5200911602300281243;5;3;62;36;2020;9;18;6;3;0;1;0;1;0;0;0;0;0;345439,940999999640000;5652094,513000000300000;6,797240443000021;50,999641879000080;0
214740;5200910711114153158;5;5;70;52;2020;9;13;5;3;7;5;0;1;0;0;0;0;1;428595,595700000410000;5753088,667500000400000;7,961631016000069;51,923945827000068;0
214742;5200915500100415208;5;1;11;0;2020;9;17;3;3;4;6;0;1;0;0;0;0;0;343108,099899999800000;5679184,266499999900000;6,752247375000025;51,242423726000027;0
214744;5200915506100186805;5;1;16;0;2020;9;18;3;2;5;2;0;1;1;0;0;0;0;323054,063000000080000;5675531,662499999600000;6,467025047000050;51,203744142000062;0
214747;5200917300500385650;5;9;11;0;2020;9;13;5;3;8;1;0;1;0;0;0;0;0;380323,372999999670000;5700886,841000000000000;7,277827069000068;51,446507389000033;0
214748;5200915411132882081;5;7;74;32;2020;9;15;3;3;5;3;0;1;1;0;0;0;0;482280,959300000220000;5729713,806199999500000;8,743503063000048;51,718076851000035;0
214749;5200915602800448440;5;3;62;12;2020;9;7;3;3;5;3;0;1;1;0;0;0;0;350565,267400000240000;5633611,694900000500000;6,877802323000026;50,834901229000081;0
214750;5200915411132078140;5;7;74;32;2020;9;6;3;3;5;3;1;1;0;0;0;0;1;486043,751600000080000;5729060,282500000700000;8,797998183000061;51,712307065000061;0
214751;5200916601300586263;5;3;15;0;2020;9;0;4;3;0;1;2;1;0;0;0;0;0;354311,141099999660000;5646907,698300000300000;6,925658270000042;50,955344513000057;1
214752;5200915411132053240;5;7;74;32;2020;9;12;3;3;5;2;0;1;1;0;0;0;0;483440,977199999620000;5729452,725999999800000;8,760307473000069;51,715764850000028;0
214753;5200916500200702206;5;1;11;0;2020;9;16;4;3;5;3;0;1;0;0;0;0;1;346265,348600000140000;5683481,638100000100000;6,795597147000024;51,281897075000074;0
214755;5200915705000582365;5;5;54;12;2020;9;15;3;3;0;1;0;1;0;0;0;0;0;350535,228699999860000;5744384,964700000400000;6,830889045000049;51,830266127000073;0
214756;5200916702100823209;5;5;15;0;2020;9;13;4;3;3;6;0;1;0;0;0;0;0;404452,851499999870000;5757092,284399999300000;7,609530339000060;51,956312154000045;0
214758;5200915709500136091;5;5;66;76;2020;9;7;3;3;0;1;0;1;0;0;0;0;0;393905,834599999710000;5794390,766899999200000;7,444470417000048;52,289619363000043;0
214759;5200916709100852454;5;5;66;12;2020;9;9;4;3;0;3;0;1;1;0;0;0;0;400839,504999999890000;5775612,066999999800000;7,551593158000060;52,122136008000041;0
214761;5200915411132037882;5;7;74;32;2020;9;7;3;3;2;6;0;1;1;0;0;0;0;483342,605800000020000;5732021,272700000600000;8,758760660000064;51,738856506000047;0
214764;5200916411232066161;5;7;74;32;2020;9;17;4;3;0;2;0;1;0;0;0;0;0;478073,248900000010000;5732690,282099999500000;8,682406574000027;51,744690307000042;0
214766;5200915702100593200;5;5;15;0;2020;9;13;3;2;5;3;0;1;0;0;0;1;0;405509,891999999990000;5751883,525000000400000;7,626338932000067;51,909673984000051;0
214767;5200916700200019942;5;5;13;0;2020;9;17;4;3;5;3;0;1;1;0;0;0;0;364008,412100000310000;5712890,384299999100000;7,038563419000070;51,550694369000041;0
214768;5200915600380836201;5;3;14;0;2020;9;15;3;3;4;6;0;1;1;0;0;0;0;371316,453999999910000;5614021,871999999500000;7,179173295000055;50,663807942000062;0
214770;5200916516500422203;5;1;58;16;2020;9;14;4;3;5;3;0;1;1;0;0;0;0;355179,049700000320000;5671121,970300000200000;6,928312908000066;51,173165898000036;0
214771;5200915505200675930;5;1;14;0;2020;9;13;3;3;5;3;0;1;1;0;0;0;0;331414,993200000380000;5690065,244400000200000;6,579741061000050;51,336843490000035;0
214772;5200915407101537924;5;7;62;20;2020;9;15;3;3;3;6;0;1;1;0;0;0;0;526265,480800000020000;5736432,490100000100000;9,380718363000028;51,778150371000038;0
214773;5200916400200672236;5;7;11;0;2020;9;13;4;3;5;3;0;1;1;0;0;0;0;469894,995799999680000;5762233,061400000000000;8,561376595000070;52,009926286000052;0
214774;5200915405228038696;5;7;54;28;2020;9;7;3;3;5;3;0;1;1;0;0;0;0;453054,576000000350000;5743858,433000000200000;8,318537304000074;51,843561434000037;0
214775;5200916518320145137;5;1;70;52;2020;9;18;4;3;4;6;0;1;1;0;0;0;0;324788,733199999670000;5727489,665799999600000;6,466120895000074;51,671023397000056;0
214776;5200915405108670301;5;7;54;8;2020;9;9;3;3;0;1;0;1;0;0;0;0;0;456115,570600000210000;5749409,495500000200000;8,362262338000051;51,893717835000075;0
214780;5200916608200381206;5;3;34;2;2020;9;21;4;2;9;1;2;1;0;0;0;0;0;300866,319799999710000;5625359,113299999400000;6,177275764000058;50,745816719000061;0
214782;5200915405108087003;5;7;54;8;2020;9;17;3;3;5;7;0;1;0;0;0;0;0;456861,462600000200000;5751359,319100000000000;8,372857019000037;51,911306096000033;0
214786;5200915404103968059;5;7;66;32;2020;9;14;3;3;5;3;0;1;1;0;0;0;0;495533,247999999670000;5746660,092000000200000;8,935121677000041;51,870707600000060;0
214789;5200916602400269674;5;3;62;32;2020;9;8;4;3;5;3;0;1;1;0;0;0;0;336517,601099999620000;5641900,814999999500000;6,674767462000034;50,905584336000061;0
214792;5200916505200571915;5;1;14;0;2020;9;13;4;3;5;3;0;1;1;0;0;0;0;335760,123999999840000;5692457,107200000400000;6,640959863000035;51,359604551000075;0
214793;5200915505200076310;5;1;14;0;2020;9;15;3;3;0;7;0;1;1;0;0;0;0;331001,408999999990000;5689998,070000000300000;6,573841100000038;51,336117224000077;0
214794;5200917500300026203;5;1;11;0;2020;9;21;5;3;5;3;2;1;1;0;0;0;0;347470,398000000040000;5675848,427999999400000;6,816115367000066;51,213632265000058;0
214795;5200916300210050202;5;9;11;0;2020;9;8;4;2;5;2;0;1;0;0;0;1;0;370813,714999999850000;5704320,801400000200000;7,139801022000029;51,475279154000077;0
214796;5200916709700072667;5;5;66;28;2020;9;18;4;3;0;1;0;1;0;0;0;0;0;414445,841199999680000;5794652,822399999900000;7,745469295000021;52,295556964000070;0
214797;5200915400100538704;5;7;11;0;2020;9;9;3;2;2;6;0;1;1;0;0;0;0;466842,878999999720000;5765113,356000000600000;8,516630479000071;52,035647918000052;0
214798;5200915602300489820;5;3;62;36;2020;9;19;3;3;1;6;1;1;1;0;0;0;0;346643,942800000310000;5652254,127200000000000;6,814318810000032;51,001398311000059;0
214799;5200915317210269208;5;9;78;20;2020;9;17;3;3;5;2;0;1;1;0;0;0;0;407201,665599999950000;5716756,974600000300000;7,660301981000032;51,594210685000064;0
214800;5200916601210170208;5;3;15;0;2020;9;10;4;3;0;5;0;1;0;0;0;0;1;353791,902099999600000;5643642,805900000000000;6,919580775000043;50,925872555000069;0
214801;5200915316300270288;5;9;74;28;2020;9;14;3;3;3;2;0;1;1;0;0;0;0;454268,929399999790000;5724296,999600000700000;8,338737404000028;51,667790615000058;0
214803;5200915313121389384;5;9;58;32;2020;9;8;3;2;6;2;0;1;0;1;0;0;0;450220,533999999990000;5688552,688999999300000;8,285249406000048;51,346068959000036;0
214805;5200915313110389309;5;9;58;4;2020;9;7;3;2;0;1;0;1;0;0;0;0;0;435480,645999999720000;5692935,879100000500000;8,072839912000063;51,383994888000075;0
214807;5200917411132278140;5;7;74;32;2020;9;15;5;3;5;2;0;1;1;0;0;0;0;483304,563599999990000;5730229,649399999500000;8,758295659000055;51,722746365000035;0
214808;5200915709100812498;5;5;66;8;2020;9;17;3;3;0;7;0;1;0;0;0;0;1;399078,756599999960000;5782324,351800000300000;7,523889303000033;52,182145655000056;0
214809;5200916705000385882;5;5;54;8;2020;9;12;4;3;3;6;0;1;0;0;0;0;0;336277,681099999700000;5745749,338600000400000;6,623514274000058;51,838526823000052;0
214812;5200916600110045200;5;3;14;0;2020;9;15;4;3;1;3;0;1;0;0;0;0;0;363066,213800000030000;5623658,997700000200000;7,058930110000063;50,748542779000047;0
214813;5200915307000780406;5;9;62;40;2020;9;16;3;2;8;7;0;1;0;0;0;0;0;414009,196000000460000;5702312,129000000700000;7,762081475000059;51,465438020000079;0
214814;5200916411108578085;5;7;74;8;2020;9;16;4;3;1;3;0;1;1;0;0;0;0;487964,776999999770000;5737510,759199999300000;8,825510304000034;51,788332350000076;0
214815;5200917301504173200;5;9;13;0;2020;9;12;5;3;4;2;0;1;1;0;0;0;0;388249,720499999820000;5713388,810799999200000;7,387877662000051;51,560496834000048;0
214816;5200915702100555938;5;5;15;0;2020;9;21;3;2;5;3;2;1;0;0;0;0;0;405592,080799999650000;5757551,925799999400000;7,625977707000061;51,960638190000054;0
214817;5200916700100273608;5;5;13;0;2020;9;8;4;3;1;1;0;1;0;0;0;0;1;369344,126000000160000;5710995,790999999300000;7,116179304000070;51,534928878000073;0
214819;5200915705000520971;5;5;54;8;2020;9;11;3;3;5;2;0;1;1;0;0;0;0;336669,853000000120000;5745688,760999999900000;6,629230115000041;51,838097449000031;0
214820;5200916701930976209;5;5;62;36;2020;9;13;4;2;5;2;0;1;1;0;0;0;0;389669,586699999870000;5719701,389399999800000;7,406367820000071;51,617514549000077;0
214821;5200915601310204206;5;3;15;0;2020;9;8;3;3;0;1;0;1;0;0;0;0;0;353941,807799999600000;5646733,171399999400000;6,920473369000035;50,953682617000027;0
214823;5200916518100444120;5;1;70;48;2020;9;18;4;3;0;7;0;1;1;0;0;0;0;337332,847000000070000;5727366,721000000800000;6,647418119000065;51,673690862000058;0
214825;5200916405108070277;5;7;54;8;2020;9;7;4;3;5;3;0;1;1;0;0;0;0;457483,634999999780000;5753817,054999999700000;8,381597954000029;51,933450346000029;0
214827;5200916603116533833;5;3;66;16;2020;9;13;4;3;0;1;0;1;0;0;0;0;0;343538,939100000080000;5612698,452199999200000;6,786975321000057;50,645114702000058;0
214829;5200915301202566992;5;9;13;0;2020;9;8;3;3;5;2;0;1;1;0;0;0;0;392206,985999999570000;5708465,023000000000000;7,446450482000046;51,517010289000041;0
214833;5200915300600763243;5;9;16;0;2020;9;10;3;3;1;5;0;1;1;0;0;0;0;376233,542299999860000;5711222,527899999200000;7,215379188000043;51,538519119000057;0
214834;5200916513210782348;5;1;62;24;2020;9;8;4;3;0;1;0;1;0;0;0;0;0;337660,317400000060000;5674733,165200000600000;6,676281569000025;51,200907494000035;0
214835;5200915505100648646;5;1;14;0;2020;9;18;3;3;1;5;0;1;1;0;0;0;0;333298,540000000040000;5689339,279999999300000;6,607096121000041;51,330876686000067;0
214838;5200915516900182166;5;1;58;26;2020;9;15;3;2;0;3;0;1;0;0;0;0;1;352102,641400000080000;5661737,563200000700000;6,888187509000034;51,088048645000072;0
214839;5200916601700273207;5;3;16;0;2020;9;13;4;3;0;7;0;1;1;1;0;0;0;360263,612800000240000;5655393,697200000300000;7,007089590000021;51,033082882000031;0
214841;5200916503300706810;5;1;20;0;2020;9;19;4;3;3;6;2;1;0;0;1;0;0;377603,309799999930000;5669176,663899999100000;7,249582503000056;51,160921155000040;0
214844;5200915709800655928;5;5;66;40;2020;9;13;3;3;1;1;0;1;1;0;0;0;0;424361,196800000030000;5780077,629300000100000;7,894093289000068;52,165996404000055;0
214845;5200915516210155207;5;1;58;12;2020;9;7;3;3;4;6;0;1;0;0;0;0;0;358566,659799999560000;5688058,529500000200000;6,970047622000038;51,326213874000075;0
214846;5200916709110606884;5;5;66;12;2020;9;16;4;3;3;2;0;1;0;0;0;0;0;404689,694400000390000;5772166,212400000500000;7,608777719000045;52,091841434000060;0
214848;5200916301301185593;5;9;78;24;2020;9;16;4;3;5;2;0;1;1;0;0;0;0;398355,685200000180000;5715666,234200000800000;7,532954570000072;51,582879742000046;0
214849;5200915515210451487;5;1;54;12;2020;9;13;3;3;5;3;0;1;0;0;0;0;0;314329,839599999600000;5710247,637599999100000;6,324160266000035;51,512801417000048;0
214850;5200917301101885031;5;9;13;0;2020;9;15;5;3;5;3;0;1;1;0;0;0;0;392952,252999999560000;5707565,648000000000000;7,457460437000066;51,509068031000027;0
214851;5200915300510973206;5;9;54;36;2020;9;19;3;3;0;3;0;1;0;0;0;0;0;380709,818400000220000;5698390,475199999300000;7,284226402000058;51,424152112000058;0
214853;5200915300510967201;5;9;54;36;2020;9;19;3;3;0;1;0;1;0;0;0;0;0;384343,266499999910000;5700181,661100000100000;7,335877973000038;51,441004485000065;0
214854;5200916601510337201;5;3;15;0;2020;9;16;4;3;0;5;0;1;1;0;0;0;0;359955,278599999850000;5647254,408199999500000;7,005833908000057;50,959859671000061;0
214856;5200916500300774344;5;1;11;0;2020;9;8;4;3;5;3;0;1;1;0;0;0;0;347204,354600000200000;5673870,567299999300000;6,813151349000066;51,195788827000058;0
214857;5200917410210187039;5;7;70;20;2020;9;18;5;3;5;2;0;1;1;0;0;0;0;473966,222900000400000;5795073,128499999600000;8,618173947000059;52,305381414000067;0
214858;5200915705000668294;5;5;54;48;2020;9;7;3;3;5;3;0;1;1;0;0;0;0;341421,923499999570000;5745299,757799999800000;6,698324683000067;51,835972170000048;0
214859;5200915514217546115;5;1;66;36;2020;9;7;3;3;2;6;0;1;1;0;0;0;0;328944,837799999860000;5681733,656300000800000;6,548306218000050;51,261256536000076;0
214860;5200916702100827205;5;5;15;0;2020;9;16;4;3;5;2;0;1;1;0;0;0;0;405158,863199999560000;5753878,655600000200000;7,620687860000032;51,927547511000057;0
214861;5200915601400386527;5;3;15;0;2020;9;15;3;3;4;2;0;1;1;0;0;0;0;356197,345099999570000;5646274,879100000500000;6,952745862000029;50,950131225000064;0
214863;5200916518400182272;5;1;70;8;2020;9;16;4;3;5;2;0;1;1;0;0;0;0;343536,457000000400000;5716142,474500000500000;6,742074989000059;51,574608319000049;0
214865;5200914711111972261;5;5;70;52;2020;9;17;2;3;4;2;0;1;1;0;0;0;0;429327,885900000110000;5756689,385299999300000;7,971538184000053;51,956408289000080;0
214866;5200916600380176742;5;3;14;0;2020;9;21;4;2;0;1;2;1;0;0;0;0;0;369352,855000000450000;5614909,329099999700000;7,151091006000058;50,671347424000032;0
214867;5200914709700057409;5;5;66;40;2020;9;17;2;3;1;1;0;1;1;0;0;0;0;420813,006599999960000;5783458,557900000400000;7,841437279000047;52,195889365000028;0
214868;5200916500100460580;5;1;11;0;2020;9;14;4;3;5;3;0;1;0;0;0;0;1;347099,725899999960000;5675556,675699999600000;6,810936680000054;51,210911567000039;0
214870;5200915705000030800;5;5;54;68;2020;9;18;3;3;0;6;0;1;0;0;0;0;0;350754,344999999740000;5767273,039000000800000;6,824138370000071;52,035964945000046;0
214873;5200915601200186505;5;3;15;0;2020;9;13;3;3;5;2;0;1;1;0;0;0;0;356228,537700000220000;5640935,250900000300000;6,955295165000052;50,902152424000064;0
214874;5200914709300287329;5;5;66;84;2020;9;13;2;2;0;1;0;1;0;0;0;0;0;389317,134200000200000;5774778,372600000400000;7,383629273000054;52,112456577000046;0
214875;5200916516500429206;5;1;58;16;2020;9;16;4;3;6;4;0;1;0;1;0;0;0;354809,566800000150000;5672044,604100000100000;6,922658397000021;51,181363285000032;0
214878;5200916404101868187;5;7;66;20;2020;9;18;4;3;5;3;0;1;1;0;0;0;0;486189,882199999880000;5754993,944299999600000;8,799078424000072;51,945484551000050;0
214881;5200916406110232402;5;7;58;12;2020;9;7;4;3;5;3;0;1;0;0;0;0;0;478227,348000000230000;5772610,533299999300000;8,682113217000051;52,103616807000037;0
214883;5200915701500711204;5;5;62;24;2020;9;14;3;3;5;7;0;1;1;0;0;0;0;371051,242600000460000;5725637,752699999100000;7,135395643000038;51,666906066000081;0
214885;5200915600140695204;5;3;14;0;2020;9;7;3;3;5;1;0;1;1;0;0;0;0;368446,888199999930000;5623659,353900000500000;7,135158366000042;50,749790261000044;0
214888;5200915500300501983;5;1;11;0;2020;9;16;3;3;1;5;0;1;1;0;0;0;0;344799,483599999920000;5675164,792300000800000;6,778200142000060;51,206769881000071;0
214890;5200915513310080787;5;1;62;8;2020;9;7;3;2;5;3;0;1;1;0;0;0;0;330762,696600000370000;5662326,148700000700000;6,583472650000033;51,087438234000047;0
214895;5200915518320144694;5;1;70;52;2020;9;15;3;3;5;3;0;1;1;0;0;0;0;324066,733599999920000;5725842,354299999800000;6,456519706000051;51,656000639000069;0
214897;5200916505200786182;5;1;14;0;2020;9;14;4;3;6;4;0;1;0;1;0;0;0;332535,585500000040000;5690949,151200000200000;6,595397656000046;51,345115705000069;0
214899;5200917500300269384;5;1;11;0;2020;9;14;5;3;0;7;0;1;0;0;0;0;0;344674,214900000020000;5675223,724400000600000;6,776382772000034;51,207265359000075;0
214900;5200916300512577650;5;9;11;0;2020;9;13;4;3;0;1;0;1;0;0;0;0;0;377009,069099999960000;5703468,129000000700000;7,229259935000073;51,468996615000037;0
214903;5200915602300775613;5;3;62;36;2020;9;13;3;3;9;1;0;1;0;0;0;0;0;345543,821299999950000;5652115,547199999900000;6,798710807000020;50,999858783000036;0
214906;5200914610122671793;5;3;70;28;2020;9;14;2;3;5;3;0;1;1;0;0;0;0;298670,113400000150000;5644862,265399999900000;6,135475002000021;50,920228028000054;0
214907;5200916500200700070;5;1;11;0;2020;9;23;4;3;3;7;2;1;1;0;0;0;0;345281,022199999540000;5679412,304800000000000;6,783254606000071;51,245066201000043;0
214908;5200917405108606497;5;7;54;8;2020;9;11;5;3;5;2;0;1;1;0;0;0;0;457511,021999999880000;5750920,021600000600000;8,382353822000027;51,907406492000064;0
214910;5200915513210081522;5;1;62;24;2020;9;17;3;3;5;1;0;1;1;0;0;0;0;338685,066499999720000;5674857,216900000300000;6,690881186000070;51,202312343000074;0
214912;5200916502135286122;5;1;13;0;2020;9;17;4;3;5;2;0;1;1;0;0;0;0;366219,889000000430000;5702652,518999999400000;7,074323813000035;51,459219185000052;0
214913;5200917411132890735;5;7;74;32;2020;9;7;5;3;8;1;0;1;0;0;0;0;0;484127,245199999770000;5729530,414699999600000;8,770237603000055;51,716483217000075;0
214915;5200916705000881092;5;5;54;68;2020;9;19;4;2;2;6;1;1;0;0;0;0;0;351379,087299999780000;5766847,954399999200000;6,833424166000043;52,032313567000074;0
214916;5200915601420623207;5;3;15;0;2020;9;12;3;2;0;7;0;1;0;0;0;0;0;356044,150899999770000;5647735,686100000500000;6,949988624000071;50,963220977000049;0
214917;5200914608200958205;5;3;34;2;2020;9;20;2;3;1;1;2;1;1;0;0;0;0;297590,135099999610000;5628457,422299999700000;6,129193993000058;50,772511723000036;0
214918;5200916600130997714;5;3;82;8;2020;9;14;4;3;5;2;0;1;1;0;0;0;0;374915,237999999900000;5611491,731000000600000;7,230923213000040;50,641849398000033;0
214920;5200916411132576352;5;7;74;32;2020;9;15;4;3;5;2;0;1;1;0;0;0;0;483730,178600000220000;5731160,137099999900000;8,764413861000037;51,731125173000066;0
214922;5200915702100572362;5;5;15;0;2020;9;16;3;3;5;3;0;1;0;0;0;0;0;409431,864099999890000;5761518,570499999400000;7,680798934000052;51,996931545000052;0
214923;5200916700100475758;5;5;13;0;2020;9;21;4;2;5;3;2;1;0;0;1;0;0;367554,955299999560000;5709720,881300000500000;7,090877441000032;51,523054752000064;0
214925;5200914607500386532;5;3;82;56;2020;9;19;2;3;0;6;0;1;0;1;0;0;0;373180,660099999980000;5626517,158500000800000;7,201241518000074;50,776530946000037;0
214926;5200916515110079051;5;1;54;36;2020;9;15;4;2;2;1;0;1;1;0;0;0;0;302959,813000000080000;5741699,521500000700000;6,142791456000055;51,791401148000034;0
214928;5200915601310545205;5;3;15;0;2020;9;13;3;3;5;3;0;1;1;0;0;0;0;353570,114400000310000;5650030,876700000800000;6,913857476000032;50,983223415000055;0
214932;5200916405108369382;5;7;54;8;2020;9;5;4;3;0;1;2;1;0;0;0;0;0;457652,562300000340000;5751304,686100000500000;8,384363926000049;51,910875627000053;0
214933;5200917301102008340;5;9;13;0;2020;9;18;5;3;4;1;0;1;0;0;0;0;0;397827,626500000250000;5705401,991499999500000;7,528314845000068;51,490522090000070;0
214936;5200916607400255203;5;3;82;44;2020;9;7;4;3;4;6;0;1;0;0;0;0;0;360976,466400000270000;5632304,773800000500000;7,026055369000062;50,825749985000073;0
214937;5200915600110792209;5;3;14;0;2020;9;13;3;2;0;1;0;1;0;0;0;0;0;365577,886699999680000;5622059,985600000200000;7,095095863000040;50,734758003000081;0
214940;5200915500200401201;5;1;11;0;2020;9;18;3;3;4;6;0;1;0;0;0;0;0;346011,454699999650000;5680282,272099999700000;6,793337308000048;51,253080894000050;0
214942;5200916301404905204;5;9;13;0;2020;9;17;4;3;3;6;0;1;1;0;0;0;0;397429,093299999830000;5706780,491000000400000;7,522175713000024;51,502840905000028;0
214945;5200915608436169202;5;3;34;36;2020;9;17;3;3;3;2;0;1;1;0;0;0;0;298752,956000000240000;5632504,356000000600000;6,143448268000043;50,809264394000081;0
214946;5200916602200369688;5;3;62;4;2020;9;17;4;3;1;7;0;1;1;0;0;0;0;329411,883500000460000;5650325,732599999800000;6,569851761000052;50,979222378000031;0
214949;5200916503400678718;5;1;22;0;2020;9;15;4;3;3;6;0;1;1;0;0;0;0;361817,679800000040000;5670201,833799999200000;7,023571184000048;51,166539453000041;0
214951;5200917500200792205;5;1;11;0;2020;9;7;5;3;2;6;0;1;1;0;0;0;0;345301,455099999900000;5678370,029500000200000;6,783997363000026;51,235706487000073;0
214954;5200915601600486643;5;3;15;0;2020;9;15;3;3;0;1;0;1;0;0;0;0;0;362452,047199999910000;5645316,223200000800000;7,042096478000076;50,943042018000028;0
214955;5200914601700523202;5;3;15;0;2020;9;7;2;3;0;1;0;1;0;0;0;0;0;353622,401800000110000;5657532,769099999200000;6,911574453000071;51,050652493000030;0
214956;5200916601110438202;5;3;15;0;2020;9;19;4;3;1;7;0;1;1;0;0;0;0;356886,947999999860000;5642801,125600000800000;6,963920947000077;50,919084532000056;0
214959;5200915606230576558;5;3;78;16;2020;9;17;3;2;9;6;0;1;0;0;0;0;0;364568,924999999810000;5665572,823999999100000;7,064639282000030;51,125595962000034;0
214964;5200917411132178085;5;7;74;32;2020;9;17;5;3;4;6;0;1;0;0;0;0;0;482882,990000000220000;5732547,059000000400000;8,752078506000032;51,743570142000067;0
214965;5200915709100009878;5;5;66;8;2020;9;15;3;2;5;3;0;1;1;0;0;0;0;399562,148099999870000;5781326,694399999500000;7,531252476000077;52,173267209000073;0