OBJECTID;UIDENTSTLAE;ULAND;UREGBEZ;UKREIS;UGEMEINDE;UJAHR;UMONAT;USTUNDE;UWOCHENTAG;UKATEGORIE;UART;UTYP1;ULICHTVERH;IstRad;IstPKW;IstFuss;IstKrad;IstGkfz;IstSonstige;LINREFX;LINREFY;XGCSWGS84;YGCSWGS84;STRZUSTAND
214968;5200914601420538208;5;3;15;0;2020;9;7;2;3;5;3;0;1;0;0;0;0;0;351897,152800000270000;5651989,191800000100000;6,889242047000039;51,000393713000051;0
214969;5200916600110044201;5;3;14;0;2020;9;15;4;3;6;4;0;1;0;1;0;0;0;364036,411000000310000;5621168,109600000100000;7,073593523000056;50,726383172000055;0
214973;5200914601310514200;5;3;15;0;2020;9;7;2;2;4;6;0;1;0;0;0;0;0;353520,604299999770000;5648211,535599999100000;6,913885576000041;50,966861183000049;0
214977;5200916701910151205;5;5;62;8;2020;9;13;4;3;4;5;0;1;1;0;0;0;0;384887,701999999580000;5722558,736500000600000;7,336388748000047;51,642238007000060;0
214979;5200914601300886626;5;3;15;0;2020;9;20;2;3;5;2;2;1;1;0;0;0;0;352350,670099999760000;5645757,342299999700000;6,898231191000036;50,944507881000050;0
214980;5200916516700086799;5;1;58;8;2020;9;13;4;2;5;3;0;1;1;0;0;0;0;360287,245299999600000;5673414,134400000800000;7,000446519000036;51,195035806000078;0
214983;5200915610221711825;5;3;70;20;2020;9;18;3;2;0;6;0;1;0;0;0;0;1;305213,956699999980000;5662313,664300000300000;6,219100731000026;51,079221217000054;0
214984;5200916602700099202;5;3;62;28;2020;9;7;4;3;5;2;0;1;1;0;0;0;0;350814,794499999840000;5638430,834300000200000;6,879379372000074;50,878273100000058;0
214985;5200915600110486275;5;3;14;0;2020;9;11;3;3;5;3;0;1;1;0;0;0;0;362717,146900000050000;5623658,284099999800000;7,053985309000041;50,748453923000056;0
214987;5200916610211363494;5;3;70;4;2020;9;12;4;3;5;3;0;1;1;0;0;0;0;311868,550200000410000;5660897,455700000700000;6,314729418000070;51,068720449000068;0
214988;5200915600360798203;5;3;82;12;2020;9;13;3;3;5;2;0;1;1;0;0;0;0;358596,031600000340000;5625185,066500000700000;6,995018814000048;50,761186523000049;0
214989;5200914601220621206;5;3;15;0;2020;9;10;2;3;1;6;0;1;1;0;0;0;0;359093,985399999660000;5639707,006400000300000;6,996494287000076;50,891820407000068;0
214990;5200916513130486019;5;1;62;22;2020;9;10;4;1;5;3;0;1;1;0;0;0;0;338087,519899999720000;5686426,127499999500000;6,677100603000042;51,306086812000046;0
214991;5200915500100560580;5;1;11;0;2020;9;8;3;3;4;2;0;1;1;0;0;0;0;345865,525100000200000;5676906,510700000500000;6,792700523000065;51,222708737000062;0
214995;5200915506100584207;5;1;16;0;2020;9;12;3;3;5;2;0;1;1;0;0;0;0;317750,338200000110000;5672441,755200000500000;6,392753232000075;51,174320587000068;0
214996;5200916601620340209;5;3;15;0;2020;9;15;4;3;0;2;0;1;1;0;0;0;0;363711,537100000310000;5640155,094799999100000;7,061942032000047;50,896955642000080;0
214997;5200914601110095205;5;3;15;0;2020;9;9;2;3;5;3;0;1;1;0;0;0;1;355975,663300000130000;5644885,112299999200000;6,950141569000039;50,937586286000055;0
214999;5200917411132953240;5;7;74;32;2020;9;17;5;3;0;1;0;1;0;0;0;0;0;482993,184399999680000;5730306,099700000100000;8,753784049000046;51,723424394000062;0
215000;5200918518300882291;5;1;70;20;2020;9;8;6;3;3;6;0;1;0;0;0;0;0;329302,241999999620000;5709315,957000000400000;6,540167148000023;51,509153547000039;0
215001;5200918301101480418;5;9;13;0;2020;9;11;6;3;5;3;0;1;1;0;0;0;0;393618,893400000410000;5707874,290899999400000;7,466969770000048;51,511968169000056;0
215002;5200919701610688205;5;5;62;12;2020;9;15;7;2;5;3;0;1;0;0;0;0;0;362337,713999999690000;5725465,739000000100000;7,009544754000046;51,663293198000076;0
215003;5200919601200187255;5;3;15;0;2020;9;16;7;2;0;1;0;1;0;0;0;0;0;355286,978799999690000;5641948,508199999100000;6,941511889000026;50,911023185000033;0
215004;5200918500300301076;5;1;11;0;2020;9;12;6;3;1;5;0;1;1;0;0;0;0;344261,895299999970000;5674551,106699999400000;6,770776760000047;51,201109366000026;0
215005;5200919310220784900;5;9;54;8;2020;9;15;7;3;0;1;0;1;0;0;0;0;0;384935,806400000120000;5683513,417199999100000;7,349794766000059;51,291307842000037;0
215007;5200918607400564428;5;3;82;68;2020;9;7;6;3;5;3;0;1;1;0;0;0;0;370432,177000000140000;5630121,668999999800000;7,161008017000029;50,808321434000050;0
215010;5200917709800068146;5;5;66;40;2020;9;15;5;3;2;7;0;1;1;0;0;0;0;421779,700199999850000;5781562,710300000400000;7,856015119000062;52,178985825000041;0
215011;5200919514110079534;5;1;66;32;2020;9;11;7;3;0;7;0;1;0;0;0;0;1;318883,452499999660000;5681985,292300000800000;6,404125697000040;51,260409621000065;0
215012;5200918500300242203;5;1;11;0;2020;9;15;6;3;6;6;0;1;0;1;0;0;0;349508,246000000280000;5670460,664000000800000;6,847528128000022;51,165759316000049;0
215014;5200920513120600443;5;1;62;20;2020;9;12;1;3;1;1;0;1;0;0;0;0;0;326177,097000000070000;5673724,878000000500000;6,512560292000046;51,188471288000073;0
215017;5200920516900691072;5;1;58;26;2020;9;17;1;3;5;3;0;1;1;0;0;0;0;351899,560700000260000;5663093,000900000300000;6,884733979000032;51,100176511000029;0
215018;5200918602800503209;5;3;62;12;2020;9;17;6;3;1;5;0;1;1;0;0;0;0;351671,907300000080000;5632834,108999999200000;6,893821520000074;50,828197985000031;0
215020;5200918503400674120;5;1;22;0;2020;9;14;6;2;4;2;0;1;1;0;0;0;0;363761,570700000040000;5672032,082200000100000;7,050663684000028;51,183454244000075;0
215026;5200918601110832209;5;3;15;0;2020;9;18;6;3;0;1;0;1;0;0;0;0;0;356567,943799999540000;5643760,735500000400000;6,959008085000050;50,927629254000067;0
215027;5200917706200070570;5;5;58;12;2020;9;18;5;3;5;3;0;1;1;0;0;0;0;372820,457000000400000;5756986,506999999300000;7,149459741000044;51,949027664000027;0
215028;5200919701200654206;5;5;62;20;2020;9;14;7;3;6;4;0;1;0;1;0;0;0;372069,863599999810000;5718421,286699999100000;7,152753946000075;51,602285711000036;0
215029;5200918502215160588;5;1;13;0;2020;9;7;6;3;5;3;0;1;0;0;0;0;1;365231,182000000030000;5700970,006999999300000;7,060741699000062;51,443864519000044;0
215030;5200917706000958249;5;5;58;16;2020;9;11;5;3;5;3;0;1;1;0;0;0;0;380339,331000000240000;5744618,308000000200000;7,263099871000065;51,839543291000041;0
215031;5200917705000785682;5;5;54;8;2020;9;12;5;3;1;5;0;1;1;0;0;0;0;335895,146200000310000;5746105,286499999500000;6,617797974000041;51,841612187000067;0
215032;5200918502339938561;5;1;13;0;2020;9;15;6;3;3;6;0;1;1;0;0;0;0;363896,834800000300000;5706738,733799999600000;7,039331504000074;51,495386172000053;0
215033;5200917705000681780;5;5;54;4;2020;9;13;5;2;3;2;0;1;0;0;0;0;0;363129,039300000300000;5772161,919099999600000;7,002466704000028;52,083085987000061;0
215035;5200918500200050578;5;1;11;0;2020;9;12;6;3;5;2;0;1;1;0;0;0;0;347822,880199999550000;5676397,196100000300000;6,820925341000020;51,218657347000033;0
215036;5200918701700029209;5;5;62;16;2020;9;18;6;3;1;5;0;1;1;0;0;0;0;374152,491299999880000;5734263,295199999600000;7,177101319000030;51,745125796000082;0
215037;5200920410140890736;5;7;70;12;2020;9;14;1;3;5;3;0;1;0;0;0;0;0;482319,191700000320000;5798364,040200000600000;8,740508607000038;52,335300418000031;0
215038;5200918600310441202;5;3;14;0;2020;9;14;6;3;0;7;0;1;0;0;0;0;0;362060,122100000270000;5618931,269200000900000;7,046445833000064;50,705813254000077;0
215039;5200917702100965831;5;5;15;0;2020;9;14;5;3;2;6;0;1;1;0;0;0;0;405392,118999999950000;5758849,607300000300000;7,622710800000050;51,972268294000060;0
215040;5200919700000571568;5;5;13;0;2020;9;14;7;3;8;6;0;1;1;0;0;0;0;364529,923200000080000;5718441,061100000500000;7,043939821000038;51,600700271000051;0
215042;5200918500300487163;5;1;11;0;2020;9;16;6;2;5;3;0;1;1;0;0;0;0;344949,914499999960000;5674692,167600000300000;6,780556136000030;51,202563998000073;0
215043;5200919314210263933;5;9;66;4;2020;9;18;7;3;5;3;0;1;1;0;0;0;0;423941,580500000160000;5664709,750299999500000;7,913051453000037;51,128799449000041;0
215044;5200917701910229200;5;5;62;8;2020;9;14;5;3;5;3;0;1;0;0;0;0;0;385544,723799999800000;5724099,375600000800000;7,345375630000035;51,656218983000031;0
215046;5200919411132069202;5;7;74;32;2020;9;16;7;3;7;7;0;1;0;0;0;0;0;485104,896599999630000;5726463,164999999100000;8,784520303000022;51,688931313000069;0
215047;5200918610111671751;5;3;70;16;2020;9;7;6;3;5;3;0;1;0;0;1;0;0;296255,295800000430000;5660543,375099999800000;6,092370469000059;51,060212015000047;0
215048;5200920316300077156;5;9;74;28;2020;9;11;1;3;0;7;0;1;0;0;0;0;0;457925,186999999920000;5720575,323400000100000;8,392050652000023;51,634614795000061;0
215049;5200918518100685889;5;1;70;48;2020;9;16;6;3;4;2;0;1;1;0;0;0;0;334936,472000000070000;5725359,439999999500000;6,613740624000059;51,654959154000039;0
215051;5200919610121673703;5;3;70;12;2020;9;14;7;3;7;7;0;1;0;1;0;0;0;293974,377199999990000;5651500,887399999400000;6,065001028000040;50,978190891000054;0
215052;5200919601100486606;5;3;15;0;2020;9;15;7;3;2;6;0;1;0;0;0;0;0;354976,121100000110000;5643911,488299999400000;6,936312614000030;50,928586052000071;0
215055;5200917701610306203;5;5;62;12;2020;9;16;5;3;0;7;0;1;0;0;0;0;0;362438,006099999880000;5726500,106399999900000;7,010586682000053;51,672612630000060;0
215056;5200918606110681470;5;3;78;4;2020;9;17;6;3;5;3;0;1;1;0;0;0;0;366001,294400000010000;5650965,362999999900000;7,090505995000058;50,994649817000038;0
215058;5200918505100890208;5;1;14;0;2020;9;17;6;3;0;1;0;1;0;0;0;0;0;337390,306300000290000;5690765,844799999100000;6,665126688000044;51,344878381000058;0
215060;5200919513210071856;5;1;62;24;2020;9;11;7;3;6;4;0;1;0;1;0;0;0;341362,914800000380000;5669828,122999999700000;6,731400397000073;51,157875003000072;0
215061;5200917700200910209;5;5;13;0;2020;9;12;5;3;5;3;0;1;1;0;0;0;0;366581,585799999540000;5712096,198100000600000;7,075955297000064;51,544171684000048;0
215063;5200917700200853208;5;5;13;0;2020;9;6;5;3;5;3;2;1;1;0;0;0;0;363171,111100000330000;5714265,291999999400000;7,025959535000027;51,562847274000035;0
215064;5200919515212017660;5;1;54;32;2020;9;10;7;2;3;6;0;1;1;0;0;0;0;312107,361399999820000;5719795,075999999400000;6,287068365000039;51,597817819000056;0
215065;5200918411232557339;5;7;74;32;2020;9;16;6;3;7;3;0;1;1;0;0;0;0;481246,385200000370000;5732471,909199999600000;8,728378371000076;51,742842062000079;0
215068;5200918601700687648;5;3;16;0;2020;9;15;6;2;5;2;0;1;1;0;0;0;0;354699,876799999740000;5660207,405300000700000;6,925862154000072;51,074961722000069;0
215069;5200917700100937204;5;5;13;0;2020;9;15;5;2;5;2;0;1;1;0;0;0;0;365945,798999999650000;5709147,994999999200000;7,067914381000037;51,517526816000043;0
215070;5200918503200986695;5;1;24;0;2020;9;9;6;3;5;2;0;1;1;0;0;0;0;372540,746100000110000;5680674,060799999200000;7,173134766000032;51,263149757000065;0
215072;5200919505200475930;5;1;14;0;2020;9;0;7;3;0;7;2;1;0;0;0;0;0;336561,288399999960000;5691542,907099999500000;6,652876884000023;51,351622062000047;0
215073;5200918411132972312;5;7;74;32;2020;9;13;6;3;4;6;0;1;1;0;0;0;0;480800,926599999890000;5732259,717399999500000;8,721938278000039;51,740919106000035;0
215074;5200918702100447546;5;5;15;0;2020;9;18;6;3;0;3;0;1;0;0;0;0;0;404404,087700000030000;5755373,011199999600000;7,609299081000074;51,940850283000032;0
215076;5200918705000285882;5;5;54;8;2020;9;16;6;3;5;3;0;1;0;0;0;0;1;335754,531999999660000;5744375,902000000700000;6,616579438000031;51,826035052000066;0
215077;5200920505200279065;5;1;14;0;2020;9;16;1;3;5;3;0;1;1;0;0;0;0;326453,395499999630000;5695160,911200000000000;6,506096041000035;51,381127347000074;0
215082;5200919500200400205;5;1;11;0;2020;9;18;7;3;0;1;0;1;0;0;0;0;0;345741,605999999680000;5678497,544299999300000;6,790242420000027;51,236971424000046;0
215083;5200918701120466201;5;5;62;32;2020;9;12;6;3;1;5;0;1;1;0;0;0;0;374720,235399999660000;5713836,655099999200000;7,192639028000031;51,561678897000036;0
215084;5200920405108857422;5;7;54;8;2020;9;4;1;3;1;5;2;1;1;0;0;0;0;458193,566800000150000;5748784,025299999900000;8,392534157000057;51,888254230000030;0
215085;5200918600000775536;5;3;14;0;2020;9;13;6;3;5;3;0;1;1;0;0;0;0;369413,104100000110000;5624185,917899999800000;7,148660638000024;50,754741279000029;0
215086;5200917607400378277;5;3;82;68;2020;9;6;5;3;5;3;2;1;1;0;0;0;0;367805,230999999680000;5631063,342000000200000;7,123404962000052;50,816191651000054;0
215088;5200919601310983205;5;3;15;0;2020;9;9;7;2;0;1;0;1;0;0;0;0;0;353725,640599999580000;5647486,755899999300000;6,917094967000026;50,960399972000062;0
215092;5200919608416185851;5;3;34;16;2020;9;17;7;3;0;1;0;1;0;0;0;0;0;294423,457000000400000;5638496,699999999300000;6,078717925000035;50,861562102000050;0
215093;5200919601700172640;5;3;16;0;2020;9;0;7;2;0;1;2;1;0;0;0;0;0;364785,899000000210000;5657799,350999999800000;7,070648127000027;51,055785081000067;0
215094;5200918501212814204;5;1;12;0;2020;9;9;6;3;1;1;0;1;1;0;0;0;0;340254,945600000210000;5697082,927100000900000;6,703384100000051;51,402447778000067;0
215095;5200919400200368165;5;7;11;0;2020;9;17;7;3;5;3;0;1;1;0;0;0;0;470247,550499999900000;5763052,184599999300000;8,566441905000033;52,017309773000079;0
215096;5200920313110689309;5;9;58;4;2020;9;14;1;3;0;1;0;1;0;0;0;0;0;429656,760800000280000;5698351,920700000600000;7,988088277000031;51,431995668000070;0
215098;5200918516300476679;5;1;58;28;2020;9;14;6;3;5;3;0;1;0;0;0;0;1;348123,398500000130000;5684878,742599999500000;6,821624810000060;51,294949225000039;0
215099;5200917602900377208;5;3;62;40;2020;9;17;5;3;5;3;0;1;1;0;0;0;0;359145,875199999660000;5630922,078400000900000;7,000611188000050;50,812880816000074;0
215102;5200918410250010071;5;7;70;44;2020;9;0;6;1;8;7;2;1;0;0;0;0;0;462707,632000000220000;5802830,164999999100000;8,452194952000070;52,374468230000048;0
215103;5200920307000580491;5;9;62;4;2020;9;14;1;3;1;7;0;1;1;0;0;0;0;407487,489500000140000;5683046,247600000400000;7,673238741000034;51,291218926000056;0
215104;5200919301201385056;5;9;13;0;2020;9;11;7;3;0;7;0;1;0;0;0;0;0;390672,306300000290000;5711951,283399999100000;7,423258656000030;51,548050806000049;0
215109;5200918607400941636;5;3;82;68;2020;9;7;6;3;0;6;0;1;0;0;0;0;0;367755,655100000090000;5631503,077199999200000;7,122543082000050;50,820132650000062;0
215110;5200917602800169542;5;3;62;12;2020;9;7;5;3;5;2;0;1;0;0;0;0;0;352410,086000000130000;5633465,937000000800000;6,904041372000052;50,834064725000076;0
215114;5200918400200066208;5;7;11;0;2020;9;12;6;3;3;2;0;1;1;0;0;0;0;467504,542200000030000;5763324,161200000000000;8,526445885000044;52,019601141000066;0
215118;5200918601620816203;5;3;15;0;2020;9;18;6;3;0;5;0;1;1;0;0;0;0;362512,483599999920000;5636690,583100000400000;7,046204826000064;50,865534302000071;0
215119;5200917602300025962;5;3;62;36;2020;9;17;5;3;5;2;0;1;1;0;0;0;0;346998,068300000390000;5652481,952899999900000;6,819265988000041;51,003539825000075;0
215121;5200920518320752466;5;1;70;52;2020;9;14;1;3;0;1;0;1;0;0;0;0;0;323876,711500000210000;5726892,672599999200000;6,453246288000059;51,665375720000043;0
215122;5200918603104078298;5;3;66;4;2020;9;15;6;3;1;1;0;1;1;0;0;0;0;341468,717899999580000;5601973,421000000100000;6,762293797000041;50,548177365000072;0
215123;5200917601700330201;5;3;16;0;2020;9;18;5;3;5;2;0;1;0;0;0;0;0;359416,810100000350000;5656125,001299999700000;6,994736687000057;51,039448546000074;0
215124;5200918505100079007;5;1;14;0;2020;9;16;6;3;0;1;0;1;0;0;0;0;0;337421,001299999650000;5690767,733100000800000;6,665566175000038;51,344904126000074;0
215125;5200917601620291204;5;3;15;0;2020;9;19;5;2;0;7;2;1;0;0;0;0;0;359202,730299999940000;5640544,969699999300000;6,997716462000028;50,899377841000046;0
215127;5200918317240389264;5;9;78;40;2020;9;16;6;3;5;3;0;1;1;0;0;0;0;405756,970399999990000;5724495,400699999200000;7,637368918000050;51,663531459000069;0
215128;5200920300600473198;5;9;16;0;2020;9;18;1;2;1;5;0;1;1;0;0;0;0;377436,884100000370000;5711777,038599999600000;7,232528457000058;51,543765289000078;0
215129;5200918705000142405;5;5;54;12;2020;9;15;6;3;0;1;0;1;0;0;0;0;0;352925,834900000130000;5752409,105599999400000;6,862139763000073;51,902996790000032;0
215130;5200920503100820208;5;1;24;0;2020;9;11;1;3;0;7;0;1;0;0;0;0;0;364532,332000000400000;5676035,422000000300000;7,060174083000049;51,219615569000041;0
215131;5200918601300378518;5;3;15;0;2020;9;16;6;3;0;2;0;1;0;0;0;0;1;347775,100399999880000;5645091,546199999700000;6,833425808000072;50,937334999000029;0
215132;5200917601420067201;5;3;15;0;2020;9;13;5;3;5;2;0;1;1;0;0;0;0;355269,686599999670000;5647193,658199999500000;6,939183014000037;50,958155885000053;0
215133;5200919608200809200;5;3;34;2;2020;9;16;7;3;4;6;0;1;1;0;0;0;0;296480,663999999870000;5627923,755799999500000;6,113774667000030;50,767330482000034;0
215135;5200917601400126647;5;3;15;0;2020;9;7;5;2;1;5;0;1;1;0;0;0;0;354989,417600000280000;5648193,295199999600000;6,934796627000026;50,967068874000063;0
215136;5200919411132078168;5;7;74;32;2020;9;23;7;3;0;1;2;1;0;0;0;0;0;482722,571100000290000;5732107,243699999500000;8,749776880000070;51,739610721000076;0
215137;5200917601300390411;5;3;15;0;2020;9;13;5;3;6;4;0;1;0;1;0;0;0;354785,286399999630000;5646916,074300000400000;6,932401178000021;50,955539454000075;0
215138;5200919503400067230;5;1;22;0;2020;9;18;7;2;0;1;0;1;0;0;0;0;0;360510,189299999740000;5670865,201300000800000;7,004624831000058;51,172183635000067;0
215139;5200918317110470202;5;9;78;36;2020;9;16;6;3;5;3;0;1;1;0;0;0;0;410090,646399999970000;5713827,152200000400000;7,702747753000040;51,568342171000040;0
215141;5200920411132590677;5;7;74;32;2020;9;12;1;3;1;3;0;1;1;0;0;0;0;481715,916500000280000;5729718,414599999800000;8,735323478000055;51,718100149000065;0
215142;5200918600350086529;5;3;82;32;2020;9;16;6;3;5;3;0;1;1;0;0;0;0;360380,671000000090000;5609372,859999999400000;7,026281613000037;50,619504528000050;0
215149;5200919711121657428;5;5;70;36;2020;9;9;7;3;0;4;0;1;0;1;0;0;0;434278,360000000340000;5760656,584300000200000;8,042809376000037;51,992679533000057;0
215151;5200918514121179479;5;1;66;4;2020;9;13;6;3;4;7;0;1;1;0;0;0;0;303048,702999999750000;5680831,078999999900000;6,178090892000057;51,244794010000078;0
215155;5200917601200286379;5;3;15;0;2020;9;14;5;3;0;7;0;1;0;0;0;0;0;354790,970399999990000;5642384,946399999800000;6,934287563000055;50,914820793000047;0
215158;5200918315230485256;5;9;70;28;2020;9;16;6;3;5;1;0;1;1;0;0;0;0;460857,014399999750000;5641688,525900000700000;8,443055605000041;50,925505140000041;0
215160;5200917600380543618;5;3;14;0;2020;9;12;5;3;0;6;0;1;1;0;0;0;0;369398,123999999840000;5616093,177600000100000;7,151313205000065;50,681998387000078;0
215163;5200918505200772074;5;1;14;0;2020;9;20;6;3;0;7;2;1;0;0;0;0;0;332676,989199999720000;5691585,811799999300000;6,597126837000076;51,350877137000055;0
215164;5200917516500635432;5;1;58;16;2020;9;16;5;3;5;3;0;1;1;0;0;0;0;355870,934899999760000;5671708,630200000500000;6,937968308000052;51,178612655000052;0
215165;5200919513210269170;5;1;62;24;2020;9;23;7;2;0;1;2;1;0;0;0;0;0;334072,764000000430000;5671304,653999999200000;6,626559787000076;51,169073454000056;0
215168;5200918705000320717;5;5;54;20;2020;9;20;6;3;5;3;2;1;1;0;0;0;0;366471,589599999600000;5786353,412399999800000;7,045640925000043;52,211420136000072;0
215169;5200917516500574208;5;1;58;16;2020;9;18;5;3;5;3;1;1;1;0;0;0;0;355610,773299999540000;5672310,463899999900000;6,934006971000031;51,183955314000059;0
215171;5200918313122685009;5;9;58;8;2020;9;17;6;3;0;1;0;1;0;0;0;0;0;456288,591500000100000;5689282,957100000200000;8,372280933000070;51,353134257000079;0
215173;5200920516310834200;5;1;58;28;2020;9;10;1;3;5;2;0;1;1;0;0;0;0;350895,066999999810000;5685599,191900000000000;6,861048040000071;51,302155561000063;0
215175;5200917516120571201;5;1;58;32;2020;9;19;5;2;9;1;0;1;0;0;0;0;0;368433,875500000080000;5685758,128200000200000;7,112432232000060;51,307908094000027;0
215176;5200918503300052539;5;1;20;0;2020;9;20;6;3;5;2;1;1;1;0;0;0;0;378146,978400000370000;5672415,577400000800000;7,256255678000059;51,190148771000054;0
215178;5200919505200771897;5;1;14;0;2020;9;16;7;3;4;6;0;1;0;0;0;0;0;333595,580599999990000;5690781,608699999700000;6,610682063000070;51,343921784000031;0
215179;5200918310130144289;5;9;54;20;2020;9;11;6;3;5;3;0;1;1;0;0;0;0;390876,973000000230000;5696293,121999999500000;7,431046483000046;51,407348961000082;0
215180;5200918702100910203;5;5;15;0;2020;9;15;6;3;0;3;0;1;1;0;0;0;0;410594,023000000040000;5753371,460999999200000;7,699842632000070;51,923887975000071;0
215181;5200920502321365394;5;1;13;0;2020;9;15;1;2;0;7;0;1;0;0;0;0;0;357207,322999999860000;5704205,321000000500000;6,944053616000076;51,470971049000070;0
215182;5200918601110458207;5;3;15;0;2020;9;7;6;3;0;7;0;1;0;0;0;0;0;355209,338000000450000;5644983,986199999200000;6,939202906000048;50,938282942000058;0
215183;5200917515111582331;5;1;54;8;2020;9;14;5;3;5;3;0;1;1;0;0;0;0;309172,553000000310000;5748161,538000000600000;6,229204348000053;51,851588283000069;0
215184;5200920508109636206;5;1;19;0;2020;9;0;1;3;0;7;2;1;1;0;0;0;0;349430,154000000100000;5703140,630999999100000;6,832614392000039;51,459388487000069;0
215185;5200918601310647201;5;3;15;0;2020;9;7;6;3;0;1;0;1;0;0;0;0;0;354399,218299999830000;5647042,222200000700000;6,926857637000069;50,956575694000037;0
215188;5200917506100971643;5;1;16;0;2020;9;17;5;3;5;3;0;1;1;0;0;0;0;323028,927000000140000;5671984,096500000000000;6,468413321000071;51,171867086000077;0
215194;5200918600130069576;5;3;82;8;2020;9;12;6;3;4;2;0;1;1;0;0;0;0;374271,731200000270000;5612747,569900000500000;7,221400483000025;50,652999280000074;0
215195;5200917505200674017;5;1;14;0;2020;9;17;5;3;5;2;0;1;1;0;0;0;0;326386,712299999780000;5694179,117900000900000;6,505618449000053;51,372287128000039;0
215197;5200919601320192204;5;3;15;0;2020;9;20;7;2;1;1;1;1;1;0;0;0;0;348083,383600000290000;5645031,546299999600000;6,837835187000053;50,936877123000045;0
215199;5200919313110885005;5;9;58;4;2020;9;12;7;3;5;3;0;1;0;0;0;0;0;430314,677000000140000;5698320,938999999300000;7,997557160000042;51,431798433000040;0
215201;5200919601700286475;5;3;16;0;2020;9;8;7;2;0;3;0;1;1;0;0;0;0;359285,855000000450000;5657680,601900000100000;6,992265479000025;51,053396523000060;0
215205;5200920316200073345;5;9;74;12;2020;9;1;1;3;0;7;2;1;0;0;0;0;0;427517,798000000420000;5706920,195399999600000;7,955566417000057;51,508757256000081;0
215206;5200918518100176645;5;1;70;48;2020;9;10;6;3;4;1;0;1;1;0;0;0;0;335029,583700000310000;5725663,474500000500000;6,614941999000052;51,657717837000064;0
215209;5200919600380539205;5;3;14;0;2020;9;13;7;3;5;3;0;1;1;0;0;0;0;368106,707100000230000;5618316,175899999200000;7,132249811000065;50,701687851000031;0
215214;5200917505200172089;5;1;14;0;2020;9;7;5;2;3;5;0;1;1;0;0;0;0;330473,926500000060000;5689761,330499999200000;6,566388511000071;51,333833367000068;0
215215;5200917505100978766;5;1;14;0;2020;9;18;5;2;5;3;0;1;1;0;0;0;0;336629,462500000370000;5690215,407099999500000;6,654464297000061;51,339714844000071;0
215219;5200917503100991181;5;1;24;0;2020;9;14;5;3;0;5;0;1;1;0;0;0;0;371094,584099999630000;5678937,832699999200000;7,153044040000054;51,247220330000061;0
215220;5200919515211069477;5;1;54;16;2020;9;17;7;3;3;2;0;1;1;0;0;0;0;303160,599000000390000;5729039,911000000300000;6,152857670000060;51,677785626000059;0
215221;5200918301202664208;5;9;13;0;2020;9;16;6;3;5;3;0;1;1;0;0;0;0;394185,275999999610000;5711405,963400000700000;7,474067607000052;51,543818953000027;0
215222;5200918705000668294;5;5;54;48;2020;9;18;6;3;0;1;0;1;0;0;0;0;0;341231,220599999650000;5745518,760099999600000;6,695458656000028;51,837885497000059;0
215223;5200920514115091589;5;1;66;24;2020;9;0;1;3;0;1;2;1;0;0;0;0;0;307794,129399999980000;5679065,076500000400000;6,246945486000072;51,230550814000026;0
215224;5200918601700274339;5;3;16;0;2020;9;13;6;3;5;3;0;1;1;0;0;0;0;361424,571200000120000;5654507,655300000700000;7,023975262000022;51,025401042000055;0
215225;5200917503100279242;5;1;24;0;2020;9;15;5;3;5;3;0;1;1;0;0;0;0;367880,799999999810000;5680064,138599999200000;7,106607781000037;51,256607264000081;0
215227;5200917502340286128;5;1;13;0;2020;9;17;5;3;0;7;0;1;1;0;0;0;0;361744,163200000300000;5709363,230799999100000;7,007311747000074;51,518448293000063;0
215228;5200919505100779394;5;1;14;0;2020;9;11;7;3;0;7;0;1;0;0;0;0;0;333333,057099999860000;5689657,219799999100000;6,607442383000034;51,333743219000041;0
215229;5200918301201554205;5;9;13;0;2020;9;12;6;3;5;2;0;1;1;0;0;0;0;392622,362300000150000;5709515,898000000000000;7,452114404000042;51,526535097000078;0
215230;5200918505100479394;5;1;14;0;2020;9;15;6;3;5;3;0;1;1;0;0;0;0;336577,518099999990000;5690249,755000000800000;6,653703431000054;51,340008511000065;0
215236;5200918601300726690;5;3;15;0;2020;9;9;6;3;0;7;0;1;0;0;0;0;0;354310,199900000360000;5647124,085899999400000;6,925558265000063;50,957288878000043;0
215237;5200917502210222202;5;1;13;0;2020;9;13;5;3;1;7;0;1;1;0;0;0;0;361920,325799999760000;5700603,014799999100000;7,013273649000041;51,439769101000081;0
215238;5200918502242185441;5;1;13;0;2020;9;17;6;2;0;7;0;1;0;0;0;0;0;362103,148599999960000;5695524,996500000400000;7,017877824000038;51,394180203000076;0
215239;5200917502101987305;5;1;13;0;2020;9;8;5;3;4;6;0;1;0;0;0;0;1;361885,183000000190000;5702238,134999999800000;7,012130154000033;51,454454369000075;0
215242;5200920400200476202;5;7;11;0;2020;9;13;1;2;1;5;0;1;1;0;0;0;0;470617,000900000330000;5761162,050799999400000;8,571987595000053;52,000335847000031;0
215245;5200918600360334206;5;3;82;12;2020;9;8;6;3;5;3;0;1;1;0;0;0;0;358557,279600000010000;5625208,500900000300000;6,994460699000058;50,761387692000028;0