OBJECTID;UIDENTSTLAE;ULAND;UREGBEZ;UKREIS;UGEMEINDE;UJAHR;UMONAT;USTUNDE;UWOCHENTAG;UKATEGORIE;UART;UTYP1;ULICHTVERH;IstRad;IstPKW;IstFuss;IstKrad;IstGkfz;IstSonstige;LINREFX;LINREFY;XGCSWGS84;YGCSWGS84;STRZUSTAND
215250;5200919705000131358;5;5;54;68;2020;9;10;7;3;5;3;0;1;1;0;0;0;0;351385,399199999870000;5767175,227600000800000;6,833373919000053;52,035255635000055;0
215251;5200919316300337305;5;9;74;28;2020;9;11;7;2;7;7;0;1;0;0;0;0;0;455208,311099999580000;5724194,249600000700000;8,352332914000044;51,666942481000035;0
215252;5200919702100761999;5;5;15;0;2020;9;16;7;3;5;3;0;1;1;0;0;0;0;403954,256099999880000;5761495,184000000400000;7,601044501000047;51,995800911000060;0
215254;5200918514215076261;5;1;66;28;2020;9;11;6;3;6;4;0;1;0;1;0;0;0;325293,445399999620000;5688658,898000000000000;6,492636563000076;51,322361847000082;0
215255;5200917501125086032;5;1;12;0;2020;9;19;5;3;2;3;0;1;1;0;0;0;0;345271,657999999820000;5704517,149000000200000;6,772200220000059;51,470635135000066;0
215256;5200919518401677721;5;1;70;36;2020;9;13;7;3;5;3;0;1;1;0;0;0;0;351741,295900000260000;5728316,487299999200000;6,855232807000050;51,686212161000071;0
215258;5200922518100045068;5;1;70;48;2020;9;19;3;3;1;5;0;1;1;0;0;0;0;335337,342799999750000;5725731,927600000100000;6,619355041000063;51,658423037000034;0
215259;5200921505200485879;5;1;14;0;2020;9;8;2;3;5;2;0;1;1;0;0;0;0;327650,718799999920000;5692769,295800000400000;6,524444116000041;51,360006980000037;0
215262;5200921702100983207;5;5;15;0;2020;9;13;2;3;5;2;0;1;1;0;0;0;0;405318,046000000090000;5755930,721999999100000;7,622437321000064;51,946019517000082;0
215266;5200922603220320205;5;3;66;20;2020;9;19;3;3;5;3;0;1;1;0;0;0;0;318376,725700000300000;5596319,383800000000000;6,439421496000023;50,490663946000041;0
215271;5200921608200286644;5;3;34;2;2020;9;18;2;3;5;2;0;1;0;0;0;0;1;295435,340800000350000;5629554,307399999400000;6,098063764000074;50,781607390000033;0
215274;5200921700200575310;5;5;13;0;2020;9;20;2;3;5;3;2;1;1;0;0;0;0;365682,487599999640000;5715985,477299999400000;7,061511223000025;51,578909369000030;0
215275;5200923307000071451;5;9;62;4;2020;9;13;4;2;0;1;0;1;0;0;0;0;0;405739,831500000320000;5683439,228700000800000;7,648078491000035;51,294465025000079;0
215276;5200923702100059203;5;5;15;0;2020;9;8;4;3;5;3;0;1;0;0;0;0;0;406833,210900000300000;5757604,897099999700000;7,644021367000050;51,961323681000067;0
215277;5200922601700381696;5;3;16;0;2020;9;17;3;3;5;3;0;1;1;0;0;0;0;358481,332999999630000;5654924,577999999700000;6,981870790000073;51,028430862000050;0
215279;5200922410120540738;5;7;70;24;2020;9;7;2;3;0;7;0;1;0;0;0;0;0;493574,475999999790000;5792816,182000000000000;8,905801634000056;52,285669875000053;0
215283;5200922705000220870;5;5;54;4;2020;9;7;3;3;5;7;0;1;0;0;0;0;1;360852,367999999780000;5773098,199999999300000;6,968880664000039;52,090931089000037;0
215284;5200923602300765585;5;3;62;36;2020;9;18;4;2;9;7;0;1;0;0;0;0;0;345418,241799999960000;5651968,719000000500000;6,796984989000066;50,998505684000065;0
215285;5200922600380490861;5;3;14;0;2020;9;16;3;3;0;1;0;1;0;0;0;0;0;370622,805999999870000;5616642,252499999500000;7,168447071000060;50,687207273000070;0
215287;5200921600110842209;5;3;14;0;2020;9;12;2;3;0;5;0;1;1;0;0;0;0;365029,618400000040000;5622501,572699999400000;7,087169212000049;50,738599790000080;0
215288;5200922301302289215;5;9;13;0;2020;9;6;3;3;5;3;1;1;1;0;0;0;0;396128,711000000130000;5708135,138000000300000;7,503047790000039;51,514779841000063;0
215290;5200922601300372606;5;3;15;0;2020;9;15;3;3;2;6;0;1;1;0;0;0;0;352241,106800000180000;5644644,527699999500000;6,897124010000027;50,934479469000053;0
215294;5200923411108937585;5;7;74;8;2020;9;17;4;3;1;5;0;1;1;0;0;0;0;487329,820399999620000;5736944,277699999500000;8,816325279000068;51,783224956000026;0
215295;5200921601510277202;5;3;15;0;2020;9;21;2;3;0;1;1;1;0;0;0;0;0;365133,521900000050000;5648102,372500000500000;7,079209967000054;50,968716072000063;0
215296;5200922702100079608;5;5;15;0;2020;9;7;3;3;0;3;0;1;0;0;0;0;0;405298,042000000370000;5753185,757799999800000;7,622901998000032;51,921343112000045;0
215297;5200923601210670200;5;3;15;0;2020;9;19;4;3;0;1;2;1;0;0;0;0;0;353243,615100000050000;5644798,024199999900000;6,911319529000025;50,936114856000074;0
215298;5200922518410244451;5;1;70;16;2020;9;9;3;3;9;1;0;1;0;0;0;0;0;345395,300300000240000;5723215,336400000400000;6,765759354000068;51,638668898000049;0
215299;5200921500200886205;5;1;11;0;2020;9;19;2;3;1;6;0;1;1;0;0;0;0;346909,868700000460000;5677353,380699999600000;6,807453515000020;51,227005132000045;0
215300;5200921600110669537;5;3;14;0;2020;9;14;2;3;0;1;0;1;0;0;0;0;0;365435,976999999960000;5621872,503000000500000;7,093154481000056;50,733040062000043;0
215301;5200921709500249438;5;5;66;60;2020;9;16;2;3;1;7;0;1;1;0;0;0;0;388796,504900000060000;5789130,999600000700000;7,371323988000029;52,241340080000043;0
215302;5200923316300877855;5;9;74;28;2020;9;13;4;3;3;2;0;1;1;0;0;0;0;455115,552500000220000;5722312,627299999800000;8,351233383000022;51,650017588000026;0
215303;5200921500200622209;5;1;11;0;2020;9;6;2;3;5;2;1;1;1;0;0;0;0;345679,704499999990000;5681405,024299999700000;6,788102800000047;51,263079587000050;0
215305;5200921601400181662;5;3;15;0;2020;9;14;2;3;0;2;0;1;1;0;0;0;0;356556,970099999570000;5648939,157199999300000;6,956811859000027;50,974164270000074;0
215306;5200922700100457809;5;5;13;0;2020;9;15;3;3;5;3;0;1;1;0;0;0;0;367187,832799999970000;5708951,538400000000000;7,085878699000034;51,516054705000045;0
215308;5200922516340233202;5;1;58;28;2020;9;17;3;3;4;6;0;1;0;0;0;0;0;348700,268099999990000;5688500,364499999200000;6,828356157000030;51,327645096000026;0
215311;5200923514210085933;5;1;66;12;2020;9;16;4;3;0;1;0;1;0;0;0;0;0;318236,061999999920000;5690618,630000000800000;6,390460844000074;51,337754452000070;0
215312;5200921701500173202;5;5;62;24;2020;9;16;2;3;5;3;0;1;1;0;0;0;0;368750,371500000360000;5724914,893600000100000;7,102415918000077;51,659877330000029;0
215316;5200922603116577527;5;3;66;16;2020;9;19;3;3;0;7;1;1;0;0;0;0;0;343887,992700000290000;5614259,278699999700000;6,791250571000035;50,659234462000029;0
215319;5200921411132104203;5;7;74;32;2020;9;15;2;3;0;5;0;1;1;0;0;0;0;483711,718200000000000;5730181,853499999300000;8,764192327000046;51,722328593000043;0
215320;5200922607300962208;5;3;82;16;2020;9;16;3;3;0;2;0;1;0;0;0;1;0;391379,917799999940000;5625348,428400000600000;7,459610291000047;50,769719031000079;0
215321;5200921410110190644;5;7;70;24;2020;9;17;2;3;0;1;0;1;0;0;0;0;0;497853,883999999610000;5793250,744000000900000;8,968535090000046;52,289610188000040;0
215324;5200923508219774204;5;1;19;0;2020;9;17;4;3;5;7;0;1;0;0;1;0;0;350716,598399999550000;5709317,155600000200000;6,848506520000058;51,515227806000041;0
215325;5200921609224050057;5;3;58;24;2020;9;14;2;2;0;1;0;1;0;0;0;0;0;312191,131900000390000;5645051,243000000700000;6,327523220000046;50,926484567000045;0
215327;5200923700000672393;5;5;13;0;2020;9;16;4;3;5;3;0;1;1;0;0;0;0;366459,778800000440000;5713860,116800000900000;7,073530077000044;51,559994439000036;0
215331;5200921400100503237;5;7;11;0;2020;9;15;2;3;0;3;0;1;1;0;0;0;0;465995,568400000220000;5766095,914899999300000;8,504181022000068;52,044430357000067;0
215333;5200921602600085804;5;3;62;20;2020;9;18;2;3;5;3;0;1;1;0;0;0;0;343440,857200000440000;5629604,624700000500000;6,778414199000054;50,797010398000054;0
215336;5200921608100185843;5;3;34;2;2020;9;16;2;3;0;1;0;1;0;0;0;0;0;294290,420599999840000;5628945,002100000200000;6,082185278000054;50,775730149000026;0
215337;5200923300210062207;5;9;11;0;2020;9;18;4;3;5;3;0;1;1;0;0;0;0;371778,160899999550000;5703849,638100000100000;7,153851620000069;51,471264174000055;0
215339;5200922601200225994;5;3;15;0;2020;9;17;3;2;0;1;0;1;0;0;0;0;0;353729,714499999770000;5643132,274599999200000;6,918901302000052;50,921268809000026;0
215341;5200922313110887295;5;9;58;4;2020;9;18;3;2;0;1;0;1;0;0;0;0;0;429657,103600000030000;5698351,741399999700000;7,988093243000037;51,431994099000065;0
215343;5200923407220568154;5;7;62;20;2020;9;13;4;2;0;1;0;1;0;0;0;0;0;525751,622999999670000;5736177,589999999900000;9,373251253000035;51,775882419000027;0
215344;5200921601410028201;5;3;15;0;2020;9;18;2;3;5;2;0;1;1;0;0;0;0;357112,559700000100000;5649258,909299999500000;6,964594605000059;50,977175949000070;0
215345;5200922701700054265;5;5;62;16;2020;9;7;3;3;4;6;0;1;0;0;0;0;1;374586,877100000160000;5733566,939200000800000;7,183641009000041;51,738965156000063;0
215346;5200923601100669788;5;3;15;0;2020;9;6;4;3;5;2;1;1;1;0;0;0;0;356062,922500000340000;5643471,729000000300000;6,951940788000059;50,924906203000035;0
215347;5200922518400069629;5;1;70;8;2020;9;17;3;3;0;1;0;1;0;0;0;0;0;343034,727900000290000;5714703,379000000700000;6,735483384000077;51,561539167000035;0
215349;5200921516800886918;5;1;58;20;2020;9;11;2;3;5;2;0;1;1;0;0;0;0;356363,614000000060000;5664589,346000000800000;6,947852365000074;51,114759248000041;0
215351;5200922600140996202;5;3;14;0;2020;9;7;3;3;0;1;0;1;0;0;0;0;0;367528,467799999750000;5622579,613099999700000;7,122534939000047;50,739876624000033;0
215352;5200921316300078020;5;9;74;28;2020;9;17;2;3;0;3;0;1;1;0;0;0;0;454964,151999999770000;5724073,688500000200000;8,348818272000074;51,665839011000060;0
215353;5200921516800086724;5;1;58;20;2020;9;17;2;3;5;3;0;1;0;0;0;0;1;357105,178000000310000;5664287,424000000600000;6,958559545000071;51,112231388000055;0
215356;5200921601310074386;5;3;15;0;2020;9;17;2;3;5;3;0;1;1;0;0;0;0;350180,327800000090000;5644449,802200000700000;6,867897011000025;50,932197946000031;0
215359;5200922515211085993;5;1;54;16;2020;9;7;3;3;0;6;0;1;0;0;0;0;0;303135,298399999740000;5729072,254300000100000;6,152473970000074;51,678067214000066;0
215360;5200921316200323139;5;9;74;52;2020;9;7;2;3;0;6;0;1;0;0;0;0;0;422220,728600000030000;5711410,090099999700000;7,878261791000057;51,548416883000073;0
215361;5200921516500026204;5;1;58;16;2020;9;15;2;3;1;3;0;1;1;0;0;0;0;354932,434799999930000;5672303,274399999500000;6,924310680000076;51,183718967000061;0
215362;5200923513310777547;5;1;62;8;2020;9;15;4;3;5;3;0;1;1;0;0;0;0;331776,484000000170000;5661266,236999999700000;6,598428182000021;51,078213691000030;0
215363;5200921701120203207;5;5;62;32;2020;9;14;2;2;0;7;0;1;0;0;0;0;0;376551,353199999780000;5715349,339299999200000;7,218510559000038;51,575677577000079;0
215366;5200923516400424204;5;1;58;24;2020;9;18;4;2;0;1;1;1;0;0;0;0;0;358812,321800000030000;5678495,155700000000000;6,977350950000073;51,240334191000045;1
215367;5200921705000217244;5;5;54;12;2020;9;18;2;3;1;5;0;1;1;0;0;0;0;352593,179399999790000;5745914,326300000800000;6,860080885000059;51,844554151000068;0
215369;5200923313121013606;5;9;58;32;2020;9;16;4;3;5;3;0;1;1;0;0;0;0;449045,565799999980000;5689660,015499999700000;8,268221684000025;51,355921041000045;0
215372;5200922607111669545;5;3;82;56;2020;9;19;3;3;4;2;1;1;1;0;0;0;0;371068,588999999690000;5628455,111999999700000;7,170621015000052;50,793484050000075;0
215374;5200922505200082206;5;1;14;0;2020;9;12;3;3;5;3;0;1;1;0;0;0;0;329429,528500000010000;5689481,360200000900000;6,551544483000043;51,331005864000076;0
215376;5200923503300891267;5;1;20;0;2020;9;14;4;3;0;5;0;1;1;0;0;0;0;376550,763600000180000;5671572,801799999500000;7,233714683000073;51,182231390000027;0
215377;5200921609108577567;5;3;58;8;2020;9;13;2;3;0;5;0;1;1;0;0;0;0;321134,338299999940000;5633298,757400000500000;6,460394040000040;50,823744255000065;0
215380;5200923609128771750;5;3;58;28;2020;9;14;4;3;2;2;0;1;1;0;0;0;0;323095,843899999750000;5625356,535000000100000;6,492038669000067;50,752992396000081;0
215381;5200922601300986362;5;3;15;0;2020;9;10;3;3;5;3;0;1;1;0;0;0;0;354537,235999999570000;5645319,209000000700000;6,929509737000046;50,941126346000033;0
215383;5200923702100272721;5;5;15;0;2020;9;17;4;3;1;5;0;1;1;0;0;0;0;406011,138000000270000;5756696,676999999200000;7,632308800000033;51,953021818000082;0
215384;5200922602100873202;5;3;62;8;2020;9;13;3;3;8;1;0;1;0;0;0;0;0;333818,600599999540000;5647862,837700000000000;6,633695742000043;50,958382196000059;0
215389;5200921607400878277;5;3;82;68;2020;9;14;2;3;0;1;0;1;1;0;0;0;0;367342,891699999570000;5629949,153699999700000;7,117248264000068;50,806071683000027;0
215392;5200923602700386627;5;3;62;28;2020;9;18;4;3;5;2;0;1;1;0;0;0;0;347168,832999999630000;5639366,764100000300000;6,827201203000072;50,885730850000073;0
215395;5200921515110078980;5;1;54;40;2020;9;17;2;3;5;2;0;1;1;0;0;0;0;293835,555599999610000;5741466,860899999700000;6,010812069000053;51,786024625000039;0
215398;5200923405228868087;5;7;54;28;2020;9;13;4;3;1;7;0;1;1;0;0;0;0;452737,167500000450000;5741562,967599999200000;8,314243680000061;51,822897112000078;0
215399;5200921601400286477;5;3;15;0;2020;9;15;2;3;0;1;0;1;0;0;0;0;0;353672,043800000100000;5652584,466199999700000;6,914279751000038;51,006197284000052;1
215402;5200923500200433208;5;1;11;0;2020;9;17;4;3;1;1;0;1;1;0;0;0;0;345710,076500000430000;5678230,013299999800000;6,789906351000070;51,234559015000059;1
215404;5200922702100247547;5;5;15;0;2020;9;12;3;2;2;2;0;1;0;0;0;0;0;405212,911999999550000;5757224,910000000100000;7,620551207000062;51,957634324000026;0
215407;5200921301201225208;5;9;13;0;2020;9;10;2;3;0;2;0;1;1;0;0;0;0;393659,044999999930000;5710447,191999999800000;7,466771527000049;51,535102174000031;0
215408;5200921515110050206;5;1;54;36;2020;9;20;2;3;3;6;1;1;1;0;0;0;0;302972,012000000100000;5741688,803999999500000;6,142974199000037;51,791309200000057;0
215411;5200923317210771292;5;9;78;20;2020;9;18;4;3;5;3;1;1;1;0;0;0;0;407797,637900000440000;5716381,529999999300000;7,669001979000029;51,590933619000054;0
215412;5200921601110384206;5;3;15;0;2020;9;7;2;2;5;3;1;1;1;0;0;0;0;355429,653900000270000;5643261,215800000400000;6,943019759000038;50,922856017000072;0
215416;5200922516500231204;5;1;58;16;2020;9;17;3;3;5;3;0;1;1;0;0;0;0;353551,176199999640000;5670394,853900000500000;6,905338654000047;51,166217308000057;0
215418;5200921514215685960;5;1;66;28;2020;9;20;2;3;0;1;2;1;0;0;0;0;0;325363,183699999940000;5688454,474199999100000;6,493736556000044;51,320546840000077;0
215419;5200923514210185926;5;1;66;12;2020;9;7;4;3;1;5;0;1;1;0;0;0;0;320252,258500000460000;5692819,162599999500000;6,418263881000030;51,358162425000046;0
215420;5200921702100072436;5;5;15;0;2020;9;17;2;2;5;7;0;1;1;0;0;0;0;405721,190499999560000;5755001,459400000100000;7,628555785000060;51,937735339000028;0
215422;5200921300510390205;5;9;54;36;2020;9;21;2;2;1;2;2;1;1;0;0;0;0;384570,351999999960000;5699871,558100000000000;7,339245020000021;51,438263590000076;0
215425;5200920709800568146;5;5;66;40;2020;9;17;1;2;0;3;0;1;1;0;0;0;0;420919,455699999820000;5782470,345200000300000;7,843224966000037;52,187021768000079;0
215430;5200921600380858204;5;3;14;0;2020;9;13;2;3;2;6;0;1;0;0;0;0;0;370142,008799999950000;5617125,683499999300000;7,161474424000062;50,691445400000077;0
215431;5200922514113082230;5;1;66;32;2020;9;10;3;3;5;7;0;1;1;0;0;0;0;316908,733500000090000;5684247,320399999600000;6,374696121000056;51,280097896000029;0
215433;5200923513120675539;5;1;62;20;2020;9;17;4;3;5;3;0;1;1;0;0;0;0;325419,889899999830000;5673737,480000000400000;6,501729404000059;51,188353733000042;0
215434;5200921610221177516;5;3;70;20;2020;9;11;2;2;0;1;0;1;0;0;0;0;0;307161,879999999890000;5658811,166999999400000;6,248742939000067;51,048419619000072;0
215436;5200923701110661203;5;5;62;32;2020;9;11;4;3;5;3;0;1;1;0;0;0;0;374645,614699999800000;5719465,208799999200000;7,189553049000040;51,612246725000034;0
215438;5200920705000082365;5;5;54;64;2020;9;0;1;2;8;1;2;1;0;0;0;0;0;358966,735500000420000;5753185,176000000900000;6,949570225000059;51,911531866000075;0
215440;5200920702100961999;5;5;15;0;2020;9;15;1;2;2;6;0;1;0;0;0;0;1;402408,076299999840000;5758348,574799999600000;7,579426139000077;51,967248915000027;0
215443;5200922705000187378;5;5;54;68;2020;9;13;3;3;5;3;0;1;0;0;0;0;0;350780,775000000370000;5767525,289799999400000;6,824413332000063;52,038238384000067;0
215444;5200923601600219416;5;3;15;0;2020;9;9;4;3;0;2;0;1;1;0;0;0;0;359354,110999999570000;5643118,751000000200000;6,998875868000027;50,922545693000075;0
215445;5200922600360233208;5;3;82;12;2020;9;15;3;3;0;3;0;1;1;0;0;0;0;358761,108699999750000;5625123,351399999100000;6,997381616000041;50,760672070000055;0
215446;5200920702100570610;5;5;15;0;2020;9;18;1;3;1;1;0;1;1;0;0;0;0;405689,646599999630000;5756791,660700000800000;7,627605955000036;51,953821149000078;0
215447;5200923301101289248;5;9;13;0;2020;9;8;4;3;5;3;0;1;0;1;0;0;0;395071,821999999690000;5708185,223999999500000;7,487807089000057;51,515034724000031;0
215449;5200922601220984200;5;3;15;0;2020;9;18;3;3;5;3;0;1;1;0;0;0;0;356230,746199999940000;5640935,681199999500000;6,955326384000045;50,902156841000078;0
215450;5200920701910822209;5;5;62;8;2020;9;14;1;3;1;5;0;1;1;0;0;0;0;383702,055399999950000;5720801,948599999800000;7,319845244000021;51,626204671000039;0
215453;5200923407220876222;5;7;62;32;2020;9;15;4;2;3;7;0;1;1;0;0;0;0;506879,698400000110000;5746680,952500000600000;9,099926063000055;51,870870616000047;0
215454;5200921601510275204;5;3;15;0;2020;9;20;2;3;0;1;2;1;0;0;0;0;0;362461,627999999560000;5649035,255999999100000;7,040827139000044;50,976468383000054;0
215456;5200922702100036204;5;5;15;0;2020;9;18;3;2;0;1;0;1;0;0;0;0;0;410644,245000000110000;5753462,723999999500000;7,700549074000037;51,924716379000074;0
215457;5200923601200790243;5;3;15;0;2020;9;17;4;3;0;4;0;1;0;1;0;0;0;354237,335799999540000;5642038,859799999700000;6,926555436000058;50,911571041000059;0
215458;5200922518400244358;5;1;70;8;2020;9;9;3;3;0;6;0;1;0;0;0;0;0;342938,118999999950000;5715429,220100000500000;6,733766461000073;51,568033658000047;0
215459;5200920608416875201;5;3;34;16;2020;9;11;1;3;1;5;0;1;1;0;0;0;0;296394,679899999870000;5641045,056199999500000;6,105272459000048;50,885146801000076;0
215461;5200921706100649804;5;5;58;32;2020;9;6;2;3;0;6;1;1;0;0;0;0;1;387206,597400000320000;5753732,321300000000000;7,359755311000072;51,922884455000030;0
215465;5200921601400090310;5;3;15;0;2020;9;17;2;3;5;3;0;1;1;0;0;0;0;356234,212000000290000;5650151,004000000700000;6,951738365000040;50,984974393000073;0
215466;5200922700100309200;5;5;13;0;2020;9;16;3;3;7;1;0;1;0;0;0;0;0;369197,718799999920000;5708350,895899999900000;7,115051543000050;51,511125780000043;0
215468;5200922515212945071;5;1;54;32;2020;9;10;3;3;6;1;0;1;0;1;0;0;0;309028,170300000350000;5718213,064500000300000;6,243524406000063;51,582574135000073;0
215472;5200921701200079204;5;5;62;20;2020;9;13;2;3;3;6;0;1;0;0;0;0;0;371561,064500000330000;5715667,114600000900000;7,146419195000021;51,577418498000043;0
215479;5200924301303573352;5;9;13;0;2020;9;15;5;3;3;2;0;1;1;0;0;0;0;398337,123900000010000;5704008,530400000500000;7,536052243000029;51,478088369000034;0
215480;5200922607300236239;5;3;82;76;2020;9;16;3;3;5;2;0;1;1;0;0;0;0;395399,973000000230000;5624226,900000000400000;7,516918540000063;50,760375525000029;0
215481;5200920601400481700;5;3;15;0;2020;9;10;1;2;6;4;0;1;0;1;0;0;0;356398,865399999540000;5648068,401599999500000;6,954905180000026;50,966299552000066;0
215484;5200923505100086215;5;1;14;0;2020;9;14;4;3;0;1;0;1;0;0;0;0;0;331694,009700000290000;5688598,807299999500000;6,584435613000039;51,323751695000055;0
215488;5200922601400990310;5;3;15;0;2020;9;13;3;3;5;3;0;1;0;0;0;0;1;357428,906000000420000;5649163,670600000800000;6,969135218000076;50,976398459000052;0
215492;5200923500300076279;5;1;11;0;2020;9;17;4;3;5;3;0;1;0;0;0;0;0;345500,166000000200000;5676448,319100000000000;6,787669986000026;51,218492917000049;0
215494;5200920601100286558;5;3;15;0;2020;9;0;1;3;0;1;2;1;0;0;0;0;0;355134,694899999540000;5644047,757899999600000;6,938513402000069;50,929850522000038;0
215495;5200923501114625203;5;1;12;0;2020;9;12;4;3;1;7;0;1;1;0;0;0;0;347283,253999999720000;5707415,946000000500000;6,799886738000055;51,497227652000049;0
215496;5200921607500037054;5;3;82;56;2020;9;17;2;3;5;2;0;1;0;0;0;0;0;372057,415799999610000;5626678,076500000400000;7,185262338000030;50,777730617000032;0
215497;5200922709800879184;5;5;66;76;2020;9;13;3;2;6;4;0;1;0;1;0;0;0;393038,777999999930000;5792230,401000000500000;7,432448335000061;52,270035718000031;0
215499;5200922601110017205;5;3;15;0;2020;9;19;3;3;0;5;1;1;1;0;0;0;0;356402,910799999720000;5645623,329299999400000;6,955927333000034;50,944327091000048;0
215503;5200923405244687068;5;7;54;44;2020;9;13;4;3;4;1;0;1;1;0;0;0;0;465854,780000000260000;5748114,669999999900000;8,503916193000066;51,882758157000069;0
215504;5200921601400886477;5;3;15;0;2020;9;17;2;3;5;3;0;1;1;0;0;0;0;351917,167700000110000;5654435,908299999300000;6,888528528000052;51,022385973000041;0
215505;5200922701120514203;5;5;62;32;2020;9;19;3;3;5;3;1;1;1;0;0;0;0;377414,481800000180000;5715891,094799999100000;7,230770867000047;51,580734864000078;0
215510;5200922600140983204;5;3;14;0;2020;9;7;3;3;0;1;0;1;0;0;0;0;0;367525,687699999660000;5622578,726900000100000;7,122495879000041;50,739868025000078;0
215511;5200920600110890859;5;3;14;0;2020;9;0;1;3;1;7;2;1;1;0;0;0;0;365052,015499999750000;5624661,123400000900000;7,086695183000074;50,758014763000062;0
215512;5200921505200985957;5;1;14;0;2020;9;18;2;3;5;3;0;1;0;0;1;0;0;329514,757399999540000;5689176,753100000300000;6,552912454000023;51,328294896000045;0
215513;5200922300400775420;5;9;11;0;2020;9;13;3;3;1;5;0;1;1;0;0;0;0;372849,208999999800000;5699139,012000000100000;7,170957095000063;51,429170470000031;0
215514;5200921600380690861;5;3;14;0;2020;9;16;2;2;5;3;0;1;0;0;0;0;0;367597,483799999580000;5620402,158399999100000;7,124294477000035;50,720321200000058;0
215517;5200922608100258207;5;3;34;2;2020;9;15;3;3;5;2;0;1;1;0;0;0;0;293311,932000000030000;5629534,212700000000000;6,067994451000061;50,780674069000042;0
215519;5200920518400673903;5;1;70;8;2020;9;11;1;3;6;4;0;1;0;1;0;0;0;344340,207100000230000;5717410,324799999600000;6,753102306000073;51,586222046000046;0
215521;5200927411112890775;5;7;74;12;2020;9;1;1;3;0;3;2;1;1;0;0;0;0;480852,872999999670000;5724584,557000000000000;8,723112223000044;51,671911178000073;0
215522;5200924606100878638;5;3;78;4;2020;9;9;5;3;5;2;0;1;1;0;0;0;0;367925,595999999900000;5646639,228000000100000;7,119483104000040;50,956212726000047;0
215523;5200927602200085776;5;3;62;4;2020;9;11;1;3;0;1;0;1;0;0;0;0;0;327752,442400000060000;5653503,725099999500000;6,544727940000030;51,007280292000075;1
215524;5200927404301521651;5;7;66;44;2020;9;11;1;3;0;6;0;1;0;0;0;0;0;491271,411500000390000;5763970,623900000000000;8,872780199000033;52,026296448000039;0
215528;5200924606100776504;5;3;78;4;2020;9;17;5;2;9;1;0;1;0;0;0;0;0;368591,675999999980000;5646755,989000000100000;7,128919381000060;50,957414420000077;0
215534;5200926702100274594;5;5;15;0;2020;9;17;7;3;3;2;0;1;1;0;0;0;0;406042,313799999650000;5756997,757700000000000;7,632679990000042;51,955733339000062;1
215535;5200926702100201949;5;5;15;0;2020;9;21;7;3;1;5;2;1;1;0;0;0;0;403714,788099999540000;5758739,719000000500000;7,598331089000055;51,970992523000064;1
215540;5200924601620051208;5;3;15;0;2020;9;7;5;3;0;1;1;1;0;0;0;0;0;366323,886599999850000;5636395,906600000300000;7,100442972000053;50,863779681000040;1
215541;5200928515000065207;5;1;54;24;2020;9;15;2;3;0;3;0;1;1;0;0;0;0;313390,604399999600000;5735048,005599999800000;6,297429657000066;51,735238392000042;0
215546;5200926607400037093;5;3;82;68;2020;9;9;7;3;5;3;0;1;1;0;0;0;0;366524,326000000350000;5632268,437999999200000;7,104793660000041;50,826729079000074;1
215550;5200928411232778165;5;7;74;32;2020;9;14;2;3;5;3;0;1;1;0;0;0;0;480803,622999999670000;5733130,456000000200000;8,721929268000054;51,748748222000074;0
215555;5200928502400917463;5;1;17;0;2020;9;12;2;3;0;1;0;1;0;0;0;0;0;352575,334999999960000;5698871,441999999800000;6,879632021000020;51,421854892000056;1
215557;5200924601410057202;5;3;15;0;2020;9;11;5;3;0;3;0;1;1;0;0;0;0;355211,434399999680000;5648403,602399999300000;6,937872626000058;50,969014691000041;0
215558;5200926601400478473;5;3;15;0;2020;9;12;7;3;5;3;0;1;1;0;0;0;0;357562,127500000410000;5649460,385500000800000;6,970915370000057;50,979097970000055;1
215563;5200927601600590554;5;3;15;0;2020;9;15;1;3;5;3;0;1;1;0;0;0;0;360070,993800000290000;5645405,535900000500000;7,008191170000032;50,943271720000041;0
215564;5200928405116286993;5;7;54;16;2020;9;7;2;3;5;3;0;1;1;0;0;0;0;448611,083999999800000;5757544,450999999400000;8,251999896000029;51,966212070000040;1
215569;5200926600360816205;5;3;82;12;2020;9;17;7;2;4;1;0;1;1;0;0;0;0;358188,998900000010000;5625288,942500000800000;6,989211219000026;50,762020760000041;1
215572;5200924601210726204;5;3;15;0;2020;9;21;5;3;1;7;2;1;1;0;0;0;0;354772,545599999840000;5643272,696200000100000;6,933672183000056;50,922794164000038;0
215574;5200926513210681588;5;1;62;24;2020;9;18;7;3;6;7;1;1;0;1;0;0;0;338416,776999999770000;5672927,028000000900000;6,687912701000073;51,184894028000031;1
215578;5200924601200586367;5;3;15;0;2020;9;8;5;3;0;5;0;1;1;0;0;0;0;354355,650200000030000;5641670,541799999800000;6,928384249000033;50,908290923000038;0
215580;5200924601200285216;5;3;15;0;2020;9;18;5;3;0;1;0;1;0;0;0;0;0;353713,925400000070000;5643126,088099999400000;6,918679298000029;50,921209210000029;0
215583;5200924601110389209;5;3;15;0;2020;9;19;5;3;6;4;1;1;0;1;0;0;0;354745,327499999660000;5644912,036000000300000;6,932631945000026;50,937519650000070;0
215587;5200924601100587082;5;3;15;0;2020;9;7;5;3;1;5;0;1;1;0;0;0;0;355715,047799999830000;5644453,477199999600000;6,946605749000071;50,933642111000040;0