OBJECTID;UIDENTSTLAE;ULAND;UREGBEZ;UKREIS;UGEMEINDE;UJAHR;UMONAT;USTUNDE;UWOCHENTAG;UKATEGORIE;UART;UTYP1;ULICHTVERH;IstRad;IstPKW;IstFuss;IstKrad;IstGkfz;IstSonstige;LINREFX;LINREFY;XGCSWGS84;YGCSWGS84;STRZUSTAND
215589;5200927711231770571;5;5;70;40;2020;9;18;1;3;0;1;0;1;0;0;0;0;0;419862,344300000000000;5743568,131200000600000;7,836869047000050;51,837174399000048;0
215590;5200926500200485969;5;1;11;0;2020;9;20;7;3;8;1;2;1;1;0;0;0;0;343739,292500000450000;5680439,506300000500000;6,760734947000060;51,253875603000040;1
215593;5200924600350499202;5;3;82;32;2020;9;16;5;3;5;3;0;1;1;0;0;0;0;361540,795099999760000;5611199,510500000800000;7,041989368000031;50,636198728000068;0
215594;5200928506100615207;5;1;16;0;2020;9;12;2;3;1;5;0;1;1;0;0;0;0;321072,240399999540000;5674351,126100000000000;6,439273910000054;51,192521887000055;1
215595;5200926500100887375;5;1;11;0;2020;9;14;7;3;3;2;0;1;1;0;0;0;0;344907,894999999550000;5676528,072000000600000;6,779161401000067;51,219048956000051;1
215597;5200926500100047200;5;1;11;0;2020;9;11;7;3;5;2;0;1;1;0;0;0;0;345881,437900000250000;5676307,672700000900000;6,793185636000032;51,217332185000032;1
215600;5200926410110025847;5;7;70;24;2020;9;19;7;3;0;1;2;1;0;0;0;0;0;494163,610999999570000;5792880,973200000800000;8,914437237000072;52,286258954000061;1
215601;5200926406210082024;5;7;58;4;2020;9;18;7;3;5;3;1;1;1;0;0;0;0;471295,998300000090000;5782941,837999999500000;8,580043171000057;52,196184006000067;1
215603;5200926400200387040;5;7;11;0;2020;9;19;7;3;2;2;2;1;1;0;0;0;0;470422,235000000340000;5764459,891000000800000;8,568865688000074;52,029975333000039;1
215604;5200924600310453204;5;3;14;0;2020;9;13;5;3;3;6;0;1;0;0;0;0;0;361849,100999999790000;5619622,630999999100000;7,043200389000049;50,711976905000029;0
215606;5200926316300057673;5;9;74;28;2020;9;11;7;3;0;3;0;1;0;1;0;0;0;454771,447999999860000;5724585,991299999900000;8,345965797000076;51,670429585000079;0
215607;5200924600310286538;5;3;14;0;2020;9;19;5;3;3;2;2;1;0;0;0;0;0;362045,780399999580000;5618942,182099999900000;7,046238769000070;50,705907933000049;0
215612;5200924518301686029;5;1;70;4;2020;9;16;5;3;0;3;0;1;1;0;0;0;0;329430,910199999810000;5717905,061000000700000;6,537855719000049;51,586351403000037;0
215613;5200927600110906206;5;3;14;0;2020;9;13;1;3;1;1;0;1;1;0;0;0;0;365589,286299999800000;5622154,925499999900000;7,095222690000071;50,735613954000030;1
215614;5200926301201985008;5;9;13;0;2020;9;17;7;2;3;6;0;1;1;0;0;0;0;386428,675699999560000;5711608,875199999700000;7,362193275000038;51,544135075000042;0
215618;5200925711114987231;5;5;70;52;2020;9;17;6;2;5;3;0;1;1;0;0;0;0;428833,035000000150000;5752942,392999999200000;7,965113511000027;51,922661280000057;0
215620;5200925705000474671;5;5;54;8;2020;9;5;6;3;5;3;2;1;1;0;0;0;0;335268,444000000130000;5743923,767999999200000;6,609747362000064;51,821830257000045;1
215621;5200927700100967038;5;5;13;0;2020;9;11;1;3;0;7;0;1;0;0;0;0;0;366980,781999999660000;5707882,990299999700000;7,083299580000073;51,506403297000077;1
215622;5200925702100360209;5;5;15;0;2020;9;17;6;3;5;2;0;1;1;0;0;0;0;407467,786799999890000;5756144,452999999700000;7,653647720000038;51,948302393000063;0
215623;5200925702100074776;5;5;15;0;2020;9;17;6;2;5;3;0;1;1;0;0;0;0;399567,410000000150000;5756260,082000000400000;7,538701534000040;51,947971361000043;0
215628;5200925700100516208;5;5;13;0;2020;9;13;6;3;5;2;0;1;0;0;0;0;0;368158,568099999800000;5709769,945599999300000;7,099554667000064;51,523636909000061;0
215629;5200927610212424201;5;3;70;20;2020;9;16;1;3;3;6;0;1;0;0;0;0;1;303354,067200000400000;5659965,786900000600000;6,193858065000029;51,057499216000053;0
215630;5200925609224975612;5;3;58;24;2020;9;17;6;3;4;5;0;1;1;0;0;0;0;311727,591799999590000;5644754,268899999600000;6,321088172000032;50,923665840000069;1
215631;5200925609108675532;5;3;58;8;2020;9;14;6;3;1;5;0;1;1;0;0;0;0;321766,226800000300000;5626491,594499999700000;6,472658727000066;50,762783193000075;1
215632;5200928400200604067;5;7;11;0;2020;9;15;2;3;1;5;0;1;1;0;0;0;0;472862,385900000110000;5764643,813999999300000;8,604418505000069;52,031753702000060;0
215643;5200925602900427208;5;3;62;40;2020;9;19;6;3;5;3;0;1;1;0;0;0;0;357484,654299999590000;5632089,713999999700000;6,976592587000027;50,822968199000059;1
215645;5200925601700486550;5;3;16;0;2020;9;20;6;3;0;7;2;1;0;1;0;0;0;358729,245699999850000;5655462,763699999100000;6,985194033000028;51,033328460000064;0
215647;5200924513320791204;5;1;62;4;2020;9;15;5;3;4;2;0;1;0;0;0;0;0;349149,025600000280000;5662698,720499999800000;6,845643272000075;51,095916449000072;0
215650;5200928515110028736;5;1;54;36;2020;9;12;2;3;0;5;0;1;1;0;0;0;0;300449,075299999680000;5739272,746899999700000;6,107828705000031;51,768719305000047;1
215651;5200925601500967773;5;3;15;0;2020;9;13;6;2;5;3;0;1;0;0;1;0;0;359964,740299999710000;5647237,505000000800000;7,005975055000022;50,959710060000077;0
215652;5200924505200476213;5;1;14;0;2020;9;11;5;3;3;2;0;1;1;0;0;0;0;329932,118900000120000;5691564,381600000000000;6,557757002000074;51,349869833000071;0
215662;5200924502321015959;5;1;13;0;2020;9;13;5;2;0;7;0;1;0;0;0;0;0;357477,084400000050000;5705237,605799999100000;6,947518558000070;51,480315163000057;0
215663;5200925601300190446;5;3;15;0;2020;9;9;6;1;5;3;0;1;1;0;0;0;0;353238,659799999560000;5647829,989499999200000;6,910026986000048;50,963360634000026;0
215667;5200924502212077995;5;1;13;0;2020;9;13;5;3;3;7;0;1;1;0;0;0;0;360963,405000000260000;5701681,376000000200000;6,999090593000062;51,449225544000058;0
215669;5200925518400285894;5;1;70;8;2020;9;7;6;3;5;3;0;1;1;0;0;0;0;344875,923799999990000;5715250,724800000000000;6,761782575000041;51,566966321000052;0
215670;5200925518100991567;5;1;70;48;2020;9;7;6;3;5;3;0;1;1;0;0;0;0;336531,381799999620000;5727012,059599999300000;6,636003456000026;51,670272022000063;0
215671;5200925518100369468;5;1;70;48;2020;9;12;6;3;0;1;0;1;0;0;0;0;0;335516,009100000370000;5726247,557299999500000;6,621693120000032;51,663107624000077;0
215672;5200924502210577712;5;1;13;0;2020;9;7;5;3;5;3;0;1;1;0;0;0;0;360889,618300000210000;5700164,720300000200000;6,998625453000045;51,435578263000082;0
215673;5200927505200872089;5;1;14;0;2020;9;0;1;3;5;2;2;1;0;0;0;0;1;331854,439299999740000;5690210,817199999500000;6,585975136000059;51,338281441000049;1
215674;5200928410140374622;5;7;70;12;2020;9;19;2;3;8;1;0;1;0;0;0;0;0;486682,774000000210000;5799010,833900000900000;8,804524370000024;52,341238635000082;0
215675;5200925516500776351;5;1;58;16;2020;9;8;6;3;5;3;0;1;1;0;0;0;0;356388,320500000380000;5669124,202400000800000;6,946397437000030;51,155517995000082;1
215677;5200925516500176725;5;1;58;16;2020;9;15;6;3;0;5;0;1;1;0;0;0;0;355608,628399999810000;5669644,271800000200000;6,935047116000021;51,159995341000069;1
215678;5200927606100032563;5;3;78;4;2020;9;10;1;3;4;1;0;1;1;0;0;0;0;373138,309600000270000;5650478,424799999200000;7,192323528000031;50,991890820000037;1
215682;5200924502101287283;5;1;13;0;2020;9;14;5;3;0;7;0;1;0;0;0;0;0;361666,994500000030000;5701940,647199999500000;7,009108161000029;51,451727766000033;0
215689;5200925506100500206;5;1;16;0;2020;9;13;6;3;0;6;0;1;0;0;0;0;0;320203,434200000020000;5675971,676699999700000;6,426041739000027;51,206806819000064;0
215692;5200925505200271897;5;1;14;0;2020;9;8;6;3;0;1;0;1;0;0;0;0;0;327879,716099999850000;5689342,751199999800000;6,529386751000061;51,329293715000063;0
215699;5200925501212850205;5;1;12;0;2020;9;6;6;3;0;1;2;1;0;0;0;0;0;341539,646200000310000;5697765,703299999200000;6,721533179000062;51,408942696000054;1
215701;5200925500300977208;5;1;11;0;2020;9;18;6;3;5;2;0;1;1;0;0;0;0;351860,079099999740000;5670216,079099999700000;6,881242108000038;51,164175362000037;0
215707;5200924500300501076;5;1;11;0;2020;9;14;5;3;5;3;0;1;1;0;0;0;0;345338,118400000040000;5676023,588700000200000;6,785534615000074;51,214632654000070;0
215708;5200925500200654024;5;1;11;0;2020;9;8;6;3;5;3;0;1;1;0;0;0;0;346679,273400000300000;5676964,663599999600000;6,804319820000046;51,223450404000062;1
215709;5200925500200550578;5;1;11;0;2020;9;8;6;3;5;2;1;1;1;0;0;0;0;345947,142199999650000;5678782,103800000600000;6,793061995000073;51,239583851000077;0
215712;5200924500100000370;5;1;11;0;2020;9;16;5;3;1;5;0;1;1;1;0;0;0;346155,406999999660000;5677406,376399999500000;6,796633964000023;51,227278473000069;0
215713;5200925500100478878;5;1;11;0;2020;9;13;6;3;0;7;0;1;1;0;0;0;0;344941,290699999780000;5677115,911499999500000;6,779384973000049;51,224339999000051;1
215714;5200925500100200518;5;1;11;0;2020;9;13;6;3;0;6;0;1;1;0;0;0;0;345668,969899999910000;5676305,777599999700000;6,790146560000039;51,217257768000081;1
215715;5200924411108247833;5;7;74;8;2020;9;11;5;3;5;3;0;1;1;0;0;0;0;486552,180599999610000;5736101,757700000000000;8,805084845000067;51,775631501000078;0
215717;5200925411232856303;5;7;74;32;2020;9;7;6;3;5;3;0;1;1;0;0;0;0;480284,124699999580000;5732506,390100000400000;8,714439512000070;51,743119054000033;0
215720;5200925411108508479;5;7;74;8;2020;9;19;6;2;0;1;1;1;0;0;0;0;0;487104,866700000130000;5736720,616800000900000;8,813072541000054;51,781208827000057;0
215722;5200925410230087139;5;7;70;4;2020;9;14;6;3;8;1;0;1;0;0;0;0;0;483876,787499999630000;5786370,027300000200000;8,763942034000024;52,227516832000049;0
215723;5200925410120723205;5;7;70;32;2020;9;19;6;2;5;3;0;1;0;0;0;0;1;494231,811499999840000;5788829,787900000800000;8,915506339000046;52,249837340000056;0
215724;5200924405116506675;5;7;54;16;2020;9;12;5;3;4;6;0;1;0;0;0;0;1;447516,820500000380000;5757616,232100000600000;8,236062700000048;51,966755156000033;0
215726;5200928400300172280;5;7;11;0;2020;9;8;2;3;5;3;0;1;1;0;0;0;0;466103,806200000460000;5760528,892799999600000;8,506310467000048;51,994386150000082;1
215730;5200925407101470270;5;7;62;20;2020;9;18;6;3;5;2;1;1;1;0;0;0;0;526186,301799999550000;5736491,964400000900000;9,379575177000049;51,778688821000060;0
215731;5200925406210264185;5;7;58;4;2020;9;21;6;2;1;5;2;1;1;0;0;0;0;473544,461000000130000;5782601,560599999500000;8,612965257000042;52,193237242000066;0
215739;5200925400300582010;5;7;11;0;2020;9;19;6;3;0;3;1;1;1;0;0;0;0;471536,245000000110000;5755062,600500000600000;8,585883380000041;51,945545016000040;0
215741;5200925400200090676;5;7;11;0;2020;9;20;6;3;0;3;2;1;1;0;0;0;0;468113,724600000310000;5764066,172000000300000;8,535254003000034;52,026307630000076;0
215743;5200925316300975854;5;9;74;28;2020;9;5;6;3;5;3;2;1;1;0;0;0;0;455054,350499999710000;5724412,889100000300000;8,350078739000026;51,668895949000046;1
215747;5200928600380015203;5;3;14;0;2020;9;10;2;2;0;7;0;1;0;0;0;0;0;369432,692200000400000;5616904,769899999700000;7,151515558000028;50,689300982000077;0
215748;5200925307000580531;5;9;62;24;2020;9;15;6;2;5;3;0;1;1;0;0;0;0;407265,827100000340000;5694138,620600000000000;7,667171329000041;51,390898234000076;0
215749;5200924317220485060;5;9;78;4;2020;9;18;5;3;5;3;1;1;1;0;0;0;0;403747,530500000340000;5718213,956499999400000;7,610051472000066;51,606727780000028;0
215751;5200927702100979108;5;5;15;0;2020;9;13;1;3;4;6;0;1;0;0;0;0;0;406367,061599999670000;5757264,403799999500000;7,637331766000045;51,958184857000049;0
215752;5200925301201085579;5;9;13;0;2020;9;18;6;3;1;1;0;1;1;0;0;0;0;388487,305300000120000;5707942,068099999800000;7,393028930000071;51,511587835000057;0
215755;5200924315210190000;5;9;70;24;2020;9;16;5;3;0;1;0;1;0;0;0;0;0;428221,220900000070000;5647491,092100000000000;7,977615530000037;50,974539188000051;0
215757;5200924709500079230;5;5;66;76;2020;9;15;5;2;3;1;0;1;1;0;0;0;0;396661,812400000170000;5788052,483200000600000;7,486803088000045;52,233179782000036;0
215759;5200924706200881437;5;5;58;12;2020;9;17;5;3;5;3;0;1;1;0;0;0;0;373875,173799999990000;5755866,300499999900000;7,165208891000020;51,939201153000056;0
215761;5200924706100779200;5;5;58;16;2020;9;16;5;3;1;7;0;1;1;0;0;0;0;381399,866999999620000;5743896,445000000300000;7,278733693000049;51,833282048000058;0
215766;5200924609108080825;5;3;58;8;2020;9;14;5;3;0;7;0;1;1;0;0;0;0;322861,477400000210000;5630924,467900000500000;6,486037340000053;50,802944289000038;0
215772;5200924608404641201;5;3;34;4;2020;9;14;5;3;0;1;0;1;1;0;0;0;0;301581,763000000270000;5639551,025000000400000;6,179733058000068;50,873532253000064;0
215773;5200924608200543207;5;3;34;2;2020;9;9;5;3;5;3;0;1;1;0;0;0;0;297044,793899999930000;5629309,807900000400000;6,120999390000065;50,779976888000078;0
215774;5200924608200433184;5;3;34;2;2020;9;15;5;3;5;3;0;1;0;0;0;0;1;296648,581199999900000;5630482,160700000800000;6,114738035000073;50,790367504000073;0
215775;5200924608100703207;5;3;34;2;2020;9;22;5;3;0;2;2;1;1;0;0;0;0;293852,690999999640000;5628748,846000000800000;6,076095012000053;50,773813052000037;1
215776;5200924608100604204;5;3;34;2;2020;9;12;5;3;0;1;0;1;0;0;0;0;0;294627,169800000270000;5629558,710599999900000;6,086612450000075;50,781361314000037;0
215779;5200928411132175040;5;7;74;32;2020;9;19;2;3;3;2;1;1;0;0;0;0;0;482686,319000000130000;5729526,657999999800000;8,749380201000065;51,716406806000066;0
215780;5200924607400564428;5;3;82;68;2020;9;13;5;3;0;1;0;1;0;0;0;0;0;367715,579900000240000;5631966,813699999800000;7,121807204000049;50,824291532000075;0
215783;5200927602700486775;5;3;62;28;2020;9;9;1;2;0;1;0;1;0;0;0;0;0;350771,991499999540000;5638399,074899999400000;6,878784349000057;50,877976642000078;1
215785;5200924606230576788;5;3;78;16;2020;9;16;5;3;0;2;0;1;1;0;0;0;0;360753,000300000420000;5663153,742599999500000;7,011076889000037;51,102941038000040;0
215789;5200929410240810071;5;7;70;40;2020;9;7;3;3;5;7;0;1;1;0;0;0;0;473546,424999999810000;5809178,823999999100000;8,610904469000047;52,432174183000029;0
215792;5200930301303925205;5;9;13;0;2020;9;11;4;3;5;2;0;1;0;0;0;1;0;396760,951899999750000;5710775,722999999300000;7,511382120000064;51,538631033000058;1
215794;5200929608100332842;5;3;34;2;2020;9;9;3;3;5;2;0;1;1;0;0;0;0;293833,949199999680000;5628949,816099999500000;6,075716913000065;50,775611330000061;0
215795;5200930701800355208;5;5;62;4;2020;9;7;4;3;5;3;0;1;1;0;0;0;0;382931,858199999670000;5711935,788000000600000;7,311680273000036;51,546358737000048;1
215797;5200930701000149717;5;5;62;36;2020;9;16;4;3;0;3;0;1;1;0;0;0;0;389724,148500000130000;5720916,806299999400000;7,406772954000076;51,628449481000075;0
215805;5200929505100218013;5;1;14;0;2020;9;14;3;3;5;2;0;1;1;0;0;0;0;328552,846699999650000;5688510,462799999900000;6,539439669000046;51,322020003000034;1
215806;5200930610212374093;5;3;70;40;2020;9;13;4;2;5;3;0;1;1;0;0;0;0;310620,838700000200000;5668587,355699999300000;6,292907269000068;51,137383263000061;0
215807;5200930404101221788;5;7;66;4;2020;9;7;4;3;5;3;0;1;0;0;0;0;0;481645,228600000030000;5750772,071399999800000;8,733184712000025;51,907394407000027;0
215810;5200929705000731358;5;5;54;56;2020;9;21;3;3;5;3;2;1;1;0;0;0;0;357298,142099999820000;5762337,840500000900000;6,921527929000035;51,993344701000069;1
215811;5200929601200186468;5;3;15;0;2020;9;7;3;3;0;5;0;1;1;0;0;0;0;359843,915599999950000;5638119,407700000300000;7,007759289000035;50,877734746000044;1
215812;5201001508000282304;5;1;19;0;2020;10;17;5;3;5;3;0;1;1;0;0;0;0;350506,168499999680000;5704006,707000000400000;6,847725142000058;51,467455739000059;1
215813;5200929501326986203;5;1;12;0;2020;9;14;3;3;0;7;0;1;0;0;0;0;0;345956,957999999630000;5693306,528000000900000;6,786931684000024;51,370093307000047;1
215814;5200930609108924256;5;3;58;8;2020;9;10;4;3;1;1;0;1;1;0;0;0;0;321522,131000000050000;5632740,751000000200000;6,466165817000046;50,818850798000028;1
215815;5201001313110987451;5;9;58;4;2020;10;7;5;3;6;4;0;1;0;1;0;0;0;429153,606300000100000;5698740,680099999500000;7,980773673000044;51,435428079000076;0
215818;5200930608200680699;5;3;34;2;2020;9;16;4;3;8;1;0;1;0;0;0;0;0;299633,340499999930000;5630567,541099999100000;6,156984824000062;50,792173588000026;1
215820;5200930608200503206;5;3;34;2;2020;9;15;4;3;2;6;0;1;1;0;0;0;0;299536,643899999560000;5629102,967199999800000;6,156413281000027;50,778985732000081;1
215821;5200930316100580652;5;9;74;40;2020;9;11;4;3;5;3;0;1;0;0;0;0;0;437891,901499999690000;5714336,942800000300000;8,103721877000055;51,576673610000057;0
215823;5200930608100733490;5;3;34;2;2020;9;17;4;3;3;6;0;1;0;0;0;0;1;294604,900899999770000;5628674,947300000100000;6,086790551000036;50,773416165000071;1
215824;5200929702100844971;5;5;15;0;2020;9;14;3;3;5;3;0;1;0;0;0;0;0;402469,378499999640000;5758347,749199999500000;7,580318408000039;51,967252254000073;1
215825;5200929600330263643;5;3;82;48;2020;9;7;3;3;5;3;1;1;1;0;0;0;0;354099,119800000450000;5610139,747899999800000;6,937241309000058;50,624859120000053;1
215827;5200929500200736204;5;1;11;0;2020;9;15;3;3;5;7;0;1;1;0;0;0;0;342896,601999999960000;5681071,112999999900000;6,748391566000066;51,259319149000078;1
215830;5200930307000558140;5;9;62;20;2020;9;16;4;3;4;6;0;1;1;0;0;0;0;414373,110000000340000;5671867,734999999400000;7,774636463000036;51,191800489000059;0
215831;5200929313121187421;5;9;58;32;2020;9;15;3;3;5;1;0;1;1;0;0;0;0;444530,964900000020000;5689105,529600000000000;8,203478493000034;51,350512735000052;0
215833;5200930607400178224;5;3;82;68;2020;9;10;4;3;5;7;0;1;1;0;0;0;0;370252,252999999560000;5630663,828199999400000;7,158264040000063;50,813154168000040;0
215834;5200929516800786724;5;1;58;20;2020;9;9;3;2;0;7;0;1;0;0;0;0;0;356654,564899999650000;5665593,563100000800000;6,951607168000066;51,123856563000061;1
215835;5200929701700278205;5;5;62;16;2020;9;17;3;3;5;3;0;1;0;0;0;0;0;381864,394100000150000;5733090,798100000200000;7,289150750000033;51,736267240000075;1
215838;5200929406220982071;5;7;58;24;2020;9;12;3;3;5;3;0;1;1;0;0;0;0;480535,918999999760000;5783383,815999999600000;8,715201139000044;52,200561291000042;0
215841;5200930301101043204;5;9;13;0;2020;9;15;4;3;5;3;0;1;1;0;0;0;0;394971,988300000320000;5706229,400900000700000;7,486951355000031;51,497436102000052;0
215842;5200929313121085053;5;9;58;32;2020;9;17;3;2;0;1;1;1;0;0;0;0;0;450239,995600000020000;5688140,868000000700000;8,285586393000074;51,342367870000032;1
215843;5200929602800819203;5;3;62;12;2020;9;14;3;3;0;1;0;1;0;0;0;0;0;352395,444899999540000;5633475,666899999600000;6,903829681000048;50,834148431000074;1
215847;5200930602700962207;5;3;62;28;2020;9;8;4;3;2;7;0;1;0;0;0;0;0;350971,161000000310000;5638726,475999999800000;6,881479929000022;50,880970240000067;0
215848;5200929307200541202;5;9;62;32;2020;9;13;3;3;0;1;0;1;0;0;0;0;0;402276,539099999700000;5674566,768600000100000;7,600845374000073;51,214122865000036;1
215850;5200930601610375205;5;3;15;0;2020;9;13;4;3;5;3;0;1;1;0;0;0;0;359143,226099999620000;5644993,977600000800000;6,995152683000072;50,939347094000027;0
215852;5200930601600986357;5;3;15;0;2020;9;8;4;3;0;1;0;1;0;0;0;0;0;363707,325000000190000;5638606,370999999300000;7,062459916000023;50,883035459000041;1
215854;5200929307000585526;5;9;62;24;2020;9;15;3;3;5;3;0;1;1;0;0;0;0;408924,315000000410000;5692543,568000000000000;7,691410386000030;51,376828051000075;1
215855;5200929601520814207;5;3;15;0;2020;9;14;3;3;1;5;0;1;0;0;0;1;0;357797,433600000110000;5644753,336999999400000;6,976104341000053;50,936854146000030;0
215856;5201001600310791209;5;3;14;0;2020;10;20;5;3;5;3;2;1;1;0;0;0;0;361956,282100000420000;5619873,068199999600000;7,044623906000027;50,714253223000071;1
215859;5200930317240139200;5;9;78;40;2020;9;11;4;3;3;7;0;1;1;0;0;0;0;405702,231200000270000;5724641,131600000000000;7,636538376000033;51,664832240000067;0
215860;5200929307000000650;5;9;62;12;2020;9;7;3;3;1;3;2;1;1;0;0;0;0;394906,289400000130000;5671823,808000000200000;7,496162751000043;51,188157204000049;0
215861;5200930601300076590;5;3;15;0;2020;9;14;4;3;0;1;0;1;0;0;0;0;0;354043,945399999620000;5645279,356699999400000;6,922509223000077;50,940643548000025;0
215863;5200929601100297505;5;3;15;0;2020;9;10;3;3;0;1;0;1;0;0;0;0;0;355159,586199999790000;5644068,706499999400000;6,938859045000072;50,930045033000056;1
215864;5200929706200884916;5;5;58;16;2020;9;17;3;3;5;3;0;1;1;0;0;0;0;381671,310899999920000;5744477,218100000200000;7,282472675000065;51,838559124000028;1
215865;5200929601300086383;5;3;15;0;2020;9;8;3;3;0;7;0;1;1;0;0;0;0;354192,436400000010000;5646583,720200000300000;6,924099084000034;50,952403010000069;1
215866;5201001514210085983;5;1;66;12;2020;10;13;5;3;5;3;0;1;1;0;0;0;0;319868,519799999890000;5693465,157900000000000;6,412431061000063;51,363843720000034;1
215868;5200930601110297203;5;3;15;0;2020;9;11;4;3;5;2;0;1;1;0;0;0;0;355469,995900000450000;5644629,236899999900000;6,943050984000024;50,935160271000029;0
215871;5200930600330576208;5;3;82;48;2020;9;16;4;3;0;7;0;1;0;0;0;0;0;354668,152999999930000;5610434,884999999800000;6,945165172000031;50,627653710000061;0
215872;5200929702100509409;5;5;15;0;2020;9;23;3;3;0;7;2;1;0;0;0;0;0;407058,707600000310000;5757346,144799999900000;7,647372339000071;51,959035625000070;1
215873;5200929600130690854;5;3;82;8;2020;9;7;3;3;0;6;0;1;0;0;1;0;0;374947,856399999930000;5610883,487199999400000;7,231589546000066;50,636389035000036;1
215875;5200929500100870823;5;1;11;0;2020;9;12;3;3;0;6;0;1;0;1;0;0;0;345974,963100000280000;5676340,212500000400000;6,794509777000030;51,217649807000043;1
215876;5200930600140178249;5;3;14;0;2020;9;15;4;2;8;7;0;1;0;0;0;0;0;367356,790099999870000;5622285,846300000300000;7,120208956000056;50,737197041000059;0
215881;5200930600110437201;5;3;14;0;2020;9;9;4;3;5;3;0;1;1;0;0;0;0;363552,121000000280000;5621898,367200000200000;7,066465748000042;50,732833040000060;1
215884;5200929301201639206;5;9;13;0;2020;9;12;3;2;0;1;0;1;0;0;0;0;0;394752,586000000130000;5709484,772700000600000;7,482819912000025;51,526656385000081;1
215887;5200929518300578972;5;1;70;20;2020;9;9;3;3;0;3;0;1;1;0;0;0;0;330086,362300000150000;5708292,249900000200000;6,551948690000074;51,500193378000063;1
215888;5200929406110455586;5;7;58;12;2020;9;7;3;3;8;6;0;1;1;0;0;0;0;479309,018799999730000;5775857,572699999400000;8,697708252000041;52,132851328000072;0
215889;5200930600110399203;5;3;14;0;2020;9;5;4;3;1;1;2;1;1;0;0;0;0;367077,247899999840000;5618371,342399999500000;7,117660069000067;50,701949280000065;1
215890;5201001301304677849;5;9;13;0;2020;10;19;5;3;4;1;1;1;1;0;0;0;0;399384,628999999720000;5708812,345000000700000;7,549761019000073;51,521456422000028;1
215891;5200930300600679201;5;9;16;0;2020;9;16;4;3;0;3;0;1;1;0;0;0;0;374528,583399999890000;5711241,194399999500000;7,190801386000032;51,538310468000077;0
215895;5200929300120535208;5;9;11;0;2020;9;6;3;3;5;3;0;1;1;0;0;0;0;378236,366000000390000;5706263,837999999500000;7,245956856000021;51,494388591000074;0
215896;5201001500200991314;5;1;11;0;2020;10;7;5;3;1;3;0;1;1;0;0;0;0;349788,512000000100000;5676544,323000000800000;6,848988826000038;51,220499928000038;0
215897;5200929608100585805;5;3;34;2;2020;9;10;3;3;0;5;0;1;1;0;0;0;0;294864,032999999820000;5627594,530999999500000;6,091063211000062;50,763804358000073;1
215898;5200930600110275574;5;3;14;0;2020;9;15;4;3;4;6;0;1;0;0;0;0;0;365078,024899999610000;5623445,028200000500000;7,087509325000042;50,747090708000030;0
215899;5200929515000073900;5;1;54;36;2020;9;13;3;3;4;6;0;1;0;0;0;0;0;302593,043999999760000;5741601,244000000900000;6,137536140000066;51,790389326000081;0
215900;5200930518200578930;5;1;70;24;2020;9;15;4;3;5;6;0;1;0;0;0;0;0;335585,117200000210000;5702561,260199999400000;6,633765602000040;51,450331811000069;0
215902;5200930516500091188;5;1;58;16;2020;9;15;4;3;1;5;0;1;1;0;0;0;0;356047,504300000150000;5670659,123500000700000;6,940912985000068;51,169225832000052;0
215903;5200929711113065808;5;5;70;52;2020;9;7;3;3;5;3;0;1;1;0;0;0;0;430406,517300000410000;5755207,534600000800000;7,987532448000025;51,943223041000067;0
215906;5201001515111357205;5;1;54;8;2020;10;6;5;3;5;3;2;1;1;0;0;0;0;310888,795199999590000;5746590,589700000400000;6,254951927000036;51,838063800000043;1
215908;5200930514218046126;5;1;66;36;2020;9;7;4;3;0;1;0;1;0;0;0;0;0;322759,032899999990000;5683727,112800000200000;6,458750240000029;51,277274794000050;1
215910;5201001600380810204;5;3;14;0;2020;10;23;5;3;0;1;2;1;0;0;0;0;0;367836,897800000380000;5617942,139599999400000;7,128565045000073;50,698264691000077;0
215911;5200929505100717738;5;1;14;0;2020;9;14;3;2;0;1;0;1;0;0;0;0;0;331230,658699999560000;5688902,164200000500000;6,577648216000057;51,326339760000053;1
215912;5200930513310977580;5;1;62;8;2020;9;19;4;3;1;7;2;1;1;0;0;0;0;330438,129599999640000;5662788,847200000700000;6,578625424000052;51,091499422000027;1
215913;5200930405108880417;5;7;54;8;2020;9;9;4;3;3;6;0;1;1;0;0;0;0;455910,130599999800000;5751729,850299999100000;8,358980158000065;51,914562869000065;0
215914;5200928711111179136;5;5;70;52;2020;9;14;2;3;3;6;0;1;0;0;0;0;0;430742,457999999630000;5756454,711500000200000;7,992167690000031;51,954476642000031;0
215922;5201001301303689200;5;9;13;0;2020;10;7;5;3;3;6;0;1;1;0;0;0;0;399983,477599999870000;5707282,049699999400000;7,558823923000034;51,507807184000058;0
215924;5200928709500138473;5;5;66;76;2020;9;7;2;3;5;3;0;1;1;0;0;0;0;396293,627000000330000;5792703,360999999600000;7,479985307000050;52,274909882000031;1
215929;5200929705000020950;5;5;54;20;2020;9;13;3;2;5;3;0;1;1;0;0;0;0;365368,739000000060000;5783780,953900000100000;7,030531964000033;52,188037407000081;1
215930;5200929600380090861;5;3;14;0;2020;9;12;3;3;1;5;0;1;1;0;0;0;0;369639,681200000460000;5616806,626800000700000;7,154478967000046;50,688465262000079;1