OBJECTID;UIDENTSTLAE;ULAND;UREGBEZ;UKREIS;UGEMEINDE;UJAHR;UMONAT;USTUNDE;UWOCHENTAG;UKATEGORIE;UART;UTYP1;ULICHTVERH;IstRad;IstPKW;IstFuss;IstKrad;IstGkfz;IstSonstige;LINREFX;LINREFY;XGCSWGS84;YGCSWGS84;STRZUSTAND
215931;5201001502402478021;5;1;17;0;2020;10;16;5;3;0;1;1;1;1;0;0;0;0;352898,171400000340000;5700557,774399999500000;6,883571613000072;51,437091639000073;1
215932;5200929500300054655;5;1;11;0;2020;9;14;3;3;3;1;0;1;1;0;0;0;0;348079,026700000280000;5673856,127399999600000;6,825666288000036;51,195892291000064;0
215934;5201001300510119207;5;9;54;36;2020;10;7;5;3;5;3;0;1;1;0;0;0;0;386128,973699999970000;5700309,384400000800000;7,361519076000036;51,442514294000034;0
215936;5200928705000471216;5;5;54;12;2020;9;16;2;3;0;1;0;1;0;0;0;0;1;352018,231999999840000;5745685,823000000800000;6,851838405000024;51,842348997000045;1
215937;5201001410230787088;5;7;70;4;2020;10;7;5;3;0;6;0;1;1;0;0;0;0;487996,498300000090000;5783510,476700000500000;8,824359282000046;52,201913006000041;0
215941;5200929400300881352;5;7;11;0;2020;9;7;3;3;5;3;0;1;1;0;0;0;0;465478,753899999890000;5760357,606300000100000;8,497224362000054;51,992807671000037;0
215943;5201001501314885928;5;1;12;0;2020;10;7;5;3;0;5;0;1;1;0;0;0;1;345869,484600000080000;5701293,546299999600000;6,782205594000061;51,441834060000076;1
215945;5200930505200378947;5;1;14;0;2020;9;15;4;3;0;1;0;1;0;0;0;0;0;330249,968399999660000;5689785,957599999400000;6,563164891000042;51,333987802000081;0
215952;5200930505200085957;5;1;14;0;2020;9;20;4;2;0;7;2;1;0;0;0;0;0;326376,773699999790000;5695169,235899999700000;6,504992021000021;51,381178702000057;1
215954;5200930503400208510;5;1;22;0;2020;9;14;4;3;0;3;0;1;1;0;0;0;0;361541,725700000300000;5668564,152799999300000;7,020256976000042;51,151755080000044;0
215955;5200929709000779150;5;5;66;12;2020;9;12;3;3;0;7;0;1;0;0;0;0;1;405578,025500000450000;5772283,313699999800000;7,621707963000063;52,093046249000054;1
215956;5201001410110078169;5;7;70;24;2020;10;12;5;3;5;3;0;1;1;0;0;0;0;492531,787700000220000;5794014,392200000600000;8,890489261000028;52,296429198000055;0
215958;5200930300210156200;5;9;11;0;2020;9;17;4;3;0;2;0;1;1;0;0;0;0;373908,417700000110000;5701457,443199999600000;7,185359620000043;51,450243608000051;0
215959;5200928702100271207;5;5;15;0;2020;9;6;2;3;1;6;2;1;0;0;0;1;0;407197,115600000140000;5754878,361600000400000;7,650052327000026;51,936876976000065;0
215963;5200930503200186764;5;1;24;0;2020;9;7;4;3;6;4;1;1;0;1;0;0;0;374105,988800000400000;5676944,934200000000000;7,196868793000022;51,229981491000046;1
215964;5200930400200490659;5;7;11;0;2020;9;14;4;3;2;6;0;1;1;0;0;0;0;468423,122000000440000;5764126,753000000500000;8,539757755000039;52,026869992000059;0
215965;5200928702100044971;5;5;15;0;2020;9;13;2;3;5;3;0;1;1;0;0;0;0;403182,291400000450000;5757032,244200000500000;7,591063171000030;51,955552734000037;0
215966;5200930503000182420;5;1;24;0;2020;9;13;4;3;2;7;0;1;1;0;0;0;0;370742,305800000210000;5677225,181299999400000;7,148617584000022;51,231748268000047;0
215967;5200929705000682335;5;5;54;8;2020;9;16;3;3;5;2;0;1;1;0;0;0;0;335674,794999999930000;5745364,392999999200000;6,614954158000046;51,834891641000070;1
215968;5200929601110363203;5;3;15;0;2020;9;7;3;3;4;6;1;1;0;0;0;0;0;356183,804800000040000;5645039,799000000600000;6,953040909000038;50,939028379000035;1
215970;5200929500300951245;5;1;11;0;2020;9;19;3;2;0;7;2;1;0;0;0;0;0;345343,790000000040000;5673514,473999999500000;6,786697040000036;51,192088623000075;0
215972;5200929601300090627;5;3;15;0;2020;9;14;3;3;1;2;0;1;1;0;0;0;0;352493,004999999890000;5644828,915999999300000;6,900631766000061;50,936200967000048;1
215974;5200929503100591181;5;1;24;0;2020;9;7;3;3;5;3;0;1;1;0;0;0;0;370667,052000000140000;5679853,794999999900000;7,146590772000025;51,255355665000081;1
215975;5200930502214571203;5;1;13;0;2020;9;16;4;2;4;6;0;1;0;0;0;0;0;363671,590400000100000;5698997,616599999400000;7,039073299000052;51,425766276000047;0
215977;5200928702100010903;5;5;15;0;2020;9;14;2;3;3;2;0;1;1;0;0;0;0;406031,782999999820000;5756763,716900000300000;7,632590793000077;51,953627892000043;0
215979;5200929702100765831;5;5;15;0;2020;9;16;3;3;0;7;0;1;0;0;0;0;0;406269,817400000060000;5761498,281800000000000;7,634760511000025;51,996224436000034;1
215980;5201001400300187121;5;7;11;0;2020;10;9;5;2;0;3;0;1;0;0;0;0;0;467013,707000000400000;5759509,514000000400000;8,519660501000033;51,985276061000036;0
215981;5200929600140334202;5;3;14;0;2020;9;15;3;3;5;3;0;1;1;0;0;0;0;367340,173999999650000;5622282,021999999900000;7,119974988000024;50,737158873000055;0
215982;5201001502249701332;5;1;13;0;2020;10;15;5;3;0;5;0;1;0;0;0;0;1;357102,257500000300000;5691952,425000000700000;6,947480838000047;51,360839159000079;0
215985;5200930709500039759;5;5;66;76;2020;9;16;4;3;5;3;0;1;1;0;0;0;0;391999,962000000290000;5791909,185000000500000;7,417333241000051;52,266945867000061;0
215987;5200928701110952200;5;5;62;32;2020;9;16;2;3;5;2;0;1;1;0;0;0;0;374333,429100000300000;5716786,179099999400000;7,186006531000032;51,588100524000026;1
215991;5200928610111485829;5;3;70;16;2020;9;7;2;3;5;3;0;1;1;0;0;0;0;296466,935300000010000;5660463,018500000200000;6,095431802000064;51,059565394000060;0
215992;5200929701500472412;5;5;62;24;2020;9;17;3;3;5;3;0;1;1;0;0;0;0;368440,182900000360000;5724561,602000000000000;7,098066880000033;51,656629943000041;1
215993;5200929600110208203;5;3;14;0;2020;9;6;3;2;2;6;2;1;1;0;0;0;0;366073,208200000230000;5620011,393100000900000;7,102854943000068;50,716459702000066;0
215994;5201001500300554655;5;1;11;0;2020;10;15;5;3;5;3;0;1;1;0;0;0;0;343771,948200000450000;5675425,315999999600000;6,763388818000067;51,208830656000032;1
215995;5200929406110531930;5;7;58;12;2020;9;7;3;3;5;2;0;1;1;0;0;0;0;477041,335300000380000;5774890,700500000300000;8,664643629000068;52,124068989000079;0
215996;5200930501223597209;5;1;12;0;2020;9;8;4;3;5;3;0;1;1;0;0;0;0;339333,938799999650000;5702248,421299999600000;6,687812350000058;51,448597160000077;1
215997;5200930709300511964;5;5;66;84;2020;9;19;4;3;0;6;2;1;1;0;0;0;0;390867,726099999620000;5775909,139799999100000;7,405901414000027;52,122927295000068;0
215998;5200930301101027208;5;9;13;0;2020;9;13;4;3;3;6;0;1;1;0;0;0;0;392339,617700000290000;5707306,568700000600000;7,448715041000071;51,506622921000030;0
215999;5200928607200381182;5;3;82;20;2020;9;11;2;3;4;2;0;1;0;0;0;1;0;379735,276999999770000;5621270,461999999400000;7,295878450000032;50,730765283000039;0
216004;5200930500300071946;5;1;11;0;2020;9;19;4;3;0;6;2;1;0;1;0;0;0;352417,589999999850000;5668261,411699999100000;6,890011682000022;51,146754523000027;0
216006;5200930500300009207;5;1;11;0;2020;9;16;4;3;5;2;0;1;1;0;0;0;0;348521,976999999960000;5675319,900499999500000;6,831383222000056;51,209162973000048;0
216010;5200928602400580764;5;3;62;32;2020;9;10;2;2;5;3;0;1;1;0;0;0;0;334902,126199999820000;5637369,687799999500000;6,653857676000030;50,864411891000032;0
216015;5200930317110577915;5;9;78;36;2020;9;7;4;3;5;2;1;1;1;0;0;0;0;409046,334499999880000;5711065,419199999400000;7,688398538000058;51,543348678000029;1
216016;5200928602300636204;5;3;62;36;2020;9;13;2;2;5;3;0;1;0;0;0;0;1;346630,852099999790000;5651625,918199999300000;6,814397724000060;50,995749766000074;1
216018;5200929705000087250;5;5;54;8;2020;9;9;3;3;1;2;0;1;1;0;0;0;0;335889,103299999610000;5745826,711999999400000;6,617842487000075;51,839107858000034;1
216019;5200930405140482109;5;7;54;40;2020;9;15;4;2;2;7;0;1;0;0;0;0;0;459916,318199999630000;5762277,750399999300000;8,415991339000073;52,009697066000058;0
216020;5200928601700397205;5;3;16;0;2020;9;14;2;3;6;4;0;1;0;1;0;0;0;359809,649199999870000;5655563,455199999700000;7,000553731000025;51,034497935000047;0
216023;5200929601210802208;5;3;15;0;2020;9;6;3;3;4;2;2;1;1;0;0;0;0;353718,750599999910000;5643881,258300000800000;6,918444952000073;50,927996905000043;0
216024;5201001513310591293;5;1;62;8;2020;10;14;5;3;5;3;0;1;1;0;0;0;0;332273,389999999660000;5662123,604399999600000;6,605117490000055;51,086062176000041;1
216025;5200929502215086115;5;1;13;0;2020;9;13;3;3;0;6;0;1;1;0;0;0;0;361512,817099999640000;5700082,921900000400000;7,007617535000065;51,434995868000044;1
216027;5200930315110586088;5;9;70;40;2020;9;13;4;2;0;3;0;1;1;0;0;0;0;430461,822999999860000;5640463,870999999300000;8,010866197000041;50,911630658000036;0
216029;5200930411132890775;5;7;74;32;2020;9;8;4;3;0;2;0;1;1;0;0;0;0;484071,976999999960000;5729127,097999999300000;8,769456027000047;51,712855298000079;0
216030;5200929702100371209;5;5;15;0;2020;9;15;3;3;5;7;0;1;1;0;0;0;0;407448,730899999850000;5757321,535900000500000;7,653053502000034;51,958879483000032;0
216032;5201001501353982327;5;1;12;0;2020;10;12;5;2;5;3;0;1;1;0;0;0;0;343874,468899999750000;5699473,515699999400000;6,754325043000051;51,424934885000027;0
216035;5200929500300469152;5;1;11;0;2020;9;13;3;3;0;1;0;1;0;0;0;0;0;343984,468000000340000;5673725,898000000000000;6,767167536000045;51,193618877000063;1
216036;5200930411132570286;5;7;74;32;2020;9;10;4;2;0;1;0;1;0;0;0;0;0;484398,567300000230000;5729187,884199999300000;8,774180369000021;51,713411026000074;1
216037;5200930705000091737;5;5;54;12;2020;9;15;4;3;0;3;0;1;1;0;0;0;0;352110,548999999650000;5747566,941999999800000;6,852372802000048;51,859275061000062;0
216038;5200930310110781397;5;9;54;16;2020;9;6;4;3;5;3;2;1;1;0;0;0;0;375676,042999999600000;5695661,981000000600000;7,212818382000023;51,398547983000071;1
216040;5201001400300087177;5;7;11;0;2020;10;6;5;2;0;6;2;1;0;0;0;0;0;465467,933000000190000;5760340,606000000600000;8,497068483000021;51,992654155000082;0
216041;5200929610111314370;5;3;70;16;2020;9;10;3;3;5;3;0;1;1;0;0;0;0;297831,418600000440000;5660644,792099999300000;6,114775923000025;51,061679886000036;1
216045;5200930411132051246;5;7;74;32;2020;9;17;4;3;0;1;0;1;0;0;0;0;0;483967,091900000350000;5729487,500600000800000;8,767921336000029;51,716092807000052;0
216046;5200930300510978207;5;9;54;36;2020;9;13;4;3;5;3;0;1;0;0;1;0;0;384518,011800000440000;5699366,448799999400000;7,338657049000062;51,433712979000063;0
216049;5201002514210086016;5;1;66;12;2020;10;9;6;3;3;3;0;1;0;0;0;0;0;320593,605600000360000;5692400,849600000300000;6,423372305000044;51,354512670000076;0
216050;5201002607100167684;5;3;82;60;2020;10;15;6;3;0;1;0;1;0;0;0;0;0;374097,672799999830000;5629833,925899999200000;7,213104699000041;50,806543342000055;0
216051;5201006411132343202;5;7;74;32;2020;10;14;3;3;5;3;0;1;0;0;0;0;0;483181,063199999740000;5730158,893100000900000;8,756511145000047;51,722106482000072;0
216054;5201002513130682342;5;1;62;22;2020;10;7;6;3;0;1;0;1;0;0;0;0;0;339603,773799999620000;5679830,008500000500000;6,701795293000032;51,247251147000043;0
216055;5201006600110476513;5;3;14;0;2020;10;9;3;3;0;7;0;1;0;1;0;0;0;365098,103900000450000;5620646,661200000000000;7,088817936000055;50,721943929000076;0
216058;5201004502249886672;5;1;13;0;2020;10;16;1;3;0;1;0;1;0;0;0;0;0;356844,060499999670000;5692124,998099999500000;6,943705306000027;51,362324917000080;0
216060;5201006400200490661;5;7;11;0;2020;10;17;3;3;5;2;0;1;1;0;0;0;0;467679,911000000310000;5763773,005000000800000;8,528959042000054;52,023646769000038;1
216061;5201003411132056303;5;7;74;32;2020;10;23;7;3;0;7;2;1;0;0;0;0;0;482398,690499999560000;5728368,511499999100000;8,745275251000066;51,705984594000029;1
216063;5201006513210075934;5;1;62;24;2020;10;12;3;3;5;2;0;1;1;0;0;0;0;341334,597199999730000;5669739,571599999400000;6,731034827000030;51,157071499000040;0
216065;5201005608100373761;5;3;34;2;2020;10;16;2;3;5;2;0;1;1;0;0;0;0;294480,402099999600000;5629256,924499999700000;6,084701972000062;50,778598925000040;0
216067;5201005500300060579;5;1;11;0;2020;10;18;2;2;5;3;0;1;0;0;0;0;0;353137,064399999570000;5674518,582100000200000;6,897734100000037;51,203167621000034;0
216069;5201004313110418207;5;9;58;4;2020;10;18;1;3;5;3;0;1;1;0;0;0;0;427542,691599999550000;5700836,465500000900000;7,957173337000029;51,454066111000031;0
216070;5201002503100981438;5;1;24;0;2020;10;18;6;3;0;7;0;1;0;0;0;0;0;369387,309999999590000;5672694,879000000700000;7,130870371000071;51,190724197000065;1
216074;5201006505200079058;5;1;14;0;2020;10;7;3;3;5;3;0;1;1;0;0;0;0;330838,332999999630000;5690664,303999999500000;6,571185743000058;51,342054105000045;1
216077;5201002606100778638;5;3;78;4;2020;10;16;6;3;3;3;0;1;1;0;0;0;0;370359,046199999750000;5647785,780600000200000;7,153703402000076;50,967070400000068;0
216078;5201003705000465798;5;5;54;20;2020;10;19;7;2;0;1;2;1;0;0;0;0;0;363206,739900000390000;5786820,540100000800000;6,997698134000075;52,214816587000030;1
216079;5201002501313076406;5;1;12;0;2020;10;16;6;2;5;7;0;1;0;0;0;0;1;343389,358000000010000;5701482,390000000600000;6,746464772000024;51,442850528000065;0
216084;5201002709500579230;5;5;66;60;2020;10;12;6;3;5;3;0;1;1;0;0;0;0;388694,903199999590000;5788856,606200000300000;7,369926967000026;52,238853585000072;0
216085;5201005600130278203;5;3;82;8;2020;10;7;2;3;5;3;0;1;1;0;0;0;0;374684,031999999660000;5611894,740000000200000;7,227518615000065;50,645422267000072;0
216086;5201006502406123209;5;1;17;0;2020;10;15;3;3;5;6;0;1;1;0;0;0;0;353867,567999999970000;5699387,034000000000000;6,897991717000025;51,426822509000033;0
216089;5201002603140024949;5;3;66;40;2020;10;9;6;3;0;1;0;1;0;0;0;1;0;346495,950600000100000;5623342,871700000000000;6,824345259000040;50,741557282000031;0
216092;5201005701200847208;5;5;62;20;2020;10;20;2;2;0;1;2;1;0;0;0;0;0;370473,442900000140000;5717908,254499999800000;7,129905031000021;51,597310309000079;1
216096;5201005711114574649;5;5;70;52;2020;10;5;2;3;7;7;2;1;0;0;0;0;0;428408,171600000000000;5753377,279799999700000;7,958845931000042;51,926516261000074;0
216098;5201006501112282154;5;1;12;0;2020;10;11;3;3;0;3;0;1;1;0;0;0;0;344697,157999999820000;5708353,301000000900000;6,762247821000074;51,504945150000026;1
216099;5201004601110926204;5;3;15;0;2020;10;1;1;2;0;1;2;1;0;0;0;0;0;356032,606499999760000;5646181,523800000500000;6,950439067000048;50,949251135000054;0
216102;5201006410230487129;5;7;70;4;2020;10;12;3;3;5;3;0;1;1;0;0;0;0;486311,007100000050000;5783566,598799999800000;8,799694289000058;52,202378293000038;0
216106;5201006518300967144;5;1;70;20;2020;10;18;3;3;0;3;1;1;1;0;0;0;0;330303,082000000400000;5707854,413000000600000;6,555278611000063;51,496325153000043;1
216109;5201004411132678140;5;7;74;32;2020;10;20;1;3;1;5;2;1;1;0;0;0;0;482803,810499999670000;5729668,844699999300000;8,751073883000061;51,717688865000071;0
216110;5201002500100167163;5;1;11;0;2020;10;22;6;3;1;5;2;1;1;0;0;0;0;344880,729600000200000;5677161,788300000100000;6,778498516000070;51,224735766000038;0
216112;5201002406220590723;5;7;58;24;2020;10;7;6;3;5;3;0;1;1;0;0;0;0;482338,488400000150000;5784754,611199999200000;8,741504560000067;52,212946198000054;0
216115;5201006405108080589;5;7;54;8;2020;10;18;3;3;4;2;1;1;1;0;0;0;0;457082,402999999930000;5750567,796000000100000;8,376167420000058;51,904206924000050;0
216117;5201005607400051173;5;3;82;68;2020;10;3;2;3;0;7;2;1;0;0;0;0;0;370880,832799999970000;5630388,310000000500000;7,167278624000062;50,810818229000063;0
216119;5201005411108637585;5;7;74;8;2020;10;7;2;3;5;3;0;1;1;0;0;0;0;486457,045400000180000;5735994,803999999500000;8,803710119000073;51,774667560000069;0
216120;5201002405228687108;5;7;54;28;2020;10;13;6;3;0;6;0;1;0;0;0;0;0;451849,618999999950000;5742668,040999999300000;8,301213159000042;51,832756548000077;0
216121;5201004301404557204;5;9;13;0;2020;10;15;1;2;4;6;0;1;0;0;0;0;1;394616,934000000360000;5698653,959000000700000;7,484096534000059;51,429277180000042;0
216123;5201006310140480460;5;9;54;28;2020;10;15;3;3;0;1;0;1;0;0;0;0;0;378130,588000000450000;5692437,031099999300000;7,249191734000021;51,370095727000034;1
216125;5201005601220638200;5;3;15;0;2020;10;15;2;3;5;3;0;1;1;0;0;0;0;361054,168999999760000;5638149,309000000400000;7,024940034000053;50,878295741000045;0
216128;5201006506100086698;5;1;16;0;2020;10;17;3;3;5;3;0;1;1;0;0;0;0;321333,856700000350000;5671906,649700000900000;6,444229409000059;51,170644362000075;0
216137;5201002400100890829;5;7;11;0;2020;10;12;6;3;3;6;0;1;1;0;0;0;0;467624,683500000280000;5766331,098200000800000;8,527911993000032;52,046642340000062;0
216141;5201005300600073235;5;9;16;0;2020;10;8;2;3;5;3;0;1;1;0;0;0;0;376917,460400000210000;5711462,446100000300000;7,225151780000033;51,540824893000035;0
216144;5201006500100355205;5;1;11;0;2020;10;16;3;3;5;3;0;1;1;0;0;0;0;346810,925999999980000;5676400,937000000800000;6,806444585000065;51,218420348000052;1
216146;5201005706000015970;5;5;58;12;2020;10;12;2;3;0;7;0;1;0;0;0;0;1;375580,015999999830000;5751521,844000000500000;7,191566393000073;51,900543092000078;0
216147;5201002702100986200;5;5;15;0;2020;10;15;6;3;0;7;0;1;0;0;0;0;0;405683,218100000170000;5751307,044999999900000;7,629015705000029;51,904521655000053;0
216148;5201005513110935740;5;1;62;16;2020;10;16;2;3;1;5;0;1;1;0;0;0;0;333829,446999999690000;5677855,015000000600000;6,620050518000028;51,227854135000030;1
216149;5201004600320186529;5;3;82;72;2020;10;3;1;3;1;5;2;1;1;0;0;0;0;366653,004999999890000;5612821,090900000200000;7,113657122000063;50,651965836000045;1
216150;5201002400100150983;5;7;11;0;2020;10;15;6;3;0;7;0;1;0;1;0;0;0;467764,183899999600000;5767415,747400000700000;8,529843735000043;52,056402092000042;0
216151;5201002600110949200;5;3;14;0;2020;10;15;6;3;3;2;0;1;1;0;0;0;0;363579,553799999880000;5623155,568600000800000;7,066388846000052;50,744138934000034;0
216153;5201003601210677202;5;3;15;0;2020;10;4;7;2;3;6;2;1;0;0;0;0;0;352369,958200000230000;5643037,530300000700000;6,899607197000023;50,920071083000039;0
216154;5201002702100444586;5;5;15;0;2020;10;7;6;3;4;6;0;1;0;0;0;0;0;404359,081399999560000;5755711,404100000900000;7,608550428000058;51,943884157000070;0
216155;5201005608200233490;5;3;34;2;2020;10;10;2;2;8;1;0;1;0;0;0;0;0;295439,178999999540000;5629758,622999999700000;6,098004460000027;50,783443762000047;0
216157;5201002701500177207;5;5;62;24;2020;10;18;6;3;2;6;1;1;0;0;0;0;0;371121,095800000240000;5725183,323400000100000;7,136572745000024;51,662838267000041;1
216158;5201005700200873765;5;5;13;0;2020;10;16;2;3;5;2;0;1;1;0;0;0;0;363296,190000000410000;5714882,003000000500000;7,027523032000033;51,568419553000069;0
216161;5201005502214378588;5;1;13;0;2020;10;17;2;3;3;7;0;1;1;0;0;0;0;361189,185800000090000;5699466,009199999300000;7,003206346000070;51,429372866000051;1
216162;5201002313110485015;5;9;58;4;2020;10;7;6;3;5;3;0;1;1;0;0;0;0;429709,917000000370000;5698321,142999999200000;7,988858928000070;51,431725561000064;0
216165;5201006400200687040;5;7;11;0;2020;10;14;3;3;1;5;0;1;1;0;0;0;0;468224,045099999760000;5763194,509600000500000;8,536942814000042;52,018477167000071;1
216167;5201002701300089552;5;5;62;14;2020;10;7;6;3;5;3;0;1;1;0;0;0;0;362446,078900000080000;5712639,653000000900000;7,016142036000076;51,548062517000062;0
216175;5201002303100079090;5;9;15;0;2020;10;9;6;3;5;3;0;1;1;0;0;0;0;422637,521999999880000;5726819,667999999600000;7,880869101000030;51,687003744000037;0
216178;5201006316300789199;5;9;74;28;2020;10;16;3;3;0;3;0;1;1;0;0;0;0;454146,169400000010000;5724856,081399999600000;8,336889052000061;51,672807237000029;1
216179;5201003405108490674;5;7;54;8;2020;10;3;7;3;0;1;2;1;0;0;0;0;0;456825,600499999710000;5751481,317099999600000;8,372320401000025;51,912400147000028;0
216180;5201002610114780810;5;3;70;16;2020;10;7;6;3;9;1;0;1;0;0;0;0;0;294992,328400000000000;5665711,585699999700000;6,071440213000074;51,106176309000034;0
216182;5201006505200079060;5;1;14;0;2020;10;12;3;3;0;1;0;1;0;0;0;0;0;335327,826299999840000;5691988,998700000300000;6,634972975000039;51,355273794000027;1
216185;5201002518400676378;5;1;70;8;2020;10;7;6;3;0;3;0;1;1;0;0;0;0;343308,620199999770000;5715132,369200000500000;6,739240255000027;51,565469637000035;0
216187;5201002300310595207;5;9;11;0;2020;10;15;6;3;5;3;0;1;1;0;0;0;0;381225,025000000370000;5703912,243899999200000;7,289779543000066;51,473888878000082;0
216188;5201005711412276177;5;5;70;28;2020;10;13;2;2;0;1;0;1;0;0;0;0;0;439988,020999999720000;5741310,571000000500000;8,129325297000037;51,819404097000074;0
216189;5201002300100878234;5;9;11;0;2020;10;7;6;3;5;3;1;1;1;0;0;0;0;376013,351999999960000;5703718,486999999700000;7,214843891000044;51,471029387000044;0
216192;5201005600310356205;5;3;14;0;2020;10;17;2;3;5;3;0;1;1;0;0;0;0;362223,717600000090000;5620369,096899999300000;7,048224541000025;50,718774844000052;0
216194;5201004705000081000;5;5;54;8;2020;10;16;1;3;0;6;0;1;0;1;0;0;0;333682,226900000130000;5745959,698899999300000;6,585775053000020;51,839649679000047;0
216195;5201001709110479238;5;5;66;8;2020;10;16;5;3;5;2;0;1;0;0;0;0;1;399882,701000000350000;5781429,269999999600000;7,535908132000031;52,174247388000026;1
216197;5201006411132581977;5;7;74;32;2020;10;6;3;2;7;5;2;1;1;0;0;0;1;480179,281899999830000;5728633,685100000400000;8,713141476000033;51,708294829000067;1
216200;5201005701500494208;5;5;62;24;2020;10;8;2;3;5;3;0;1;1;0;0;0;0;370469,644799999890000;5725160,953299999200000;7,127167280000037;51,662487457000054;0
216201;5201002609108477586;5;3;58;32;2020;10;12;6;3;0;7;0;1;1;0;0;0;0;314243,508700000120000;5632772,561799999300000;6,362930352000035;50,816847862000031;0
216202;5201006600340015476;5;3;82;64;2020;10;7;3;3;0;7;1;1;1;0;0;0;0;349117,416199999860000;5613435,874800000300000;6,865518885000029;50,653213036000068;0
216205;5201005514219186191;5;1;66;36;2020;10;17;2;3;5;3;0;1;1;0;0;0;0;323307,585099999790000;5680877,577899999900000;6,468014836000066;51,251846940000064;0
216206;5201006501314678952;5;1;12;0;2020;10;13;3;3;5;3;0;1;1;0;0;0;0;346103,757699999960000;5700977,883500000500000;6,785711079000066;51,439061497000068;0
216208;5201001705000781024;5;5;54;8;2020;10;13;5;3;5;3;0;1;1;0;0;0;0;336773,210199999620000;5745581,818299999500000;6,630779432000054;51,837166944000046;0
216209;5201002518120478790;5;1;70;44;2020;10;11;6;3;0;1;0;1;0;0;0;0;0;338376,795099999760000;5722299,769799999900000;6,664844185000050;51,628470610000079;0
216210;5201006410230687101;5;7;70;4;2020;10;18;3;2;5;2;0;1;0;0;0;0;0;486383,329400000160000;5783909,442600000600000;8,800738760000058;52,205462453000052;1
216213;5201001705000249444;5;5;54;28;2020;10;13;5;3;5;7;0;1;1;0;0;0;0;358101,693699999710000;5743252,715600000700000;6,941083045000028;51,822065624000061;0
216215;5201005501318336203;5;1;12;0;2020;10;15;2;3;5;2;0;1;1;0;0;0;0;343549,615799999800000;5698446,278300000400000;6,750109726000062;51,415615673000048;1
216217;5201004500200723209;5;1;11;0;2020;10;13;1;3;1;1;0;1;1;0;0;0;0;345208,071399999780000;5678301,805700000400000;6,782690229000025;51,235068144000081;0
216218;5201001702100376712;5;5;15;0;2020;10;8;5;2;5;3;0;1;1;0;0;0;0;404346,139600000340000;5758425,971899999300000;7,607606443000066;51,968281472000058;0
216220;5201003411108437898;5;7;74;8;2020;10;11;7;3;2;6;0;1;0;0;0;0;0;486208,883000000380000;5737470,510999999900000;8,800054667000040;51,787929935000079;0
216221;5201002608408862209;5;3;34;8;2020;10;16;6;3;5;3;0;1;1;0;0;0;0;302210,088100000280000;5643824,384199999300000;6,186338939000052;50,912130137000077;0
216222;5201005602100986909;5;3;62;8;2020;10;11;2;3;0;6;0;1;0;0;1;0;0;334328,623900000010000;5647163,096500000000000;6,641269982000040;50,952241914000069;1
216224;5201006405108380644;5;7;54;8;2020;10;13;3;3;5;3;0;1;1;0;0;0;0;456475,281499999580000;5750610,129599999600000;8,367337781000060;51,904540424000061;1
216227;5201006515211085913;5;1;54;16;2020;10;5;3;3;5;3;2;1;1;0;0;0;0;303614,043999999760000;5729951,486999999700000;6,158895020000045;51,686130631000026;1
216228;5201005500100002262;5;1;11;0;2020;10;8;2;3;5;2;0;1;1;0;0;0;0;346257,857900000180000;5676076,117200000200000;6,798670572000049;51,215353016000051;1
216229;5201001701110903207;5;5;62;32;2020;10;19;5;3;5;2;2;1;1;0;0;0;0;376243,068300000390000;5719123,244599999900000;7,212733044000061;51,609526860000074;1
216237;5201001610111314370;5;3;70;16;2020;10;9;5;3;5;3;0;1;1;0;0;0;0;296313,734000000170000;5660693,251000000200000;6,093118928000024;51,061578754000038;0
216239;5201005314110076585;5;9;66;24;2020;10;16;2;3;5;3;0;1;1;0;0;0;0;419359,601999999960000;5653884,097999999300000;7,850000013000056;51,030843928000081;0
216245;5201002608408779201;5;3;34;8;2020;10;7;6;3;1;3;0;1;1;0;0;0;0;302548,878100000320000;5643650,085200000600000;6,191246500000034;50,910680594000041;0
216247;5201006502338189670;5;1;13;0;2020;10;7;3;3;1;3;1;1;0;0;0;0;1;363843,581000000240000;5704628,723400000500000;7,039378495000051;51,476411787000075;1
216248;5201004607400862693;5;3;82;44;2020;10;15;1;3;0;7;0;1;0;0;0;0;0;363873,968999999580000;5631322,194000000100000;7,067535374000045;50,817607440000074;0
216258;5201005513310680787;5;1;62;8;2020;10;5;2;3;3;2;2;1;0;0;0;1;0;333399,818300000390000;5661956,508899999800000;6,621263335000037;51,084889123000039;0
216260;5201004600380117206;5;3;14;0;2020;10;15;1;3;0;1;0;1;0;0;0;0;0;367907,932000000030000;5620234,570000000300000;7,128750002000061;50,718885545000035;1
216261;5201001608100257603;5;3;34;2;2020;10;11;5;3;0;4;0;1;0;1;0;0;0;294178,840200000440000;5628522,895899999900000;6,080840978000026;50,771899562000044;1
216263;5201006410130040234;5;7;70;28;2020;10;16;3;3;5;3;0;1;1;0;0;0;0;492010,801099999810000;5801608,319399999500000;8,882669250000049;52,364694561000078;0
216265;5201005608312032706;5;3;34;12;2020;10;15;2;3;5;2;0;1;1;0;0;0;0;311210,466500000100000;5634077,703600000600000;6,319250328000067;50,827591203000054;1