OBJECTID;UIDENTSTLAE;ULAND;UREGBEZ;UKREIS;UGEMEINDE;UJAHR;UMONAT;USTUNDE;UWOCHENTAG;UKATEGORIE;UART;UTYP1;ULICHTVERH;IstRad;IstPKW;IstFuss;IstKrad;IstGkfz;IstSonstige;LINREFX;LINREFY;XGCSWGS84;YGCSWGS84;STRZUSTAND
216268;5201001607400014879;5;3;82;68;2020;10;13;5;3;1;3;0;1;1;0;0;0;0;369243,173299999910000;5630788,919600000600000;7,143903832000035;50,814051571000050;1
216271;5201005503100781609;5;1;24;0;2020;10;9;2;3;5;3;0;1;1;0;0;0;0;370219,475200000220000;5679814,758300000800000;7,140194539000049;51,254903130000059;1
216272;5201001606100674406;5;3;78;4;2020;10;14;5;3;6;3;0;1;0;1;0;0;0;366485,710599999870000;5652915,840199999500000;7,096687469000074;51,012292380000076;1
216274;5201001602500881243;5;3;62;24;2020;10;14;5;2;0;1;0;1;0;0;0;0;0;346867,756000000050000;5642236,366000000400000;6,821720797000069;50,911437817000035;1
216275;5201006400200951373;5;7;11;0;2020;10;8;3;3;5;3;0;1;0;0;0;0;1;467964,489000000060000;5763178,737999999900000;8,533162027000060;52,018320444000040;1
216277;5201005602900015445;5;3;62;40;2020;10;8;2;3;1;5;0;1;1;0;0;0;0;357209,019000000320000;5632107,443800000500000;6,972674877000031;50,823059630000046;0
216279;5201005406210460949;5;7;58;4;2020;10;13;2;3;5;3;0;1;1;0;0;0;0;471751,383799999950000;5782895,453400000900000;8,586709413000051;52,195790511000041;0
216282;5201001602300267483;5;3;62;36;2020;10;14;5;3;1;5;0;1;1;0;0;0;0;345938,541199999860000;5651926,603000000100000;6,804412047000028;50,998266770000043;1
216284;5201002711421887313;5;5;70;20;2020;10;16;6;3;0;3;0;1;1;1;0;0;0;432954,207899999800000;5743040,848899999600000;8,026956196000072;51,834159499000066;0
216285;5201004410110990660;5;7;70;24;2020;10;17;1;2;5;2;0;1;1;0;0;0;0;491038,014000000430000;5793266,957000000400000;8,868605131000038;52,289687053000080;0
216288;5201003405108786990;5;7;54;8;2020;10;12;7;3;5;3;0;1;1;0;0;0;0;458293,123999999840000;5751306,007999999400000;8,393675518000066;51,910935848000065;0
216293;5201003709300142386;5;5;66;36;2020;10;13;7;3;4;6;0;1;0;0;0;0;0;387505,388000000270000;5768469,203700000400000;7,359264025000073;52,055389634000051;0
216294;5201001601410573201;5;3;15;0;2020;10;6;5;3;5;2;1;1;1;0;0;0;0;356520,128999999720000;5652105,953999999900000;6,955036815000028;51,002614426000036;0
216296;5201005516210118203;5;1;58;12;2020;10;8;2;3;0;6;0;1;1;0;0;0;0;356464,390999999830000;5690777,263100000100000;6,938799312000072;51,350118192000082;1
216300;5201005300500177650;5;9;11;0;2020;10;17;2;3;5;3;0;1;1;0;0;0;0;376529,708499999720000;5704003,442399999100000;7,222174948000031;51,473703319000037;0
216302;5201002515110073900;5;1;54;36;2020;10;5;6;3;5;3;2;1;1;0;0;0;0;302245,008000000380000;5741200,024000000200000;6,132724961000065;51,786663464000071;1
216303;5201006411236578163;5;7;74;36;2020;10;5;3;3;2;2;2;1;1;0;0;0;0;472184,127999999560000;5725950,536000000300000;8,597646954000027;51,683830634000060;1
216306;5201005701500737205;5;5;62;24;2020;10;13;2;3;5;3;0;1;1;0;0;0;0;369924,339499999770000;5725560,582200000100000;7,119138725000028;51,665952821000076;0
216308;5201005505200276310;5;1;14;0;2020;10;13;2;3;1;1;0;1;1;0;0;0;0;330504,852900000290000;5690580,836899999500000;6,566442019000021;51,341204918000074;1
216313;5201008601500144884;5;3;15;0;2020;10;8;5;3;0;1;0;1;0;0;0;0;0;357700,991200000050000;5645134,953600000600000;6,974583598000038;50,940259934000039;1
216316;5201008601300686374;5;3;15;0;2020;10;7;5;3;0;3;0;1;1;0;0;0;0;352414,206000000240000;5647353,406400000700000;6,898487969000030;50,958867214000065;0
216319;5201009706000805114;5;5;58;16;2020;10;12;6;3;4;1;0;1;0;0;0;0;0;381965,786299999800000;5742895,462400000500000;7,287284357000033;51,824405895000041;0
216322;5201009505100085920;5;1;14;0;2020;10;18;6;3;0;5;0;1;1;0;0;0;0;330206,577300000000000;5689043,868100000500000;6,562896257000034;51,327308029000051;0
216323;5201008601210078201;5;3;15;0;2020;10;22;5;3;5;3;2;1;1;0;0;0;0;355270,702700000260000;5641576,871799999800000;6,941427906000058;50,907679271000063;1
216324;5201009503300007874;5;1;20;0;2020;10;12;6;3;0;5;0;1;1;0;0;0;0;378906,291799999770000;5672908,804099999400000;7,266949945000022;51,194743331000041;1
216325;5201008601100087082;5;3;15;0;2020;10;22;5;3;0;3;2;1;1;0;0;0;0;356403,144299999810000;5645423,267500000100000;6,956009525000070;50,942529222000076;1
216326;5201008600380906202;5;3;14;0;2020;10;13;5;2;1;5;0;1;1;0;0;0;0;369282,813299999570000;5616715,241299999900000;7,149461890000055;50,687563786000055;0
216329;5201008600110899206;5;3;14;0;2020;10;13;5;3;5;3;0;1;1;0;0;0;0;365803,059700000100000;5621059,295099999800000;7,098649165000040;50,725815906000037;0
216331;5201008600110490873;5;3;14;0;2020;10;10;5;3;5;3;0;1;0;0;0;0;0;366121,712299999780000;5621553,222300000500000;7,102981974000045;50,730328833000044;1
216333;5201008518200576615;5;1;70;24;2020;10;14;5;3;0;7;0;1;1;0;0;0;0;333810,209400000050000;5706579,357599999800000;6,606356043000062;51,485912019000068;1
216334;5201009502319385207;5;1;13;0;2020;10;20;6;3;0;1;2;1;0;0;0;0;0;357309,771800000220000;5706561,936599999700000;6,944575543000042;51,492173365000042;1
216335;5201008516500176351;5;1;58;16;2020;10;15;5;3;1;5;0;1;1;0;0;0;0;355363,178500000390000;5671046,838700000200000;6,930975286000034;51,172537338000041;1
216341;5201008514210964452;5;1;66;12;2020;10;13;5;3;3;6;0;1;0;0;0;0;0;320867,268500000240000;5692488,935799999200000;6,427254033000054;51,355390272000079;0
216354;5201008503400091145;5;1;22;0;2020;10;8;5;2;0;1;0;1;0;0;0;0;0;367268,709499999880000;5670041,952299999100000;7,101549737000028;51,166393478000032;1
216356;5201009500300468377;5;1;11;0;2020;10;17;6;3;0;7;0;1;0;0;1;0;0;352235,170900000260000;5670321,164899999300000;6,886559736000038;51,165216688000044;1
216362;5201009500300071946;5;1;11;0;2020;10;8;6;3;5;2;0;1;1;0;0;0;0;347707,571700000200000;5675276,909000000000000;6,819751164000024;51,208560091000038;0
216366;5201008500300826201;5;1;11;0;2020;10;7;5;3;5;3;1;1;1;0;0;0;0;348885,609600000080000;5671106,104800000800000;6,838358148000054;51,171394995000071;1
216367;5201009702100064121;5;5;15;0;2020;10;11;6;3;5;3;0;1;1;0;0;0;0;411488,809999999590000;5760787,703999999900000;7,710940487000073;51,990693706000059;0
216368;5201009500100210203;5;1;11;0;2020;10;20;6;3;5;3;0;1;1;0;0;0;0;345919,919099999590000;5676238,459100000600000;6,793765947000054;51,216720652000049;1
216369;5201008500200852208;5;1;11;0;2020;10;8;5;3;5;3;0;1;1;0;0;0;0;343513,762000000100000;5682124,248999999800000;6,756768613000077;51,268951509000033;1
216377;5201008411132072216;5;7;74;32;2020;10;13;5;2;3;6;0;1;0;0;0;0;0;482578,426900000310000;5729800,771099999500000;8,747804743000074;51,718868099000076;0
216379;5201008407102972212;5;7;62;20;2020;10;14;5;2;5;3;0;1;1;0;0;0;0;528427,143899999560000;5741972,680400000900000;9,412505212000042;51,827856742000051;1
216380;5201009610111264540;5;3;70;16;2020;10;11;6;3;6;4;0;1;0;1;0;0;0;296226,026999999770000;5660440,661200000000000;6,092011187000026;51,059279175000029;0
216382;5201009405232287108;5;7;54;32;2020;10;7;6;3;0;3;0;1;1;0;0;0;0;461731,356200000270000;5741583,353099999900000;8,444734503000063;51,823768857000061;0
216383;5201008405228487022;5;7;54;28;2020;10;19;5;3;5;3;2;1;1;0;0;0;0;452649,620000000110000;5742851,938999999300000;8,312797172000046;51,834478292000028;1
216384;5201009405112557681;5;7;54;12;2020;10;15;6;3;8;6;0;1;0;0;0;0;1;457531,839499999770000;5765996,578600000600000;8,380790662000038;52,042953454000042;0
216386;5201008404101357597;5;7;66;20;2020;10;7;5;3;5;3;0;1;1;0;0;0;0;491206,031999999660000;5753618,201999999600000;8,872092652000049;51,933217130000060;0
216387;5201008400300887080;5;7;11;0;2020;10;20;5;3;5;2;2;1;1;0;0;0;0;465970,240000000220000;5760696,156999999700000;8,504348582000034;51,995881791000045;1
216388;5201008400200990675;5;7;11;0;2020;10;7;5;3;4;2;1;1;1;0;0;0;0;468927,031999999660000;5764725,506999999300000;8,547047754000062;52,032281628000078;1
216391;5201009405108970301;5;7;54;8;2020;10;8;6;3;3;6;1;1;0;0;0;0;0;456752,650799999940000;5751000,172700000900000;8,371320317000027;51,908068732000061;1
216396;5201008316100882135;5;9;74;40;2020;10;5;5;3;5;3;2;1;1;0;0;0;0;440754,992399999870000;5712029,514499999600000;8,145422920000044;51,556236608000063;1
216402;5201009400200170241;5;7;11;0;2020;10;14;6;3;6;1;0;1;0;1;0;0;0;468375,172399999570000;5762946,421900000400000;8,539167968000072;52,016255335000039;1
216404;5201008301101222203;5;9;13;0;2020;10;10;5;3;5;5;0;1;1;0;0;0;0;393320,457000000400000;5707854,284000000000000;7,462676799000064;51,511732065000047;1
216407;5201010300510367204;5;9;54;36;2020;10;14;7;3;8;1;0;1;0;0;0;0;0;382655,871500000360000;5697871,645300000900000;7,312375502000066;51,419895164000081;0
216408;5201009607400564428;5;3;82;68;2020;10;12;6;3;1;5;0;1;1;0;0;0;0;369106,127000000330000;5630561,026200000200000;7,142040839000060;50,811972296000079;1
216410;5201007711313587401;5;5;70;8;2020;10;16;4;3;0;2;0;1;1;0;0;0;0;433451,330799999650000;5739055,063400000300000;8,034935706000056;51,798386892000053;0
216411;5201009400100876179;5;7;11;0;2020;10;14;6;3;5;2;0;1;1;0;0;0;0;468303,086000000130000;5764820,819000000100000;8,537943945000052;52,033103229000062;0
216413;5201007711214487086;5;5;70;4;2020;10;5;4;3;5;3;2;1;1;0;0;0;0;423172,826000000350000;5733599,262000000100000;7,887116070000047;51,748023748000037;1
216414;5201007711213102814;5;5;70;4;2020;10;15;4;3;5;3;0;1;0;0;1;0;0;425062,794999999930000;5734395,728000000100000;7,914316270000029;51,755439758000080;1
216415;5201009607100769545;5;3;82;60;2020;10;22;6;3;0;1;2;1;0;0;0;0;0;374127,217100000010000;5628442,849800000000000;7,214000624000050;50,794046165000054;1
216416;5201007711113253158;5;5;70;52;2020;10;13;4;3;3;5;0;1;0;0;0;0;1;430899,630900000220000;5755977,755400000100000;7,994550390000029;51,950208528000076;0
216421;5201009711111887306;5;5;70;52;2020;10;8;6;3;0;2;0;1;1;0;0;0;0;430718,447800000200000;5756418,253699999300000;7,991825704000064;51,954145909000033;0
216425;5201007709000441174;5;5;66;76;2020;10;7;4;3;0;1;0;1;0;0;0;0;0;392843,618999999950000;5793342,404600000000000;7,429236055000047;52,279991472000063;1
216428;5201007705000382365;5;5;54;64;2020;10;15;4;3;0;7;0;1;1;0;0;0;0;356748,432900000360000;5750759,766100000600000;6,918349874000057;51,889173079000045;1
216429;5201009602800119209;5;3;62;12;2020;10;19;6;3;5;2;2;1;1;0;0;0;0;352151,530500000340000;5632511,095799999300000;6,900757262000070;50,825417844000071;0
216433;5201007702100922205;5;5;15;0;2020;10;13;4;3;5;3;0;1;1;0;0;0;0;407029,592500000260000;5755264,319800000600000;7,647511868000038;51,940318216000037;1
216434;5201007702100692910;5;5;15;0;2020;10;14;4;3;5;2;0;1;0;0;0;0;0;405555,789300000300000;5758700,669900000100000;7,625133727000048;51,970957421000037;0
216435;5201009313110385005;5;9;58;4;2020;10;6;6;3;2;6;2;1;1;0;0;0;0;428865,030600000170000;5698731,609099999100000;7,976624634000075;51,435310363000042;1
216436;5201007701610486937;5;5;62;12;2020;10;11;4;2;4;2;0;1;1;0;0;0;0;359196,201999999580000;5726935,327999999700000;6,963559990000022;51,675720288000036;1
216437;5201009307000286087;5;9;62;16;2020;10;15;6;3;5;3;0;1;1;0;0;0;0;414186,246799999850000;5693992,674300000100000;7,766645090000054;51,390675078000072;0
216438;5201007701300474209;5;5;62;14;2020;10;20;4;3;5;3;1;1;1;0;0;0;0;360690,486700000240000;5715500,842100000000000;6,989705075000074;51,573342761000049;0
216441;5201007608200944979;5;3;34;2;2020;10;11;4;3;3;2;0;1;0;0;0;0;1;296261,253999999720000;5628314,639000000400000;6,110450867000054;50,770764167000038;1
216442;5201007608100073624;5;3;34;2;2020;10;9;4;3;1;5;0;1;0;0;0;0;1;294109,723199999890000;5627884,317700000500000;6,080219375000070;50,766139859000077;1
216443;5201009303100551349;5;9;15;0;2020;10;7;6;3;5;3;0;1;1;0;0;0;0;421242,565999999640000;5726312,680999999900000;7,860808237000072;51,682252153000036;0
216444;5201009516330746206;5;1;58;28;2020;10;17;6;3;5;3;0;1;0;0;0;0;1;348299,399400000460000;5684806,183100000000000;6,824178079000035;51,294344154000044;0
216446;5201009301103392715;5;9;13;0;2020;10;13;6;3;5;3;0;1;1;0;0;0;0;393090,976900000130000;5703452,632700000000000;7,460704430000021;51,472124492000034;0
216447;5201007601310155201;5;3;15;0;2020;10;13;4;3;3;5;0;1;0;0;0;0;1;353774,963200000110000;5647456,896099999500000;6,917808810000054;50,960144152000055;0
216451;5201007601220390360;5;3;15;0;2020;10;16;4;3;5;3;0;1;1;0;0;0;0;360651,802000000140000;5637619,326500000400000;7,019426169000042;50,873435734000054;0
216452;5201007601210651202;5;3;15;0;2020;10;7;4;3;0;1;2;1;0;0;0;0;0;354889,951700000090000;5643836,739099999900000;6,935117029000026;50,927892628000052;1
216453;5201007601210274206;5;3;15;0;2020;10;15;4;3;5;2;0;1;0;0;0;1;0;354262,321899999860000;5640288,539899999300000;6,927609339000071;50,895847646000050;0
216454;5201009300310264205;5;9;11;0;2020;10;13;6;3;1;5;0;1;1;0;0;1;0;380979,103900000450000;5704231,508899999800000;7,286132709000071;51,476706667000030;0
216455;5201009515211782176;5;1;54;16;2020;10;13;6;3;0;1;0;1;0;0;0;0;0;305337,375000000000000;5731604,130999999100000;6,182871738000074;51,701572282000029;0
216456;5201007600110749209;5;3;14;0;2020;10;17;4;3;5;3;0;1;0;0;0;0;0;365304,187699999660000;5622459,682499999200000;7,091073475000030;50,738287034000052;0
216460;5201009711311735328;5;5;70;8;2020;10;6;6;2;0;7;2;1;0;0;0;0;0;433518,329300000330000;5733844,990199999900000;8,036904791000040;51,751556138000069;0
216462;5201007515111278984;5;1;54;8;2020;10;8;4;3;5;2;0;1;0;0;0;0;0;310297,084400000050000;5746251,258199999100000;6,246559646000037;51,834815677000051;1
216463;5201007515110079051;5;1;54;36;2020;10;14;4;3;5;3;0;1;1;0;0;0;0;301739,501099999990000;5740984,712099999200000;6,125528482000050;51,784551104000059;1
216465;5201007513310986776;5;1;62;8;2020;10;5;4;2;5;2;1;1;1;0;0;0;0;330257,993999999950000;5662747,946000000500000;6,576074739000035;51,091078672000037;1
216467;5201009514213485929;5;1;66;8;2020;10;23;6;3;0;5;2;1;1;0;0;0;0;315117,798700000160000;5690299,795299999400000;6,345909352000035;51,333885213000030;0
216468;5201007513110737166;5;1;62;16;2020;10;8;4;3;1;5;0;1;1;0;0;0;0;333939,866999999620000;5678042,821599999400000;6,621543503000055;51,229573599000048;0
216469;5201007508000576252;5;1;19;0;2020;10;13;4;3;1;5;0;1;1;0;0;0;0;350429,384899999950000;5704013,590500000900000;6,846617608000031;51,467497301000037;1
216471;5201009702100242488;5;5;15;0;2020;10;14;6;3;1;5;0;1;1;0;0;0;0;405268,458999999800000;5755623,003399999800000;7,621800876000066;51,943245165000064;0
216472;5201008711142376757;5;5;70;44;2020;10;11;5;3;8;5;0;1;1;0;0;0;0;415830,663900000040000;5759860,842800000700000;7,774385820000020;51,983037212000056;1
216473;5201007506100511605;5;1;16;0;2020;10;13;4;3;5;3;0;1;1;0;0;0;0;321895,923999999650000;5671815,010999999900000;6,452306486000055;51,169996438000055;1
216474;5201008711114687309;5;5;70;52;2020;10;18;5;2;5;3;0;1;1;0;0;0;0;428859,031000000420000;5753383,017000000900000;7,965400397000053;51,926625639000065;1
216475;5201007506000174323;5;1;16;0;2020;10;11;4;3;3;2;0;1;1;0;0;0;0;319189,640100000430000;5674969,681700000500000;6,412048900000059;51,197485904000075;1
216476;5201008709500274704;5;5;66;76;2020;10;12;5;3;5;6;0;1;0;0;0;0;0;393646,737700000410000;5794116,563200000700000;7,440759658000047;52,287104958000043;1
216481;5201008706100660209;5;5;58;16;2020;10;11;5;3;5;3;0;1;1;0;0;0;0;381674,469700000250000;5744348,341499999200000;7,282562582000026;51,837401558000067;1
216482;5201007502200370171;5;1;13;0;2020;10;7;4;3;1;5;1;1;1;0;0;0;0;364653,523000000040000;5697087,876299999700000;7,053917650000074;51,408839437000040;1
216484;5201007501126186017;5;1;12;0;2020;10;2;4;3;0;7;2;1;0;0;0;0;0;345711,849799999970000;5703808,775100000200000;6,778842234000024;51,464390579000053;1
216487;5201008702100874698;5;5;15;0;2020;10;14;5;3;0;1;0;1;0;0;0;0;0;404757,946200000120000;5757290,999399999200000;7,613913797000066;51,958150621000073;1
216488;5201007500300560579;5;1;11;0;2020;10;14;4;3;0;1;0;1;0;0;0;0;0;350450,034599999900000;5670845,465900000200000;6,860828338000033;51,169464131000041;1
216491;5201007405104278037;5;7;54;4;2020;10;16;4;3;5;3;0;1;1;0;0;0;0;448483,974999999630000;5772985,717000000200000;8,247823752000045;52,105019305000042;1
216498;5201008701200671206;5;5;62;20;2020;10;11;5;3;5;5;0;1;1;0;0;0;0;369736,332399999720000;5719667,954800000400000;7,118615140000031;51,612954256000080;1
216503;5201007301303285003;5;9;13;0;2020;10;9;4;3;5;2;0;1;1;0;0;0;0;399750,427000000140000;5705762,616000000400000;7,555898768000077;51,494107898000038;1
216506;5201009514110086214;5;1;66;32;2020;10;20;6;3;1;5;2;1;1;0;0;0;0;316579,646800000220000;5684944,589700000400000;6,369624776000023;51,286255327000049;1
216508;5201007301201026205;5;9;13;0;2020;10;17;4;3;5;2;0;1;1;0;0;0;0;392213,571800000030000;5708458,365499999400000;7,446547398000064;51,516951705000054;1
216509;5201007301102008340;5;9;13;0;2020;10;10;4;3;0;1;0;1;1;0;0;0;0;395647,911199999970000;5704759,433299999700000;7,497119778000069;51,484348270000055;1
216512;5201006711422087326;5;5;70;12;2020;10;7;3;2;5;3;1;1;0;0;0;0;0;439418,562800000420000;5753478,547199999900000;8,118929003000062;51,928733856000065;1
216513;5201006711412402968;5;5;70;28;2020;10;7;3;3;0;3;2;1;1;0;0;0;0;440146,057099999860000;5741262,622300000900000;8,131626143000062;51,818989978000047;1
216516;5201006709500036096;5;5;66;76;2020;10;7;3;3;5;3;1;1;1;0;0;0;0;394020,719300000000000;5795052,487900000100000;7,445946001000039;52,295588552000027;1
216517;5201008608200533183;5;3;34;2;2020;10;8;5;3;5;3;0;1;1;0;0;0;0;295545,837100000120000;5629751,335500000000000;6,099519545000021;50,783415923000064;1
216521;5201006709110070592;5;5;66;12;2020;10;7;3;3;5;3;0;1;1;0;0;0;0;404930,751000000160000;5773620,598999999500000;7,611889460000043;52,104955168000060;1
216522;5201009700200641201;5;5;13;0;2020;10;16;6;3;5;3;0;1;1;0;0;0;0;364854,951899999750000;5716173,826099999200000;7,049503058000028;51,580404140000041;0
216525;5201009711142681091;5;5;70;44;2020;10;18;6;3;3;2;0;1;0;0;0;0;0;416308,657800000160000;5760340,424900000900000;7,781227299000022;51,987420363000069;0
216527;5201006709000487267;5;5;66;8;2020;10;15;3;3;3;2;0;1;1;0;0;0;0;400201,217400000430000;5780699,715500000900000;7,540778987000067;52,167748017000065;1
216530;5201008601700009203;5;3;16;0;2020;10;9;5;2;0;1;0;1;0;0;0;0;0;359365,908200000410000;5658511,334300000200000;6,993084106000026;51,060881834000043;1
216531;5201006705000420987;5;5;54;68;2020;10;15;3;3;5;3;0;1;0;0;0;0;1;351494,002999999560000;5767438,087999999500000;6,834841873000073;52,037646392000056;1
216532;5201006702100887204;5;5;15;0;2020;10;17;3;2;3;2;0;1;1;0;0;0;0;407124,279400000350000;5756617,540699999800000;7,648523311000076;51,952497507000032;0
216533;5201006702100587529;5;5;15;0;2020;10;13;3;3;4;3;0;1;0;0;0;0;0;405769,576000000350000;5758391,417999999600000;7,628329834000056;51,968214021000051;1
216536;5201006608408785719;5;3;34;8;2020;10;8;3;3;0;1;0;1;0;0;0;0;0;302117,310200000180000;5642348,025399999700000;6,185821031000046;50,898838001000058;0
216537;5201008601610633201;5;3;15;0;2020;10;8;5;2;6;4;0;1;0;1;0;0;0;359318,360899999740000;5644518,471400000200000;6,997827379000057;50,935116427000025;1
216540;5201006608100973761;5;3;34;2;2020;10;13;3;3;0;1;0;1;0;0;0;0;0;293941,005499999970000;5628401,682299999500000;6,077540343000067;50,770726501000070;1
216545;5201006606100679334;5;3;78;4;2020;10;8;3;3;0;1;0;1;0;0;0;0;0;370140,862499999810000;5647093,266100000600000;7,150845032000063;50,960797027000069;1
216546;5201008601520689200;5;3;15;0;2020;10;10;5;2;0;1;0;1;0;0;0;0;0;357776,246700000020000;5644170,872700000200000;6,976030311000045;50,931614323000076;1
216548;5201008601500986567;5;3;15;0;2020;10;8;5;3;0;3;0;1;0;0;1;0;0;361960,027400000020000;5647390,743100000500000;7,034310702000028;50,961568715000055;1
216551;5201006601620447201;5;3;15;0;2020;10;17;3;3;1;6;0;1;1;0;0;0;1;365405,399199999870000;5637346,796700000800000;7,087049010000044;50,872112893000065;1
216554;5201008601500772648;5;3;15;0;2020;10;9;5;3;0;3;0;1;1;0;0;0;0;359787,011800000440000;5647561,261399999300000;7,003321187000040;50,962576468000066;1
216555;5201009513130378979;5;1;62;22;2020;10;16;6;3;5;3;0;1;1;0;0;0;0;337662,614099999890000;5686830,542999999600000;6,670826001000023;51,309599292000030;0
216556;5201006601210922201;5;3;15;0;2020;10;8;3;2;0;3;0;1;0;0;0;0;1;354599,372899999840000;5643319,060200000200000;6,931191474000059;50,923167210000031;1
216557;5201006601210493200;5;3;15;0;2020;10;14;3;3;0;1;0;1;0;0;0;0;0;354915,577800000090000;5643858,739900000400000;6,935472674000039;50,928096790000041;1
216559;5201006601210419206;5;3;15;0;2020;10;13;3;3;0;1;0;1;0;0;0;0;0;354916,912700000220000;5643859,886800000400000;6,935491199000069;50,928107433000037;1
216562;5201006601100590326;5;3;15;0;2020;10;16;3;3;0;1;0;1;1;0;0;0;0;356408,391599999740000;5643004,500800000500000;6,957037045000050;50,920793359000072;1
216564;5201008601500164364;5;3;15;0;2020;10;15;5;3;0;2;0;1;1;0;0;0;0;360061,489400000310000;5646340,766899999200000;7,007696578000036;50,951674466000043;0
216567;5201012601210873205;5;3;15;0;2020;10;15;2;3;5;3;0;1;1;0;0;0;0;352681,070799999870000;5642952,610899999700000;6,904064652000045;50,919387460000053;1
216570;5201011701500223204;5;5;62;24;2020;10;1;1;3;0;7;2;1;0;0;0;0;0;368534,742800000120000;5725290,310799999200000;7,099159035000071;51,663200630000063;1
216572;5201014310110590127;5;9;54;16;2020;10;9;4;3;5;3;0;1;1;0;0;0;0;373979,185999999750000;5696115,791999999400000;7,188277558000038;51,402252141000076;1
216575;5201015601200464478;5;3;15;0;2020;10;18;5;3;1;5;1;1;1;0;0;0;0;358844,324500000100000;5639797,975199999300000;6,992911599000024;50,892576998000038;0
216576;5201011411132890782;5;7;74;32;2020;10;17;1;2;8;7;1;1;0;0;0;0;0;482586,138299999760000;5729395,165899999400000;8,747936649000053;51,715221418000056;0
216577;5201012505100976306;5;1;14;0;2020;10;18;2;3;0;7;0;1;0;0;0;0;0;329594,945299999790000;5688476,537900000800000;6,554397117000065;51,322028335000027;0
216578;5201014601700785205;5;3;16;0;2020;10;8;4;3;5;3;0;1;1;0;0;0;0;354576,025100000200000;5658726,198999999100000;6,924691029000030;51,061619507000046;0
216580;5201013601510365200;5;3;15;0;2020;10;16;3;3;0;3;0;1;1;0;0;0;0;364838,671500000170000;5648912,640499999700000;7,074712023000075;50,975929214000075;0
216582;5201012709110979197;5;5;66;12;2020;10;7;2;2;6;7;0;1;0;1;0;0;0;404634,764299999920000;5772155,988900000200000;7,607979034000039;52,091740080000079;0
216583;5201013709500487278;5;5;66;76;2020;10;16;3;2;0;2;0;1;1;0;0;0;0;393058,968999999580000;5792377,134999999800000;7,432697603000065;52,271358370000030;0
216588;5201016317240679522;5;9;78;40;2020;10;18;6;3;0;1;2;1;0;0;0;0;0;405020,144899999720000;5725190,181900000200000;7,626529797000046;51,669652708000058;0
216595;5201015410120890644;5;7;70;32;2020;10;10;5;3;5;7;0;1;1;0;0;0;0;493593,142900000330000;5790300,137800000600000;8,906123092000030;52,263049533000071;1
216597;5201011701120971187;5;5;62;32;2020;10;11;1;3;1;5;0;1;1;0;0;0;0;378855,440499999560000;5716663,733999999200000;7,251290560000030;51,587990456000057;0
216607;5201013501115616200;5;1;12;0;2020;10;15;3;3;5;3;0;1;1;0;0;0;0;345647,816999999810000;5706698,770999999700000;6,776658447000045;51,490339707000032;0
216611;5201011610221050666;5;3;70;20;2020;10;15;1;2;9;1;0;1;0;0;0;0;0;304776,669999999930000;5660262,092000000200000;6,213973015000022;51,060645916000055;0
216614;5201011300110457205;5;9;11;0;2020;10;13;1;3;0;1;0;1;0;0;0;0;0;377867,258999999610000;5703921,131999999300000;7,241452725000045;51,473253875000069;0
216617;5201012601110742201;5;3;15;0;2020;10;10;2;3;0;1;0;1;0;0;0;0;0;356627,520100000310000;5642729,188899999500000;6,960260822000066;50,918373643000052;1
216619;5201010711422178050;5;5;70;20;2020;10;17;7;3;5;3;0;1;0;0;0;0;0;433206,049999999810000;5743556,285000000100000;8,030511129000047;51,838823405000028;0
216623;5201010706000251312;5;5;58;24;2020;10;11;7;3;7;5;0;1;1;0;0;0;0;389302,572599999610000;5735856,867499999700000;7,395943444000068;51,762646624000070;0
216624;5201013300510852208;5;9;54;36;2020;10;8;3;3;5;3;0;1;1;0;0;0;0;384957,261199999600000;5700609,476500000800000;7,344569381000042;51,444974755000032;0
216627;5201012502101116970;5;1;13;0;2020;10;12;2;3;0;4;0;1;0;1;0;0;0;362542,913999999870000;5703645,391799999400000;7,021043649000035;51,467260641000053;1
216628;5201014601310256204;5;3;15;0;2020;10;17;4;3;0;3;0;1;0;0;0;0;1;351926,339900000020000;5648984,342100000000000;6,890882279000039;50,973398388000078;0
216629;5201010608436380735;5;3;34;36;2020;10;20;7;3;5;3;2;1;1;0;0;0;0;298026,144799999890000;5633542,945399999600000;6,132573928000056;50,818339595000054;1
216630;5201015601400169854;5;3;15;0;2020;10;16;5;3;5;3;0;1;1;0;0;0;0;355931,452499999660000;5650055,425599999700000;6,947465737000073;50,984039768000059;0
216633;5201014610212771728;5;3;70;40;2020;10;11;4;3;4;5;0;1;1;0;0;0;0;304745,061999999920000;5669437,718000000300000;6,208559851000075;51,143047709000029;1
216637;5201013300110895209;5;9;11;0;2020;10;10;3;3;5;3;0;1;1;0;0;0;0;376870,050999999980000;5705461,733999999200000;7,226564548000056;51,486883812000031;0
216638;5201015502404830207;5;1;17;0;2020;10;14;5;3;5;3;0;1;1;0;0;0;0;353604,217699999920000;5702556,232999999100000;6,892895766000038;51,455232131000059;1
216647;5201012705000169813;5;5;54;8;2020;10;12;2;3;5;3;0;1;1;0;0;0;0;336666,500300000420000;5745689,200999999400000;6,629181287000051;51,838100421000036;0