OBJECTID;UIDENTSTLAE;ULAND;UREGBEZ;UKREIS;UGEMEINDE;UJAHR;UMONAT;USTUNDE;UWOCHENTAG;UKATEGORIE;UART;UTYP1;ULICHTVERH;IstRad;IstPKW;IstFuss;IstKrad;IstGkfz;IstSonstige;LINREFX;LINREFY;XGCSWGS84;YGCSWGS84;STRZUSTAND
216651;5201012317210377814;5;9;78;20;2020;10;15;2;2;5;3;0;1;1;0;0;0;0;407101,732599999760000;5717043,412499999600000;7,658783860000028;51,596769037000058;0
216657;5201010602600369700;5;3;62;20;2020;10;11;7;3;4;6;0;1;0;0;0;0;1;346367,201000000350000;5635254,922000000300000;6,817539967000073;50,848568520000072;0
216661;5201015317110551098;5;9;78;36;2020;10;8;5;3;5;2;0;1;1;0;0;0;0;408962,144999999550000;5709887,745999999300000;7,687489411000058;51,532748636000065;0
216662;5201010601620290201;5;3;15;0;2020;10;20;7;3;0;1;2;1;0;0;0;0;0;365423,990500000310000;5638755,583300000100000;7,086794502000032;50,884778934000053;1
216665;5201014405108981985;5;7;54;8;2020;10;1;4;2;5;3;2;1;1;0;0;0;0;458584,302000000140000;5750929,153999999200000;8,397953647000065;51,907569433000049;0
216669;5201014702100194207;5;5;15;0;2020;10;15;4;3;5;3;0;1;1;0;0;0;0;405864,677199999800000;5754080,182800000500000;7,630894486000045;51,929478745000040;0
216670;5201010601610007208;5;3;15;0;2020;10;22;7;2;8;1;2;1;0;0;0;0;0;359591,373700000350000;5645108,756100000800000;7,001482881000072;50,940487921000056;1
216672;5201013711311076703;5;5;70;8;2020;10;14;3;3;5;3;0;1;1;0;0;0;0;433574,887099999930000;5734162,751199999800000;8,037663281000050;51,754419541000061;0
216676;5201012307000180406;5;9;62;40;2020;10;12;2;3;0;1;0;1;0;0;0;0;0;415996,606999999840000;5699538,187500000000000;7,791343977000054;51,440799362000064;0
216677;5201010601400486416;5;3;15;0;2020;10;14;7;3;5;3;0;1;1;0;0;0;0;353264,636500000020000;5654771,943900000300000;6,907591939000042;51,025751225000079;0
216679;5201015601200690284;5;3;15;0;2020;10;13;5;3;0;7;0;1;0;0;0;0;0;354249,349499999550000;5643398,514200000100000;6,926182952000033;50,923792926000033;0
216684;5201013607100884933;5;3;82;60;2020;10;7;3;3;2;3;1;1;0;0;0;0;1;373876,646300000140000;5629078,077099999400000;7,210229012000070;50,799701384000059;0
216685;5201012307000131692;5;9;62;16;2020;10;7;2;3;0;7;1;1;0;0;0;0;0;416614,525999999610000;5693020,018100000900000;7,801765538000041;51,382293023000045;1
216686;5201013513310074150;5;1;62;8;2020;10;21;3;3;2;6;2;1;1;0;0;0;0;331118,184899999760000;5662560,458599999500000;6,588434287000041;51,089648132000036;0
216689;5201010600320175207;5;3;82;72;2020;10;16;7;3;2;5;0;1;1;0;0;0;0;365453,120199999770000;5610719,526100000400000;7,097456454000053;50,632800874000054;0
216692;5201013300420055202;5;9;16;0;2020;10;17;3;2;0;1;0;1;1;0;0;0;0;372488,213700000200000;5709568,335400000200000;7,162002734000055;51,522819179000066;1
216693;5201015514210286191;5;1;66;12;2020;10;7;5;3;5;3;0;1;1;0;0;0;0;319919,450199999850000;5692564,300899999200000;6,413617955000063;51,355767674000049;1
216694;5201010600140078283;5;3;14;0;2020;10;16;7;3;0;1;0;1;0;0;0;0;0;367281,834300000220000;5622494,657900000000000;7,119072108000069;50,739056727000047;0
216696;5201014601210099201;5;3;15;0;2020;10;14;4;2;5;7;0;1;1;0;0;0;0;353937,774299999700000;5642878,443700000600000;6,921961095000029;50,919040412000072;0
216697;5201010518200467150;5;1;70;24;2020;10;10;7;3;5;3;0;1;1;0;0;0;0;337959,233000000010000;5703163,512000000100000;6,667627009000057;51,456426978000081;0
216698;5201013518400612207;5;1;70;8;2020;10;11;3;3;0;1;0;1;0;0;0;0;0;342967,022400000130000;5714677,754599999600000;6,734518874000059;51,561290096000050;0
216700;5201013506100285942;5;1;16;0;2020;10;14;3;2;0;1;0;1;0;0;0;0;0;320952,432400000280000;5671000,571599999400000;6,439230139000074;51,162385561000065;0
216702;5201015500200006202;5;1;11;0;2020;10;17;5;3;3;6;0;1;0;0;0;0;0;347346,030100000090000;5677645,856000000600000;6,813570716000072;51,229750013000057;0
216703;5201010514217900201;5;1;66;36;2020;10;12;7;3;0;3;0;1;1;0;0;0;0;329053,581899999640000;5682037,514499999600000;6,549718068000061;51,264018974000066;0
216705;5201016300510642206;5;9;54;36;2020;10;8;6;3;5;3;0;1;1;0;0;0;0;387223,632100000050000;5700860,797599999200000;7,377087482000036;51,447689532000027;0
216706;5201014500200707202;5;1;11;0;2020;10;13;4;3;1;5;0;1;1;0;0;0;0;347542,838000000450000;5676584,319000000100000;6,816838876000077;51,220264055000030;0
216707;5201010513330570261;5;1;62;12;2020;10;12;7;3;3;6;0;1;1;0;0;0;0;325166,000000000000000;5664135,505599999800000;6,502761846000055;51,102014769000050;0
216708;5201014506100986727;5;1;16;0;2020;10;7;4;3;3;5;0;1;1;0;0;0;0;321693,380800000390000;5671332,012900000400000;6,449651747000075;51,165594406000082;0
216709;5201010513310573736;5;1;62;8;2020;10;18;7;3;4;6;0;1;0;0;1;0;0;330778,322300000120000;5662338,659499999100000;6,583689695000032;51,087555245000033;0
216711;5201012601400826441;5;3;15;0;2020;10;9;2;3;5;3;0;1;1;0;0;0;0;356880,878999999720000;5650085,436599999700000;6,960971135000023;50,984546277000049;1
216712;5201015316100745207;5;9;74;40;2020;10;11;5;3;0;3;0;1;1;0;0;0;0;436435,198499999940000;5712606,575899999600000;8,083016198000053;51,560954403000039;1
216714;5201011601110174200;5;3;15;0;2020;10;15;1;3;0;1;0;1;0;0;0;0;0;356775,241200000050000;5645251,375399999300000;6,961370032000048;50,941076999000074;0
216715;5201015608100285843;5;3;34;2;2020;10;20;5;3;0;1;2;1;0;0;0;0;0;294046,722799999640000;5629184,789999999100000;6,078599149000070;50,777797247000080;0
216718;5201012300500141207;5;9;11;0;2020;10;7;2;3;0;5;1;1;1;0;0;0;0;375957,608000000010000;5703512,792099999300000;7,214113909000048;51,469168506000074;1
216722;5201012601110932204;5;3;15;0;2020;10;21;2;3;5;3;2;1;1;0;0;0;0;356770,622999999670000;5644758,372999999700000;6,961498151000058;50,936645290000058;0
216725;5201011601000085847;5;3;15;0;2020;10;13;1;3;2;6;0;1;1;0;0;0;0;356642,649799999780000;5642691,502800000800000;6,960490735000064;50,918038719000037;0
216729;5201013301100885991;5;9;13;0;2020;10;16;3;3;2;7;0;1;1;0;0;0;0;395297,712799999860000;5705835,477700000600000;7,491758924000067;51,493955705000076;0
216733;5201014601500886381;5;3;15;0;2020;10;14;4;2;0;6;0;1;0;1;0;0;0;363126,943300000390000;5647657,927999999400000;7,050816743000041;50,964248393000048;0
216734;5201010500300687205;5;1;11;0;2020;10;9;7;3;5;3;0;1;0;0;1;0;0;353240,798399999740000;5666138,122500000500000;6,902637662000075;51,127885760000026;0
216737;5201013513210072148;5;1;62;24;2020;10;14;3;3;0;7;0;1;0;0;0;0;0;339076,977199999620000;5674436,707000000400000;6,696674792000067;51,198644624000053;0
216739;5201010500200760202;5;1;11;0;2020;10;21;7;3;5;3;2;1;1;0;0;0;0;343861,096300000320000;5681684,725299999100000;6,761935497000025;51,265097552000043;1
216741;5201013514215786050;5;1;66;28;2020;10;12;3;3;5;2;0;1;1;0;0;0;0;325944,890300000090000;5688486,061100000500000;6,502060842000049;51,321008863000031;0
216742;5201013300210831207;5;9;11;0;2020;10;6;3;3;4;2;2;1;1;0;0;0;0;371449,734899999570000;5704099,547000000300000;7,149034648000054;51,473435603000041;1
216747;5201014518400244428;5;1;70;8;2020;10;11;4;3;0;7;0;1;0;0;0;0;0;343618,329099999740000;5713861,127699999100000;6,744270453000070;51,554133930000035;0
216748;5201010411240487062;5;7;74;40;2020;10;9;7;2;0;1;0;1;0;0;0;0;0;479489,110000000340000;5707854,500000000000000;8,704369283000062;51,521435420000046;1
216750;5201012602200268207;5;3;62;4;2020;10;10;2;3;5;3;0;1;1;0;0;0;0;328263,319500000220000;5652967,041799999800000;6,552256936000049;51,002611317000060;1
216753;5201012705000881049;5;5;54;20;2020;10;20;2;3;0;1;2;1;0;0;0;0;0;365562,036000000310000;5786575,833000000600000;7,032248588000073;52,213197516000037;0
216756;5201016301304389243;5;9;13;0;2020;10;22;6;3;1;6;2;1;1;0;0;0;0;399661,054100000300000;5709167,189500000300000;7,553642895000053;51,524695235000081;0
216759;5201010411132753240;5;7;74;32;2020;10;11;7;3;2;6;0;1;0;0;0;0;0;481274,474000000390000;5731136,009999999800000;8,728857090000076;51,730831581000075;0
216764;5201010411132242416;5;7;74;32;2020;10;10;7;3;5;2;0;1;1;0;0;0;0;483966,483699999750000;5732562,805299999200000;8,767770879000068;51,743743776000031;0
216771;5201013400300004074;5;7;11;0;2020;10;12;3;3;5;3;0;1;1;0;0;0;0;472372,436999999920000;5753094,257999999400000;8,598206846000039;51,927890134000052;0
216776;5201014300120108206;5;9;11;0;2020;10;7;4;3;5;3;1;1;1;0;0;0;0;375434,305300000120000;5706719,584200000400000;7,205452467000043;51,497874086000081;1
216779;5201015514215585956;5;1;66;28;2020;10;11;5;3;0;7;0;1;0;0;0;0;1;325321,457000000400000;5688648,593000000300000;6,493043218000025;51,322277875000054;0
216782;5201013307100463203;5;9;62;24;2020;10;13;3;3;1;3;0;1;0;0;0;0;0;407981,858300000430000;5691999,104499999400000;7,678013872000065;51,371781599000030;0
216784;5201010406110333530;5;7;58;12;2020;10;12;7;3;5;3;0;1;1;0;0;0;0;479187,482599999760000;5774621,978099999900000;8,696008259000053;52,121737982000070;0
216785;5201012515110082191;5;1;54;36;2020;10;6;2;3;1;7;2;1;0;0;0;0;1;303327,279600000010000;5743961,248600000500000;6,146830009000041;51,811841000000072;0
216787;5201010405220185586;5;7;54;28;2020;10;7;7;3;4;2;1;1;1;0;0;0;0;452561,860999999570000;5743222,693000000000000;8,311472774000038;51,837804131000041;0
216789;5201013513310191309;5;1;62;8;2020;10;8;3;3;4;1;0;1;1;0;0;0;0;329657,307599999940000;5663173,815999999600000;6,567304313000022;51,094726712000067;0
216793;5201016307100773200;5;9;62;24;2020;10;18;6;3;0;1;0;1;0;0;0;0;0;409488,538399999960000;5692130,187400000200000;7,699620289000052;51,373202164000077;0
216794;5201012500100050675;5;1;11;0;2020;10;16;2;3;5;7;0;1;1;0;0;0;0;342873,722199999730000;5678129,613900000200000;6,749354939000057;51,232882969000059;1
216797;5201012501214446209;5;1;12;0;2020;10;21;2;3;5;3;2;1;1;0;0;0;0;340958,753200000150000;5696298,900800000900000;6,713845270000036;51,395601290000059;0
216798;5201014601300490411;5;3;15;0;2020;10;10;4;3;0;3;0;1;0;0;0;0;0;352569,666899999600000;5647205,231300000100000;6,900760052000067;50,957575431000066;0
216799;5201010400300174730;5;7;11;0;2020;10;19;7;2;0;1;2;1;0;0;0;0;0;466007,749400000090000;5760647,757600000100000;8,504899693000027;51,995448947000057;1
216802;5201012702100565857;5;5;15;0;2020;10;16;2;3;0;5;0;1;1;0;0;0;0;403377,540199999700000;5762066,858899999400000;7,592485904000057;52,000839216000031;0
216803;5201015500200010209;5;1;11;0;2020;10;19;5;3;0;1;2;1;0;0;0;0;0;347318,709200000390000;5676790,935100000400000;6,813543900000070;51,222060731000056;0
216813;5201011516600086735;5;1;58;4;2020;10;21;1;3;0;7;2;1;1;0;0;0;0;353687,148599999960000;5676864,378900000800000;6,904645653000046;51,224388465000061;1
216817;5201011702100205103;5;5;15;0;2020;10;13;1;2;5;2;0;1;1;0;0;0;0;405139,223100000060000;5755806,796000000100000;7,619870571000035;51,944875151000076;0
216819;5201012516400889209;5;1;58;24;2020;10;5;2;3;0;7;2;1;0;0;0;0;0;356935,841500000100000;5681017,628900000800000;6,949478541000076;51,262534545000051;1
216822;5201021601310936201;5;3;15;0;2020;10;8;4;3;0;5;0;1;1;0;0;0;0;353780,065200000070000;5647385,309399999700000;6,917910173000053;50,959502124000039;1
216823;5201019600140881277;5;3;14;0;2020;10;16;2;3;0;1;0;1;0;0;0;0;0;367558,972599999980000;5622589,337099999200000;7,122963528000071;50,739970982000045;0
216824;5201017601210914203;5;3;15;0;2020;10;9;7;1;0;1;0;1;0;0;0;0;0;355803,413499999790000;5642600,669800000300000;6,948595192000028;50,917013319000034;0
216829;5201019709500176614;5;5;66;76;2020;10;11;2;3;0;6;0;1;0;0;0;0;1;393092,285799999720000;5792921,698300000300000;7,433013073000041;52,276258933000065;0
216832;5201019513120175539;5;1;62;20;2020;10;8;2;3;5;2;0;1;1;0;0;0;0;329181,238900000230000;5674681,341099999800000;6,555052853000063;51,197969842000077;1
216834;5201020705000565910;5;5;54;20;2020;10;9;3;3;5;3;0;1;1;0;0;0;0;366389,264999999660000;5787433,416999999400000;7,044010374000038;52,221104439000044;0
216835;5201022300600785232;5;9;16;0;2020;10;11;5;3;1;5;0;1;1;0;0;0;0;376706,880300000310000;5711723,676200000600000;7,222025273000043;51,543126694000080;0
216836;5201020515110527698;5;1;54;4;2020;10;20;3;2;0;1;2;1;0;0;0;0;0;306635,100899999960000;5738260,724999999600000;6,197930917000065;51,761801219000063;1
216844;5201020609108185784;5;3;58;8;2020;10;12;3;3;5;3;0;1;1;0;0;0;0;321749,516499999910000;5630790,342900000500000;6,470337786000073;50,801398326000026;0
216845;5201021702100670553;5;5;15;0;2020;10;23;4;3;4;6;2;1;0;0;0;0;0;406127,513199999930000;5758080,793199999300000;7,633623484000054;51,965482550000047;0
216846;5201020502105071219;5;1;13;0;2020;10;22;3;3;0;1;2;1;0;0;0;0;0;361521,596499999990000;5701007,265799999200000;7,007382210000060;51,443304520000027;1
216849;5201018514213685929;5;1;66;8;2020;10;18;1;3;5;3;0;1;1;0;0;0;0;315033,159699999730000;5691275,904400000300000;6,344188754000072;51,342625405000035;0
216851;5201019307000046576;5;9;62;40;2020;10;9;2;3;5;3;0;1;1;0;0;0;0;415557,099799999970000;5698989,728599999100000;7,785152614000026;51,435803471000042;1
216852;5201017503100528200;5;1;24;0;2020;10;16;7;2;0;1;0;1;0;0;0;0;0;370663,712500000370000;5682242,451199999100000;7,145678941000028;51,276822662000029;0
216856;5201019405220966225;5;7;54;20;2020;10;6;2;3;7;7;2;1;0;0;0;0;0;448110,222000000070000;5748773,763000000300000;8,246032641000056;51,887314507000042;0
216858;5201020607000773847;5;3;82;68;2020;10;6;3;3;5;3;2;1;1;0;0;0;0;367777,303999999540000;5631606,382300000600000;7,122813013000041;50,821066094000059;0
216870;5201021601300186613;5;3;15;0;2020;10;15;4;3;5;3;0;1;1;0;0;0;0;354788,641999999990000;5646145,907999999800000;6,932756110000071;50,948619035000036;0
216872;5201017410110987384;5;7;70;24;2020;10;12;7;3;0;1;0;1;0;0;0;0;0;493661,899000000210000;5792796,793999999800000;8,907083621000027;52,285496583000054;1
216873;5201018502210073579;5;1;13;0;2020;10;16;1;3;1;5;0;1;1;0;0;0;0;362257,009999999780000;5700685,243000000700000;7,018082836000076;51,440590009000061;0
216875;5201020601100071637;5;3;15;0;2020;10;16;3;3;0;1;0;1;1;0;0;0;0;355142,280199999920000;5644408,990299999700000;6,938477707000061;50,933098743000073;1
216876;5201017407301179126;5;7;62;36;2020;10;9;7;3;5;3;0;1;1;0;0;0;0;510650,890800000170000;5704168,762000000100000;9,153404539000064;51,488566452000043;0
216878;5201017407201387159;5;7;62;4;2020;10;17;7;2;8;1;0;1;0;0;0;0;0;501160,667999999600000;5731684,645999999700000;9,016808236000031;51,736076147000063;0
216882;5201020300513285650;5;9;11;0;2020;10;11;3;3;5;3;0;1;1;0;0;0;0;377462,402599999680000;5704707,176400000200000;7,235353643000053;51,480230905000042;0
216884;5201021600380883207;5;3;14;0;2020;10;18;4;3;5;3;0;1;1;0;0;0;0;370295,216599999930000;5616725,596999999100000;7,163782775000072;50,687883461000069;0
216885;5201019515110039208;5;1;54;36;2020;10;10;2;3;5;3;0;1;1;0;0;0;0;302135,518199999820000;5741349,221899999300000;6,131054536000022;51,787964559000045;1
216886;5201017317210160205;5;9;78;20;2020;10;17;7;3;5;3;0;1;1;0;0;0;0;403076,406299999920000;5714998,933800000700000;7,601251145000049;51,577713130000063;0
216887;5201021300600961935;5;9;16;0;2020;10;16;4;3;6;6;0;1;0;1;0;0;0;378964,543999999760000;5711175,844000000500000;7,254754387000048;51,538691763000031;0
216891;5201017316300078020;5;9;74;28;2020;10;22;7;2;0;7;2;1;0;0;0;0;0;454229,787100000310000;5724514,812000000800000;8,338142915000049;51,669745750000061;0
216892;5201021506100569472;5;1;16;0;2020;10;15;4;3;0;3;0;1;1;0;0;0;0;323204,117300000040000;5672830,523600000900000;6,470500522000066;51,179525110000043;1
216893;5201019500200715208;5;1;11;0;2020;10;11;2;2;8;7;0;1;0;0;0;0;0;351057,099999999630000;5679296,226700000500000;6,865997230000062;51,245560628000078;1
216897;5201020500300931201;5;1;11;0;2020;10;18;3;3;3;2;1;1;1;0;0;0;0;350523,333499999720000;5670039,509400000800000;6,862210999000070;51,162240985000039;1
216899;5201021709300074736;5;5;66;84;2020;10;6;4;3;5;3;2;1;0;0;0;0;1;390123,118999999950000;5775531,115000000200000;7,395151577000036;52,119382393000080;1
216901;5201019610111087495;5;3;70;16;2020;10;17;2;3;5;3;0;1;1;0;0;0;0;298018,758000000380000;5660548,661000000300000;6,117499549000058;51,060882457000048;0
216904;5201019400200474633;5;7;11;0;2020;10;16;2;3;1;3;0;1;1;0;0;0;0;468231,250900000330000;5763332,732899999200000;8,537034988000073;52,019720295000070;0
216906;5201020605132271670;5;3;74;32;2020;10;14;3;3;0;1;0;1;1;0;0;0;0;397048,873900000010000;5640107,035000000100000;7,535829105000062;50,903430143000037;1
216908;5201020500100076700;5;1;11;0;2020;10;9;3;3;4;7;0;1;0;0;0;0;1;345683,191700000320000;5676572,934599999300000;6,790235063000068;51,219662143000050;0
216910;5201017303100077883;5;9;15;0;2020;10;18;7;3;5;3;0;1;1;0;0;0;0;419074,297600000170000;5729348,670600000800000;7,828747754000062;51,709236033000082;0
216915;5201021411108037898;5;7;74;8;2020;10;16;4;2;5;3;0;1;1;0;0;0;0;487690,407300000080000;5737054,231300000100000;8,821548641000049;51,784221626000033;0
216917;5201020601420654207;5;3;15;0;2020;10;23;3;2;0;1;2;1;0;0;0;0;0;356555,109199999830000;5646912,425499999900000;6,957584512000040;50,955949906000058;1
216918;5201021602300489818;5;3;62;36;2020;10;14;4;3;0;2;0;1;1;0;0;0;0;345542,429800000040000;5652112,588800000000000;6,798692250000045;50,999831826000047;0
216920;5201020315110574395;5;9;70;40;2020;10;17;3;3;0;6;1;1;1;0;0;0;0;432085,407499999740000;5636935,006200000600000;8,034613318000027;50,880094630000031;1
216921;5201021601210386379;5;3;15;0;2020;10;16;4;3;5;3;0;1;1;0;0;0;0;353690,110100000170000;5643955,260199999400000;6,918007991000025;50,928654672000050;0
216922;5201019518100986052;5;1;70;48;2020;10;9;2;3;5;3;0;1;1;0;0;0;0;335564,551900000310000;5725433,907800000200000;6,622777077000023;51,655812217000062;0
216923;5201017300110854209;5;9;11;0;2020;10;14;7;2;0;1;0;1;0;0;0;0;0;376097,744500000030000;5705101,816800000100000;7,215573133000021;51,483480410000027;0
216924;5201018300500238742;5;9;11;0;2020;10;11;1;3;0;7;0;1;0;0;0;0;0;377088,461799999700000;5704041,546800000600000;7,230202937000058;51,474167446000081;0
216925;5201021303100076267;5;9;15;0;2020;10;16;4;3;5;3;0;1;1;0;0;0;0;415915,145999999720000;5724128,990000000200000;7,784293253000044;51,661849553000081;0
216932;5201019711314584994;5;5;70;8;2020;10;9;2;3;5;3;0;1;1;0;0;0;0;432806,537999999710000;5739632,955000000100000;8,025474601000042;51,803505010000038;0
216937;5201020705000787378;5;5;54;4;2020;10;16;3;3;0;7;0;1;1;0;0;0;0;363515,699099999850000;5771814,343699999200000;7,008245107000050;52,080058345000054;1
216938;5201022301101030207;5;9;13;0;2020;10;17;5;2;5;4;1;1;0;1;0;0;0;395112,337899999690000;5707728,657600000500000;7,488526623000041;51,510938367000051;0
216944;5201019702100165812;5;5;15;0;2020;10;10;2;3;0;7;0;1;0;1;0;0;0;404373,148299999540000;5756515,966000000000000;7,608531196000058;51,951118288000032;0
216947;5201019502135167062;5;1;13;0;2020;10;19;2;3;0;7;0;1;1;0;0;0;0;366454,612099999560000;5702814,806700000500000;7,077639160000047;51,460733044000051;0
216950;5201021705000555357;5;5;54;4;2020;10;11;4;3;5;3;0;1;1;0;0;0;0;363157,074199999680000;5771366,536599999300000;7,003194639000071;52,075946111000064;1
216955;5201017709500974704;5;5;66;76;2020;10;18;7;3;5;3;1;1;1;0;0;0;0;393725,059000000360000;5795040,017999999200000;7,441616182000075;52,295419368000069;0
216957;5201019307100863201;5;9;62;24;2020;10;9;2;3;5;3;0;1;1;0;0;0;0;407064,942300000230000;5693651,566099999500000;7,664412433000052;51,386487013000078;1
216959;5201020602700295206;5;3;62;28;2020;10;11;3;3;5;3;0;1;1;0;0;0;0;350730,673799999990000;5638354,805400000900000;6,878215539000053;50,877568142000030;1
216960;5201021607500486343;5;3;82;56;2020;10;5;4;3;0;1;2;1;0;0;0;0;0;372181,686599999670000;5626428,991000000400000;7,187110636000057;50,775519155000040;1
216965;5201020500200502247;5;1;11;0;2020;10;15;3;3;1;7;0;1;1;0;0;0;0;345219,406899999830000;5678971,728900000500000;6,782562967000047;51,241090742000040;1
216966;5201019601310454200;5;3;15;0;2020;10;9;2;2;0;1;0;1;0;0;0;0;0;354902,260099999610000;5647105,025399999700000;6,933990192000067;50,957266967000066;1
216968;5201017706100079200;5;5;58;32;2020;10;17;7;2;2;2;0;1;1;0;0;0;0;392432,435899999920000;5752388,462300000700000;7,436138051000057;51,911840401000063;0
216969;5201021404102297216;5;7;66;56;2020;10;15;4;3;5;3;0;1;1;0;0;0;0;479215,440000000410000;5757363,086999999400000;8,697466128000031;51,966568402000064;0
216970;5201018601400786833;5;3;15;0;2020;10;13;1;3;3;6;0;1;0;0;0;0;0;353426,250900000330000;5656579,982100000600000;6,909163549000027;51,042040312000040;1
216971;5201020601400067751;5;3;15;0;2020;10;15;3;3;0;3;0;1;1;0;0;0;0;356895,765999999830000;5650239,802899999500000;6,961122295000052;50,985937240000055;1
216972;5201018601400773837;5;3;15;0;2020;10;16;1;3;5;3;0;1;1;0;0;0;0;357211,752600000240000;5648695,128200000200000;6,966228040000033;50,972133927000073;0
216975;5201020411108517209;5;7;74;8;2020;10;18;3;3;5;2;2;1;1;0;0;0;0;487816,600499999710000;5737256,158099999700000;8,823370955000030;51,786039962000075;1
216976;5201021601300876590;5;3;15;0;2020;10;12;4;3;0;1;0;1;0;0;0;0;0;353780,416299999690000;5647384,314799999800000;6,917915569000058;50,959493275000057;1
216977;5201019600110081165;5;3;14;0;2020;10;20;2;2;3;2;2;1;0;0;0;0;0;365921,880400000140000;5621006,962200000900000;7,100350699000046;50,725372972000059;0
216979;5201017702100342572;5;5;15;0;2020;10;0;7;3;4;1;2;1;0;0;0;0;0;404388,951500000430000;5758417,678099999200000;7,608231749000026;51,968214290000049;0
216980;5201021313110085013;5;9;58;4;2020;10;8;4;3;5;3;0;1;1;0;0;0;0;428870,098000000230000;5698721,251000000200000;7,976699604000032;51,435217876000081;1
216982;5201016601610178209;5;3;15;0;2020;10;3;6;3;1;5;2;1;1;0;0;0;0;360423,133100000210000;5645054,515699999400000;7,013334942000029;50,940202397000064;0
216983;5201019706200587452;5;5;58;12;2020;10;11;2;3;0;7;0;1;0;0;0;0;0;374578,800999999980000;5755932,782999999800000;7,175414985000032;51,939957636000031;0
216984;5201016601500366076;5;3;15;0;2020;10;19;6;3;0;3;2;1;0;0;0;0;0;358505,849999999630000;5644357,409000000000000;6,986333921000039;50,933470178000050;0
216985;5201021518100685932;5;1;70;48;2020;10;16;4;3;2;7;0;1;0;1;0;0;0;336095,395700000230000;5725933,026300000000000;6,630210341000066;51,660451217000059;0
216989;5201021711114557428;5;5;70;52;2020;10;12;4;3;5;3;0;1;1;0;0;0;0;429248,053000000310000;5752810,846000000800000;7,971174548000022;51,921531619000064;0
216991;5201019515210545119;5;1;54;52;2020;10;7;2;2;5;3;1;1;1;0;0;0;0;310144,884999999780000;5702516,436000000700000;6,268075068000030;51,441972932000056;1
216993;5201021301102071542;5;9;13;0;2020;10;12;4;3;0;5;0;1;0;0;0;0;1;396020,807799999600000;5704563,530500000300000;7,502545951000059;51,482656047000035;1
216994;5201022303100580471;5;9;15;0;2020;10;8;5;3;0;2;0;1;1;0;0;0;0;415542,799999999810000;5724584,712999999500000;7,778801008000073;51,665890405000027;0
217003;5201020501311872035;5;1;12;0;2020;10;8;3;2;0;3;0;1;0;0;0;0;0;344432,701000000350000;5700453,043999999800000;6,761917778000054;51,433889413000031;0
217005;5201016513310486776;5;1;62;8;2020;10;13;6;3;5;3;0;1;1;0;0;0;0;333875,804999999700000;5666429,503000000500000;6,625994426000034;51,125215298000057;0
217006;5201020508000376339;5;1;19;0;2020;10;21;3;3;5;3;2;1;1;0;0;0;0;350552,221199999560000;5703995,594000000500000;6,848392362000027;51,467368047000036;1
217007;5201019700100071568;5;5;13;0;2020;10;16;2;2;5;2;0;1;1;0;0;0;0;366391,490799999800000;5711300,196499999600000;7,073517744000071;51,536973382000042;0
217009;5201021502134478754;5;1;13;0;2020;10;20;4;3;0;3;2;1;0;0;0;0;1;366568,894600000230000;5701177,352499999100000;7,079900888000054;51,446044613000026;1
217010;5201019405108506663;5;7;54;8;2020;10;14;2;3;4;2;0;1;1;0;0;0;0;457541,805300000120000;5751257,581199999900000;8,382759676000035;51,910443695000026;0
217011;5201016502409386876;5;1;17;0;2020;10;18;6;3;4;3;0;1;1;0;0;0;0;350788,046000000090000;5699584,801999999200000;6,853644809000059;51,427797154000075;0
217012;5201020606100481786;5;3;78;4;2020;10;11;3;2;0;1;0;1;0;0;0;0;0;369705,034099999820000;5651233,717599999200000;7,143158270000072;50,997912222000082;1
217014;5201018518200579225;5;1;70;24;2020;10;1;1;2;0;1;2;1;0;0;0;0;0;335341,877899999730000;5702452,910599999100000;6,630318574000057;51,449287713000047;0
217016;5201019601110462203;5;3;15;0;2020;10;8;2;3;3;6;0;1;0;0;0;0;0;355454,510300000200000;5645695,572899999100000;6,942407670000023;50,944739328000026;0
217021;5201021500100347204;5;1;11;0;2020;10;10;4;3;5;3;0;1;1;0;0;0;0;345887,541500000280000;5677050,096500000000000;6,792953830000045;51,224004868000065;1
217023;5201020601520492209;5;3;15;0;2020;10;12;3;2;0;1;0;1;0;0;0;0;0;357615,951399999670000;5644097,218399999700000;6,973779464000074;50,930912845000080;1
217024;5201021602800516203;5;3;62;12;2020;10;16;4;3;5;3;0;1;1;0;0;0;0;351942,301699999720000;5634475,191999999800000;6,896995240000024;50,843015112000046;0
217025;5201020405108266249;5;7;54;8;2020;10;14;3;2;0;4;0;1;1;1;0;0;0;457532,750199999660000;5750977,344200000200000;8,382662591000042;51,907923513000071;1
217026;5201021601220205206;5;3;15;0;2020;10;16;4;3;3;6;0;1;1;0;0;0;0;358725,541600000110000;5639282,874099999700000;6,991422918000069;50,887918671000079;0
217030;5201021303100610724;5;9;15;0;2020;10;18;4;2;5;4;0;1;0;1;0;0;0;419514,133000000380000;5725199,037000000500000;7,836069414000065;51,671995864000053;0
217031;5201020600380987010;5;3;14;0;2020;10;12;3;3;5;3;0;1;1;0;0;0;0;368679,046600000000000;5617545,097200000700000;7,140624339000055;50,694886758000052;1