OBJECTID;UIDENTSTLAE;ULAND;UREGBEZ;UKREIS;UGEMEINDE;UJAHR;UMONAT;USTUNDE;UWOCHENTAG;UKATEGORIE;UART;UTYP1;ULICHTVERH;IstRad;IstPKW;IstFuss;IstKrad;IstGkfz;IstSonstige;LINREFX;LINREFY;XGCSWGS84;YGCSWGS84;STRZUSTAND
217032;5201019702100453125;5;5;15;0;2020;10;16;2;3;0;1;0;1;0;0;0;0;0;402208,030600000170000;5758615,657900000000000;7,576439117000064;51,969614362000073;0
217034;5201020601210555204;5;3;15;0;2020;10;17;3;3;0;1;0;1;0;0;0;0;0;354893,749200000430000;5643839,999299999300000;6,935169731000030;50,927922882000075;0
217036;5201020300310535203;5;9;11;0;2020;10;19;3;3;1;5;2;1;0;0;1;0;0;379029,608799999580000;5701223,664699999600000;7,259103556000071;51,449259759000029;1
217039;5201019513310981414;5;1;62;8;2020;10;7;2;2;5;3;2;1;1;0;0;0;0;331434,795300000350000;5662335,096000000800000;6,593056238000031;51,087716511000053;1
217042;5201022301303575317;5;9;13;0;2020;10;11;5;3;0;7;0;1;0;0;0;0;0;401471,291899999600000;5706431,362700000400000;7,580492927000023;51,500421785000071;0
217046;5201021506100069395;5;1;16;0;2020;10;15;4;3;3;2;0;1;1;0;0;0;0;322707,592299999670000;5674185,001100000000000;6,462735556000041;51,191539171000045;0
217048;5201016500100301203;5;1;11;0;2020;10;16;6;3;0;1;0;1;0;0;0;0;0;340280,742100000380000;5679143,392300000400000;6,711793073000024;51,241271906000065;0
217049;5201020608100181359;5;3;34;2;2020;10;18;3;2;0;1;1;1;0;0;0;0;0;290816,331100000070000;5628850,500000000000000;6,033031958000038;50,773639089000028;1
217052;5201016410110287123;5;7;70;24;2020;10;11;6;3;0;1;0;1;0;0;0;0;0;492494,789599999790000;5793612,178300000700000;8,889955699000041;52,292812593000065;0
217053;5201020610121153202;5;3;70;12;2020;10;16;3;3;0;1;0;1;0;0;0;0;0;294563,314899999650000;5651697,356399999900000;6,073268173000031;50,980165715000055;1
217054;5201021709110172341;5;5;66;12;2020;10;15;4;3;3;6;0;1;1;0;0;0;0;405916,637099999930000;5772637,629200000300000;7,626551378000045;52,096288592000064;0
217060;5201016406210387048;5;7;58;4;2020;10;12;6;3;5;3;0;1;1;0;0;0;0;471992,171099999920000;5781786,102199999600000;8,590323832000024;52,185829246000026;0
217064;5201021701610762209;5;5;62;12;2020;10;18;4;3;1;5;1;1;1;0;0;0;0;357443,182099999860000;5726979,959799999400000;6,938205491000076;51,675679187000071;1
217067;5201016405108382114;5;7;54;8;2020;10;7;6;3;0;5;1;1;0;0;0;1;0;457333,259100000370000;5750934,082100000200000;8,379768172000070;51,907519316000048;0
217068;5201017602700987204;5;3;62;28;2020;10;15;7;3;5;3;0;1;1;0;0;0;0;349774,206399999560000;5640200,115800000700000;6,863871374000041;50,893903041000044;0
217069;5201021405236756391;5;7;54;36;2020;10;5;4;3;6;6;2;1;0;1;0;0;0;473467,072100000460000;5748080,794800000300000;8,614512003000073;51,882867844000032;1
217070;5201019301301571278;5;9;78;24;2020;10;10;2;3;0;1;0;1;1;0;0;0;0;398273,397300000300000;5716940,760800000300000;7,531397907000041;51,594321149000052;1
217071;5201018518200278982;5;1;70;24;2020;10;1;1;2;0;1;2;1;0;0;0;0;0;335357,323400000110000;5702433,615000000200000;6,630549632000054;51,449118850000048;0
217075;5201021601200623700;5;3;15;0;2020;10;19;4;2;0;1;2;1;0;0;0;0;0;354299,438400000330000;5640812,147199999500000;6,927927861000057;50,900562551000064;1
217076;5201019515211922410;5;1;54;16;2020;10;14;2;3;5;2;0;1;0;0;0;0;0;303819,920699999670000;5728593,605900000800000;6,162632341000062;51,674008252000078;0
217077;5201021301201703202;5;9;13;0;2020;10;17;4;3;0;3;0;1;1;0;0;0;0;394715,339999999850000;5709333,262000000100000;7,482328486000029;51,525287584000068;0
217078;5201018701700843201;5;5;62;16;2020;10;15;1;3;1;5;0;1;1;0;0;0;0;381852,988599999810000;5733098,661900000600000;7,288982984000029;51,736335510000060;0
217081;5201023500100976200;5;1;11;0;2020;10;23;6;2;0;7;2;1;0;0;0;0;0;344908,208999999800000;5676533,974099999300000;6,779163340000025;51,219102074000034;0
217082;5201026601120470208;5;3;15;0;2020;10;15;2;3;5;3;0;1;1;0;0;0;0;355130,206299999730000;5644406,948200000500000;6,938306810000029;50,933077359000038;0
217083;5201023607100056076;5;3;82;28;2020;10;11;6;3;5;3;0;1;1;0;0;0;0;374363,689000000250000;5633862,375000000000000;7,215498050000065;50,842810442000030;1
217084;5201026307000085511;5;9;62;24;2020;10;19;2;2;7;1;2;1;0;0;0;0;0;410624,616000000390000;5693152,475999999800000;7,715680714000030;51,382572163000077;1
217086;5201025302120085281;5;9;14;0;2020;10;18;1;2;0;1;2;1;0;0;0;0;0;391378,731100000440000;5689346,845100000500000;7,440381399000046;51,345008128000075;1
217087;5201026601500986575;5;3;15;0;2020;10;4;2;3;0;7;0;1;1;0;0;0;0;359766,568599999880000;5648691,525900000700000;7,002594504000058;50,972729273000027;0
217090;5201023313211018776;5;9;58;12;2020;10;14;6;3;6;4;0;1;0;1;0;0;0;469984,226400000040000;5693904,099999999600000;8,568559792000031;51,395574696000040;1
217091;5201026514210591524;5;1;66;12;2020;10;17;2;3;0;7;1;1;0;1;0;0;0;320249,952700000260000;5693722,928300000700000;6,417774017000056;51,366280044000064;1
217092;5201023600380186203;5;3;14;0;2020;10;14;6;3;0;6;0;1;0;0;0;0;0;367330,755699999630000;5619744,201400000600000;7,120754576000024;50,714346585000044;1
217094;5201024610121233242;5;3;70;12;2020;10;12;7;3;5;3;0;1;1;0;0;0;0;298608,791899999600000;5652460,711799999700000;6,130400566000049;50,988450554000053;0
217095;5201026300510578207;5;9;54;36;2020;10;6;2;3;1;5;2;1;1;0;0;0;0;385945,327999999750000;5700508,405999999500000;7,358813642000030;51,444266173000074;1
217103;5201026709500639960;5;5;66;76;2020;10;19;2;3;6;4;2;1;0;1;0;0;0;393762,527499999850000;5793440,486800000100000;7,442669653000053;52,281051321000064;0
217104;5201024607111281170;5;3;82;28;2020;10;12;7;3;3;6;0;1;0;0;1;0;0;377354,483000000010000;5641639,964600000500000;7,255347966000045;50,913361193000071;0
217105;5201023307000680452;5;9;62;24;2020;10;18;6;3;7;1;0;1;1;0;0;0;0;409065,172000000250000;5694197,416999999400000;7,693010183000069;51,391718015000038;1
217112;5201026502400986130;5;1;17;0;2020;10;15;2;3;5;3;0;1;1;0;0;0;0;353794,161799999890000;5699580,966499999200000;6,896856553000021;51,428546211000082;0
217113;5201023513310886719;5;1;62;8;2020;10;9;6;3;5;3;0;1;1;0;0;0;0;331347,105000000450000;5662665,268400000400000;6,591651146000061;51,090657141000065;1
217115;5201026702100468375;5;5;15;0;2020;10;14;2;3;0;1;0;1;0;0;0;0;0;406112,864000000060000;5757493,588999999700000;7,633570847000044;51,960202017000029;1
217116;5201024600380302203;5;3;14;0;2020;10;13;7;3;1;5;0;1;1;0;0;0;0;369985,795500000010000;5616822,116800000900000;7,159370784000032;50,688681946000031;0
217118;5201023500100470374;5;1;11;0;2020;10;14;6;3;5;3;0;1;0;0;1;0;0;346324,103000000120000;5675393,576999999600000;6,799910762000025;51,209237859000041;1
217119;5201026601220886408;5;3;15;0;2020;10;8;2;3;5;2;0;1;1;0;0;0;0;359178,113800000400000;5639260,161699999100000;6,997861936000049;50,887825053000029;0
217122;5201023300210260208;5;9;11;0;2020;10;13;6;3;1;5;0;1;1;0;0;0;0;371556,140499999750000;5705825,471300000300000;7,149938202000044;51,488970766000079;1
217124;5201026606100361703;5;3;78;4;2020;10;16;2;3;0;7;0;1;1;0;0;0;0;367364,612599999640000;5647328,444900000500000;7,111249074000057;50,962278338000033;0
217125;5201026407131078119;5;7;62;8;2020;10;14;2;2;0;7;0;1;0;0;0;0;0;528477,548200000080000;5721388,025800000900000;9,411552017000076;51,642774823000082;0
217127;5201026608200980736;5;3;34;2;2020;10;10;2;3;5;2;0;1;1;0;0;0;0;295554,065000000410000;5628190,415999999300000;6,100503785000058;50,769399709000027;1
217129;5201022709500812449;5;5;66;76;2020;10;12;5;3;0;3;0;1;1;0;0;0;0;395154,852300000380000;5794205,570599999300000;7,462833675000070;52,288194688000033;0
217133;5201026301302181029;5;9;13;0;2020;10;17;2;3;5;3;2;1;1;0;0;0;0;396461,965200000440000;5707954,210500000000000;7,507901909000054;51,513214724000079;0
217134;5201022709500002746;5;5;66;76;2020;10;18;5;3;5;3;1;1;1;0;0;0;0;392712,570000000300000;5793046,304999999700000;7,427410059000067;52,277304821000030;1
217136;5201022706000086167;5;5;58;16;2020;10;11;5;3;0;1;0;1;0;0;0;0;0;380040,548999999650000;5744527,962999999500000;7,258796475000054;51,838667253000040;1
217137;5201024404302453229;5;7;66;8;2020;10;16;7;3;5;3;0;1;1;0;0;0;0;483394,070000000300000;5769326,072000000600000;8,757707945000050;52,074266313000066;0
217139;5201026513130781645;5;1;62;22;2020;10;8;2;2;4;2;0;1;1;0;0;0;0;340263,649600000120000;5679161,935499999700000;6,711540136000053;51,241433730000040;0
217140;5201022705000485682;5;5;54;8;2020;10;10;5;3;5;3;0;1;1;0;0;0;0;336089,690999999640000;5745757,759999999800000;6,620784081000068;51,838547337000080;0
217142;5201022702100942871;5;5;15;0;2020;10;18;5;3;5;7;1;1;1;0;0;0;0;405241,742700000290000;5757571,688400000300000;7,620874993000030;51,960756226000058;0
217144;5201023601200386507;5;3;15;0;2020;10;7;6;3;5;2;2;1;1;0;0;0;0;356103,345200000330000;5642319,048399999700000;6,952970320000077;50,914557286000047;1
217145;5201026300410597200;5;9;16;0;2020;10;8;2;2;5;3;0;1;0;0;0;0;1;371525,404000000100000;5710118,385999999900000;7,147931644000039;51,527544282000065;1
217146;5201024701200535202;5;5;62;20;2020;10;13;7;3;3;3;0;1;1;0;0;0;0;372362,453599999660000;5716099,238199999600000;7,157821017000060;51,581484006000039;0
217147;5201022701700006208;5;5;62;16;2020;10;14;5;3;0;1;0;1;0;0;0;0;0;373953,913900000040000;5734181,587099999200000;7,174256112000023;51,744346868000036;1
217149;5201022700200678200;5;5;13;0;2020;10;18;5;2;0;7;1;1;0;1;0;0;0;366344,505300000310000;5714139,787200000100000;7,071761811000044;51,562480404000041;1
217150;5201026506100097863;5;1;16;0;2020;10;17;2;2;8;1;1;1;0;0;0;0;0;320739,198800000360000;5665565,897299999400000;6,438887993000037;51,113497558000063;0
217153;5201026705000785682;5;5;54;8;2020;10;7;2;3;5;3;0;1;1;0;0;0;0;335694,690999999640000;5745729,854699999100000;6,615069124000058;51,838180588000057;1
217157;5201024608100489205;5;3;34;2;2020;10;17;7;3;0;1;0;1;0;0;0;0;0;294157,143000000160000;5628632,746999999500000;6,080472207000071;50,772878456000058;0
217158;5201022609248989798;5;3;58;48;2020;10;10;5;3;1;7;0;1;1;0;0;0;0;321272,277800000270000;5640217,847699999800000;6,458972860000074;50,885947159000068;0
217161;5201026500100200355;5;1;11;0;2020;10;7;2;3;6;4;0;1;0;1;0;0;0;340911,172100000080000;5677676,810499999700000;6,721468499000025;51,228270790000067;0
217163;5201026610122573702;5;3;70;28;2020;10;22;2;3;5;3;2;1;1;0;0;0;0;299027,154000000100000;5643957,709000000700000;6,141046451000022;50,912228270000071;0
217167;5201026601200065721;5;3;15;0;2020;10;11;2;3;3;2;0;1;0;0;0;0;0;354711,717799999750000;5642251,429600000400000;6,933214084000042;50,913600962000032;0
217168;5201024601600486372;5;3;15;0;2020;10;16;7;3;6;7;0;1;0;1;0;0;0;360961,429100000300000;5645051,858100000800000;7,020992887000034;50,940308565000066;0
217170;5201023411132190685;5;7;74;32;2020;10;17;6;3;6;4;0;1;0;1;0;0;0;483316,421600000000000;5729805,457000000400000;8,758487649000074;51,718932673000040;1
217171;5201026601320428205;5;3;15;0;2020;10;14;2;3;0;1;0;1;0;0;0;0;0;349625,696399999780000;5644278,214199999300000;6,860080643000060;50,930511668000065;1
217173;5201026406110482094;5;7;58;12;2020;10;14;2;3;0;1;0;1;0;0;0;0;0;478172,820100000130000;5774055,028300000400000;8,681224505000046;52,116601607000064;0
217176;5201026607400178310;5;3;82;68;2020;10;11;2;2;0;1;0;1;0;0;0;0;0;368140,098100000060000;5632691,295199999600000;7,127570581000043;50,830899983000052;1
217179;5201023410110040257;5;7;70;24;2020;10;18;6;3;0;7;1;1;0;0;0;0;0;492536,846199999560000;5794027,160700000800000;8,890563153000073;52,296544062000066;1
217180;5201026518120475963;5;1;70;44;2020;10;10;2;3;4;6;0;1;1;0;0;0;0;340620,866399999710000;5718855,386600000800000;6,698804647000031;51,598165365000057;0
217181;5201023601220540204;5;3;15;0;2020;10;0;6;2;0;1;2;1;0;0;0;0;0;354048,615699999970000;5643299,006600000000000;6,923368636000021;50,922847935000050;1
217182;5201023508000472209;5;1;19;0;2020;10;19;6;3;4;2;2;1;1;0;0;0;0;351143,331000000240000;5704647,066999999800000;6,856621784000026;51,473377633000041;0
217184;5201023608100416201;5;3;34;2;2020;10;14;6;2;4;2;0;1;0;0;0;0;1;291989,822800000200000;5629055,334499999900000;6,049536788000069;50,775900645000036;1
217189;5201026601700790211;5;3;16;0;2020;10;8;2;3;6;7;0;1;0;1;0;0;0;359454,073599999770000;5654444,928200000900000;6,995919415000060;51,024358941000060;1
217190;5201022601110857201;5;3;15;0;2020;10;16;5;3;0;2;0;1;1;0;0;0;0;355304,269000000320000;5645479,510999999900000;6,940356307000059;50,942759941000077;0
217191;5201024500300072203;5;1;11;0;2020;10;15;7;3;0;6;0;1;0;0;0;0;1;345345,964999999850000;5673504,923000000400000;6,786732255000061;51,192003391000071;0
217192;5201022601000385847;5;3;15;0;2020;10;9;5;3;0;1;0;1;0;0;0;0;0;356542,923499999570000;5643301,005300000300000;6,958833175000052;50,923491481000042;1
217194;5201023601110452201;5;3;15;0;2020;10;17;6;3;1;5;0;1;1;0;0;0;0;356365,853500000200000;5642964,311699999500000;6,956448069000032;50,920421596000040;1
217198;5201022600380775850;5;3;14;0;2020;10;7;5;3;0;1;1;1;0;0;0;0;0;369807,241000000390000;5615348,539000000800000;7,157363295000039;50,675397001000078;1
217200;5201024702100512209;5;5;15;0;2020;10;6;7;3;0;7;2;1;0;0;0;0;0;405110,800200000410000;5760183,298399999700000;7,618247865000058;51,984208051000053;1
217202;5201024400200287113;5;7;11;0;2020;10;17;7;3;0;7;1;1;1;0;0;0;0;468229,144199999980000;5763519,170099999800000;8,536986982000030;52,021396363000065;1
217204;5201026513130486874;5;1;62;22;2020;10;16;2;3;0;1;1;1;0;0;0;0;0;337277,758399999700000;5679704,481799999300000;6,668553897000038;51,245464508000055;0
217208;5201026709500674669;5;5;66;76;2020;10;16;2;3;5;3;0;1;1;0;0;0;0;394073,404500000180000;5794980,448400000100000;7,446740910000074;52,294951279000031;0
217209;5201024607400051173;5;3;82;44;2020;10;15;7;3;0;5;0;1;0;0;0;0;1;362258,987999999900000;5627884,604000000300000;7,045912552000061;50,786329996000063;0
217211;5201023406210187149;5;7;58;8;2020;10;12;6;2;0;7;0;1;0;0;0;0;1;469573,685200000180000;5776424,541899999600000;8,555429824000044;52,137498337000068;1
217212;5201023709500511931;5;5;66;76;2020;10;6;6;3;5;3;2;1;1;0;0;0;0;393454,673000000420000;5796576,374500000800000;7,437166770000033;52,309174461000055;1
217214;5201026410210482105;5;7;70;20;2020;10;18;2;2;0;7;2;1;0;0;0;0;0;473815,657899999990000;5795873,810799999200000;8,615903435000064;52,312572615000079;1
217216;5201026502405077762;5;1;17;0;2020;10;18;2;3;0;1;2;1;0;0;0;0;0;357341,757199999880000;5699246,262800000600000;6,947987207000040;51,426442716000054;0
217217;5201023513320079544;5;1;62;4;2020;10;17;6;3;0;7;0;1;0;0;0;0;0;349304,065799999980000;5663090,833799999200000;6,847692123000059;51,099480743000072;0
217219;5201026702100571206;5;5;15;0;2020;10;16;2;3;5;3;0;1;1;0;0;0;0;407988,565100000240000;5754726,074799999600000;7,661602394000056;51,935639560000027;0
217220;5201024601400490621;5;3;15;0;2020;10;9;7;3;1;5;0;1;1;0;0;0;0;357679,599299999890000;5647421,924699999400000;6,973385373000042;50,960807546000069;0
217222;5201023405116887008;5;7;54;16;2020;10;14;6;2;8;1;0;1;0;0;0;0;0;446929,441999999810000;5757206,042999999600000;8,227577138000072;51,963011705000042;0
217223;5201026601300486451;5;3;15;0;2020;10;14;2;3;0;1;0;1;0;0;0;0;0;354934,896200000310000;5646431,208799999200000;6,934723087000066;50,951219780000031;0
217224;5201023608436360200;5;3;34;36;2020;10;9;6;3;5;3;0;1;1;0;0;0;0;297860,344300000000000;5633987,059800000900000;6,129978508000022;50,822270563000075;1
217228;5201025500300150205;5;1;11;0;2020;10;12;1;3;5;3;0;1;0;0;0;0;0;345021,078599999660000;5674393,341000000000000;6,781703016000051;51,199898219000033;1
217232;5201026608312632201;5;3;34;12;2020;10;10;2;3;5;3;0;1;0;0;0;0;1;305200,935800000090000;5630865,757600000100000;6,235726123000063;50,796749881000039;0
217237;5201023602300565585;5;3;62;36;2020;10;17;6;2;3;6;0;1;1;0;0;0;0;346162,063699999820000;5651870,524199999900000;6,807618811000054;50,997822651000035;1
217239;5201022514110675561;5;1;66;32;2020;10;8;5;3;7;3;0;1;1;0;0;0;0;317880,056900000200000;5681890,623900000000000;6,389808571000060;51,259239614000080;0
217240;5201024709500572447;5;5;66;16;2020;10;8;7;3;6;7;0;1;0;1;0;0;0;403114,278599999850000;5791944,507300000600000;7,580138480000073;52,269333784000082;0
217241;5201022514110486225;5;1;66;32;2020;10;17;5;3;0;3;0;1;1;0;0;0;0;318701,618599999700000;5682564,310200000200000;6,401228927000034;51,265553053000076;0
217244;5201026514110677593;5;1;66;32;2020;10;13;2;3;0;1;0;1;0;0;0;0;0;316897,271999999880000;5681318,699599999900000;6,376031509000029;51,253787454000076;1
217245;5201023600110769537;5;3;14;0;2020;10;15;6;3;4;6;0;1;1;0;0;0;0;365696,507000000220000;5621945,981000000600000;7,096817387000044;50,733760777000043;0
217247;5201025608436085695;5;3;34;36;2020;10;8;1;2;0;7;0;1;0;0;0;0;0;300032,938699999820000;5634017,109200000800000;6,160768418000032;50,823294733000068;0
217248;5201022508000874035;5;1;19;0;2020;10;14;5;3;5;3;0;1;0;0;0;0;1;353177,256799999620000;5704344,231699999400000;6,886012402000063;51,471187919000045;0
217250;5201023601200672656;5;3;15;0;2020;10;23;6;3;4;6;2;1;0;0;0;0;0;360052,552799999710000;5638684,785399999500000;7,010506592000070;50,882866506000028;1
217251;5201026300420808206;5;9;16;0;2020;10;15;2;2;7;7;0;1;0;1;0;0;0;372571,266400000080000;5711309,964400000900000;7,162569024000050;51,538490038000077;0
217253;5201022506100664206;5;1;16;0;2020;10;16;5;3;0;1;0;1;0;0;0;0;0;320923,071999999690000;5674526,002000000300000;6,437054168000032;51,194046112000080;0
217254;5201024317110577793;5;9;78;36;2020;10;11;7;3;5;3;0;1;1;0;0;0;0;408218,144000000320000;5710179,736999999700000;7,676689950000025;51,535252957000068;1
217257;5201023516610582200;5;1;58;4;2020;10;9;6;3;0;7;0;1;0;0;0;0;0;354257,044700000440000;5676395,386199999600000;6,912992021000036;51,220319800000027;1
217260;5201024605136086767;5;3;74;36;2020;10;18;7;2;0;3;2;1;1;0;0;0;0;385879,400399999690000;5673423,268899999600000;7,366538228000024;51,200802890000034;0
217261;5201022506100385888;5;1;16;0;2020;10;11;5;3;0;1;0;1;0;0;0;0;0;321226,957299999890000;5674404,339800000200000;6,441459284000075;51,193048334000082;0
217263;5201022505200076291;5;1;14;0;2020;10;17;5;3;5;3;0;1;1;0;0;0;0;327902,753999999720000;5689317,277200000400000;6,529729411000062;51,329071838000061;0
217264;5201023711211581979;5;5;70;4;2020;10;7;6;3;5;3;1;1;1;0;0;0;0;425037,620000000110000;5735208,702999999700000;7,913776241000051;51,762744800000064;1
217266;5201026500200404202;5;1;11;0;2020;10;10;2;3;3;2;0;1;1;0;0;0;0;352776,585300000380000;5668046,155899999700000;6,895228545000066;51,144912637000061;1
217267;5201023513210971659;5;1;62;24;2020;10;9;6;3;0;7;0;1;1;0;0;0;0;338961,668399999850000;5674197,392599999900000;6,695133133000070;51,196461918000068;1
217268;5201023501112873609;5;1;12;0;2020;10;16;6;2;3;7;0;1;1;0;0;0;0;343911,756500000130000;5708507,877699999100000;6,750871950000033;51,506117626000048;0
217270;5201026702100439947;5;5;15;0;2020;10;15;2;3;5;3;0;1;1;0;0;0;0;405903,491100000220000;5757238,151799999200000;7,630594553000037;51,957870638000031;1
217275;5201023608100420208;5;3;34;2;2020;10;14;6;3;5;3;0;1;1;0;0;0;0;293019,080599999990000;5628386,383400000600000;6,064491899000075;50,770260939000082;1
217277;5201023400100763205;5;7;11;0;2020;10;13;6;3;5;2;0;1;1;0;0;0;0;466299,577999999750000;5764819,957900000700000;8,508739379000076;52,032977345000063;1
217278;5201026601410197207;5;3;15;0;2020;10;10;2;2;0;1;0;1;0;0;0;0;0;356727,647800000380000;5648579,995400000400000;6,959382833000063;50,970979028000045;1
217282;5201026608200680699;5;3;34;2;2020;10;10;2;2;0;1;0;1;0;0;0;0;0;296390,422500000340000;5631786,136499999100000;6,110357410000063;50,801988392000055;0
217284;5201022502210279101;5;1;13;0;2020;10;17;5;3;5;3;0;1;1;0;0;0;0;361064,219999999740000;5700696,199999999300000;7,000927239000021;51,440397168000061;0
217292;5201025307000880435;5;9;62;24;2020;10;15;1;2;5;6;0;1;1;0;0;0;0;404462,019100000150000;5692135,277200000400000;7,627424506000068;51,372424358000046;1
217295;5201024501131785949;5;1;12;0;2020;10;22;7;3;0;7;2;1;0;0;1;0;0;342872,616600000300000;5712194,249900000200000;6,734267295000052;51,538950483000065;0
217297;5201026515211522041;5;1;54;16;2020;10;15;2;2;0;1;0;1;0;0;0;0;0;301687,829699999650000;5732015,691800000100000;6,129892793000067;51,703990619000081;1
217299;5201025709700047179;5;5;66;28;2020;10;12;1;3;6;6;0;1;0;1;0;0;0;417583,372000000440000;5791624,227199999600000;7,792205911000053;52,268814024000051;1
217300;5201024701110885372;5;5;62;32;2020;10;16;7;3;5;2;0;1;1;0;0;0;0;375420,097400000320000;5720290,389000000400000;7,200439301000074;51,619834626000056;0
217302;5201024313110880587;5;9;58;4;2020;10;15;7;2;0;1;0;1;0;0;0;0;0;429220,628999999720000;5700893,035000000100000;7,981307227000059;51,454786968000064;1
217304;5201026505200678949;5;1;14;0;2020;10;7;2;2;3;6;0;1;0;0;0;0;1;329342,729000000280000;5689966,341000000000000;6,550067403000071;51,335336774000041;0
217305;5201023513320981460;5;1;62;4;2020;10;13;6;3;2;7;0;1;1;0;0;0;0;344307,516999999990000;5661062,148000000000000;6,777260135000063;51,079916867000065;1
217306;5201024400200886997;5;7;11;0;2020;10;11;7;3;5;3;0;1;1;0;0;0;0;469441,889999999660000;5762289,869999999200000;8,554770087000065;52,010412270000074;1
217309;5201023518320745137;5;1;70;52;2020;10;7;6;2;5;3;2;1;1;0;0;0;0;324497,769799999890000;5726633,923699999200000;6,462347254000065;51,663245764000067;1
217310;5201025606100725010;5;3;78;4;2020;10;9;1;3;1;1;0;1;1;0;0;0;0;372885,154299999590000;5650617,234999999400000;7,188669617000073;50,993082591000075;1
217314;5201023709800879143;5;5;66;40;2020;10;10;6;2;0;1;0;1;0;0;0;0;0;421821,577800000090000;5782494,928500000400000;7,856412501000023;52,187371364000057;1
217319;5201025600110391203;5;3;14;0;2020;10;16;1;3;0;1;1;1;0;0;0;0;0;363644,866799999960000;5621837,826099999200000;7,067801597000027;50,732310689000030;1
217320;5201026705000581000;5;5;54;8;2020;10;8;2;3;5;3;0;1;1;0;0;0;0;337048,467100000010000;5747065,953500000800000;6,634071851000044;51,850580089000061;1
217322;5201022313240881983;5;9;58;40;2020;10;13;5;3;3;6;0;1;0;0;0;0;1;448110,390999999830000;5665006,402000000700000;8,258366241000033;51,134166784000058;0
217324;5201026601300979295;5;3;15;0;2020;10;9;2;3;5;3;0;1;1;0;0;0;0;351476,036199999970000;5644621,841900000300000;6,886252821000028;50,934079086000054;0
217327;5201026317110877831;5;9;78;36;2020;10;22;2;3;0;1;2;1;0;0;0;0;0;409008,060399999840000;5712361,072799999300000;7,687511611000048;51,554989515000045;0
217331;5201024513210076123;5;1;62;24;2020;10;15;7;3;0;1;0;1;0;0;0;0;0;338706,334800000300000;5676346,373299999200000;6,690515875000074;51,215698221000082;0
217335;5201029518120675963;5;1;70;44;2020;10;20;5;3;5;3;2;1;1;0;0;0;0;339062,302400000390000;5718828,774100000000000;6,676333360000058;51,597483151000063;1
217336;5201030705000491841;5;5;54;20;2020;10;13;6;2;0;7;0;1;0;0;0;0;0;365769,256400000300000;5785674,139399999800000;7,035637206000047;52,205146003000038;1
217337;5201030400100539965;5;7;11;0;2020;10;8;6;3;6;4;0;1;0;1;0;0;0;466459,176500000060000;5764562,318600000800000;8,511091064000027;52,030670695000026;1
217339;5201029518120375963;5;1;70;44;2020;10;14;5;3;5;3;0;1;1;0;0;0;0;339577,890100000430000;5718855,924100000400000;6,683758595000029;51,597874137000076;1
217340;5201029516300576647;5;1;58;28;2020;10;8;5;3;4;6;0;1;1;0;0;0;0;351423,399000000210000;5686115,036000000300000;6,868406664000077;51,306928974000073;1
217342;5201030317110058716;5;9;78;36;2020;10;7;6;3;5;2;2;1;1;0;0;0;0;406643,364299999550000;5710373,117799999200000;7,653940191000061;51,536733052000045;1
217343;5201029515111022344;5;1;54;44;2020;10;8;5;3;5;2;0;1;0;0;0;0;1;320173,394199999980000;5737300,607400000100000;6,394385311000065;51,757688237000082;1
217344;5201030316300657692;5;9;74;28;2020;10;7;6;3;5;3;0;1;1;0;0;0;0;454536,313799999650000;5725203,438799999700000;8,342485465000038;51,675961994000033;1
217348;5201029513310942462;5;1;62;8;2020;10;12;5;3;0;6;0;1;0;0;0;0;1;329877,336600000040000;5662363,132500000300000;6,570825378000052;51,087508625000055;0
217350;5201029513210978763;5;1;62;24;2020;10;13;5;3;0;1;0;1;0;0;0;0;0;338490,382000000220000;5677487,768999999400000;6,686912276000044;51,225892423000062;1
217355;5201029505200072089;5;1;14;0;2020;10;8;5;3;0;3;1;1;1;0;0;0;1;334552,993700000460000;5691958,423900000800000;6,623869275000061;51,354774022000072;0
217356;5201030602500086892;5;3;62;24;2020;10;12;6;3;3;6;0;1;1;0;0;0;0;343886,948599999770000;5645785,501499999300000;6,777833425000040;50,942531331000055;1
217358;5201029503400201205;5;1;22;0;2020;10;17;5;3;5;7;1;1;1;0;0;0;0;365985,566399999890000;5671775,292099999300000;7,082561737000049;51,181672143000071;1
217363;5201030500300987300;5;1;11;0;2020;10;13;6;3;5;3;0;1;1;0;0;0;0;343647,999699999580000;5674575,088999999700000;6,761986232000027;51,201157180000052;0
217364;5201029501112382310;5;1;12;0;2020;10;18;5;3;3;2;2;1;0;0;0;0;1;344132,421000000090000;5708257,280999999500000;6,754159693000077;51,503926965000062;1
217367;5201030301504747200;5;9;78;24;2020;10;19;6;3;5;3;2;1;1;0;0;0;0;392291,026999999770000;5717305,508999999600000;7,444953206000037;51,596487537000030;1
217370;5201030301205284996;5;9;13;0;2020;10;21;6;3;1;1;2;1;1;0;0;0;0;388241,665099999870000;5715530,391799999400000;7,387080310000044;51,579743886000074;1