OBJECTID;UIDENTSTLAE;ULAND;UREGBEZ;UKREIS;UGEMEINDE;UJAHR;UMONAT;USTUNDE;UWOCHENTAG;UKATEGORIE;UART;UTYP1;ULICHTVERH;IstRad;IstPKW;IstFuss;IstKrad;IstGkfz;IstSonstige;LINREFX;LINREFY;XGCSWGS84;YGCSWGS84;STRZUSTAND
217372;5201029500300503208;5;1;11;0;2020;10;9;5;2;0;1;0;1;0;0;0;0;0;348136,201899999750000;5671225,440400000700000;6,827595948000067;51,172268813000073;1
217377;5201029500300174124;5;1;11;0;2020;10;11;5;3;1;7;0;1;0;0;0;1;0;345452,192900000140000;5675634,694000000100000;6,787334204000047;51,211169142000074;1
217379;5201029500100100318;5;1;11;0;2020;10;8;5;3;5;3;0;1;1;0;0;0;0;340838,466500000100000;5678275,423299999900000;6,720162166000023;51,233629068000027;0
217389;5201029404101576381;5;7;66;20;2020;10;21;5;2;0;1;2;1;0;0;0;0;0;491696,446999999690000;5754215,558000000200000;8,879211248000047;51,938595514000042;1
217391;5201030300120787206;5;9;11;0;2020;10;7;6;3;5;3;1;1;1;0;0;0;0;377313,086400000380000;5705767,223999999500000;7,232836131000056;51,489725685000053;0
217393;5201029711211602801;5;5;70;4;2020;10;17;5;3;5;2;1;1;1;0;0;0;0;423701,522499999960000;5735620,797299999700000;7,894329200000072;51,766268911000054;1
217394;5201029400100403550;5;7;11;0;2020;10;13;5;3;3;2;0;1;0;0;0;0;1;466190,124499999920000;5764896,762099999900000;8,507136315000025;52,033661197000072;0
217395;5201030606700481834;5;3;78;32;2020;10;15;6;3;5;3;0;1;1;0;0;0;0;375196,924999999810000;5667172,005000000800000;7,215881186000047;51,142383584000072;1
217398;5201029709500135185;5;5;66;76;2020;10;7;5;3;0;1;0;1;0;0;0;0;0;392813,478299999610000;5792429,431700000500000;7,429084596000052;52,271780569000043;0
217399;5201029316100885039;5;9;74;40;2020;10;12;5;3;6;1;0;1;0;1;0;0;0;438017,586799999700000;5714074,414500000000000;8,105581726000025;51,574327181000058;0
217401;5201029705000620950;5;5;54;20;2020;10;7;5;3;0;3;0;1;1;0;0;0;0;366481,791000000200000;5786381,023199999700000;7,045779251000056;52,211670702000049;0
217405;5201029303100474793;5;9;15;0;2020;10;12;5;3;0;1;0;1;0;0;0;0;0;418460,864000000060000;5726165,364000000100000;7,820615577000069;51,680530810000050;0
217407;5201029302100768999;5;9;14;0;2020;10;16;5;3;2;6;1;1;1;0;0;0;0;395134,075000000190000;5689493,384899999900000;7,494238287000030;51,347030676000031;1
217409;5201029705000064594;5;5;54;4;2020;10;11;5;3;5;3;0;1;0;0;0;0;0;357321,121600000190000;5776836,268899999600000;6,915806045000068;52,123618006000072;1
217412;5201028711412202956;5;5;70;28;2020;10;7;4;3;5;3;0;1;1;0;0;0;0;440004,934999999590000;5742532,482999999100000;8,129358900000057;51,830391132000045;0
217415;5201028709100868030;5;5;66;12;2020;10;11;4;3;1;1;0;1;1;0;0;0;0;404967,163800000210000;5772700,642000000900000;7,612677571000063;52,096692700000062;0
217417;5201028702100839947;5;5;15;0;2020;10;16;4;3;5;3;0;1;0;0;0;0;1;407854,961699999870000;5757275,653400000200000;7,658976143000075;51,958534535000069;0
217419;5201029702100565812;5;5;15;0;2020;10;10;5;3;3;6;0;1;0;0;0;0;1;407857,174999999810000;5757275,247999999700000;7,659008453000070;51,958531258000050;0
217420;5201028702100568260;5;5;15;0;2020;10;17;4;3;5;3;1;1;1;0;0;0;0;407989,008100000210000;5754725,488299999400000;7,661608993000073;51,935634362000030;1
217421;5201028702100474053;5;5;15;0;2020;10;7;4;3;5;2;0;1;1;0;0;0;1;405269,103199999780000;5757294,410599999100000;7,621349544000054;51,958268601000043;1
217422;5201028702100072436;5;5;15;0;2020;10;18;4;2;0;7;2;1;0;0;0;0;0;406866,295699999670000;5758296,189600000200000;7,644315265000046;51,967542903000037;1
217423;5201030706100719987;5;5;58;16;2020;10;7;6;3;5;3;0;1;1;0;0;0;0;381669,904000000100000;5743277,395600000400000;7,282862538000074;51,827775815000052;1
217424;5201029702100260767;5;5;15;0;2020;10;9;5;3;5;3;0;1;1;0;0;0;0;406519,377500000410000;5758205,828500000800000;7,639291548000074;51,966672461000030;0
217425;5201030411132990645;5;7;74;32;2020;10;16;6;3;5;3;0;1;1;0;0;0;0;483397,672399999570000;5729058,510199999400000;8,759699426000054;51,712219050000044;1
217427;5201028609108605786;5;3;58;8;2020;10;9;4;3;5;2;0;1;1;0;0;0;0;322640,356800000180000;5632763,778699999700000;6,482013613000049;50,819401212000059;0
217428;5201029701610908207;5;5;62;12;2020;10;13;5;3;5;3;0;1;0;0;0;0;0;359490,721300000320000;5725137,203900000100000;6,968539831000044;51,659636433000060;0
217431;5201028608100018204;5;3;34;2;2020;10;19;4;3;0;1;2;1;0;0;0;0;0;294444,189100000080000;5628532,265100000400000;6,084593980000022;50,772077785000079;1
217432;5201030600140034433;5;3;14;0;2020;10;15;6;3;3;6;0;1;1;0;0;0;0;367455,918100000360000;5622294,061499999800000;7,121610017000023;50,737293512000065;0
217434;5201030515000067264;5;1;54;12;2020;10;15;6;3;5;7;0;1;1;0;0;0;0;314924,002700000070000;5711360,757500000300000;6,332128751000028;51,522994320000066;0
217436;5201028605140716462;5;3;74;40;2020;10;17;4;3;0;1;2;1;0;0;0;0;0;405868,218399999660000;5641184,590299999300000;7,660941542000046;50,914622980000047;0
217437;5201030701300073204;5;5;62;14;2020;10;8;6;3;5;2;0;1;1;0;0;0;0;358527,231499999760000;5716785,653000000900000;6,957992007000030;51,584349250000059;1
217442;5201030513210176075;5;1;62;24;2020;10;7;6;3;0;1;2;1;0;0;0;0;0;339205,330900000410000;5673938,437699999700000;6,698733512000047;51,194203842000036;1
217443;5201028602500325962;5;3;62;24;2020;10;14;4;3;5;3;0;1;1;0;0;0;0;345471,015100000430000;5642365,223799999800000;6,801813396000057;50,912223497000070;0
217444;5201028602300425962;5;3;62;36;2020;10;20;4;2;8;1;2;1;0;0;0;0;0;345663,475999999790000;5652155,458000000600000;6,800397800000042;51,000249523000036;0
217445;5201030513130076018;5;1;62;22;2020;10;11;6;3;0;1;0;1;0;0;0;0;0;339133,340200000440000;5680034,311300000200000;6,694968812000070;51,248954291000075;1
217446;5201028601700381745;5;3;16;0;2020;10;17;4;3;1;2;2;1;1;0;0;0;0;360167,889000000430000;5655652,653000000900000;7,005625339000062;51,035386834000064;1
217447;5201029701200963208;5;5;62;20;2020;10;14;5;3;0;7;0;1;0;0;0;0;0;367067,921000000090000;5719526,448000000800000;7,080152276000035;51,611058858000035;1
217448;5201028601300864348;5;3;15;0;2020;10;8;4;3;5;2;0;1;1;0;0;0;0;351780,212899999690000;5650385,516000000800000;6,888231055000063;50,985952337000072;0
217450;5201028601220970445;5;3;15;0;2020;10;16;4;3;5;2;0;1;1;0;0;0;0;356946,644000000320000;5640713,422000000300000;6,965588022000077;50,900337218000061;0
217454;5201028601200590257;5;3;15;0;2020;10;9;4;2;0;1;0;1;0;0;0;0;0;354793,646399999970000;5643780,625700000700000;6,933769928000061;50,927364117000081;1
217456;5201028601110784204;5;3;15;0;2020;10;21;4;3;0;1;2;1;0;0;0;0;0;355135,043600000440000;5644048,051400000200000;6,938518244000022;50,929853247000040;1
217457;5201028601100786450;5;3;15;0;2020;10;13;4;3;0;1;0;1;0;0;0;0;0;356009,712000000290000;5645946,706000000200000;6,950206209000044;50,947135151000055;1
217458;5201029609220567525;5;3;58;20;2020;10;6;5;3;7;7;1;1;1;0;0;0;0;314398,202300000000000;5635715,806500000900000;6,363634048000051;50,843337328000075;1
217459;5201028600350287429;5;3;82;32;2020;10;7;4;3;0;7;0;1;0;0;0;0;0;360131,790500000120000;5609665,454199999600000;7,022655250000071;50,622074648000080;1
217461;5201029609220285751;5;3;58;20;2020;10;8;5;3;8;3;0;1;0;0;1;0;0;314352,729100000110000;5635503,891699999600000;6,363096234000068;50,841419065000082;0
217462;5201028600140902205;5;3;14;0;2020;10;12;4;3;0;1;0;1;0;0;0;0;0;367563,358699999750000;5622590,735300000800000;7,123025153000071;50,739984550000031;0
217465;5201028600110781200;5;3;14;0;2020;10;7;4;3;4;6;0;1;0;0;0;0;1;365782,931400000120000;5621093,858300000400000;7,098351569000045;50,726121909000028;1
217467;5201030505200586035;5;1;14;0;2020;10;15;6;3;0;3;0;1;1;0;0;0;0;330637,434700000100000;5690129,623900000000000;6,568558341000028;51,337190792000058;0
217468;5201028518400444358;5;1;70;8;2020;10;10;4;3;5;3;0;1;1;0;0;0;0;342119,555399999950000;5714246,157500000700000;6,722496813000021;51,557175826000048;0
217469;5201028516500396206;5;1;58;16;2020;10;15;4;3;0;7;0;1;1;0;0;0;0;355698,537999999710000;5669987,457000000400000;6,936194362000038;51,163102029000072;0
217470;5201029609128065677;5;3;58;28;2020;10;8;5;3;9;1;0;1;0;0;0;0;0;322699,848199999890000;5625083,262099999900000;6,486561978000054;50,750416438000059;1
217471;5201030411132461483;5;7;74;32;2020;10;16;6;3;0;1;0;1;0;0;0;0;0;483117,492999999780000;5731695,860099999200000;8,755516304000025;51,735923893000063;0
217477;5201029608436477565;5;3;34;36;2020;10;7;5;3;0;3;0;1;1;0;0;0;0;300307,912899999880000;5634389,685399999800000;6,164464676000023;50,826736005000043;1
217480;5201028513210381442;5;1;62;24;2020;10;13;4;3;5;3;0;1;1;0;0;0;0;338487,205099999900000;5674384,554300000900000;6,688264077000042;51,198009630000058;0
217483;5201030411132344845;5;7;74;32;2020;10;18;6;3;0;1;2;1;0;0;0;0;0;482898,776700000280000;5733005,813300000500000;8,752284599000063;51,747695406000048;0
217485;5201028508000778099;5;1;19;0;2020;10;13;4;3;5;3;0;1;1;0;0;0;0;350841,898199999700000;5710895,437599999800000;6,849642868000046;51,529442328000073;0
217486;5201030503300381541;5;1;20;0;2020;10;7;6;3;5;3;1;1;1;0;0;0;0;377665,532999999820000;5671408,529999999300000;7,249712482000064;51,180994561000034;1
217487;5201028505200018253;5;1;14;0;2020;10;18;4;3;6;6;2;1;0;1;0;0;0;334484,543899999930000;5691251,779300000500000;6,623215797000057;51,348405443000047;1
217493;5201030705000281028;5;5;54;12;2020;10;7;6;3;4;7;0;1;1;0;0;0;0;353198,136800000440000;5745285,985500000400000;6,869123214000069;51,839067904000046;0
217497;5201028501128847206;5;1;12;0;2020;10;8;4;3;3;2;0;1;0;0;0;1;0;343225,616000000390000;5701880,892999999200000;6,743934070000023;51,446385716000066;0
217500;5201028500200987223;5;1;11;0;2020;10;12;4;2;0;7;0;1;0;0;0;0;0;345597,444699999880000;5680132,511199999600000;6,787473879000061;51,251623286000040;0
217503;5201030607400778184;5;3;82;68;2020;10;7;6;3;5;7;1;1;1;0;0;0;0;367693,152300000190000;5628842,894300000700000;7,122615123000060;50,796208748000026;1
217509;5201030610211849219;5;3;70;4;2020;10;12;6;3;3;2;0;1;1;0;0;0;0;312170,648400000300000;5662274,433000000200000;6,318320986000060;51,081188112000063;0
217512;5201028400200068104;5;7;11;0;2020;10;9;4;3;5;3;0;1;1;0;0;0;0;467741,184000000360000;5763588,278000000900000;8,529869431000066;52,021989526000027;0
217515;5201029606500881251;5;3;78;24;2020;10;5;5;2;0;1;2;1;0;0;0;0;1;385240,817599999720000;5644636,718599999300000;7,366538573000071;50,941920969000080;0
217517;5201030601700775205;5;3;16;0;2020;10;13;6;3;5;3;0;1;1;0;0;0;0;359413,953999999910000;5656878,730000000400000;6,994403403000035;51,046221547000073;0
217520;5201028313211189280;5;9;58;12;2020;10;21;4;3;5;2;2;1;1;0;0;0;0;470428,898599999960000;5693920,571499999600000;8,574949851000042;51,395746157000076;1
217523;5201029602900474202;5;3;62;40;2020;10;16;5;3;5;3;0;1;1;0;0;0;0;357262,159799999560000;5630494,700500000300000;6,974056270000062;50,808578756000031;1
217525;5201029602900473203;5;3;62;40;2020;10;16;5;3;5;3;0;1;1;0;0;0;0;357813,282999999820000;5631348,655999999500000;6,981542550000029;50,816388962000076;1
217526;5201028301201851206;5;9;13;0;2020;10;13;4;3;5;3;0;1;1;0;0;0;0;393202,123999999840000;5709355,469000000500000;7,460517255000070;51,525203038000029;0
217527;5201030601310656200;5;3;15;0;2020;10;8;6;3;5;7;0;1;1;0;0;0;0;352041,583499999720000;5645981,311499999800000;6,893743572000062;50,946441340000035;1
217528;5201029601600924895;5;3;15;0;2020;10;18;5;3;3;6;2;1;1;0;0;0;0;361180,793499999680000;5645534,708200000200000;7,023929212000041;50,944700908000073;1
217534;5201029601600550855;5;3;15;0;2020;10;15;5;3;5;5;0;1;1;0;0;0;0;359591,199400000270000;5645108,058000000200000;7,001480671000024;50,940481605000059;0
217535;5201030405116081065;5;7;54;16;2020;10;16;6;3;5;5;0;1;1;0;0;0;0;447475,070799999870000;5756408,133800000000000;8,235639814000024;51,955890146000058;1
217538;5201027701400154200;5;5;12;0;2020;10;7;3;3;5;3;0;1;1;0;0;0;0;356643,199099999850000;5708441,541600000100000;6,934216609000032;51,508894658000031;0
217539;5201030405108482114;5;7;54;8;2020;10;8;6;3;5;3;0;1;1;0;0;0;0;458599,053999999540000;5748299,596999999100000;8,398483853000073;51,883929175000048;0
217541;5201027700200867100;5;5;13;0;2020;10;13;3;3;6;7;0;1;0;1;0;0;0;365862,738300000320000;5713389,088600000400000;7,065102052000043;51,555619873000069;1
217542;5201030600140334207;5;3;14;0;2020;10;7;6;3;5;3;0;1;1;0;0;0;1;369435,087000000290000;5622821,750000000000000;7,149455725000053;50,742484820000072;1
217544;5201027606100786388;5;3;78;4;2020;10;18;3;3;0;1;2;1;0;0;0;0;0;369397,557500000110000;5651099,709100000600000;7,138827071000037;50,996638080000082;1
217545;5201027602800136200;5;3;62;12;2020;10;17;3;3;3;6;2;1;0;0;0;0;1;352245,542399999690000;5632813,046299999600000;6,901969472000076;50,828155393000031;0
217551;5201027518400279350;5;1;70;8;2020;10;19;3;3;0;1;2;1;0;0;0;0;0;344447,463700000200000;5713082,015300000100000;6,756564937000064;51,547363012000062;1
217557;5201027515210776680;5;1;54;52;2020;10;15;3;2;5;3;0;1;1;0;0;0;0;310243,186900000090000;5703160,499299999300000;6,269142585000054;51,447790582000039;0
217558;5201030608332532706;5;3;34;32;2020;10;14;6;2;0;1;0;1;0;0;0;0;0;303498,697999999860000;5630062,051999999200000;6,212030922000054;50,788956293000069;1
217559;5201029601200373834;5;3;15;0;2020;10;1;5;3;0;7;2;1;0;0;0;0;0;355246,080400000330000;5642065,889200000100000;6,940883963000033;50,912067812000032;1
217560;5201027514122385821;5;1;66;4;2020;10;7;3;2;0;7;0;1;0;0;0;0;0;303115,067900000140000;5685279,990299999700000;6,176591486000064;51,284773361000077;0
217561;5201027513210451130;5;1;62;24;2020;10;13;3;3;5;3;0;1;1;0;0;0;0;339191,917600000280000;5668748,095200000300000;6,700863059000028;51,147564932000080;0
217566;5201030601500614041;5;3;15;0;2020;10;11;6;3;5;3;0;1;0;0;0;0;0;359972,537499999630000;5647206,353900000500000;7,006097998000030;50,959431996000035;0
217570;5201027500300635208;5;1;11;0;2020;10;6;3;3;4;2;2;1;1;0;0;0;0;347543,296000000090000;5675889,903500000000000;6,817140661000053;51,214024415000040;0
217572;5201029600380102202;5;3;14;0;2020;10;9;5;2;2;6;0;1;1;0;0;0;0;367375,057199999690000;5617707,579600000800000;7,122113321000029;50,696051294000029;1
217575;5201027500200569173;5;1;11;0;2020;10;7;3;2;5;3;0;1;1;0;0;0;0;344728,197999999860000;5681401,625000000000000;6,774477187000059;51,262790668000036;0
217578;5201027411132474548;5;7;74;32;2020;10;19;3;3;5;3;2;1;1;0;0;0;0;484287,988400000150000;5729710,435900000900000;8,772556264000059;51,718106372000079;0
217579;5201030601110959203;5;3;15;0;2020;10;19;6;3;3;5;2;1;1;0;0;0;0;356610,814100000080000;5642896,760399999100000;6,959957434000046;50,919875443000080;0
217581;5201027405236450911;5;7;54;36;2020;10;16;3;3;5;3;0;1;1;0;0;0;0;472190,748200000260000;5751971,671700000800000;8,595655274000023;51,917788078000058;0
217582;5201027405108576206;5;7;54;8;2020;10;7;3;2;0;1;0;1;0;0;0;0;0;455448,303700000050000;5751419,981899999100000;8,352306230000067;51,911740236000071;1
217586;5201030404101587097;5;7;66;48;2020;10;17;6;3;5;3;2;1;1;0;0;0;0;479268,123599999580000;5762044,099099999300000;8,697949964000031;52,008656659000053;0
217587;5201027303100077922;5;9;15;0;2020;10;9;3;3;1;5;0;1;1;0;0;0;0;418120,003700000230000;5726348,665899999400000;7,815643502000057;51,682129012000075;0
217590;5201030502402167202;5;1;17;0;2020;10;6;6;3;5;2;2;1;1;0;0;0;0;353461,694099999960000;5699654,528100000700000;6,892047113000047;51,429121345000055;1
217591;5201027301101899200;5;9;13;0;2020;10;5;3;3;7;7;2;1;0;0;0;0;0;394257,736499999650000;5708057,910199999800000;7,476117377000037;51,513738565000040;1
217594;5201027300500778234;5;9;11;0;2020;10;13;3;3;4;6;0;1;1;0;0;0;0;381026,441800000150000;5701610,745999999300000;7,287696085000050;51,453161835000060;1
217596;5201029600110195208;5;3;14;0;2020;10;14;5;3;5;7;0;1;1;0;0;0;0;364322,060899999920000;5621044,510600000600000;7,077683808000074;50,725339060000067;1
217599;5201104701800398200;5;5;62;4;2020;11;13;4;3;0;7;0;1;0;0;0;0;0;383270,934999999590000;5716239,775599999400000;7,315138528000034;51,585112094000067;0
217601;5201102600110075536;5;3;14;0;2020;11;7;2;3;5;3;0;1;1;0;0;0;0;365358,855800000020000;5620463,965399999200000;7,092576559000065;50,720362347000048;0
217603;5201104500300808202;5;1;11;0;2020;11;16;4;3;7;7;0;1;0;0;0;0;0;344365,425499999900000;5672949,255100000600000;6,772951778000049;51,186744303000069;0
217604;5201103606100874414;5;3;78;4;2020;11;7;3;3;0;1;0;1;0;0;0;0;0;369086,969999999740000;5647976,944000000100000;7,135528388000068;50,968500847000030;1
217606;5201101300310165207;5;9;11;0;2020;11;15;1;3;0;5;0;1;1;0;0;0;0;383997,016400000080000;5703676,780899999700000;7,329751822000048;51,472347721000062;1
217609;5201031709300661208;5;5;66;24;2020;10;12;7;3;5;2;0;1;1;0;0;0;0;382981,360000000340000;5774835,286000000300000;7,291127803000052;52,111663684000064;1
217611;5201104400300874730;5;7;11;0;2020;11;8;4;3;5;3;0;1;1;0;0;0;0;471768,497899999840000;5756314,049499999700000;8,589159503000076;51,956808382000077;0
217612;5201103518200544780;5;1;70;24;2020;11;13;3;3;5;2;0;1;1;0;0;0;0;336763,413700000380000;5702961,161000000300000;6,650523576000069;51,454265495000072;0
217613;5201103404101076155;5;7;66;64;2020;11;10;3;2;5;3;0;1;1;0;0;0;0;489402,017699999730000;5739848,281899999800000;8,846276241000055;51,809378642000070;0
217614;5201103600380819200;5;3;14;0;2020;11;8;3;3;0;1;0;1;0;0;0;0;0;368556,320899999700000;5617694,615199999900000;7,138834440000039;50,696202937000066;0
217617;5201104600360113205;5;3;82;12;2020;11;15;4;3;5;3;0;1;1;0;0;0;0;362467,626000000160000;5625932,975999999800000;7,049600579000071;50,768839023000055;0
217618;5201104605144741840;5;3;74;44;2020;11;16;4;3;5;3;0;1;1;0;0;0;0;402462,139399999750000;5636835,405500000300000;7,613665254000068;50,874958056000025;0
217619;5201031701620787577;5;5;62;12;2020;10;14;7;3;4;6;0;1;0;0;0;1;0;362044,257100000050000;5730970,774900000500000;7,003128277000030;51,712689371000067;1
217620;5201102500300576279;5;1;11;0;2020;11;5;2;3;5;2;2;1;1;0;0;0;0;343507,667100000200000;5676258,873900000000000;6,759244715000023;51,216248065000059;0
217622;5201103502404078843;5;1;17;0;2020;11;7;3;3;3;3;0;1;1;0;0;0;0;353011,142599999900000;5702358,916999999400000;6,884447750000049;51,453305451000062;0
217625;5201102601320984204;5;3;15;0;2020;11;15;2;3;0;1;0;1;0;0;0;0;0;349173,098500000310000;5645593,372300000900000;6,853100369000060;50,942211881000048;1
217627;5201104513210926203;5;1;62;24;2020;11;7;4;3;5;2;0;1;1;0;0;0;0;340227,013600000180000;5674456,015499999700000;6,713112804000048;51,199140856000042;1
217629;5201102316100675361;5;9;74;40;2020;11;13;2;2;0;1;0;1;0;0;0;0;0;439111,251899999570000;5714112,736800000100000;8,121354867000036;51,574790917000030;1
217630;5201031610121585813;5;3;70;12;2020;10;14;7;2;8;1;0;1;0;0;0;0;0;301785,515999999830000;5653574,417999999600000;6,174998295000023;50,999555894000082;0
217631;5201102602900722205;5;3;62;40;2020;11;8;2;3;5;3;0;1;1;0;0;0;0;357208,447300000120000;5632517,636900000300000;6,972507044000054;50,826745950000031;0
217632;5201104518120376378;5;1;70;44;2020;11;14;4;3;9;1;0;1;0;0;0;0;0;338145,861700000240000;5722468,657400000800000;6,661432559000048;51,629921524000054;1
217635;5201102500100166169;5;1;11;0;2020;11;18;2;3;5;3;2;1;1;0;0;0;0;343842,150399999690000;5677964,747999999700000;6,763286993000065;51,231667424000079;1
217637;5201103411132778107;5;7;74;32;2020;11;16;3;3;3;6;0;1;0;0;0;0;0;483403,084999999960000;5732103,471200000500000;8,759632616000033;51,739597370000070;0
217640;5201031609224986410;5;3;58;24;2020;10;14;7;2;5;3;0;1;1;0;0;0;0;311880,638700000010000;5642701,679800000000000;6,324321534000035;50,905277730000080;0
217642;5201101601200390257;5;3;15;0;2020;11;15;1;3;5;2;0;1;1;0;0;0;0;353798,763000000270000;5643166,032900000000000;6,919869482000024;50,921589684000025;0
217644;5201103608200669729;5;3;34;2;2020;11;13;3;3;1;3;0;1;1;0;0;0;0;295963,417600000280000;5626215,779600000000000;6,107395876000055;50,751808815000061;0
217645;5201031609224585853;5;3;58;24;2020;10;10;7;3;5;3;0;1;1;0;0;0;0;315535,389999999660000;5644171,177999999400000;6,375502506000032;50,919657730000040;0
217646;5201103706100903163;5;5;58;16;2020;11;14;3;2;4;1;0;1;0;0;1;0;0;374627,168999999760000;5745980,021999999900000;7,179737074000059;51,850527363000026;0
217647;5201103300400538360;5;9;11;0;2020;11;11;3;3;6;6;0;1;0;1;0;0;0;371728,338100000280000;5699355,468800000800000;7,154764116000024;51,430863190000082;1
217650;5201102514218685956;5;1;66;36;2020;11;10;2;3;4;6;0;1;1;0;0;0;0;322978,098299999720000;5683803,048000000400000;6,461850239000057;51,278025038000067;0
217651;5201101600110185337;5;3;14;0;2020;11;11;1;3;5;3;0;1;1;0;0;0;0;364814,592000000180000;5622663,480299999900000;7,084064229000035;50,740004980000037;1
217652;5201104500300574147;5;1;11;0;2020;11;12;4;3;5;2;0;1;0;0;0;0;1;347845,904099999930000;5673193,810399999800000;6,822612992000074;51,189878880000037;0
217656;5201102610111386779;5;3;70;16;2020;11;17;2;3;5;2;2;1;1;0;0;0;0;295988,827999999750000;5661255,519999999600000;6,088171434000060;51,066513029000077;1
217657;5201104608100852200;5;3;34;2;2020;11;10;4;3;3;2;0;1;1;0;0;0;0;294835,637600000020000;5629013,338300000900000;6,089869936000071;50,776536983000028;0
217660;5201031602900656202;5;3;62;40;2020;10;17;7;3;0;1;1;1;0;0;0;0;0;357180,970800000240000;5631398,494200000500000;6,972552945000075;50,816681280000068;1
217661;5201102705000586931;5;5;54;8;2020;11;9;2;3;5;2;0;1;1;0;0;0;0;337692,582499999550000;5745600,123400000900000;6,644103232000020;51,837599313000055;0
217662;5201104610111014206;5;3;70;16;2020;11;8;4;3;5;2;0;1;1;0;0;0;0;295086,842000000180000;5662057,629000000700000;6,074860974000046;51,073395285000061;0
217663;5201031602700286661;5;3;62;28;2020;10;21;7;3;4;6;2;1;0;0;0;0;0;351380,411199999970000;5636204,210699999700000;6,888318204000029;50,858409093000034;1
217664;5201102505100885994;5;1;14;0;2020;11;8;2;2;0;1;0;1;0;0;0;0;0;330865,030199999920000;5688203,434499999500000;6,572736950000035;51,319953822000059;1
217666;5201103600140050189;5;3;14;0;2020;11;12;3;3;0;4;0;1;0;1;0;0;0;367200,810300000010000;5622468,329500000900000;7,117933957000048;50,738801563000038;0
217667;5201031601600874402;5;3;15;0;2020;10;14;7;3;5;2;0;1;1;0;0;0;0;358680,992499999700000;5641894,962500000400000;6,989779045000034;50,911382922000030;0
217668;5201102607200036890;5;3;82;68;2020;11;14;2;3;3;6;0;1;0;0;0;0;0;370109,125300000420000;5630734,492799999200000;7,156208488000061;50,813757230000078;0
217670;5201104602500025962;5;3;62;24;2020;11;7;4;3;5;3;0;1;1;0;0;0;0;346979,251899999570000;5642111,854399999600000;6,823357793000071;50,910348507000037;0
217671;5201031601600058635;5;3;15;0;2020;10;23;7;2;0;7;2;1;1;0;0;0;0;359431,236600000410000;5644993,391599999700000;6,999249555000063;50,939412111000081;1
217672;5201102500200501154;5;1;11;0;2020;11;17;2;3;5;2;2;1;1;0;0;0;0;345759,547600000170000;5679169,600400000800000;6,790209783000023;51,243014991000052;1
217673;5201104302100575765;5;9;14;0;2020;11;9;4;3;5;3;0;1;1;0;0;0;0;393896,078499999830000;5690799,157099999500000;7,476079280000022;51,358538175000035;0
217674;5201103500300301865;5;1;11;0;2020;11;16;3;3;0;6;0;1;1;0;0;0;0;349984,468399999660000;5674622,583399999900000;6,852596495000057;51,203282990000048;1
217676;5201104400100968204;5;7;11;0;2020;11;13;4;3;5;3;0;1;1;0;0;0;0;467660,894100000150000;5763938,220499999800000;8,528666281000028;52,025131050000027;0
217678;5201103400200987623;5;7;11;0;2020;11;8;3;3;1;1;0;1;1;0;0;0;0;470714,796500000170000;5763537,586999999400000;8,573208963000070;52,021698729000036;0
217679;5201031601400866219;5;3;15;0;2020;10;13;7;3;0;1;0;1;0;0;0;0;0;356229,998399999920000;5649042,811000000700000;6,952116699000044;50,975014253000040;0
217683;5201031601400486348;5;3;15;0;2020;10;12;7;3;7;7;0;1;0;0;0;0;1;355982,584999999960000;5656170,313699999800000;6,945766558000059;51,039005251000049;0
217684;5201102405148387099;5;7;54;48;2020;11;19;2;2;8;1;2;1;0;0;0;0;0;443793,888500000350000;5767867,395300000900000;8,180195425000022;52,058549333000030;1
217687;5201104702100370596;5;5;15;0;2020;11;20;4;3;5;3;2;1;1;0;0;0;0;403543,108799999580000;5757820,992399999900000;7,596090773000071;51,962704957000028;0
217689;5201102600110693200;5;3;14;0;2020;11;13;2;3;3;6;0;1;0;0;0;0;1;365756,984100000000000;5621441,270400000700000;7,097857673000021;50,729238441000064;0
217691;5201104501316962208;5;1;12;0;2020;11;15;4;3;2;2;0;1;1;0;0;0;0;345540,223000000230000;5697824,134199999300000;6,778984110000067;51,410571443000038;0
217694;5201101515110085927;5;1;54;36;2020;11;15;1;3;0;3;0;1;1;0;0;0;0;301951,294700000440000;5739731,436300000200000;6,129309871000032;51,773371676000068;1
217697;5201103702100844971;5;5;15;0;2020;11;17;3;2;0;1;1;1;0;0;0;0;0;404500,583999999800000;5760999,012399999400000;7,609137721000025;51,991435389000060;1
217700;5201104700100673608;5;5;13;0;2020;11;11;4;3;0;1;0;1;0;0;0;0;0;368651,786799999890000;5705775,796099999900000;7,108147613000028;51,487857175000045;0
217703;5201101514116386189;5;1;66;16;2020;11;16;1;2;0;3;0;1;1;0;0;0;0;304728,455000000070000;5688463,700999999400000;6,197956626000064;51,313922477000062;1
217704;5201104411232077875;5;7;74;32;2020;11;16;4;3;5;3;0;1;1;0;0;0;0;480992,264499999580000;5732410,773700000700000;8,724701151000033;51,742283814000075;0
217708;5201103607400086268;5;3;82;44;2020;11;6;3;3;5;1;2;1;1;0;0;0;0;363741,530199999920000;5631626,418299999100000;7,065543395000020;50,820310555000049;0