OBJECTID;UIDENTSTLAE;ULAND;UREGBEZ;UKREIS;UGEMEINDE;UJAHR;UMONAT;USTUNDE;UWOCHENTAG;UKATEGORIE;UART;UTYP1;ULICHTVERH;IstRad;IstPKW;IstFuss;IstKrad;IstGkfz;IstSonstige;LINREFX;LINREFY;XGCSWGS84;YGCSWGS84;STRZUSTAND
217712;5201104609108173663;5;3;58;8;2020;11;10;4;2;5;2;0;1;1;0;0;0;0;323469,714700000360000;5629797,698899999300000;6,495202195000047;50,793006773000059;0
217718;5201103404101687025;5;7;66;20;2020;11;11;3;2;5;3;0;1;1;0;0;0;0;488913,586000000130000;5756604,551999999200000;8,838653075000025;51,960026470000059;0
217723;5201031518100769405;5;1;70;48;2020;10;12;7;3;5;3;0;1;0;0;0;0;0;335558,597699999810000;5726901,865700000900000;6,622000448000051;51,668998211000030;0
217733;5201031514218585983;5;1;66;36;2020;10;16;7;3;0;5;1;1;1;0;0;0;0;323254,733099999840000;5683080,588800000000000;6,466169725000043;51,271620868000070;0
217734;5201102601400186348;5;3;15;0;2020;11;18;2;3;3;2;1;1;1;0;0;0;0;356242,346900000240000;5647487,130899999300000;6,952907320000065;50,961036745000058;1
217737;5201031514214685926;5;1;66;28;2020;10;9;7;3;0;7;0;1;0;1;0;0;0;320644,538999999870000;5686631,212999999500000;6,427007094000032;51,302700637000044;0
217738;5201102400200487040;5;7;11;0;2020;11;22;2;2;3;6;2;1;1;0;0;0;0;467938,896800000220000;5762992,301699999700000;8,532806558000061;52,016642785000045;1
217739;5201103709500441174;5;5;66;76;2020;11;7;3;3;5;3;1;1;1;0;0;0;0;393751,116899999790000;5794750,016699999600000;7,442089601000021;52,292818114000056;0
217740;5201031514210085933;5;1;66;12;2020;10;15;7;3;0;3;0;1;1;0;0;0;0;320606,488699999640000;5692380,812200000500000;6,423567233000028;51,354336744000079;0
217743;5201103500000670611;5;1;11;0;2020;11;16;3;3;5;3;0;1;1;0;0;0;0;348998,156800000000000;5671086,387000000100000;6,839975153000069;51,171247541000071;0
217747;5201101505100885965;5;1;14;0;2020;11;22;1;2;5;3;2;1;1;0;0;0;0;331229,916299999690000;5686433,884999999800000;6,578805763000048;51,304164585000080;1
217748;5201104503300578738;5;1;20;0;2020;11;9;4;3;0;7;0;1;1;0;0;0;0;372330,849000000390000;5672642,612400000900000;7,172989169000061;51,190919611000027;0
217750;5201103609224871721;5;3;58;24;2020;11;8;3;3;5;3;0;1;1;0;0;0;0;317027,899000000210000;5642094,693199999600000;6,397754909000071;50,901479084000073;1
217752;5201102709300074736;5;5;66;84;2020;11;17;2;3;3;6;1;1;1;0;0;0;0;387048,402700000440000;5777021,960400000200000;7,349767555000028;52,132161056000029;1
217753;5201104610212585815;5;3;70;40;2020;11;8;4;3;4;2;0;1;1;0;0;0;0;310147,543300000020000;5669041,266100000600000;6,285910616000024;51,141303658000027;1
217756;5201031505200817751;5;1;14;0;2020;10;20;7;3;0;1;2;1;0;0;0;0;0;329902,411700000060000;5689819,572100000500000;6,558164373000068;51,334185931000036;1
217762;5201031505100476201;5;1;14;0;2020;10;12;7;3;0;7;0;1;0;0;0;0;0;332459,843000000340000;5687720,805500000700000;6,595829234000064;51,316089730000044;0
217765;5201031502000187305;5;1;13;0;2020;10;17;7;3;0;7;2;1;0;0;0;0;0;367293,033800000320000;5701681,174000000600000;7,090126194000050;51,450742509000065;1
217766;5201102502215786115;5;1;13;0;2020;11;15;2;2;3;7;0;1;1;0;0;0;0;361305,713999999690000;5700044,803300000700000;7,004654862000052;51,434602659000063;0
217768;5201101701500362613;5;5;62;24;2020;11;14;1;2;5;3;0;1;1;0;0;0;0;369938,063099999910000;5725553,321799999100000;7,119339752000030;51,665890752000053;1
217769;5201031501222085883;5;1;12;0;2020;10;15;7;3;0;7;0;1;0;0;0;0;0;339112,531299999920000;5702544,131799999600000;6,684494353000048;51,451191100000074;0
217770;5201102506100186192;5;1;16;0;2020;11;4;2;3;5;3;2;1;1;0;0;0;0;321108,243599999700000;5671020,034399999300000;6,441446518000021;51,162609140000029;0
217771;5201104410220079219;5;7;70;8;2020;11;13;4;3;5;2;0;1;1;0;0;0;0;474239,214999999850000;5803999,112999999900000;8,621493013000077;52,385640967000029;0
217772;5201103600140150189;5;3;14;0;2020;11;9;3;3;0;1;0;1;0;0;0;0;0;367545,793499999680000;5622585,135999999900000;7,122778363000066;50,739930217000051;0
217773;5201031500300687365;5;1;11;0;2020;10;13;7;3;4;6;0;1;0;0;0;0;0;343699,316300000060000;5672731,844799999100000;6,763522468000076;51,184609041000044;0
217774;5201102608100523200;5;3;34;2;2020;11;19;2;3;5;2;2;1;1;0;0;0;0;294737,748599999580000;5628909,284099999800000;6,088541424000027;50,775567817000081;1
217776;5201104602700187207;5;3;62;28;2020;11;18;4;3;5;3;2;1;1;0;0;0;0;351731,287299999970000;5638697,403200000500000;6,892289467000069;50,880904521000048;0
217777;5201031411108055604;5;7;74;8;2020;10;16;7;3;0;1;0;1;0;0;0;0;0;487374,562699999660000;5735692,209400000100000;8,817019427000048;51,771968303000051;0
217778;5201102500300540989;5;1;11;0;2020;11;9;2;3;5;3;0;1;1;0;0;0;0;348688,238300000320000;5673682,602000000000000;6,834451926000043;51,194494677000080;0
217781;5201103313211075378;5;9;58;12;2020;11;6;3;2;5;5;0;1;1;0;0;0;0;470544,941800000150000;5693653,992300000000000;8,576639913000065;51,393355208000060;0
217784;5201103515211022306;5;1;54;16;2020;11;13;3;3;0;1;0;1;0;0;0;0;0;303294,423700000160000;5728433,955299999600000;6,155132013000070;51,672390798000038;0
217785;5201103400300557470;5;7;11;0;2020;11;15;3;3;5;3;0;1;1;0;0;0;0;466062,114599999970000;5761304,980699999300000;8,505626411000037;52,001361120000070;0
217786;5201031405108782101;5;7;54;8;2020;10;10;7;3;4;6;0;1;0;0;0;0;0;461190,281999999660000;5751566,664999999100000;8,435762042000022;51,913488743000073;0
217789;5201104601200290334;5;3;15;0;2020;11;16;4;3;4;6;0;1;1;0;0;0;0;358877,820399999620000;5639983,475800000100000;6,993315899000038;50,894252304000076;0
217790;5201031404103521676;5;7;66;52;2020;10;17;7;3;0;1;0;1;0;0;0;0;0;517263,688000000080000;5756587,823999999100000;9,251246720000040;51,959718573000032;0
217791;5201102410230891385;5;7;70;4;2020;11;12;2;2;5;3;0;1;1;0;0;0;0;486233,012199999760000;5783418,285700000800000;8,798559057000034;52,201042928000049;1
217792;5201104300110093203;5;9;11;0;2020;11;13;4;3;6;6;0;1;0;1;0;0;0;375304,687599999830000;5704469,695800000800000;7,204380805000028;51,477625030000070;0
217793;5201101701400556209;5;5;12;0;2020;11;13;1;3;5;3;0;1;1;0;0;0;0;354460,716300000440000;5709806,115199999900000;6,902225955000063;51,520598384000039;0
217798;5201102600360750201;5;3;82;12;2020;11;16;2;3;0;1;0;1;0;0;0;0;0;359572,258899999780000;5624501,206700000900000;7,009112774000073;50,755277446000036;0
217801;5201103608100073714;5;3;34;2;2020;11;8;3;3;5;3;0;1;1;0;0;0;0;293991,807900000360000;5627541,277699999500000;6,078741523000076;50,763017110000078;0
217802;5201101405148490733;5;7;54;48;2020;11;14;1;3;0;7;0;1;0;0;0;0;1;442623,860999999570000;5767917,463400000700000;8,163123311000049;52,058879506000039;0
217804;5201102314220978656;5;9;66;12;2020;11;16;2;3;0;3;1;1;1;0;0;0;0;427792,572999999860000;5670534,539699999600000;7,966907120000030;51,181667453000045;1
217808;5201031400100604097;5;7;11;0;2020;10;10;7;3;0;3;0;1;1;0;0;0;0;468726,570799999870000;5766273,414899999300000;8,543984131000059;52,046187001000078;1
217809;5201102513310186680;5;1;62;8;2020;11;17;2;3;0;3;1;1;1;0;0;0;0;333228,575899999590000;5667398,936000000700000;6,616305147000048;51,133737129000053;1
217811;5201104411232551318;5;7;74;32;2020;11;17;4;3;0;7;2;1;0;0;0;0;0;476455,582200000060000;5735002,687200000500000;8,658819615000027;51,765415902000029;0
217813;5201031317220888203;5;9;78;4;2020;10;10;7;3;5;3;0;1;1;0;0;0;0;406914,114000000060000;5719101,845000000700000;7,655529424000065;51,615241492000052;0
217819;5201031316100671410;5;9;74;32;2020;10;13;7;3;4;6;0;1;1;0;0;0;0;441997,354100000110000;5703997,821699999300000;8,164663426000061;51,484154882000041;1
217821;5201104406210381430;5;7;58;4;2020;11;7;4;3;0;7;0;1;1;0;0;0;0;469849,699000000020000;5784054,439700000000000;8,558784557000024;52,206109521000030;0
217822;5201103600110918203;5;3;14;0;2020;11;13;3;3;5;3;0;1;1;0;0;0;0;366797,648199999700000;5618715,392000000900000;7,113578787000051;50,704977644000053;0
217823;5201031313110073475;5;9;58;4;2020;10;21;7;3;3;6;2;1;1;0;0;0;0;435304,580599999990000;5694642,983899999400000;8,069999026000062;51,399322928000061;1
217826;5201104601600574401;5;3;15;0;2020;11;11;4;3;1;5;0;1;1;0;0;0;0;357519,569199999790000;5644760,590600000700000;6,972149450000075;50,936850748000040;0
217827;5201031307300607200;5;9;62;16;2020;10;17;7;3;4;2;2;1;1;0;0;0;0;414941,896800000220000;5693089,998500000700000;7,777719211000033;51,382673936000060;0
217828;5201102500200170419;5;1;11;0;2020;11;8;2;3;5;3;1;1;1;0;0;0;0;346174,762799999680000;5683433,583599999500000;6,794319959000063;51,281440833000033;1
217830;5201104600380038653;5;3;14;0;2020;11;7;4;3;3;6;1;1;1;0;0;0;0;369816,141800000330000;5616738,994599999900000;7,156999578000068;50,687896877000071;0
217839;5201104514215586043;5;1;66;28;2020;11;8;4;3;0;7;0;1;0;0;0;0;0;325896,391999999990000;5689256,975999999800000;6,500988949000032;51,327919491000046;0
217840;5201031300110016209;5;9;11;0;2020;10;9;7;3;0;1;0;1;0;0;0;0;0;375241,602900000290000;5704731,404100000900000;7,203380425000034;51,479963181000073;1
217842;5201103711151006657;5;5;70;32;2020;11;7;3;3;0;3;0;1;1;0;0;0;0;420874,902999999930000;5766049,484999999400000;7,846389996000028;52,039409009000053;0
217844;5201103500200384204;5;1;11;0;2020;11;8;3;3;1;5;0;1;1;0;0;0;0;347721,395999999720000;5678806,968000000300000;6,818449237000039;51,240283594000061;0
217847;5201102601200364172;5;3;15;0;2020;11;18;2;3;5;3;2;1;1;0;0;0;0;352761,593399999660000;5643507,456700000900000;6,904985437000050;50,924394191000033;1
217850;5201101602300699203;5;3;62;36;2020;11;23;1;3;5;2;2;1;1;0;0;0;0;345910,950000000190000;5652126,066999999800000;6,803934496000068;51,000051744000075;1
217852;5201103702100774772;5;5;15;0;2020;11;12;3;2;0;1;0;1;0;0;0;0;0;404313,325000000190000;5760310,199999999300000;7,606603532000065;51,985211895000077;1
217853;5201101601700367207;5;3;16;0;2020;11;11;1;3;0;7;0;1;0;0;0;0;0;356199,169700000440000;5657025,204900000200000;6,948514328000044;51,046742116000075;1
217854;5201102709500712050;5;5;66;76;2020;11;9;2;3;8;7;0;1;0;0;0;0;0;395462,002299999820000;5793730,626399999500000;7,467482460000042;52,283984738000072;1
217855;5201104700100570209;5;5;13;0;2020;11;14;4;3;5;3;0;1;1;0;0;0;0;362555,623900000010000;5709922,120300000500000;7,018781826000065;51,523668675000067;0
217856;5201030706100900209;5;5;58;16;2020;10;7;6;3;5;3;0;1;1;0;0;0;0;382003,122899999840000;5743943,976600000600000;7,287468421000028;51,833836990000066;1
217861;5201109500300125209;5;1;11;0;2020;11;18;2;3;5;2;2;1;1;0;0;0;0;343740,002799999900000;5675627,918199999300000;6,762843604000068;51,210642361000055;0
217862;5201107502210885441;5;1;13;0;2020;11;16;7;3;0;1;1;1;0;0;0;0;0;361826,905600000170000;5700568,347600000000000;7,011943895000059;51,439434788000028;0
217863;5201107501318976433;5;1;12;0;2020;11;15;7;3;5;3;0;1;1;0;0;0;0;344371,638199999930000;5698387,378499999600000;6,761947249000059;51,415312691000054;0
217868;5201107500300406209;5;1;11;0;2020;11;9;7;3;1;7;0;1;1;0;0;0;0;351154,036999999550000;5671747,105000000400000;6,870517633000077;51,177749921000043;0
217869;5201107500200785400;5;1;11;0;2020;11;15;7;3;5;3;0;1;1;0;0;0;0;342621,679600000380000;5685839,838300000900000;6,742354146000025;51,302090733000057;0
217871;5201107500200453207;5;1;11;0;2020;11;16;7;3;7;7;0;1;0;1;0;0;0;343803,692300000230000;5679870,642300000400000;6,761905330000047;51,248781865000069;0
217873;5201107405108374500;5;7;54;8;2020;11;18;7;3;8;3;2;1;0;0;0;0;1;459238,723000000230000;5749166,677999999400000;8,407674622000059;51,891771934000076;0
217875;5201107400200074595;5;7;11;0;2020;11;16;7;3;5;3;0;1;0;0;0;0;1;467968,370900000450000;5763050,721300000300000;8,533230572000036;52,017169717000058;0
217876;5201107317240284978;5;9;78;40;2020;11;9;7;3;5;3;0;1;1;0;0;0;0;406555,502600000240000;5724329,981899999100000;7,648955409000052;51,662177872000029;0
217877;5201109300600164543;5;9;16;0;2020;11;7;2;3;5;3;0;1;1;0;0;0;0;375861,769500000400000;5710590,054800000000000;7,210244322000051;51,532753266000043;1
217883;5201109300500001841;5;9;11;0;2020;11;9;2;3;0;1;0;1;0;0;0;0;0;379871,777200000360000;5700057,853599999100000;7,271613033000051;51,438961067000037;1
217884;5201107307000086663;5;9;62;24;2020;11;15;7;3;3;6;0;1;0;0;0;0;0;405244,201999999580000;5691630,348799999800000;7,638793172000021;51,368016438000041;0
217888;5201106711221758483;5;5;70;16;2020;11;15;6;3;3;5;0;1;1;0;0;0;0;413042,799100000410000;5739184,581800000700000;7,739014477000069;51,796750177000035;0
217889;5201109300110917209;5;9;11;0;2020;11;6;2;3;5;3;2;1;1;0;0;0;0;377523,397699999620000;5704945,789500000000000;7,236148827000022;51,482388649000029;1
217891;5201106706300556214;5;5;58;24;2020;11;18;6;3;1;5;2;1;1;0;0;0;0;393227,419300000180000;5736764,067700000500000;7,452514643000029;51,771562731000074;0
217893;5201106706100823578;5;5;58;16;2020;11;7;6;3;9;1;1;1;0;0;0;0;0;381567,072900000030000;5743475,978099999900000;7,281303091000041;51,829538720000073;0
217896;5201106702100360669;5;5;15;0;2020;11;22;6;3;0;7;2;1;0;0;0;0;0;405519,709999999960000;5754337,651900000900000;7,625808137000036;51,931734552000080;0
217897;5201106701500228204;5;5;62;24;2020;11;18;6;3;5;2;2;1;1;0;0;0;0;368981,172000000250000;5725246,550499999900000;7,105626501000074;51,662911635000057;0
217903;5201108709300968286;5;5;66;96;2020;11;19;1;3;9;1;2;1;0;0;0;0;0;385002,131500000130000;5785931,662000000500000;7,316865358000030;52,211808900000051;0
217906;5201108701500449209;5;5;62;24;2020;11;12;1;3;5;2;0;1;1;0;0;0;0;370428,464999999850000;5727370,315999999600000;7,125752652000074;51,682332732000077;0
217908;5201109406210587116;5;7;58;4;2020;11;15;2;3;0;1;0;1;1;0;0;0;0;470526,019100000150000;5783319,744300000400000;8,568745371000034;52,199540907000028;0
217911;5201106608436073705;5;3;34;36;2020;11;13;6;3;0;4;0;1;0;1;0;0;0;297945,059299999850000;5633742,770199999200000;6,131314249000070;50,820106041000031;0
217917;5201108601700827201;5;3;16;0;2020;11;21;1;3;0;3;2;1;1;0;0;0;0;360873,779799999670000;5655249,045499999100000;7,015841684000066;51,031930924000051;0
217920;5201106602700667566;5;3;62;28;2020;11;16;6;3;6;4;0;1;0;1;0;0;0;351853,090400000100000;5640172,389499999600000;6,893421710000041;50,894190863000063;0
217924;5201108518320685925;5;1;70;52;2020;11;15;1;3;4;6;0;1;1;0;0;0;0;325393,597900000400000;5723686,388000000300000;6,476758160000031;51,637047769000048;0
217926;5201106601200386596;5;3;15;0;2020;11;12;6;3;0;7;0;1;1;0;0;0;0;354202,379800000230000;5643100,590800000400000;6,925634218000027;50,921103704000075;0
217927;5201108518310128264;5;1;70;32;2020;11;15;1;3;0;7;0;1;0;0;0;0;0;337395,222000000070000;5711252,576999999600000;6,655789588000062;51,528939201000071;0
217930;5201109600110075536;5;3;14;0;2020;11;8;2;3;0;1;0;1;0;0;0;0;0;366070,942800000310000;5620964,614000000100000;7,102476792000061;50,725026727000056;1
217934;5201109601120389208;5;3;15;0;2020;11;14;2;2;4;6;0;1;0;0;0;0;0;355695,800900000150000;5645262,991599999400000;6,946011430000056;50,940912251000043;0
217938;5201106518100991591;5;1;70;48;2020;11;7;6;3;0;3;0;1;1;0;0;0;0;335605,166000000200000;5726016,373999999800000;6,623089794000066;51,661056821000045;0
217940;5201108515212086023;5;1;54;32;2020;11;16;1;2;0;7;0;1;0;0;0;0;0;311499,107800000350000;5723768,063100000800000;6,276159910000047;51,633297569000035;0
217942;5201106514123686902;5;1;66;20;2020;11;12;6;3;5;2;0;1;1;0;0;0;0;305675,097000000070000;5675212,514000000400000;6,218718732000070;51,195231297000078;0
217943;5201106513210662143;5;1;62;24;2020;11;17;6;2;0;1;2;1;0;0;0;0;0;337694,097900000400000;5673635,275399999700000;6,677260984000043;51,191052771000045;1
217944;5201108503400576980;5;1;22;0;2020;11;11;1;3;0;3;0;1;0;0;0;0;1;363810,994599999860000;5672599,109999999400000;7,051155442000038;51,188561904000039;0
217945;5201106513210079200;5;1;62;24;2020;11;11;6;3;5;2;0;1;1;0;0;0;0;338091,249800000340000;5677015,730900000800000;6,681414255000050;51,221538192000025;0
217947;5201106513110074166;5;1;62;16;2020;11;12;6;3;0;3;0;1;1;0;0;0;0;334230,970099999570000;5676851,521500000700000;6,626260006000052;51,218955072000028;0
217948;5201108502210277668;5;1;13;0;2020;11;15;1;3;5;3;0;1;1;0;0;0;0;361200,694000000130000;5700332,083000000600000;7,003032356000063;51,437158540000041;0
217952;5201106505200575930;5;1;14;0;2020;11;11;6;3;4;6;0;1;0;0;0;0;0;331150,930700000380000;5690384,315099999300000;6,575802457000066;51,339631641000040;0
217954;5201109516310010204;5;1;58;28;2020;11;16;2;2;0;1;0;1;0;0;0;0;0;351306,582200000060000;5686051,481799999300000;6,866758456000071;51,306327383000053;1
217955;5201106505100581428;5;1;14;0;2020;11;8;6;3;4;6;0;1;1;0;0;0;0;329839,833300000060000;5689116,548100000200000;6,557602677000034;51,327851374000034;0
217958;5201109405108780333;5;7;54;8;2020;11;13;2;3;0;1;0;1;0;0;0;0;0;458659,560999999750000;5753342,140000000600000;8,398757873000022;51,929269188000035;0
217961;5201109514122073953;5;1;66;4;2020;11;18;2;3;6;7;2;1;0;1;0;0;0;304360,717000000180000;5684967,970599999700000;6,194602400000065;51,282400169000027;1
217963;5201109514111682230;5;1;66;32;2020;11;15;2;3;0;7;0;1;0;0;0;0;0;313867,891099999660000;5681126,730399999800000;6,332768609000027;51,251082451000059;1
217966;5201108500300521208;5;1;11;0;2020;11;13;1;3;1;5;0;1;1;0;0;0;0;346825,131400000300000;5670828,358799999600000;6,809024945000033;51,168351125000072;0
217970;5201106500300170258;5;1;11;0;2020;11;15;6;2;2;6;0;1;0;0;0;0;0;351918,621100000110000;5673275,147900000200000;6,880818366000028;51,191679533000070;0
217974;5201106500100401643;5;1;11;0;2020;11;16;6;3;1;7;0;1;1;0;0;0;0;343238,498999999840000;5679028,493499999900000;6,754182225000022;51,241059920000055;0
217976;5201106410120482043;5;7;70;32;2020;11;15;6;3;0;1;0;1;0;0;0;0;0;494681,091300000440000;5788593,393899999600000;8,922091202000047;52,247716550000064;0
217979;5201106405220787174;5;7;54;20;2020;11;11;6;3;0;1;0;1;0;0;0;0;0;444520,129200000320000;5750770,878200000200000;8,193551991000049;51,904923272000076;0
217980;5201106315240135102;5;9;70;20;2020;11;19;6;2;9;7;2;1;0;0;0;0;0;437959,156899999830000;5652435,266300000300000;8,115454389000036;51,020125930000063;0
217981;5201108411132082092;5;7;74;32;2020;11;11;1;2;4;7;0;1;0;0;0;0;0;483230,924999999810000;5730000,000000000000000;8,757240642000056;51,720679319000055;0
217988;5201108405112178186;5;7;54;12;2020;11;14;1;3;0;1;0;1;0;0;0;0;0;457475,333200000230000;5764351,321399999800000;8,380171413000028;52,028157639000028;0
217991;5201106302100038985;5;9;14;0;2020;11;13;6;3;2;6;0;1;1;0;0;0;0;392917,873999999840000;5692503,314999999500000;7,461521891000075;51,373672773000067;0
217994;5201106300400577754;5;9;11;0;2020;11;17;6;3;0;7;2;1;0;0;0;0;0;373534,975800000130000;5699372,855799999100000;7,180732886000044;51,431425555000033;0
217995;5201108310110526206;5;9;54;16;2020;11;10;1;3;5;2;0;1;1;0;0;0;0;375046,223799999800000;5696420,867699999400000;7,203502099000048;51,405230064000079;0
217997;5201105709110672341;5;5;66;12;2020;11;10;5;3;5;3;0;1;0;0;0;0;1;404994,324099999850000;5772237,134800000100000;7,613203148000025;52,092531280000060;0
217998;5201109518300478570;5;1;70;20;2020;11;14;2;3;0;7;0;1;0;0;1;0;0;329541,926500000060000;5709007,594499999700000;6,543766739000034;51,506455738000056;0
217999;5201105709100387267;5;5;66;12;2020;11;10;5;3;2;6;0;1;1;0;0;0;0;400965,235700000080000;5775882,258800000000000;7,553350389000059;52,124587004000034;0
218000;5201105705000791729;5;5;54;24;2020;11;11;5;2;7;1;0;1;0;0;0;0;0;370337,783400000070000;5775282,098700000000000;7,106422033000058;52,112858970000048;0
218001;5201108307100015204;5;9;62;24;2020;11;11;1;3;0;3;0;1;1;0;0;0;0;408440,032200000250000;5692701,039899999300000;7,684413517000053;51,378165750000051;0
218002;5201105705000097146;5;5;54;8;2020;11;13;5;3;0;7;0;1;0;0;0;0;0;335021,552000000140000;5745325,015000000600000;6,605500562000032;51,834345340000027;0
218004;5201105705000091867;5;5;54;56;2020;11;16;5;3;0;3;0;1;0;0;0;0;0;357136,529000000100000;5762618,106000000600000;6,919058900000039;51,995821347000060;0
218005;5201109505200085879;5;1;14;0;2020;11;8;2;3;4;2;0;1;1;0;0;0;0;329993,395899999890000;5690530,867499999700000;6,559129683000037;51,340603285000043;1
218006;5201105702100065812;5;5;15;0;2020;11;15;5;3;0;1;0;1;0;0;0;0;0;401927,962899999690000;5755789,723700000000000;7,573170215000062;51,944164861000047;0
218007;5201109502209060588;5;1;13;0;2020;11;12;2;3;0;1;0;1;0;0;0;0;0;360604,979299999770000;5700869,121500000400000;6,994255722000048;51,441838268000026;1
218008;5201105702100050208;5;5;15;0;2020;11;15;5;2;0;1;0;1;0;0;0;0;0;406818,839800000190000;5758633,283299999300000;7,643533197000068;51,970564911000054;0
218011;5201105609224568388;5;3;58;24;2020;11;16;5;3;5;3;0;1;1;0;0;0;0;315681,307400000280000;5644180,996899999700000;6,377571280000041;50,919792558000040;0
218012;5201109400200190651;5;7;11;0;2020;11;16;2;2;3;2;0;1;1;0;0;0;0;469852,708200000230000;5762010,015499999700000;8,560780127000044;52,007918656000072;1
218014;5201109610111285829;5;3;70;16;2020;11;12;2;3;0;3;0;1;1;0;0;0;0;296466,076600000260000;5660481,645199999200000;6,095409089000043;51,059732374000077;0
218016;5201107705000620880;5;5;54;20;2020;11;11;7;3;5;3;0;1;1;0;0;0;0;365600,448400000110000;5783118,265399999900000;7,034182081000040;52,182139413000073;0
218017;5201107705000081049;5;5;54;20;2020;11;14;7;3;0;1;0;1;0;0;0;0;0;367669,067900000140000;5788938,967399999500000;7,062145231000045;52,234941427000081;1
218022;5201109601200663733;5;3;15;0;2020;11;12;2;3;0;1;0;1;0;0;0;0;0;354044,453999999910000;5642923,901000000500000;6,923459579000053;50,919475917000057;1
218024;5201107701400214019;5;5;12;0;2020;11;13;7;3;5;2;0;1;1;0;0;0;0;358073,566999999810000;5710292,327999999700000;6,954068832000075;51,525886827000079;0
218029;5201107610211963883;5;3;70;4;2020;11;16;7;3;5;3;1;1;1;0;0;0;0;312128,672700000000000;5662896,821200000100000;6,317398826000044;51,086764977000030;0
218034;5201105601320709202;5;3;15;0;2020;11;10;5;2;1;5;0;1;1;0;0;0;0;351476,775999999610000;5646054,061400000000000;6,885679449000065;50,946949867000058;0
218035;5201109600110078286;5;3;14;0;2020;11;16;2;3;6;4;0;1;0;1;0;0;0;365486,193400000220000;5622675,225600000500000;7,093572678000044;50,740266504000033;1
218037;5201105601220486560;5;3;15;0;2020;11;16;5;3;0;1;0;1;0;0;0;0;0;359441,117899999950000;5638497,701700000100000;7,001892009000073;50,881036722000033;1
218041;5201105600370163200;5;3;82;4;2020;11;7;5;3;5;3;0;1;1;0;0;0;0;361025,941499999720000;5617218,259400000800000;7,032453091000036;50,690171027000076;1
218042;5201107607111067676;5;3;82;20;2020;11;23;7;2;0;1;2;1;0;0;0;0;0;379860,734600000080000;5625358,600199999300000;7,296321694000028;50,767539161000059;0
218046;5201105515212360542;5;1;54;32;2020;11;19;5;3;8;1;2;1;0;0;0;0;0;309085,217199999840000;5718133,799399999900000;6,244389884000043;51,581881564000071;0
218047;5201105515110522265;5;1;54;24;2020;11;16;5;3;5;2;0;1;1;0;0;0;0;313276,638000000270000;5735044,835000000900000;6,295782821000046;51,735171968000031;1
218048;5201109516600081526;5;1;58;4;2020;11;17;2;2;9;7;2;1;0;0;0;0;0;355142,991899999790000;5674476,980200000100000;6,926444391000075;51,203305954000029;0
218050;5201105513320986843;5;1;62;4;2020;11;19;5;3;5;3;2;1;1;0;0;0;0;348233,077200000170000;5662018,647800000400000;6,832858060000035;51,089563691000080;0
218051;5201105513320841141;5;1;62;4;2020;11;17;5;3;1;5;2;1;1;0;0;0;0;346431,417700000110000;5659099,719599999500000;6,808391455000049;51,062855263000074;0
218058;5201105505200585978;5;1;14;0;2020;11;14;5;3;0;2;0;1;1;0;0;0;0;329104,149100000040000;5689092,193600000800000;6,547065066000073;51,327412008000067;0
218059;5201105505200485930;5;1;14;0;2020;11;13;5;2;0;3;0;1;1;0;0;0;0;332706,892099999820000;5694149,372300000900000;6,596349919000033;51,373917031000076;0
218062;5201107601420568208;5;3;15;0;2020;11;12;7;3;5;2;0;1;1;0;0;0;0;354121,673499999570000;5648889,292300000800000;6,922167938000030;50,973104454000065;0
218065;5201105502111470125;5;1;13;0;2020;11;14;5;3;0;7;0;1;1;0;0;0;0;367451,480600000360000;5701708,591700000700000;7,092394875000025;51,451026019000039;0
218066;5201109608200433183;5;3;34;2;2020;11;13;2;2;5;2;0;1;1;0;0;0;0;298603,481499999760000;5627968,450200000800000;6,143814977000034;50,768472608000081;0
218067;5201105500300320205;5;1;11;0;2020;11;15;5;3;4;2;0;1;0;0;0;0;0;345687,683500000280000;5674392,600600000500000;6,791237192000040;51,200071998000055;0
218070;5201107601200065721;5;3;15;0;2020;11;11;7;3;0;1;0;1;0;0;0;0;0;354042,923000000420000;5641767,801899999400000;6,923900302000050;50,909085988000072;0
218071;5201107601110544200;5;3;15;0;2020;11;8;7;2;5;3;0;1;1;0;0;0;0;357242,840900000180000;5642720,605399999800000;6,969012368000051;50,918449055000053;0
218072;5201105500200784961;5;1;11;0;2020;11;16;5;3;3;7;0;1;0;1;0;0;0;345934,574199999680000;5678442,154899999500000;6,793028321000065;51,236525861000075;0
218075;5201105410110678144;5;7;70;24;2020;11;16;5;3;0;1;1;1;1;0;0;0;0;492649,562099999750000;5792625,516499999900000;8,892246553000064;52,283944103000067;1
218076;5201109601400224342;5;3;15;0;2020;11;8;2;3;1;5;1;1;0;0;0;0;1;356592,192200000400000;5647990,094699999300000;6,957687441000076;50,965643980000038;0
218077;5201105405228781509;5;7;54;28;2020;11;16;5;3;0;1;1;1;0;0;0;0;0;451194,357699999590000;5744685,589800000200000;8,291419681000036;51,850838473000067;0