OBJECTID;UIDENTSTLAE;ULAND;UREGBEZ;UKREIS;UGEMEINDE;UJAHR;UMONAT;USTUNDE;UWOCHENTAG;UKATEGORIE;UART;UTYP1;ULICHTVERH;IstRad;IstPKW;IstFuss;IstKrad;IstGkfz;IstSonstige;LINREFX;LINREFY;XGCSWGS84;YGCSWGS84;STRZUSTAND
218078;5201107516800571737;5;1;58;20;2020;11;12;7;2;0;5;0;1;1;0;0;0;0;358206,909599999900000;5664667,333900000900000;6,974139309000066;51,115919167000072;0
218080;5201105404101787025;5;7;66;20;2020;11;14;5;3;3;2;0;1;1;0;0;0;0;489964,877299999820000;5754569,565899999800000;8,854012486000045;51,941749870000081;0
218081;5201107515210715204;5;1;54;12;2020;11;15;7;2;5;3;0;1;1;0;0;0;0;313858,036000000310000;5710699,678999999500000;6,317130061000057;51,516706358000079;0
218082;5201105400200553248;5;7;11;0;2020;11;13;5;3;5;2;0;1;1;0;0;0;0;470255,986999999730000;5763559,352000000000000;8,566520767000043;52,021870000000035;0
218088;5201105313110587451;5;9;58;4;2020;11;13;5;3;5;2;0;1;1;0;0;0;0;430456,974200000060000;5698380,082699999200000;7,999592195000048;51,432347647000029;0
218100;5201104711151476143;5;5;70;32;2020;11;7;4;3;5;3;1;1;0;0;0;0;0;420624,627399999650000;5766229,182499999200000;7,842700169000068;52,040988546000051;0
218101;5201107503400091242;5;1;22;0;2020;11;12;7;3;0;2;0;1;1;0;0;0;0;363752,930999999870000;5672039,706499999400000;7,050537250000048;51,183520705000035;0
218102;5201104711111887260;5;5;70;52;2020;11;7;4;2;0;7;1;1;0;0;0;0;0;430254,917899999770000;5756131,213099999400000;7,985139889000038;51,951507582000033;0
218106;5201104709300012303;5;5;66;68;2020;11;10;4;3;5;7;0;1;0;0;0;0;0;377136,991000000390000;5785872,587300000700000;7,201830300000040;52,209580584000037;0
218107;5201104706200027953;5;5;58;12;2020;11;6;4;2;5;3;1;1;1;0;0;0;0;373893,250799999570000;5754774,698100000600000;7,165871856000024;51,929395622000072;1
218109;5201104705000587378;5;5;54;4;2020;11;9;4;3;0;3;0;1;1;0;0;0;0;363797,902499999850000;5772197,484999999400000;7,012207706000027;52,083570523000049;0
218111;5201104705000273909;5;5;54;8;2020;11;14;4;3;4;1;0;1;0;0;0;0;0;335061,354899999690000;5744101,057399999400000;6,606660888000022;51,823361832000046;0
218112;5201109516400906202;5;1;58;24;2020;11;7;2;3;0;5;0;1;1;0;0;0;0;357620,241700000130000;5681208,747600000400000;6,959205187000066;51,264423363000049;0
218119;5201113602700602207;5;3;62;28;2020;11;7;6;3;5;3;0;1;1;0;0;0;0;349538,798999999650000;5638915,602000000000000;6,861055423000039;50,882298609000031;0
218120;5201111601510467203;5;3;15;0;2020;11;8;4;3;0;1;0;1;0;0;0;0;0;359206,571999999690000;5646095,688999999300000;6,995627836000040;50,949263733000066;1
218123;5201110601000286433;5;3;16;0;2020;11;5;3;3;1;5;2;1;1;0;0;0;0;358874,090499999930000;5653325,045900000300000;6,988090514000021;51,014152565000074;0
218125;5201110513110881916;5;1;62;16;2020;11;7;3;3;5;2;0;1;1;0;0;0;0;333263,614000000060000;5674443,349999999600000;6,613539847000027;51,197037502000057;0
218126;5201111601400073947;5;3;15;0;2020;11;9;4;3;5;2;0;1;1;0;0;0;0;358053,395499999630000;5648377,002200000000000;6,978331952000076;50,969482989000028;1
218127;5201110307000269344;5;9;62;52;2020;11;14;3;3;5;2;0;1;1;0;0;0;0;421229,018699999900000;5674395,910599999100000;7,872171674000072;51,215516142000070;0
218133;5201112705000287244;5;5;54;8;2020;11;8;5;3;3;2;1;1;1;0;0;0;0;336418,870000000110000;5745729,281999999700000;6,625571262000051;51,838388016000067;1
218134;5201111601310259206;5;3;15;0;2020;11;1;4;2;0;1;2;1;0;0;0;0;0;353034,707399999720000;5646029,058100000000000;6,907851769000047;50,947124455000051;0
218136;5201110501223376122;5;1;12;0;2020;11;14;3;2;5;3;0;1;1;0;0;0;0;338631,804800000040000;5703060,871600000200000;6,677346091000061;51,455696913000054;1
218138;5201110302100373197;5;9;14;0;2020;11;15;3;3;0;3;0;1;1;0;0;0;0;392358,075000000190000;5690430,193000000000000;7,454109890000041;51,354932328000075;0
218139;5201113513000578615;5;1;62;24;2020;11;14;6;3;0;7;0;1;0;0;0;0;0;338461,753299999980000;5674697,035700000800000;6,687759483000036;51,200810038000043;1
218140;5201113500200029206;5;1;11;0;2020;11;15;6;3;5;3;0;1;1;0;0;0;0;344977,745600000020000;5682487,660100000000000;6,777580222000040;51,272616954000057;1
218144;5201110410110076071;5;7;70;24;2020;11;18;3;3;3;2;2;1;1;0;0;0;0;492262,799599999560000;5792999,005799999500000;8,886568260000047;52,287296650000030;0
218146;5201111601200886560;5;3;15;0;2020;11;13;4;2;0;3;0;1;0;0;0;0;0;357432,808600000110000;5640785,318800000500000;6,972469232000037;50,901103596000041;1
218147;5201111600330686994;5;3;82;48;2020;11;13;4;3;3;2;0;1;0;0;0;0;1;354860,762600000020000;5609796,060200000200000;6,948136576000024;50,621960375000072;0
218149;5201110500200654024;5;1;11;0;2020;11;10;3;3;5;3;0;1;0;0;0;1;0;347818,165799999610000;5676399,985400000600000;6,820856702000071;51,218681154000080;0
218150;5201111600140381277;5;3;14;0;2020;11;9;4;3;5;3;0;1;0;0;0;1;0;369431,141999999990000;5622691,157999999800000;7,149446122000029;50,741310145000057;1
218151;5201110301503862208;5;9;13;0;2020;11;7;3;3;5;7;0;1;1;0;0;0;0;384444,601800000300000;5706913,414000000800000;7,335133988000052;51,501530012000046;0
218152;5201113400100196206;5;7;11;0;2020;11;15;6;3;0;3;0;1;1;0;0;0;0;472827,912800000050000;5766710,335599999900000;8,603751752000051;52,050331450000044;0
218153;5201110607000278310;5;3;82;68;2020;11;18;3;3;0;7;2;1;0;0;0;0;0;370078,139000000430000;5630933,944000000100000;7,155698259000076;50,815542972000060;0
218154;5201112516300479533;5;1;58;28;2020;11;13;5;2;5;3;0;1;1;0;0;0;0;349099,965800000350000;5689396,280500000300000;6,833709212000031;51,335801588000038;0
218155;5201111518400182336;5;1;70;8;2020;11;7;4;3;0;3;1;1;1;0;0;0;0;343451,590499999930000;5716556,902100000500000;6,740666604000069;51,578308232000040;1
218156;5201111700200963350;5;5;13;0;2020;11;15;4;3;4;2;0;1;1;0;0;0;0;363384,192499999890000;5713308,634899999900000;7,029403426000044;51,554302109000048;0
218159;5201111518320045046;5;1;70;52;2020;11;18;4;3;5;3;2;1;0;0;0;0;1;323807,433500000280000;5725456,416400000500000;6,452969422000024;51,652452706000076;0
218164;5201110600110023201;5;3;14;0;2020;11;13;3;3;0;1;0;1;0;0;0;0;0;365797,662399999800000;5622878,319800000600000;7,097910472000024;50,742163969000046;0
218169;5201111516900086879;5;1;58;26;2020;11;7;4;3;5;3;2;1;1;0;0;0;0;352503,613699999640000;5663011,416999999400000;6,893388527000070;51,099599089000037;1
218170;5201112709500012033;5;5;66;76;2020;11;12;5;3;5;3;0;1;1;0;0;0;0;392033,064000000250000;5793597,939999999500000;7,417277503000037;52,282129386000065;0
218171;5201111515111585952;5;1;54;8;2020;11;6;4;3;0;3;2;1;1;0;0;0;0;310358,182199999690000;5746330,013199999900000;6,247402188000024;51,835543707000056;1
218172;5201112310210589947;5;9;54;24;2020;11;15;5;3;1;5;0;1;1;0;0;0;0;381253,742800000120000;5682906,221500000000000;7,297214611000072;51,285094403000073;0
218173;5201110508000479369;5;1;19;0;2020;11;11;3;3;4;6;0;1;0;0;0;0;0;351120,860999999570000;5704653,176000000900000;6,856295909000039;51,473426613000072;0
218174;5201111514211560576;5;1;66;12;2020;11;7;4;3;5;3;2;1;1;0;0;0;0;322492,699000000020000;5695145,679999999700000;6,449247457000070;51,379765949000046;0
218177;5201112410230278121;5;7;70;4;2020;11;7;5;3;0;7;1;1;0;0;0;0;0;486486,283999999990000;5782533,696200000100000;8,802300238000044;52,193096203000039;1
218178;5201110515110521982;5;1;54;36;2020;11;10;3;2;9;7;0;1;0;0;0;0;0;303000,940999999640000;5741691,523000000000000;6,143391580000071;51,791343803000075;0
218179;5201111513320986768;5;1;62;4;2020;11;11;4;2;8;6;0;1;1;0;0;0;0;347033,450100000020000;5667646,104900000600000;6,813354922000031;51,139812086000063;0
218181;5201113600380681165;5;3;14;0;2020;11;8;6;3;5;3;0;1;1;0;0;0;0;367047,462000000290000;5620292,227099999800000;7,116546589000052;50,719207549000032;0
218183;5201112701920048544;5;5;62;28;2020;11;13;5;3;5;3;0;1;1;0;0;0;0;379444,490899999630000;5722865,205700000700000;7,257655766000028;51,643851857000072;0
218184;5201111513310369205;5;1;62;8;2020;11;7;4;3;3;6;1;1;1;0;0;0;0;330134,273400000300000;5663126,341299999500000;6,574131732000069;51,094441658000051;1
218186;5201110500300772206;5;1;11;0;2020;11;13;3;3;0;1;0;1;0;0;0;0;0;350458,350700000300000;5670869,543199999300000;6,860937189000026;51,169682663000060;0
218187;5201111513210966193;5;1;62;24;2020;11;9;4;3;3;6;0;1;1;0;0;0;0;339428,110000000340000;5668509,348999999500000;6,704343561000030;51,145486091000066;0
218188;5201110301101090200;5;9;13;0;2020;11;17;3;3;6;1;2;1;0;1;0;0;0;392976,200600000100000;5708107,347699999800000;7,457640935000029;51,513941608000039;0
218189;5201113406110476328;5;7;58;12;2020;11;13;6;3;3;2;0;1;1;0;0;0;0;477462,602900000290000;5772915,653999999200000;8,670927730000074;52,106329409000068;0
218191;5201113513210475925;5;1;62;24;2020;11;11;6;3;5;2;0;1;1;0;0;0;0;337952,940999999640000;5672623,231000000600000;6,681418526000073;51,182033163000028;0
218192;5201113500200888206;5;1;11;0;2020;11;10;6;3;5;2;0;1;1;0;0;0;0;342316,649600000120000;5684078,858999999200000;6,738759811000023;51,286183865000055;0
218194;5201111513130846673;5;1;62;22;2020;11;13;4;3;5;3;0;1;0;0;0;0;0;339068,147800000380000;5678826,948000000800000;6,694578149000051;51,238087939000081;0
218195;5201112300200672451;5;9;11;0;2020;11;16;5;3;0;1;1;1;0;0;0;0;0;373577,725100000390000;5706825,507999999400000;7,178682239000068;51,498413878000065;1
218197;5201113701500539206;5;5;62;24;2020;11;16;6;3;5;2;1;1;1;0;0;0;0;368529,933100000020000;5723371,400800000900000;7,099811039000031;51,645955146000063;0
218201;5201112514110091631;5;1;66;32;2020;11;16;5;3;0;2;0;1;1;0;0;0;0;318192,790799999610000;5682766,586699999900000;6,393840524000041;51,267208004000054;0
218204;5201111610121914381;5;3;70;12;2020;11;12;4;2;0;7;0;1;0;0;0;0;0;294260,570199999960000;5651837,817399999100000;6,068881692000048;50,981319084000063;1
218207;5201111506100887574;5;1;16;0;2020;11;18;4;3;1;7;2;1;1;0;0;0;0;321096,683199999850000;5671560,054099999400000;6,441012760000035;51,167456668000057;0
218209;5201110405116047350;5;7;54;16;2020;11;12;3;3;7;7;0;1;0;0;0;0;0;446008,865799999800000;5757582,533600000700000;8,214120637000065;51,966307774000029;0
218213;5201110601610237206;5;3;15;0;2020;11;17;3;3;0;1;2;1;0;0;0;0;0;363004,563699999820000;5645963,685699999300000;7,049712746000068;50,948992555000075;0
218214;5201112500200670419;5;1;11;0;2020;11;8;5;3;0;1;1;1;0;0;0;0;0;345338,383000000380000;5678134,416999999400000;6,784627640000053;51,233599423000044;1
218218;5201109709500141174;5;5;66;60;2020;11;9;2;3;5;2;0;1;1;0;0;0;0;388747,313500000160000;5788244,347400000300000;7,370895698000027;52,233361835000039;0
218222;5201110314210085514;5;9;66;4;2020;11;16;3;3;5;2;0;1;1;0;0;0;0;422989,143000000160000;5663926,994000000900000;7,899610115000030;51,121634681000046;0
218224;5201111711112266356;5;5;70;52;2020;11;13;4;3;3;6;0;1;1;0;0;0;0;429843,256500000130000;5755710,134500000600000;7,979236786000058;51,947670474000063;1
218226;5201112711142081020;5;5;70;44;2020;11;16;5;3;0;5;0;1;1;0;0;0;0;416739,669900000100000;5759448,764100000300000;7,787718909000034;51,979470026000058;1
218228;5201110601200074324;5;3;15;0;2020;11;18;3;3;0;1;2;1;0;0;0;0;0;355028,046400000340000;5642804,173499999600000;6,937491217000058;50,918647903000078;0
218230;5201110514213085919;5;1;66;8;2020;11;15;3;3;2;6;0;1;0;0;0;0;0;313447,746299999770000;5691118,631999999300000;6,321533890000069;51,340694724000059;0
218231;5201111502211975233;5;1;13;0;2020;11;9;4;3;5;3;0;1;1;0;0;0;0;360120,924800000150000;5700714,935699999300000;6,987356235000050;51,440333382000063;1
218233;5201113515110554582;5;1;54;40;2020;11;16;6;3;5;3;1;1;1;0;0;0;0;294356,864000000060000;5741370,162000000500000;6,018416783000021;51,785348162000048;0
218236;5201112608416799202;5;3;34;16;2020;11;7;5;2;1;5;0;1;1;0;0;0;0;297471,661700000060000;5641000,639299999900000;6,120588177000059;50,885126363000040;0
218239;5201110500300069107;5;1;11;0;2020;11;10;3;3;5;2;0;1;1;0;0;0;0;350664,799499999730000;5669943,189999999500000;6,864272699000026;51,161412404000032;0
218240;5201112706300538857;5;5;58;44;2020;11;10;5;3;4;2;0;1;1;0;0;0;0;396103,330000000070000;5746560,517599999900000;7,491241865000063;51,860155644000031;1
218241;5201111500300423207;5;1;11;0;2020;11;16;4;2;3;3;1;1;0;0;0;0;1;348839,374699999580000;5674605,168899999900000;6,836224824000055;51,202824656000075;0
218245;5201109709100438159;5;5;66;8;2020;11;6;2;3;2;2;2;1;1;0;0;0;0;397445,569000000130000;5781673,307000000000000;7,500207377000038;52,175993106000078;0
218246;5201113513110075962;5;1;62;16;2020;11;10;6;3;5;2;0;1;1;0;0;0;0;333723,981200000270000;5678609,648800000500000;6,618191216000071;51,234603329000038;0
218247;5201111709300226733;5;5;66;84;2020;11;9;4;2;6;4;0;1;0;1;0;0;0;390014,238400000150000;5775856,440199999100000;7,393456811000021;52,122284517000026;1
218248;5201113500200287248;5;1;11;0;2020;11;13;6;3;5;2;0;1;1;0;0;0;0;345713,582299999890000;5678144,824200000600000;6,789993218000063;51,233794502000080;0
218249;5201112601620581867;5;3;15;0;2020;11;15;5;3;9;1;0;1;0;0;0;0;0;366026,972400000320000;5636360,767699999700000;7,096239130000072;50,863395136000065;0
218250;5201111500200405203;5;1;11;0;2020;11;16;4;3;0;7;0;1;1;0;0;0;0;346365,617399999870000;5679248,344000000500000;6,798852220000072;51,243886087000078;1
218254;5201111500100967137;5;1;11;0;2020;11;7;4;3;3;2;1;1;1;0;0;0;0;346153,532100000420000;5677388,434699999200000;6,796614835000071;51,227116753000075;1
218256;5201109709000072363;5;5;66;12;2020;11;4;2;3;0;1;2;1;0;0;0;1;0;405028,372999999670000;5772097,954600000800000;7,613738781000052;52,091286147000062;0
218257;5201113404301078056;5;7;66;12;2020;11;12;6;3;0;3;0;1;1;0;0;0;0;508056,345999999900000;5759830,967000000200000;9,117324473000053;51,989087263000044;0
218261;5201111608328629203;5;3;34;28;2020;11;11;4;3;0;1;0;1;0;0;0;0;0;315399,567999999970000;5612556,943000000000000;6,389442248000023;50,635609552000062;1
218263;5201113606400625306;5;3;78;24;2020;11;21;6;2;0;1;2;1;0;0;0;0;0;377897,215099999680000;5647207,661399999600000;7,261198642000068;50,963521264000065;1
218264;5201111709300060719;5;5;66;68;2020;11;12;4;3;0;1;0;1;0;0;0;0;0;376543,688699999820000;5784894,824300000400000;7,193508110000039;52,200661647000061;0
218265;5201111705000721191;5;5;54;16;2020;11;17;4;3;5;2;1;1;1;0;0;0;0;363330,921099999920000;5757597,823499999900000;7,011224865000031;51,952270260000034;0
218266;5201113300310406209;5;9;11;0;2020;11;21;6;3;5;3;2;1;1;0;0;0;0;380905,992999999780000;5708628,080000000100000;7,283596527000043;51,516206335000049;1
218269;5201110516210195209;5;1;58;12;2020;11;14;3;3;5;3;0;1;1;0;0;0;0;358055,359100000000000;5688082,315899999800000;6,962704566000070;51,326300251000077;0
218276;5201109705000351344;5;5;54;8;2020;11;22;2;3;9;1;2;1;1;0;0;0;0;336132,383500000460000;5745525,941400000800000;6,621512993000067;51,836477333000062;0
218285;5201109705000168294;5;5;54;8;2020;11;12;2;3;3;2;0;1;0;0;0;0;1;337139,392199999650000;5747010,444199999800000;6,635416945000031;51,850107952000030;1
218290;5201109702100507436;5;5;15;0;2020;11;15;2;3;0;6;0;1;0;0;0;0;0;405489,101999999960000;5757139,439999999500000;7,624592895000035;51,956913095000061;0
218291;5201113601110273200;5;3;15;0;2020;11;13;6;3;0;7;0;1;1;0;0;0;0;355927,105100000280000;5646120,661499999500000;6,948962229000074;50,948677818000078;0
218292;5201113502105277769;5;1;13;0;2020;11;14;6;2;5;3;0;1;1;0;0;0;0;361215,839999999850000;5700779,842000000200000;7,003074602000027;51,441185972000028;0
218293;5201112702100186207;5;5;15;0;2020;11;8;5;3;1;7;0;1;0;0;0;0;1;405465,644500000400000;5758794,287699999300000;7,623796076000076;51,971783571000060;0
218294;5201111400200150208;5;7;11;0;2020;11;14;4;3;6;7;0;1;0;1;0;0;0;468068,435899999920000;5763386,978399999400000;8,534657314000071;52,020198649000065;0
218295;5201112302000378326;5;9;14;0;2020;11;12;5;3;0;5;0;1;1;0;0;0;0;394245,467799999750000;5691008,928300000700000;7,481033118000028;51,360488915000076;1
218298;5201109702100102203;5;5;15;0;2020;11;15;2;2;4;6;0;1;0;0;0;0;0;406447,543999999760000;5760963,738800000400000;7,637494292000042;51,991449708000061;0
218301;5201112601300486362;5;3;15;0;2020;11;13;5;3;0;7;0;1;0;0;0;0;0;351670,002999999560000;5646986,299000000600000;6,888048362000063;50,955377136000038;1
218303;5201112607400564428;5;3;82;68;2020;11;15;5;3;0;5;0;1;1;0;0;0;0;365054,033400000070000;5626426,101700000500000;7,086076451000054;50,773878579000041;0
218306;5201110500200104208;5;1;11;0;2020;11;12;3;3;3;2;0;1;1;0;0;0;0;347248,114099999890000;5676479,231499999800000;6,812666545000070;51,219241002000047;0
218309;5201111705000291754;5;5;54;8;2020;11;17;4;3;0;1;2;1;0;0;0;0;0;335723,757199999880000;5745282,795600000800000;6,615702874000021;51,834173019000048;0
218310;5201113317110618764;5;9;78;36;2020;11;14;6;3;5;3;0;1;1;0;0;0;0;407750,877899999730000;5706429,331000000200000;7,670936635000032;51,501463354000066;1
218311;5201110603140386338;5;3;66;40;2020;11;16;3;3;0;7;0;1;0;0;0;0;0;350642,129499999810000;5622605,083699999400000;6,883365819000062;50,736008206000065;0
218313;5201110711311884994;5;5;70;8;2020;11;13;3;3;5;3;0;1;1;0;0;0;0;433857,133000000380000;5734113,069499999300000;8,041761166000072;51,754006302000050;0
218314;5201111602900380201;5;3;62;40;2020;11;12;4;3;5;3;0;1;0;0;0;0;1;357058,467000000180000;5631219,687500000000000;6,970884717000047;50,815044096000065;1
218315;5201110315260280407;5;9;70;32;2020;11;15;3;3;0;7;0;1;0;0;0;0;0;439114,176599999890000;5637151,912699999300000;8,134476259000053;50,882828451000080;0
218316;5201113603116043530;5;3;66;16;2020;11;15;6;2;0;7;0;1;0;0;0;0;0;342783,025299999860000;5615549,563899999500000;6,775081330000035;50,670532032000040;0
218318;5201110405148574466;5;7;54;48;2020;11;11;3;3;9;6;0;1;0;0;1;0;0;441422,447800000200000;5765745,612800000200000;8,145974143000046;52,039229098000078;0
218319;5201113608332485860;5;3;34;32;2020;11;11;6;3;0;5;0;1;1;0;0;0;0;303213,278500000010000;5624056,974400000600000;6,211196950000044;50,734920713000065;0
218320;5201113301303987446;5;9;13;0;2020;11;17;6;2;2;6;2;1;1;0;0;0;0;401145,504099999550000;5704645,638699999100000;7,576301028000046;51,484313097000040;0
218321;5201110602100271207;5;3;62;8;2020;11;13;3;3;0;1;0;1;0;0;0;0;0;337481,174800000150000;5645574,424200000200000;6,686823502000038;50,938864825000053;0
218324;5201110709800279149;5;5;66;40;2020;11;14;3;2;4;1;0;1;1;0;0;0;0;423241,378100000320000;5781592,009800000100000;7,877381282000044;52,179454515000032;0
218325;5201111601700078500;5;3;16;0;2020;11;17;4;3;2;3;2;1;1;0;0;0;0;360975,754999999890000;5658239,381400000300000;7,016147055000033;51,058829862000039;0
218329;5201112709110879238;5;5;66;12;2020;11;13;5;3;5;3;0;1;1;0;0;0;0;400995,460300000380000;5777878,055800000200000;7,553210658000069;52,142530414000078;1
218330;5201110709700172366;5;5;66;48;2020;11;8;3;2;0;1;1;1;0;0;0;0;0;426747,342799999750000;5792356,327400000800000;7,926315334000037;52,276692008000055;0
218331;5201110709300172411;5;5;66;84;2020;11;4;3;3;4;6;2;1;1;0;0;0;0;385493,462899999690000;5778542,739399999400000;7,326547916000038;52,145508149000079;0
218332;5201112711214548079;5;5;70;4;2020;11;11;5;3;5;3;0;1;1;0;0;0;0;423427,635999999940000;5734203,619000000900000;7,890673284000059;51,753491595000071;0
218333;5201110705000876646;5;5;54;8;2020;11;15;3;3;3;2;0;1;1;0;0;0;0;333978,640999999830000;5743458,953999999900000;6,591272916000037;51,817273016000058;0
218334;5201110601220485216;5;3;15;0;2020;11;16;3;3;5;2;0;1;1;0;0;0;0;354935,381099999880000;5642880,724500000500000;6,936143342000037;50,919312563000062;0
218335;5201112410110076117;5;7;70;24;2020;11;9;5;2;0;7;0;1;0;0;0;0;0;491809,599100000230000;5792216,717800000700000;8,879943110000056;52,280256919000067;1
218336;5201110515110022224;5;1;54;4;2020;11;16;3;3;5;3;0;1;1;0;0;0;0;304363,743900000120000;5738911,654500000200000;6,164693214000067;51,766858006000064;0
218337;5201110705000086007;5;5;54;8;2020;11;14;3;3;5;3;0;1;1;0;0;0;0;335270,193500000050000;5746401,376900000500000;6,608593448000022;51,844088077000038;0
218339;5201113516500774202;5;1;58;16;2020;11;13;6;3;1;7;0;1;1;0;0;0;0;355764,261199999600000;5671409,184800000900000;6,936563377000027;51,175894822000032;0
218343;5201112301201477923;5;9;13;0;2020;11;20;5;3;1;5;2;1;0;0;0;1;0;389272,119300000370000;5707192,672499999400000;7,404569209000044;51,505006454000068;0
218344;5201110500300672205;5;1;11;0;2020;11;13;3;3;5;2;0;1;1;0;0;0;0;347183,041600000110000;5673926,125499999200000;6,812822903000040;51,196282354000061;0
218345;5201110701800202201;5;5;62;4;2020;11;15;3;3;0;7;0;1;0;0;0;0;1;380564,019500000400000;5714787,216900000300000;7,276579857000058;51,571489956000050;1
218346;5201109700200646941;5;5;13;0;2020;11;15;2;3;0;5;0;1;1;0;0;0;0;362959,468799999920000;5710994,177699999900000;7,024182279000058;51,533400677000031;0
218350;5201109610221375577;5;3;70;20;2020;11;17;2;2;0;7;2;1;0;0;0;0;0;305398,753899999890000;5659638,569800000600000;6,223174839000023;51,055256694000036;0
218351;5201113513120886953;5;1;62;20;2020;11;10;6;3;5;3;0;1;1;0;0;0;0;325774,888399999590000;5674047,466000000000000;6,506653966000044;51,191246864000050;0
218353;5201112602800034349;5;3;62;12;2020;11;15;5;3;5;3;0;1;1;0;0;0;0;351805,750000000000000;5632682,220000000700000;6,895782033000046;50,826867282000080;0
218354;5201110701120001208;5;5;62;32;2020;11;7;3;2;5;3;1;1;1;0;0;0;0;375825,290799999610000;5714644,654899999500000;7,208287316000053;51,569184958000051;0
218356;5201113610211285705;5;3;70;4;2020;11;10;6;3;0;6;0;1;1;0;0;0;0;312140,501199999820000;5662069,964900000000000;6,317997342000069;51,079341605000081;0
218357;5201110609108374408;5;3;58;8;2020;11;16;3;3;4;6;0;1;1;0;0;0;0;322387,341000000010000;5631758,041999999400000;6,478912034000075;50,810288060000062;0
218359;5201110602700197201;5;3;62;28;2020;11;11;3;3;5;3;0;1;1;0;0;0;0;351302,588000000450000;5639071,235999999600000;6,886047647000055;50,884153829000070;0
218361;5201110607400173847;5;3;82;68;2020;11;7;3;3;5;3;0;1;1;0;0;0;0;367462,527999999930000;5628700,507999999400000;7,119395907000069;50,794876288000069;0
218362;5201112601110835203;5;3;15;0;2020;11;20;5;3;5;3;2;1;1;0;0;0;0;355652,241000000390000;5644793,058000000200000;6,945578017000059;50,936678145000030;0
218363;5201110609108075502;5;3;58;8;2020;11;11;3;3;0;2;0;1;1;0;0;0;0;321912,493999999950000;5627414,104000000300000;6,474284150000074;50,771116032000066;0
218366;5201113607100771690;5;3;82;60;2020;11;12;6;3;3;3;0;1;1;0;0;0;0;373174,610999999570000;5628529,651000000500000;7,200461291000067;50,794618699000068;0
218367;5201111702100455885;5;5;15;0;2020;11;9;4;2;0;1;0;1;0;0;0;0;0;406201,960400000210000;5756167,129300000100000;7,635229249000076;51,948294205000082;1
218368;5201111701400397207;5;5;12;0;2020;11;6;4;3;5;2;2;1;1;0;0;0;0;356284,277999999930000;5710051,433399999500000;6,928391749000070;51,523269690000063;1
218369;5201113300500685415;5;9;11;0;2020;11;17;6;3;0;4;2;1;0;1;0;0;0;378225,150000000370000;5702053,861999999700000;7,247246524000047;51,456548802000043;0
218373;5201110608312491204;5;3;34;12;2020;11;10;3;3;5;2;0;1;1;0;0;0;0;307893,399000000210000;5632907,869999999200000;6,272818186000052;50,815992011000048;0
218374;5201109610111785829;5;3;70;16;2020;11;14;2;3;0;1;0;1;0;0;0;0;0;296563,098299999720000;5660671,745799999700000;6,096684893000031;51,061474018000069;0
218375;5201116702100070622;5;5;15;0;2020;11;13;2;2;5;3;0;1;1;0;0;0;0;402459,906000000420000;5758871,871500000400000;7,580031656000074;51,971961530000044;1
218376;5201114603116686423;5;3;66;16;2020;11;11;7;3;0;6;0;1;0;0;0;0;0;344202,746000000280000;5614005,542999999600000;6,795807117000038;50,657038586000056;0
218382;5201114602900796204;5;3;62;40;2020;11;12;7;2;0;3;0;1;1;0;0;0;0;357826,227900000290000;5632181,673900000800000;6,981403321000073;50,823878633000049;0
218384;5201114602500791209;5;3;62;24;2020;11;9;7;3;0;1;0;1;0;0;0;0;0;343536,502500000410000;5645388,464800000200000;6,773019597000030;50,938868650000074;0
218385;5201116606000632361;5;3;78;16;2020;11;11;2;3;6;7;0;1;0;1;0;0;0;364718,939199999910000;5663080,862500000700000;7,067716359000031;51,103235648000066;0
218386;5201114602100886909;5;3;62;8;2020;11;10;7;3;1;5;0;1;1;0;0;0;0;334948,631599999960000;5646657,779600000000000;6,650318378000065;50,947879512000043;0
218388;5201118601620285219;5;3;15;0;2020;11;14;4;3;5;3;0;1;1;0;0;0;0;365148,076000000350000;5637064,112999999900000;7,083498165000037;50,869512248000035;0
218392;5201117711413902956;5;5;70;28;2020;11;5;3;3;0;6;2;1;1;0;0;0;0;441920,613099999730000;5743794,057900000400000;8,156943894000051;51,841935467000042;1
218395;5201116601700786475;5;3;16;0;2020;11;17;2;3;0;1;2;1;0;0;0;0;1;356946,450400000440000;5658235,600400000800000;6,958689558000060;51,057806172000028;1
218396;5201114601510558209;5;3;15;0;2020;11;13;7;3;0;1;0;1;0;0;0;0;0;359322,802600000050000;5647728,441600000500000;6,996650370000054;50,963965768000037;0
218397;5201118502100187262;5;1;13;0;2020;11;17;4;3;0;7;1;1;0;0;0;0;0;366304,801799999550000;5700981,881300000500000;7,076176685000064;51,444225681000034;0
218400;5201117601520755209;5;3;15;0;2020;11;7;3;3;0;3;0;1;0;0;0;0;0;361847,579099999740000;5649561,584200000400000;7,031885760000023;50,981051626000067;0
218405;5201116515000086023;5;1;54;32;2020;11;11;2;3;1;7;0;1;0;0;0;1;0;309604,194099999960000;5717656,694499999300000;6,252129998000044;51,577772098000082;1
218406;5201114601400426647;5;3;15;0;2020;11;15;7;3;6;6;0;1;0;1;0;0;0;358134,067099999640000;5648097,028999999200000;6,979589348000047;50,966986758000075;0