OBJECTID;UIDENTSTLAE;ULAND;UREGBEZ;UKREIS;UGEMEINDE;UJAHR;UMONAT;USTUNDE;UWOCHENTAG;UKATEGORIE;UART;UTYP1;ULICHTVERH;IstRad;IstPKW;IstFuss;IstKrad;IstGkfz;IstSonstige;LINREFX;LINREFY;XGCSWGS84;YGCSWGS84;STRZUSTAND
218408;5201114601300086759;5;3;15;0;2020;11;11;7;3;0;7;0;1;0;0;0;0;0;354411,478900000450000;5645428,328700000400000;6,927677374000041;50,942075233000025;0
218409;5201118705000091786;5;5;54;56;2020;11;13;4;3;1;5;0;1;1;0;0;0;0;356780,723500000310000;5762392,713600000400000;6,913974125000038;51,993704551000064;0
218410;5201116601200385732;5;3;15;0;2020;11;9;2;3;0;7;0;1;0;0;0;0;0;354776,394000000320000;5643772,149599999200000;6,933527980000065;50,927283601000056;1
218411;5201114601210449205;5;3;15;0;2020;11;0;7;3;0;1;2;1;0;0;0;0;0;354318,371700000020000;5643431,022900000200000;6,927151361000028;50,924102505000064;0
218415;5201117600380940204;5;3;14;0;2020;11;8;3;3;5;3;0;1;1;0;0;0;0;370512,298999999650000;5616375,038000000600000;7,166977125000074;50,684780862000082;0
218416;5201116709500072447;5;5;66;76;2020;11;9;2;3;0;1;0;1;0;0;0;0;0;394267,383000000380000;5795835,220000000700000;7,449315832000025;52,302670653000064;1
218417;5201114601200172647;5;3;15;0;2020;11;11;7;3;0;1;0;1;0;0;0;0;0;355379,394999999550000;5640921,470699999500000;6,943232484000021;50,901816521000057;0
218422;5201114600380622204;5;3;14;0;2020;11;15;7;3;5;3;0;1;1;0;0;0;0;370432,915799999610000;5617083,153699999700000;7,165605736000032;50,691127996000034;0
218424;5201115600110711206;5;3;14;0;2020;11;19;1;3;0;1;2;1;0;0;0;0;0;365370,585400000210000;5621908,273199999700000;7,092215330000045;50,733346409000035;1
218428;5201115301304785564;5;9;13;0;2020;11;16;1;3;7;1;0;1;1;0;0;0;0;398101,098299999720000;5709896,747400000700000;7,530953397000076;51,530973704000075;0
218429;5201118514110754601;5;1;66;32;2020;11;16;4;3;1;7;0;1;1;0;0;0;1;319245,913700000380000;5680890,997099999300000;6,409867783000038;51,250694694000060;0
218430;5201118607400764428;5;3;82;44;2020;11;15;4;2;8;1;0;1;0;0;0;0;0;359574,321800000030000;5632619,355799999100000;7,006039160000057;50,828238839000051;0
218434;5201117500300770206;5;1;11;0;2020;11;18;3;3;1;5;2;1;1;0;0;0;0;348582,728600000030000;5675029,364299999500000;6,832374913000024;51,206568400000037;0
218440;5201116608200633392;5;3;34;2;2020;11;7;2;3;5;6;0;1;1;0;0;0;0;297357,567400000060000;5630359,765699999400000;6,124851466000052;50,789516453000033;1
218442;5201118505200781649;5;1;14;0;2020;11;12;4;3;4;2;0;1;1;0;0;0;0;331530,758700000120000;5690556,442500000800000;6,581169057000068;51,341290706000052;0
218443;5201118602300889818;5;3;62;36;2020;11;7;4;3;6;6;2;1;0;1;0;0;0;345592,623200000260000;5647775,070699999100000;6,801249587000029;50,960868805000075;0
218444;5201116316100380572;5;9;74;32;2020;11;12;2;2;0;1;0;1;0;0;0;0;0;438916,709300000220000;5706911,203199999400000;8,119797995000056;51,510023769000043;0
218449;5201114515110022132;5;1;54;36;2020;11;11;7;3;0;7;0;1;0;0;0;0;0;302081,458999999800000;5739763,371899999700000;6,131175835000022;51,773704489000067;1
218452;5201115705000420968;5;5;54;52;2020;11;16;1;3;6;2;0;1;0;1;0;0;0;378937,373800000180000;5773357,412399999800000;7,232626936000031;52,097512279000057;0
218454;5201118502317947949;5;1;13;0;2020;11;11;4;3;5;2;0;1;1;0;0;0;0;355537,092000000180000;5704165,027000000700000;6,920038838000039;51,470185022000067;0
218457;5201117610112726066;5;3;70;8;2020;11;18;3;2;3;6;2;1;1;0;0;0;0;293174,963399999770000;5654319,261199999600000;6,052024469000060;51,003215081000064;0
218458;5201117316300082497;5;9;74;28;2020;11;15;3;3;1;3;0;1;1;0;0;0;0;454533,862700000410000;5725202,584200000400000;8,342450130000032;51,675954112000056;0
218459;5201114514219287486;5;1;66;36;2020;11;10;7;3;0;1;0;1;0;0;0;0;0;327353,948200000450000;5679905,388100000100000;6,526409046000026;51,244352351000032;0
218460;5201118702100365796;5;5;15;0;2020;11;15;4;3;0;3;0;1;1;0;0;0;0;407846,678199999970000;5754604,415500000100000;7,659571710000023;51,934522536000031;0
218461;5201116601000177529;5;3;15;0;2020;11;9;2;3;5;3;0;1;0;0;0;0;0;355888,644000000320000;5644648,417999999600000;6,948997506000069;50,935437414000035;1
218465;5201117600380476884;5;3;14;0;2020;11;13;3;3;4;2;0;1;1;0;0;0;0;370328,800300000240000;5616678,858999999200000;7,164274355000032;50,687470850000068;0
218466;5201116705000076687;5;5;54;68;2020;11;17;2;2;8;7;2;1;0;0;0;0;0;350104,729199999940000;5768001,461999999400000;6,814355714000044;52,042334147000076;1
218467;5201114513310447534;5;1;62;8;2020;11;11;7;2;0;1;0;1;0;0;0;0;0;331343,468600000250000;5660511,956700000900000;6,592604120000033;51,071309800000051;0
218469;5201116709500561951;5;5;66;16;2020;11;7;2;3;1;5;1;1;1;0;0;0;0;403782,957799999970000;5792432,389499999600000;7,589795585000047;52,273836189000065;1
218470;5201114508000040702;5;1;19;0;2020;11;23;7;3;5;7;2;1;0;0;0;0;1;350857,068900000300000;5704299,403100000700000;6,852649753000037;51,470178332000046;0
218472;5201118701400580203;5;5;12;0;2020;11;13;4;3;0;7;0;1;0;0;0;0;1;359675,672700000000000;5710969,015499999700000;6,976878702000022;51,532367954000051;1
218473;5201116513130382326;5;1;62;22;2020;11;12;2;3;5;2;0;1;1;0;0;0;0;339002,103000000120000;5678918,035499999300000;6,693591904000073;51,238887713000054;0
218477;5201117515111021921;5;1;54;8;2020;11;22;3;3;0;1;2;1;0;0;0;0;0;310033,182500000110000;5746920,949999999300000;6,242366365000066;51,840740356000026;0
218481;5201118513310580787;5;1;62;8;2020;11;16;4;3;0;3;1;1;1;0;0;0;0;331665,838000000450000;5661247,529999999300000;6,596858790000056;51,078013171000066;0
218482;5201118603116481241;5;3;66;16;2020;11;11;4;3;0;1;0;1;0;0;0;0;0;343175,462299999780000;5613096,775499999500000;6,781669695000062;50,648596442000041;0
218483;5201116400200974595;5;7;11;0;2020;11;17;2;3;0;3;2;1;0;0;0;0;1;467968,223100000060000;5763050,419600000600000;8,533228447000056;52,017166996000071;1
218484;5201115505200099209;5;1;14;0;2020;11;13;1;2;0;1;0;1;0;0;0;0;0;329419,791899999600000;5691242,818800000500000;6,550561104000053;51,346827456000028;0
218486;5201118518200153203;5;1;70;24;2020;11;13;4;3;5;2;0;1;1;0;0;0;0;335822,773900000380000;5702749,031500000500000;6,637095662000036;51,452087728000038;0
218488;5201116502403278528;5;1;17;0;2020;11;14;2;3;4;6;0;1;1;0;0;0;0;350760,177799999710000;5701561,327899999900000;6,852411196000048;51,445549901000049;0
218492;5201117502209451954;5;1;13;0;2020;11;13;3;3;3;7;0;1;1;0;0;0;0;359398,416199999860000;5700293,224700000100000;6,977134869000054;51,436364923000042;1
218493;5201114502100675231;5;1;13;0;2020;11;14;7;2;0;7;0;1;1;0;0;0;0;362609,121700000020000;5702331,211999999400000;7,022506873000054;51,455466940000065;0
218494;5201116606230932419;5;3;78;16;2020;11;12;2;3;0;7;0;1;0;0;0;0;1;359762,261699999680000;5664076,043999999800000;6,996576556000036;51,110988109000061;1
218495;5201114501326885940;5;1;12;0;2020;11;12;7;3;0;7;0;1;0;0;0;0;0;345884,294300000180000;5691546,540599999900000;6,786651321000022;51,354259714000079;0
218497;5201118601700572683;5;3;16;0;2020;11;15;4;3;0;7;0;1;0;0;0;0;0;355864,384999999780000;5657354,083000000600000;6,943610604000071;51,049613716000067;0
218502;5201114501318173921;5;1;12;0;2020;11;18;7;3;5;2;2;1;1;0;0;0;0;344093,592000000180000;5698512,153999999200000;6,757897151000066;51,416357407000078;0
218503;5201117500200001154;5;1;11;0;2020;11;16;3;3;5;3;1;1;1;0;0;0;0;343233,989000000060000;5681556,975999999800000;6,753010064000023;51,263777582000046;0
218505;5201116601700786511;5;3;16;0;2020;11;18;2;3;0;1;2;1;0;1;0;0;0;356945,339499999770000;5658236,747800000000000;6,958673263000037;51,057816206000041;1
218507;5201118502114965443;5;1;13;0;2020;11;14;4;2;0;2;0;1;0;0;0;0;0;367776,305800000210000;5699354,419299999300000;7,097946211000021;51,429945351000072;1
218509;5201115711151781616;5;5;70;32;2020;11;18;1;3;8;1;2;1;0;0;0;0;0;419488,617100000380000;5765445,979299999800000;7,826325179000037;52,033784509000043;1
218513;5201114500000067197;5;1;11;0;2020;11;11;7;3;5;2;0;1;1;0;0;0;0;344221,727300000380000;5675640,803099999200000;6,769729192000057;51,210889735000080;0
218515;5201118701910149495;5;5;62;8;2020;11;14;4;2;0;1;0;1;0;0;0;0;0;385001,664599999790000;5722810,096599999800000;7,337952378000068;51,644520477000071;0
218518;5201118404103334955;5;7;66;20;2020;11;13;4;3;3;7;0;1;1;0;0;0;0;491190,796500000170000;5753628,742100000400000;8,871870784000066;51,933311656000058;0
218519;5201115601110827203;5;3;15;0;2020;11;20;1;3;0;3;2;1;1;0;0;0;0;356402,195199999960000;5645425,944000000100000;6,955994970000063;50,942553039000074;1
218520;5201116601210561200;5;3;15;0;2020;11;20;2;3;0;1;2;1;0;0;0;0;0;354777,001899999570000;5643772,463400000700000;6,933536499000070;50,927286574000050;1
218522;5201118500200787223;5;1;11;0;2020;11;15;4;3;3;2;0;1;1;0;0;0;0;346187,195000000300000;5679226,015000000600000;6,796307550000051;51,243637369000055;0
218523;5201118601300778670;5;3;15;0;2020;11;8;4;3;0;1;0;1;0;0;0;0;0;354186,941599999550000;5646579,899299999700000;6,924022438000065;50,952367283000058;0
218526;5201116709500176614;5;5;66;76;2020;11;7;2;3;0;1;2;1;0;0;0;0;0;391329,216799999590000;5793277,467199999800000;7,407067187000052;52,279110574000072;0
218527;5201114317000425988;5;9;78;16;2020;11;11;7;3;5;7;0;1;1;0;0;0;0;404847,690200000070000;5706317,577899999900000;7,629152284000043;51,499977471000079;0
218528;5201114705000197146;5;5;54;8;2020;11;20;7;3;1;5;2;1;1;0;0;0;0;337336,747899999840000;5745802,730100000300000;6,638847755000029;51,839315925000051;0
218532;5201118307000167615;5;9;62;48;2020;11;14;4;3;4;2;0;1;1;0;0;0;0;416230,546000000090000;5682297,835999999200000;7,798771085000055;51,285844046000079;0
218533;5201115502409070123;5;1;17;0;2020;11;14;1;3;0;3;0;1;1;0;0;0;0;349873,104700000030000;5698126,974899999800000;6,841111276000049;51,414456276000067;0
218535;5201117600380039209;5;3;14;0;2020;11;14;3;3;5;3;0;1;1;0;0;0;0;367056,084999999960000;5619943,211999999400000;7,116794436000021;50,716072547000067;0
218538;5201114702100214075;5;5;15;0;2020;11;13;7;3;0;5;0;1;1;0;0;0;1;407184,789599999790000;5758669,269400000600000;7,648849107000046;51,970949605000044;0
218544;5201117501314191545;5;1;12;0;2020;11;7;3;3;5;3;1;1;1;0;0;0;0;345770,122999999670000;5700885,506899999500000;6,780954783000027;51,438140752000038;1
218554;5201118508000751369;5;1;19;0;2020;11;14;4;2;5;3;0;1;1;0;0;0;0;349231,884999999780000;5702754,087999999500000;6,829927380000072;51,455862496000066;0
218556;5201116317140807209;5;9;78;28;2020;11;12;2;3;0;3;0;1;1;0;0;0;0;400267,682500000110000;5700143,664000000800000;7,564933044000043;51,443690911000033;0
218557;5201117705000591867;5;5;54;16;2020;11;7;3;3;1;2;1;1;1;0;0;0;0;363546,899899999610000;5757323,670099999800000;7,014474537000069;51,949859847000027;1
218558;5201117410230490662;5;7;70;4;2020;11;10;3;3;0;6;0;1;0;0;0;0;0;486855,932000000030000;5784002,100999999800000;8,807651009000040;52,206306981000068;0
218560;5201116601700486511;5;3;16;0;2020;11;18;2;3;0;1;2;1;0;1;0;0;0;356946,071899999860000;5658235,991399999700000;6,958684006000055;51,057809591000080;1
218564;5201115706300387272;5;5;58;36;2020;11;12;1;2;0;2;0;1;1;0;0;0;0;388066,669400000010000;5729908,495999999300000;7,379955581000047;51,708938382000042;0
218567;5201114300600585232;5;9;16;0;2020;11;9;7;3;5;7;0;1;1;0;0;0;0;376838,349999999630000;5711601,380000000800000;7,223962979000021;51,542056282000033;0
218571;5201118705000030800;5;5;54;4;2020;11;15;4;3;9;1;0;1;0;0;0;0;0;360896,558100000020000;5773120,493799999400000;6,969516166000062;52,091142511000044;0
218574;5201118411232068163;5;7;74;32;2020;11;14;4;3;0;1;0;1;0;0;0;0;0;482020,140999999830000;5733138,436000000700000;8,739550626000039;51,748860339000032;1
218575;5201118518300085898;5;1;70;20;2020;11;14;4;3;6;4;0;1;0;1;0;0;0;329711,111600000410000;5708550,272700000600000;6,546423004000076;51,502398404000076;0
218576;5201115608404373705;5;3;34;4;2020;11;11;1;3;6;7;0;1;0;1;0;0;0;300111,596099999730000;5639383,782900000000000;6,158955215000049;50,871523651000075;0
218578;5201117600380478227;5;3;14;0;2020;11;9;3;3;5;3;0;1;0;0;0;1;0;368992,420500000010000;5617287,259199999300000;7,145150353000076;50,692639914000040;0
218579;5201116709300760719;5;5;66;68;2020;11;7;2;3;2;6;0;1;1;0;0;0;0;376153,844999999740000;5785976,785499999300000;7,187411055000041;52,210296860000028;0
218580;5201114300120477205;5;9;11;0;2020;11;19;7;3;0;1;2;1;0;0;0;0;0;380156,687500000000000;5707298,421000000100000;7,273254627000028;51,504097393000052;0
218585;5201118701400638202;5;5;12;0;2020;11;16;4;3;5;3;1;1;0;0;0;0;0;355119,002000000330000;5712195,519999999600000;6,910724544000061;51,542238088000033;0
218587;5201118317110071411;5;9;78;36;2020;11;7;4;3;5;3;0;1;1;0;0;0;0;408993,783900000150000;5710796,223500000300000;7,687710559000038;51,540920324000069;0
218591;5201113705000517366;5;5;54;8;2020;11;5;6;3;5;3;2;1;1;0;0;0;0;334638,304999999700000;5746166,347999999300000;6,599541266000074;51,841789974000051;0
218596;5201118300410748200;5;9;16;0;2020;11;10;4;3;5;2;0;1;1;0;0;0;0;373074,099399999720000;5708202,416500000300000;7,170935149000059;51,510675483000057;0
218597;5201117500300768205;5;1;11;0;2020;11;10;3;3;5;2;0;1;1;0;0;0;0;351357,596699999650000;5670769,165699999800000;6,873832092000043;51,169015080000065;0
218598;5201113705000503147;5;5;54;20;2020;11;11;6;3;5;2;0;1;1;0;0;0;0;366358,802500000220000;5782985,984200000800000;7,045319395000036;52,181135047000055;0
218599;5201118303100266283;5;9;15;0;2020;11;12;4;3;3;6;0;1;0;0;0;0;1;416168,421500000170000;5725336,914500000000000;7,787664407000023;51,672745977000034;0
218601;5201117502210785441;5;1;13;0;2020;11;15;3;3;3;7;0;1;0;0;0;0;0;361508,563099999910000;5699421,268300000600000;7,007815093000033;51,429048950000038;0
218602;5201113705000420756;5;5;54;52;2020;11;9;6;3;5;3;0;1;1;0;0;0;0;378881,534699999730000;5773050,503900000800000;7,231921244000034;52,094742017000044;0
218603;5201116608100285842;5;3;34;2;2020;11;8;2;3;0;1;0;1;0;0;0;0;0;294494,167000000370000;5628802,276000000500000;6,085150996000039;50,774520514000073;1
218604;5201113702100839947;5;5;15;0;2020;11;19;6;2;5;3;2;1;1;0;0;0;0;405264,661899999720000;5755570,338099999400000;7,621760162000044;51,942771139000058;1
218605;5201118505200056583;5;1;14;0;2020;11;15;4;3;1;5;0;1;1;0;0;0;0;332985,657200000250000;5690581,089600000500000;6,602026764000073;51,341941428000041;0
218608;5201117705000020977;5;5;54;4;2020;11;14;3;3;0;1;0;1;0;0;0;0;0;363415,556800000370000;5771728,695900000600000;7,006818949000035;52,079264071000068;1
218609;5201117405232874499;5;7;54;32;2020;11;7;3;3;0;6;0;1;0;0;0;0;0;461229,487399999980000;5740117,870600000000000;8,437616980000030;51,810558387000071;1
218612;5201113702100215203;5;5;15;0;2020;11;10;6;3;5;3;0;1;1;0;0;0;0;402307,479000000280000;5758582,717000000200000;7,577895682000076;51,969335770000043;1
218614;5201118601400090361;5;3;15;0;2020;11;9;4;3;5;3;0;1;1;0;0;0;0;353106,980999999680000;5653222,218800000800000;6,905973082000060;51,011784422000062;0
218616;5201113702100179175;5;5;15;0;2020;11;16;6;3;5;2;0;1;0;0;0;0;0;400464,884499999690000;5756295,331299999700000;7,551745091000043;51,948449505000042;1
218618;5201118601600186608;5;3;15;0;2020;11;13;4;2;0;4;0;1;0;1;0;0;0;362719,400399999690000;5643648,850700000300000;7,046527850000075;50,928120452000030;0
218623;5201118702100055909;5;5;15;0;2020;11;11;4;3;3;6;0;1;0;0;0;0;0;402388,020800000060000;5754341,570699999100000;7,580272267000055;51,931229353000049;0
218624;5201116600110252118;5;3;14;0;2020;11;10;2;2;5;3;0;1;0;0;0;0;1;365825,133999999610000;5621628,347999999300000;7,098754667000037;50,730935632000069;0
218631;5201116709500176615;5;5;66;76;2020;11;12;2;3;5;3;0;1;1;0;0;0;0;392531,605999999680000;5792756,392999999200000;7,424851014000069;52,274663996000072;1
218638;5201115500300201206;5;1;11;0;2020;11;20;1;3;3;6;2;1;1;0;0;0;0;344184,939299999740000;5675843,237500000700000;6,769114994000063;51,212698643000067;1
218639;5201117513210063487;5;1;62;24;2020;11;6;3;3;5;3;2;1;1;0;0;0;0;342272,857400000100000;5669976,508300000800000;6,744337203000043;51,159459839000078;0
218640;5201116609224568388;5;3;58;24;2020;11;7;2;3;0;1;1;1;0;0;0;0;0;315197,523000000040000;5645221,998999999800000;6,370168358000058;50,928989304000027;1
218642;5201118513210582320;5;1;62;24;2020;11;14;4;3;0;1;0;1;0;0;0;0;0;340458,500500000080000;5669301,748400000900000;6,718711077000023;51,152894006000054;0
218643;5201118603116213354;5;3;66;16;2020;11;10;4;3;5;2;0;1;1;0;0;0;0;343628,832899999800000;5613973,053400000600000;6,787707655000077;50,656592824000029;0
218645;5201120301301724209;5;9;78;24;2020;11;8;6;3;0;3;1;1;1;0;0;0;0;398563,382600000130000;5717914,657299999100000;7,535301243000049;51,603127442000073;1
218650;5201120301101786861;5;9;13;0;2020;11;18;6;3;0;7;2;1;1;0;0;0;0;394183,780399999580000;5706788,805900000000000;7,475432831000035;51,502317337000079;0
218651;5201124505200418006;5;1;14;0;2020;11;13;3;3;0;1;0;1;0;0;0;0;0;331703,881000000050000;5690161,531899999800000;6,583838961000026;51,337794117000044;0
218654;5201123606500086386;5;3;78;24;2020;11;12;2;2;0;1;0;1;1;0;0;1;0;375115,634999999780000;5645524,941999999800000;7,222185158000059;50,947800339000025;1
218655;5201120700000874464;5;5;13;0;2020;11;10;6;3;2;6;0;1;1;0;0;0;0;362701,979899999690000;5716131,706900000600000;7,018466349000050;51,579505312000038;0
218656;5201119711311884994;5;5;70;8;2020;11;9;5;3;5;6;0;1;0;0;0;0;0;434245,047700000000000;5733710,501499999300000;8,047456348000026;51,750432853000063;0
218658;5201120606100472659;5;3;78;4;2020;11;13;6;3;3;6;0;1;0;0;0;0;0;368252,252700000070000;5651340,020800000100000;7,122427847000040;50,998536846000036;0
218659;5201124500100185050;5;1;11;0;2020;11;17;3;3;5;2;1;1;1;0;0;0;0;343103,261199999600000;5677905,903599999800000;6,752738057000045;51,230936037000049;0
218660;5201124503100377938;5;1;24;0;2020;11;10;3;3;5;3;0;1;1;0;0;0;0;371237,836000000130000;5678496,656999999700000;7,155254090000028;51,243287642000041;1
218661;5201119711216977896;5;5;70;4;2020;11;18;5;3;0;1;2;1;0;0;0;0;0;422985,681099999700000;5735282,026200000200000;7,884032879000074;51,763125476000027;1
218662;5201123601400090361;5;3;15;0;2020;11;22;2;3;2;6;2;1;0;0;0;1;0;354408,195399999620000;5654960,176100000700000;6,923811692000072;51,027733542000078;0
218663;5201120608100844207;5;3;34;2;2020;11;15;6;3;5;3;0;1;1;0;0;0;0;290195,584800000300000;5635858,998199999300000;6,020235854000021;50,836355778000041;0
218664;5201119709110276669;5;5;66;8;2020;11;11;5;2;5;3;0;1;1;0;0;0;0;399030,841000000010000;5781588,219000000500000;7,523407883000061;52,175520749000043;0
218666;5201120602700485397;5;3;62;28;2020;11;14;6;3;1;5;0;1;1;0;0;0;0;351173,693599999880000;5639713,875499999200000;6,883954830000050;50,889895745000047;0
218668;5201119705000930800;5;5;54;56;2020;11;13;5;3;1;5;0;1;1;0;0;0;0;357677,837700000030000;5761626,821200000100000;6,927349421000031;51,987053560000049;1
218669;5201122301101885031;5;9;13;0;2020;11;21;1;3;5;3;2;1;1;0;0;0;0;391940,798600000330000;5703691,432900000400000;7,444077451000055;51,474052431000075;1
218672;5201119705000076687;5;5;54;56;2020;11;17;5;3;5;3;2;1;1;0;0;0;0;356842,066999999810000;5762812,687999999200000;6,914691591000064;51,997493839000072;1
218675;5201120601400890621;5;3;15;0;2020;11;7;6;3;0;3;0;1;1;0;0;0;0;353680,127799999900000;5648396,628000000500000;6,916081397000028;50,968565075000072;0
218676;5201119610221667477;5;3;70;20;2020;11;15;5;3;0;1;0;1;0;0;0;0;0;305482,813599999990000;5659056,348400000500000;6,224685631000057;51,050055739000072;1
218678;5201120601140919201;5;3;15;0;2020;11;4;6;2;0;1;2;1;0;0;0;0;0;356356,508999999610000;5642568,396500000700000;6,956471123000029;50,916861219000054;1
218679;5201121601420461207;5;3;15;0;2020;11;13;7;3;5;3;0;1;1;0;0;0;0;357440,658099999650000;5648985,748400000900000;6,969372273000033;50,974802402000080;0
218680;5201123711214081979;5;5;70;4;2020;11;8;2;3;3;2;1;1;1;0;0;0;0;423172,826000000350000;5733599,262000000100000;7,887116070000047;51,748023748000037;0
218684;5201120601110324208;5;3;15;0;2020;11;16;6;3;5;3;0;1;1;0;0;0;0;356639,622700000180000;5642727,126299999700000;6,960433698000031;50,918358113000068;0
218685;5201122702100944344;5;5;15;0;2020;11;11;1;3;8;5;0;1;1;0;0;0;0;409007,870400000360000;5764863,736099999400000;7,673736070000075;52,026930352000079;1
218688;5201123300110747204;5;9;11;0;2020;11;11;2;3;2;7;0;1;1;0;0;0;0;376157,808100000020000;5704927,780400000500000;7,216498745000024;51,481929432000072;0
218690;5201123701110546206;5;5;62;14;2020;11;9;2;2;5;3;0;1;0;0;0;0;0;360685,604000000280000;5714493,577400000800000;6,990033999000048;51,564290190000065;1
218691;5201121303100069249;5;9;15;0;2020;11;8;7;3;6;4;0;1;0;1;0;0;0;418662,840699999590000;5729323,993300000200000;7,822799775000021;51,708954691000031;0
218695;5201120516110481201;5;1;58;32;2020;11;7;6;3;5;2;1;1;1;0;0;0;0;363418,250099999830000;5690329,058000000200000;7,038765741000020;51,347804231000055;1
218696;5201119607400778184;5;3;82;68;2020;11;19;5;3;0;7;2;1;1;0;0;0;0;368951,726499999870000;5630377,150000000400000;7,139916110000058;50,810284695000064;1
218703;5201121513000333576;5;1;62;16;2020;11;0;7;3;0;7;2;1;0;0;0;0;0;333799,212600000200000;5677157,198300000300000;6,619941445000052;51,221575878000067;0
218705;5201120705000380993;5;5;54;8;2020;11;13;6;3;5;2;0;1;1;0;0;0;0;337591,100499999710000;5745594,820000000300000;6,642634053000052;51,837522170000057;0
218708;5201120513310586719;5;1;62;28;2020;11;15;6;2;5;3;0;1;0;0;0;0;0;337528,573200000450000;5656428,877299999800000;6,682643907000056;51,036407319000034;0
218709;5201124500200473993;5;1;11;0;2020;11;11;3;3;5;3;0;1;1;0;0;0;0;343214,033699999560000;5687619,218100000200000;6,750062479000064;51,318242062000081;0
218710;5201119601700816202;5;3;16;0;2020;11;13;5;3;5;3;0;1;1;0;0;0;0;360680,941999999810000;5659527,832000000400000;7,011446588000069;51,070337685000027;1
218715;5201120513210663487;5;1;62;24;2020;11;13;6;3;0;1;0;1;0;0;0;0;0;339198,858000000010000;5673942,429999999700000;6,698639165000031;51,194237891000057;0
218719;5201119601600586430;5;3;15;0;2020;11;9;5;3;5;3;0;1;1;0;0;0;0;359615,146900000050000;5645702,811100000500000;7,001592084000038;50,945832550000034;0
218725;5201123705000274671;5;5;54;8;2020;11;11;2;3;5;2;0;1;1;0;0;0;0;335397,160199999810000;5745437,044299999300000;6,610893736000037;51,835462552000081;0
218728;5201121705000982365;5;5;54;40;2020;11;10;7;3;0;7;0;1;0;0;0;0;1;350420,251000000160000;5737645,068000000000000;6,832129237000061;51,769678623000061;0
218744;5201120505200982206;5;1;14;0;2020;11;13;6;3;1;5;0;1;1;0;0;0;0;329829,840800000350000;5690091,940199999100000;6,556993471000055;51,336611119000054;0
218745;5201122601400690386;5;3;15;0;2020;11;11;1;3;0;1;0;1;0;0;0;0;0;355805,865299999710000;5649740,239499999200000;6,945802787000048;50,981175831000030;0
218746;5201120505200171897;5;1;14;0;2020;11;11;6;3;0;3;0;1;1;0;0;0;0;328904,870500000190000;5690477,942900000100000;6,543541980000043;51,339801275000070;1
218751;5201119600310311201;5;3;14;0;2020;11;13;5;3;2;4;0;1;1;1;0;0;0;362858,283300000240000;5619064,228900000500000;7,057693340000071;50,707197085000075;1
218756;5201123313110675347;5;9;58;4;2020;11;13;2;3;5;3;0;1;1;0;0;0;0;435123,248999999840000;5695237,014000000400000;8,067284107000035;51,404642955000043;0
218757;5201120505100779045;5;1;14;0;2020;11;15;6;3;6;6;0;1;1;1;0;0;0;333638,919400000010000;5689420,236800000100000;6,611939707000033;51,331703688000061;0
218760;5201119518100578977;5;1;70;48;2020;11;16;5;3;5;3;0;1;1;0;0;0;0;334591,098000000230000;5729767,891000000800000;6,606664648000049;51,694461466000064;1
218762;5201120607000686268;5;3;82;68;2020;11;7;6;3;0;6;0;1;0;0;0;0;0;368200,214399999940000;5630067,926400000200000;7,129366326000024;50,807334887000081;0
218764;5201119516900286640;5;1;58;20;2020;11;16;5;3;0;7;0;1;1;0;0;0;0;356353,635300000200000;5663528,151399999900000;6,948132400000077;51,105220261000056;1
218765;5201123601420339201;5;3;15;0;2020;11;15;2;3;4;2;0;1;1;0;0;0;0;356791,260999999940000;5649205,287000000500000;6,960041986000022;50,976614241000050;0
218767;5201119515111585952;5;1;54;8;2020;11;16;5;3;0;3;0;1;0;0;1;0;0;310622,482099999670000;5746431,330000000100000;6,251178213000060;51,836543283000026;1
218772;5201119513320446017;5;1;62;4;2020;11;7;5;3;5;3;1;1;1;0;0;0;0;344721,615000000220000;5660354,868000000700000;6,783471064000025;51,073673714000051;0
218773;5201121702100853670;5;5;15;0;2020;11;8;7;2;8;1;0;1;0;0;0;0;0;407185,484899999570000;5756584,626599999100000;7,649422562000041;51,952211875000046;0
218776;5201119513210845944;5;1;62;24;2020;11;21;5;3;4;6;2;1;0;0;0;0;0;340746,235399999660000;5669701,501800000700000;6,722645026000066;51,156565991000036;0
218778;5201119513210686832;5;1;62;24;2020;11;7;5;3;5;3;0;1;1;0;0;0;0;338588,983699999750000;5672506,157199999300000;6,690563721000046;51,181161194000026;1
218780;5201120502322086162;5;1;13;0;2020;11;7;6;3;5;3;0;1;1;0;0;0;0;359416,903099999760000;5704416,275800000900000;6,975761977000047;51,473420011000030;0
218783;5201119513210047584;5;1;62;24;2020;11;7;5;3;5;3;2;1;1;0;0;0;0;336965,657999999820000;5674320,172000000300000;6,666534654000031;51,196999057000028;0
218784;5201121701930789674;5;5;62;36;2020;11;18;7;3;5;3;2;1;0;0;1;0;0;389218,822999999860000;5720343,558800000700000;7,399656574000062;51,623197851000043;0
218790;5201121513110491126;5;1;62;16;2020;11;0;7;3;0;1;2;1;0;0;0;0;0;333799,254300000150000;5677157,331700000900000;6,619941979000032;51,221577088000060;0