OBJECTID;UIDENTSTLAE;ULAND;UREGBEZ;UKREIS;UGEMEINDE;UJAHR;UMONAT;USTUNDE;UWOCHENTAG;UKATEGORIE;UART;UTYP1;ULICHTVERH;IstRad;IstPKW;IstFuss;IstKrad;IstGkfz;IstSonstige;LINREFX;LINREFY;XGCSWGS84;YGCSWGS84;STRZUSTAND
219157;5201203711211653661;5;5;70;4;2020;12;15;5;3;5;3;0;1;1;0;0;0;0;423778,881599999960000;5736075,682800000500000;7,895350192000024;51,770368706000056;0
219159;5201203709500074704;5;5;66;76;2020;12;15;5;3;5;2;0;1;1;0;0;0;0;393914,877999999560000;5793778,944000000100000;7,444795546000023;52,284122532000026;1
219160;5201203705000105265;5;5;54;12;2020;12;7;5;3;5;3;2;1;1;0;0;0;0;350565,156700000170000;5744981,359099999100000;6,831065519000049;51,835632599000064;1
219161;5201203702100874700;5;5;15;0;2020;12;18;5;3;4;6;2;1;1;0;0;0;0;406641,784400000240000;5761353,335599999900000;7,640216270000053;51,994984259000034;0
219162;5201203702100001949;5;5;15;0;2020;12;17;5;3;0;3;2;1;1;0;0;0;0;403056,036000000310000;5757535,926999999200000;7,589084310000033;51,960057988000074;1
219163;5201203701610110204;5;5;62;12;2020;12;19;5;2;0;7;2;1;0;0;0;0;0;360357,201999999580000;5725995,502299999800000;6,980715908000036;51,667564955000046;1
219166;5201201502105685368;5;1;13;0;2020;12;14;3;3;0;1;0;1;0;0;0;0;0;361964,798899999820000;5701510,430299999200000;7,013559237000038;51,447934345000078;1
219172;5201203601610711207;5;3;15;0;2020;12;7;5;3;5;3;2;1;1;0;0;0;0;358831,779799999670000;5643294,490399999500000;6,991380927000023;50,923997515000053;1
219178;5201201500300245578;5;1;11;0;2020;12;19;3;3;5;3;2;1;1;0;0;0;0;344320,510499999860000;5675617,878799999100000;6,771152267000048;51,210710687000073;1
219179;5201203601400473837;5;3;15;0;2020;12;7;5;3;5;3;2;1;1;0;0;0;0;356879,719100000340000;5650074,618799999400000;6,960958882000057;50,984448771000075;1
219181;5201204705131187239;5;5;54;16;2020;12;12;6;3;5;3;0;1;1;0;0;0;0;363330,917700000110000;5757597,800400000100000;7,011224825000056;51,952270052000074;0
219182;5201203601300390215;5;3;15;0;2020;12;7;5;3;0;7;1;1;0;0;0;0;0;354390,473199999890000;5647069,888199999900000;6,926722139000049;50,956822110000076;0
219183;5201203601110761202;5;3;15;0;2020;12;5;5;3;5;2;2;1;1;0;0;0;0;356477,237599999640000;5646087,045499999100000;6,956801891000055;50,948512952000044;0
219184;5201203601100026221;5;3;15;0;2020;12;7;5;3;5;3;0;1;0;0;0;0;0;356179,089800000190000;5645314,380999999100000;6,952865447000022;50,941494830000067;0
219188;5201203600110673841;5;3;14;0;2020;12;7;5;3;5;3;1;1;1;0;0;0;0;363531,302600000050000;5623435,916200000800000;7,065601495000067;50,746647294000070;0
219192;5201203516300886709;5;1;58;28;2020;12;13;5;3;0;7;0;1;1;0;0;0;0;350991,395999999720000;5685515,310000000500000;6,862463900000023;51,301427040000078;1
219193;5201203515211022041;5;1;54;16;2020;12;15;5;3;5;3;0;1;1;0;0;0;0;303659,478000000120000;5729514,653999999200000;6,159797111000046;51,682223587000067;1
219194;5201204608200480793;5;3;34;2;2020;12;18;6;3;5;2;2;1;1;0;0;0;0;297597,922100000080000;5628472,567399999100000;6,129295956000021;50,772650466000073;0
219196;5201203514210586193;5;1;66;12;2020;12;7;5;3;2;1;0;1;0;0;0;0;1;320733,766499999910000;5693838,077400000800000;6,424658707000049;51,367467311000041;1
219197;5201203514210491524;5;1;66;12;2020;12;14;5;3;0;3;0;1;1;0;0;0;0;319745,067999999970000;5692949,171000000100000;6,410921145000032;51,359169578000035;1
219199;5201201410110140257;5;7;70;24;2020;12;17;3;3;0;1;2;1;0;0;0;0;0;497355,600499999710000;5793057,271099999500000;8,961231112000064;52,287868595000077;1
219200;5201204505100071940;5;1;14;0;2020;12;10;6;3;5;3;0;1;0;0;0;0;1;336744,033699999560000;5690301,717100000000000;6,656068163000043;51,340523204000078;0
219201;5201203513210086766;5;1;62;24;2020;12;6;5;3;0;2;2;1;1;0;0;0;0;343190,780000000260000;5670564,771500000700000;6,757197215000076;51,164997899000070;1
219203;5201201407140287158;5;7;62;16;2020;12;17;3;2;0;1;0;1;0;0;0;0;0;512683,775399999690000;5731123,296299999600000;9,183659371000033;51,730886542000064;1
219208;5201201405244306720;5;7;54;44;2020;12;21;3;3;0;1;2;1;0;0;0;0;0;466496,012299999590000;5747944,205499999200000;8,513248616000055;51,881264447000035;1
219210;5201201405232272262;5;7;54;32;2020;12;16;3;3;5;3;1;1;1;0;0;0;0;461488,703700000420000;5741511,781099999300000;8,441221836000068;51,823108694000041;1
219214;5201203501000273942;5;1;12;0;2020;12;13;5;3;1;7;0;1;1;0;0;0;0;344050,940999999640000;5695059,565999999600000;6,758801703000074;51,385324205000074;1
219215;5201201405108168095;5;7;54;8;2020;12;7;3;3;2;6;2;1;0;0;0;0;0;459017,199500000100000;5753727,343699999200000;8,403913063000061;51,932758840000076;1
219216;5201203500300965293;5;1;11;0;2020;12;11;5;3;0;6;0;1;0;0;0;0;0;344956,080000000070000;5675593,338700000200000;6,780254921000051;51,210663079000028;1
219218;5201204709000061948;5;5;66;76;2020;12;6;6;3;0;4;2;1;0;1;0;0;0;394161,995500000190000;5794612,549300000100000;7,448155032000045;52,291661967000039;1
219221;5201203500200453449;5;1;11;0;2020;12;15;5;3;0;6;0;1;0;0;0;0;0;347033,336799999700000;5680658,623099999500000;6,807808498000043;51,256737631000078;1
219225;5201203406220133614;5;7;58;24;2020;12;15;5;3;5;3;0;1;0;0;0;0;0;480302,550099999640000;5783387,241499999500000;8,711786327000027;52,200583798000082;0
219227;5201201317210475439;5;9;78;20;2020;12;11;3;2;5;2;0;1;1;0;0;0;0;411259,412700000220000;5715265,817399999100000;7,719243195000047;51,581460020000065;1
219229;5201201316300489207;5;9;74;16;2020;12;8;3;3;5;3;0;1;1;0;0;0;0;454171,350899999960000;5718007,262399999400000;8,338150304000067;51,611232192000045;1
219230;5201204702100155355;5;5;15;0;2020;12;16;6;3;2;6;2;1;1;0;0;0;0;402121,907200000250000;5758139,609799999700000;7,575321541000051;51,965320375000033;1
219233;5201203317110077915;5;9;78;36;2020;12;7;5;3;0;7;2;1;0;0;0;0;0;406333,719700000250000;5710588,581599999200000;7,649419588000058;51,538618596000049;1
219234;5201203315210881061;5;9;70;24;2020;12;16;5;3;0;7;1;1;0;0;0;0;0;428356,723399999550000;5650691,485400000600000;7,978914037000038;51,003331083000035;1
219236;5201204502324365394;5;1;13;0;2020;12;14;6;3;0;7;0;1;0;1;0;0;0;361756,733199999670000;5707274,011600000800000;7,008311889000026;51,499677073000043;0
219244;5201204601300574386;5;3;15;0;2020;12;16;6;3;5;3;2;1;0;0;0;0;0;354812,503499999640000;5645604,852700000600000;6,933311266000032;50,943762729000071;0
219245;5201203300200854186;5;9;11;0;2020;12;16;5;3;5;3;2;1;1;0;0;0;0;369322,105999999680000;5705347,758400000600000;7,117955252000058;51,484165746000031;1
219246;5201202709700055928;5;5;66;92;2020;12;12;4;3;5;3;0;1;1;0;0;0;0;423040,848000000230000;5796493,791999999400000;7,871054050000055;52,313376298000037;1
219247;5201202705000068647;5;5;54;68;2020;12;5;4;3;5;3;2;1;1;0;0;0;0;348537,921000000090000;5765665,935000000500000;6,792562130000022;52,020925431000080;1
219250;5201202705000017366;5;5;54;8;2020;12;14;4;3;5;2;0;1;1;0;0;0;0;336668,150799999940000;5745688,984400000400000;6,629205325000044;51,838098958000046;1
219252;5201202702100678204;5;5;15;0;2020;12;7;4;3;5;3;2;1;1;0;0;0;0;408069,602800000460000;5754797,931399999200000;7,662761616000068;51,936298844000078;0
219253;5201204601110672203;5;3;15;0;2020;12;21;6;3;0;3;2;1;1;0;0;0;0;355475,389899999830000;5645683,558700000900000;6,942709452000031;50,944636594000031;1
219254;5201204601700225207;5;3;16;0;2020;12;6;6;3;0;1;2;1;0;0;0;0;0;363147,746299999770000;5657961,912300000000000;7,047226520000038;51,056857988000047;1
219255;5201202702100274054;5;5;15;0;2020;12;10;4;3;0;7;0;1;1;0;0;0;0;400897,444099999960000;5761627,770800000100000;7,556497176000050;51,996455495000077;0
219257;5201202702100274053;5;5;15;0;2020;12;7;4;3;3;6;0;1;0;0;0;0;0;406087,201999999580000;5758927,321000000500000;7,632805339000072;51,973084709000034;0
219259;5201201300600173198;5;9;16;0;2020;12;18;3;3;0;1;2;1;0;0;0;0;0;378011,842199999840000;5711592,086799999700000;7,240879773000074;51,542227623000031;1
219261;5201130711216187303;5;5;70;4;2020;11;14;2;3;5;3;0;1;1;0;0;0;0;423685,722799999640000;5735600,250299999500000;7,894104801000026;51,766082048000044;0
219269;5201202607400481178;5;3;82;68;2020;12;16;4;3;3;2;1;1;1;0;0;0;0;367750,900999999610000;5631277,669999999900000;7,122556891000045;50,818105616000082;0
219274;5201202601610086512;5;3;15;0;2020;12;17;4;3;0;2;2;1;1;0;0;0;0;359601,201799999920000;5645148,116000000400000;7,001607510000042;50,940844046000052;1
219276;5201202601200690399;5;3;15;0;2020;12;18;4;2;0;7;2;1;0;0;0;0;0;354067,819199999790000;5643427,118000000700000;6,923590408000052;50,924004092000075;1
219277;5201202601110570200;5;3;15;0;2020;12;16;4;3;0;1;0;1;0;0;0;0;0;356422,976400000040000;5644129,216900000300000;6,956801518000020;50,930904692000070;1
219280;5201204500300287365;5;1;11;0;2020;12;9;6;2;5;2;0;1;1;0;0;0;0;343802,225999999790000;5673904,460999999200000;6,764483811000048;51,195173545000046;0
219281;5201202600380160209;5;3;14;0;2020;12;13;4;3;5;3;0;1;1;0;0;0;0;368233,543700000270000;5617485,094900000800000;7,134341418000076;50,694246688000078;1
219282;5201130705000174716;5;5;54;8;2020;11;7;2;3;5;2;0;1;1;0;0;0;0;336667,702899999920000;5745689,043199999300000;6,629198802000076;51,838099355000054;0
219286;5201130705000131358;5;5;54;56;2020;11;17;2;2;6;1;2;1;0;1;0;0;0;356985,269700000060000;5762300,495500000200000;6,916989729000022;51,992928679000045;1
219287;5201204706000779214;5;5;58;24;2020;12;7;6;3;5;3;2;1;0;0;1;0;0;392307,707000000400000;5736305,773000000000000;7,439332403000037;51,767267407000077;0
219289;5201202516600578785;5;1;58;4;2020;12;7;4;3;5;2;1;1;1;0;0;0;0;357161,825100000020000;5674836,217700000900000;6,955180107000047;51,207042592000050;1
219291;5201202515110949257;5;1;54;36;2020;12;13;4;3;0;7;0;1;1;0;0;0;0;303365,736499999650000;5742001,802699999900000;6,148498406000044;51,794258481000043;0
219293;5201204405108006390;5;7;54;8;2020;12;14;6;3;4;6;0;1;0;0;0;0;0;456924,769500000400000;5748316,016300000300000;8,374157587000070;51,883949943000061;0
219297;5201202514121832203;5;1;66;4;2020;12;11;4;3;5;3;0;1;1;0;0;0;0;303411,158999999990000;5680152,217000000200000;6,183650056000033;51,238821994000034;1
219299;5201202514111085981;5;1;66;32;2020;12;19;4;2;5;3;2;1;0;0;0;0;1;313799,434000000360000;5678610,150000000400000;6,333097090000024;51,228455236000059;1
219303;5201202506100376427;5;1;16;0;2020;12;7;4;2;5;3;2;1;1;0;0;0;0;317935,264800000000000;5675096,711100000900000;6,394050362000030;51,198228713000049;1
219308;5201202505100676382;5;1;14;0;2020;12;15;4;3;0;1;0;1;0;0;0;0;0;331605,048899999820000;5688604,482300000300000;6,583157366000023;51,323776352000039;1
219316;5201204514122888202;5;1;66;4;2020;12;15;6;3;5;3;0;1;1;0;0;0;0;304511,936099999580000;5685637,574799999600000;6,196401616000060;51,288465983000037;0
219317;5201202500300040989;5;1;11;0;2020;12;9;4;3;0;6;0;1;0;0;0;1;0;344714,063099999910000;5675780,791200000800000;6,776711642000066;51,212281662000066;1
219320;5201202410120211320;5;7;70;32;2020;12;15;4;3;0;1;0;1;0;0;0;0;0;494882,739000000060000;5786846,634999999800000;8,925071289000073;52,232014081000045;1
219324;5201202405140076214;5;7;54;40;2020;12;7;4;2;8;1;1;1;0;0;0;0;0;459290,692099999640000;5761318,905600000200000;8,406990601000075;52,001031064000074;1
219327;5201202405108682150;5;7;54;8;2020;12;9;4;2;0;1;0;1;0;0;0;0;0;457205,893600000070000;5748777,070800000800000;8,378184597000029;51,888116752000030;1
219328;5201202404301787079;5;7;66;44;2020;12;15;4;3;0;6;0;1;0;0;0;1;0;492476,464599999600000;5763715,928899999700000;8,890349497000045;52,024024165000071;0
219330;5201202400100803919;5;7;11;0;2020;12;5;4;3;3;6;2;1;0;0;0;0;1;465339,049499999730000;5766681,655999999500000;8,494549303000042;52,049655820000055;1
219331;5201130601500286604;5;3;15;0;2020;11;15;2;3;5;2;0;1;1;0;0;0;0;362528,648199999700000;5647770,570399999600000;7,042259279000064;50,965118290000078;0
219334;5201130601300551543;5;3;15;0;2020;11;7;2;3;1;5;0;1;1;0;0;0;0;352029,648900000380000;5647657,404600000000000;6,892892504000031;50,961500465000029;0
219337;5201204702100565837;5;5;15;0;2020;12;6;6;3;1;5;2;1;1;0;0;0;0;407667,654099999930000;5755259,265799999200000;7,656792668000037;51,940379038000060;1
219338;5201202302100590510;5;9;14;0;2020;12;12;4;3;0;7;0;1;0;0;0;0;0;395117,211600000040000;5694183,563500000200000;7,492612352000037;51,389186732000042;1
219339;5201204514110085738;5;1;66;32;2020;12;14;6;3;1;6;0;1;1;0;0;0;0;317801,780000000260000;5682470,956000000200000;6,388392340000053;51,264427583000042;0
219341;5201202301301873341;5;9;78;24;2020;12;15;4;3;5;3;1;1;1;0;0;0;0;398106,000799999570000;5715828,337899999700000;7,529305072000057;51,584291743000051;0
219343;5201130601200972646;5;3;15;0;2020;11;11;2;3;0;1;0;1;0;0;0;0;0;353764,886400000190000;5642378,700099999100000;6,919703465000055;50,914505581000071;0
219344;5201204310220785255;5;9;54;8;2020;12;10;6;3;0;1;0;1;0;0;0;0;0;385583,030000000260000;5684283,392000000900000;7,358826098000066;51,298359062000031;0
219346;5201204601700576823;5;3;16;0;2020;12;7;6;3;0;3;1;1;1;0;0;0;0;358938,446600000370000;5654868,762700000800000;6,988406880000071;51,028041616000053;0
219347;5201202301101357889;5;9;13;0;2020;12;10;4;3;6;4;0;1;0;1;0;0;0;392555,422199999910000;5707336,665999999300000;7,451814188000071;51,506934522000051;0
219354;5201201709700311847;5;5;66;72;2020;12;7;3;3;6;7;2;1;1;1;0;0;0;412593,691599999550000;5803039,445699999100000;7,716136372000051;52,370645990000071;0
219355;5201130601200557560;5;3;15;0;2020;11;9;2;3;1;5;0;1;1;0;0;0;0;352040,901800000110000;5643141,540999999300000;6,894886757000052;50,920921499000031;0
219356;5201204307000686230;5;9;62;44;2020;12;5;6;3;7;7;2;1;0;0;0;0;0;405066,739699999800000;5689002,657199999300000;7,636945933000050;51,344365424000046;1
219360;5201130600120537204;5;3;82;24;2020;11;8;2;2;0;1;0;1;0;0;0;0;0;378343,428600000220000;5620976,635199999400000;7,276262720000034;50,727834284000039;0
219363;5201201705000076745;5;5;54;4;2020;12;14;3;3;5;3;0;1;1;0;0;0;0;363320,951000000350000;5771232,493000000700000;7,005638045000069;52,074782149000043;1
219365;5201201705000076687;5;5;54;68;2020;12;6;3;3;5;3;2;1;0;0;0;0;0;346891,596900000240000;5770294,173900000800000;6,766515342000048;52,062053989000049;1
219368;5201201702100379610;5;5;15;0;2020;12;8;3;3;3;5;0;1;1;0;0;0;0;406965,216000000010000;5756763,466600000900000;7,646169897000050;51,953782579000062;1
219369;5201201702100355909;5;5;15;0;2020;12;13;3;3;5;3;0;1;1;0;0;0;0;405761,949799999590000;5755784,087300000700000;7,628934033000064;51,944776873000080;1
219370;5201201701700628204;5;5;62;16;2020;12;17;3;3;5;3;2;1;1;0;0;0;0;374555,194199999790000;5733698,164000000800000;7,183135083000025;51,740137361000052;1
219372;5201201701120285372;5;5;62;32;2020;12;7;3;3;5;3;2;1;1;0;0;0;0;376772,851800000300000;5716302,766699999600000;7,221370779000040;51,584294749000037;1
219373;5201130515210822064;5;1;54;12;2020;11;7;2;3;0;6;1;1;0;0;0;0;0;315020,188699999820000;5710875,283099999700000;6,333768478000025;51,518665320000082;1
219376;5201201610111786779;5;3;70;16;2020;12;7;3;3;5;3;1;1;1;0;0;0;0;299573,083700000310000;5659823,306900000200000;6,140053515000034;51,054912524000031;1
219378;5201205300300067082;5;9;11;0;2020;12;13;7;3;5;3;0;1;1;0;0;0;0;382088,443400000220000;5704348,322799999300000;7,302060314000073;51,477988883000080;0
219380;5201201608100016202;5;3;34;2;2020;12;19;3;3;5;3;2;1;1;0;0;0;0;292149,958499999720000;5628296,859200000800000;6,052233516000058;50,769146225000043;1
219382;5201201606100076569;5;3;78;4;2020;12;17;3;3;5;3;2;1;1;0;0;0;0;368277,889700000170000;5651234,761499999100000;7,122831182000027;50,997596679000026;1
219391;5201201601510944208;5;3;15;0;2020;12;16;3;3;5;2;1;1;1;0;0;0;0;361838,674300000070000;5648433,794700000400000;7,032187564000026;50,970913788000075;1
219397;5201204513210671974;5;1;62;24;2020;12;7;6;3;0;1;1;1;0;0;0;0;0;339132,866499999540000;5674025,876399999500000;6,697658137000076;51,194969079000032;0
219398;5201204603236289209;5;3;66;36;2020;12;14;6;3;5;3;0;1;1;0;0;0;0;321339,276999999770000;5601020,104000000300000;6,478895408000028;50,533808668000063;0
219401;5201201513310081446;5;1;62;8;2020;12;15;3;3;4;5;0;1;1;0;0;0;0;331058,241399999710000;5664179,642200000600000;6,586821564000047;51,104177825000079;1
219402;5201201506100291414;5;1;16;0;2020;12;18;3;3;5;2;2;1;1;0;0;0;0;321299,704300000330000;5674434,418099999400000;6,442484335000074;51,193341286000077;1
219404;5201130505200869397;5;1;14;0;2020;11;19;2;3;3;2;2;1;1;0;0;0;0;331522,768699999900000;5690099,989099999900000;6,581270403000076;51,337187581000080;1
219406;5201207404101382033;5;7;66;20;2020;12;13;2;3;0;7;0;1;1;0;0;0;0;490645,887799999680000;5754529,576899999800000;8,863920649000022;51,941402195000080;0
219407;5201209500200922200;5;1;11;0;2020;12;6;4;3;5;2;2;1;1;0;0;0;0;349788,416600000110000;5676543,138499999400000;6,848987957000077;51,220489259000033;1
219408;5201207501325074025;5;1;12;0;2020;12;14;2;3;5;3;0;1;1;0;0;0;0;345526,150999999610000;5692793,094000000500000;6,780970545000059;51,365362988000072;1
219410;5201210501212582261;5;1;12;0;2020;12;8;5;3;0;3;0;1;1;0;0;0;0;341440,041000000200000;5697922,263000000300000;6,720032201000038;51,410321504000080;0
219411;5201207400300287075;5;7;11;0;2020;12;7;2;3;5;3;2;1;1;0;0;0;0;466240,105000000450000;5761614,892000000900000;8,508188559000075;52,004158268000026;1
219412;5201207709100074685;5;5;66;12;2020;12;13;2;3;5;3;0;1;1;0;0;0;0;404561,752999999560000;5772452,539999999100000;7,606830612000067;52,094392941000081;1
219414;5201207400100570241;5;7;11;0;2020;12;16;2;3;3;7;1;1;1;0;0;0;0;468313,018000000160000;5764831,917999999600000;8,538087693000023;52,033203583000045;1
219415;5201209601310640208;5;3;15;0;2020;12;13;4;2;6;4;0;1;0;1;0;0;0;353890,750500000080000;5646765,196499999600000;6,919734091000066;50,953957473000060;0
219416;5201207317210875771;5;9;78;20;2020;12;7;2;3;0;7;2;1;1;0;0;0;0;406129,735000000340000;5716657,210999999200000;7,644858208000073;51,593136297000058;1
219417;5201209314110090132;5;9;66;24;2020;12;15;4;3;0;6;1;1;1;0;0;0;0;418222,037800000050000;5652123,999900000200000;7,834177966000027;51,014858841000034;0
219419;5201210405116978114;5;7;54;16;2020;12;8;5;3;5;3;0;1;1;0;0;0;0;447171,111299999990000;5756803,880200000500000;8,231156064000061;51,959419196000056;0
219420;5201207601700381747;5;3;16;0;2020;12;7;2;2;5;3;1;1;1;0;0;0;0;358509,054200000130000;5655409,196100000300000;6,982076656000061;51,032792886000038;1
219421;5201210505200617751;5;1;14;0;2020;12;20;5;2;3;6;2;1;1;0;0;0;0;333145,577399999830000;5691103,746600000200000;6,604075757000032;51,346683992000067;0
219423;5201210410220287039;5;7;70;8;2020;12;15;5;3;0;1;0;1;0;0;0;0;0;474244,610999999570000;5803880,759999999800000;8,621581393000042;52,384577207000063;0
219427;5201209516900776793;5;1;58;26;2020;12;16;4;3;5;3;1;1;1;0;0;0;0;351922,219999999740000;5661833,691999999800000;6,885573762000036;51,088865933000079;0
219432;5201207601510135209;5;3;15;0;2020;12;5;2;3;5;3;2;1;1;0;0;0;0;359126,137400000360000;5647000,781099999300000;6,994133249000072;50,957378196000036;1
219433;5201207316000080477;5;9;74;40;2020;12;13;2;3;1;5;0;1;1;0;0;0;0;438414,461699999870000;5713482,242399999900000;8,111411778000047;51,569046737000065;1
219440;5201207303100575443;5;9;15;0;2020;12;17;2;3;3;7;2;1;1;0;0;0;0;418010,474000000390000;5725800,956000000200000;7,814188199000057;51,677189379000026;1
219443;5201209711412203006;5;5;70;28;2020;12;14;4;3;3;2;0;1;1;0;0;0;0;440509,692999999970000;5742629,457000000400000;8,136666315000070;51,831316936000064;0
219448;5201208601610727208;5;3;15;0;2020;12;7;3;3;1;5;0;1;0;0;0;1;0;359521,423499999570000;5644862,164699999600000;7,000582969000050;50,938254738000069;0
219449;5201207301502197207;5;9;13;0;2020;12;13;2;3;5;3;0;1;1;0;0;0;0;392321,382899999620000;5703799,812999999200000;7,449522213000023;51,475099168000042;1
219450;5201208300410313209;5;9;16;0;2020;12;11;3;3;5;2;0;1;1;0;0;0;0;376947,101999999960000;5711662,153000000900000;7,225509164000073;51,542626192000057;0
219453;5201210601300576503;5;3;15;0;2020;12;7;5;3;0;1;0;1;0;0;0;0;0;353385,768000000160000;5648038,950999999400000;6,912036200000046;50,965275938000048;0
219454;5201209610122485813;5;3;70;28;2020;12;11;4;3;0;1;0;1;0;0;0;0;0;296759,850399999880000;5645929,964099999500000;6,107737573000065;50,929147631000035;2
219455;5201207600310581208;5;3;14;0;2020;12;23;2;2;5;3;2;1;1;0;0;0;0;360994,434000000360000;5619608,244799999500000;7,031107718000044;50,711643854000044;1
219461;5201207300500771436;5;9;11;0;2020;12;8;2;3;5;3;0;1;1;0;0;0;0;379974,001000000160000;5701614,625900000300000;7,272555087000058;51,452974573000063;1
219462;5201207705000774659;5;5;54;8;2020;12;13;2;3;5;2;0;1;1;0;0;0;0;336666,940700000150000;5745689,143200000700000;6,629187701000035;51,838100031000067;1
219469;5201209608100185866;5;3;34;2;2020;12;11;4;3;0;1;0;1;0;0;0;0;0;293071,750300000420000;5633565,308199999900000;6,062321237000049;50,816791657000067;2
219471;5201209400300287121;5;7;11;0;2020;12;10;4;3;0;3;0;1;1;0;0;0;0;466844,846599999820000;5762323,500099999800000;8,516929455000025;52,010565549000034;0
219479;5201208706000665766;5;5;58;16;2020;12;13;3;3;2;7;0;1;1;0;0;0;0;382433,563900000420000;5742982,790699999800000;7,294039057000020;51,825289360000056;0
219480;5201208500300191093;5;1;11;0;2020;12;17;3;3;5;3;2;1;0;0;0;0;0;343703,041100000030000;5675071,719599999500000;6,762557158000050;51,205634628000041;0
219483;5201210307000778399;5;9;62;52;2020;12;14;5;2;0;6;0;1;1;0;0;0;0;420652,531800000000000;5675941,107799999400000;7,863577313000064;51,229328235000025;0
219484;5201207601610437203;5;3;15;0;2020;12;13;2;3;5;3;0;1;1;0;0;0;0;358172,207000000400000;5644798,769999999600000;6,981417069000031;50,937354746000040;1
219487;5201209513210078680;5;1;62;24;2020;12;17;4;2;5;3;2;1;1;0;0;0;0;338062,833999999800000;5676935,819000000100000;6,681043784000053;51,220812141000067;1
219489;5201208702100855885;5;5;15;0;2020;12;13;3;3;0;3;0;1;0;0;1;0;0;408122,116499999540000;5757096,035000000100000;7,662911046000033;51,956964230000040;0
219490;5201208405140582005;5;7;54;40;2020;12;7;3;3;4;6;0;1;1;0;0;0;0;459859,399100000040000;5761758,607400000100000;8,415222928000048;52,005025608000039;1
219491;5201209702100774700;5;5;15;0;2020;12;8;4;3;0;1;1;1;0;0;0;0;0;404894,314799999820000;5758959,168299999100000;7,615435755000021;51,973168105000070;0
219493;5201206601300886612;5;3;15;0;2020;12;18;1;3;5;3;2;1;1;0;0;0;0;353119,259800000120000;5647148,515000000600000;6,908602931000075;50,957206093000082;1
219494;5201209500300401076;5;1;11;0;2020;12;17;4;3;5;3;2;1;1;0;0;0;0;343365,563000000080000;5676169,284000000000000;6,757250780000049;51,215404113000034;0
219496;5201207601310484201;5;3;15;0;2020;12;13;2;2;5;3;0;1;1;0;0;0;0;354194,741299999880000;5646582,279100000900000;6,924132454000073;50,952390642000069;1
219502;5201207600110086317;5;3;14;0;2020;12;7;2;3;0;1;2;1;0;0;0;0;0;366515,572599999610000;5621238,380200000500000;7,108673597000063;50,727589666000029;1
219503;5201210601110275201;5;3;15;0;2020;12;16;5;3;5;2;2;1;1;0;0;0;0;357001,413999999870000;5643479,561000000700000;6,965282341000034;50,925209971000072;0
219509;5201207518400582173;5;1;70;8;2020;12;16;2;3;5;3;1;1;1;0;0;0;0;343694,694400000390000;5714916,839500000700000;6,744901767000044;51,563640312000075;1
219510;5201210500100066155;5;1;11;0;2020;12;12;5;3;5;2;0;1;1;0;0;0;0;346632,788499999790000;5676086,839999999900000;6,804030130000058;51,215550190000044;0
219514;5201205706000991864;5;5;58;24;2020;12;19;7;3;0;7;2;1;0;0;0;0;0;392886,565999999640000;5736671,157999999800000;7,447605168000052;51,770662539000057;2
219515;5201207709110376750;5;5;66;12;2020;12;7;2;3;5;3;1;1;1;0;0;0;0;404930,751000000160000;5773620,598999999500000;7,611889460000043;52,104955168000060;1
219517;5201205705000864267;5;5;54;56;2020;12;10;7;3;0;1;0;1;0;0;0;0;0;355749,508600000290000;5762207,983599999900000;6,899042808000047;51,991777891000027;0
219518;5201209601500671654;5;3;15;0;2020;12;16;4;3;5;3;1;1;1;0;0;0;0;360802,609699999910000;5646119,569000000100000;7,018325702000027;50,949865981000073;0
219519;5201205702100865837;5;5;15;0;2020;12;15;7;3;0;5;0;1;1;0;0;0;0;407100,867999999780000;5757064,444000000100000;7,648061916000074;51,956510598000079;0
219526;5201205701200436206;5;5;62;20;2020;12;14;7;3;0;1;0;1;0;0;0;0;0;371830,973799999800000;5714457,947499999800000;7,150753356000053;51,566613237000070;1
219528;5201207705000010850;5;5;54;20;2020;12;11;2;3;5;3;0;1;1;0;0;0;0;364637,536999999550000;5786378,071000000500000;7,018804631000023;52,211194247000037;1
219530;5201205608200581204;5;3;34;2;2020;12;12;7;3;0;1;0;1;0;0;0;0;0;299394,613300000320000;5625812,545199999600000;6,156194693000032;50,749382805000039;0
219531;5201209600110090917;5;3;14;0;2020;12;14;4;3;1;5;0;1;1;0;0;0;0;365448,723100000060000;5622921,982599999800000;7,092951826000046;50,742475654000032;0
219532;5201205606100669816;5;3;78;4;2020;12;14;7;3;5;3;0;1;1;0;0;0;0;366157,371500000360000;5654176,085599999900000;7,091544543000055;51,023542494000026;0
219536;5201210303100558254;5;9;15;0;2020;12;21;5;3;4;2;2;1;1;0;0;0;0;415736,726999999960000;5724924,977000000000000;7,781522322000058;51,668978303000074;0
219537;5201207601520713201;5;3;15;0;2020;12;7;2;3;5;3;2;1;1;0;0;0;0;352645,397499999960000;5654741,530099999200000;6,898780455000065;51,025319520000039;0
219539;5201209506100282257;5;1;16;0;2020;12;9;4;3;0;1;0;1;0;0;0;0;0;323482,538999999870000;5670663,673000000400000;6,475543553000023;51,160145233000037;2