OBJECTID;UIDENTSTLAE;ULAND;UREGBEZ;UKREIS;UGEMEINDE;UJAHR;UMONAT;USTUNDE;UWOCHENTAG;UKATEGORIE;UART;UTYP1;ULICHTVERH;IstRad;IstPKW;IstFuss;IstKrad;IstGkfz;IstSonstige;LINREFX;LINREFY;XGCSWGS84;YGCSWGS84;STRZUSTAND
219541;5201205601620975203;5;3;15;0;2020;12;13;7;3;5;3;0;1;1;0;0;0;0;363624,555800000210000;5640511,472500000100000;7,060572801000035;50,900138053000035;0
219542;5201208609128819495;5;3;58;28;2020;12;8;3;2;0;1;0;1;0;0;0;0;0;322619,719999999740000;5624755,955000000100000;6,485584856000060;50,747451362000049;2
219543;5201208404301190747;5;7;66;44;2020;12;6;3;3;5;3;2;1;1;0;0;0;0;492510,827399999830000;5763844,699899999400000;8,890847492000034;52,025182398000027;1
219545;5201208705000587233;5;5;54;4;2020;12;12;3;2;0;1;0;1;0;0;0;0;0;361401,707999999630000;5773035,694399999500000;6,976919297000052;52,090507303000038;0
219547;5201210300100478260;5;9;11;0;2020;12;15;5;3;0;1;0;1;0;0;0;0;0;375635,842400000430000;5708322,484400000400000;7,207789148000074;51,512324236000040;1
219551;5201207500300351245;5;1;11;0;2020;12;11;2;3;5;3;0;1;1;0;0;0;0;345494,993999999950000;5675629,905999999500000;6,787948562000054;51,211137700000052;1
219553;5201207513310774150;5;1;62;8;2020;12;8;2;3;4;2;0;1;1;0;0;0;0;330055,466099999850000;5662840,164799999400000;6,573142018000056;51,091847220000034;1
219556;5201210600380569551;5;3;14;0;2020;12;9;5;3;0;1;0;1;0;0;0;0;0;370839,471800000410000;5617054,947200000300000;7,171368433000055;50,690964879000035;2
219557;5201209608100771738;5;3;34;2;2020;12;12;4;3;0;1;0;1;0;0;0;0;0;293713,764999999660000;5626798,626000000200000;6,075220406000028;50,756248483000036;1
219560;5201205600110290879;5;3;14;0;2020;12;12;7;2;5;2;0;1;1;0;0;0;0;364137,212000000290000;5621226,087999999500000;7,074999506000040;50,726927854000053;0
219561;5201209500200187223;5;1;11;0;2020;12;21;4;3;1;5;2;1;1;0;0;0;0;347352,995099999940000;5677487,045199999600000;6,813738046000026;51,228324867000026;0
219563;5201208601220086507;5;3;15;0;2020;12;10;3;3;5;3;0;1;1;0;0;0;0;356715,309899999760000;5642307,978900000500000;6,961674388000063;50,914610062000065;0
219564;5201210500300319203;5;1;11;0;2020;12;7;5;3;5;3;1;1;1;0;0;0;0;348828,374699999580000;5671154,039799999400000;6,837519891000056;51,171810605000076;0
219565;5201205518210878700;5;1;70;28;2020;12;10;7;3;0;7;0;1;0;0;0;0;0;331794,479000000280000;5702633,968800000800000;6,579228494000063;51,449871784000038;0
219566;5201207706100681081;5;5;58;16;2020;12;6;2;3;0;3;2;1;1;0;0;0;0;383834,623999999840000;5742521,562999999200000;7,314514487000054;51,821437214000071;1
219567;5201210515211052567;5;1;54;16;2020;12;15;5;2;9;1;0;1;0;0;0;0;0;303252,630900000220000;5728671,107300000300000;6,154394820000050;51,674505877000058;0
219571;5201209310220490122;5;9;54;8;2020;12;13;4;3;0;1;0;1;0;0;0;0;0;387499,012000000100000;5685449,134999999800000;7,385929172000033;51,309219151000036;1
219575;5201209405108180589;5;7;54;8;2020;12;13;4;3;5;3;0;1;0;0;0;0;0;456313,725399999880000;5751794,611700000200000;8,364839391000032;51,915176916000064;1
219580;5201205506100579039;5;1;16;0;2020;12;9;7;3;5;2;0;1;1;0;0;0;0;319343,869800000450000;5674705,792899999800000;6,414386766000064;51,195164163000072;0
219583;5201208706100091741;5;5;58;16;2020;12;8;3;3;0;1;0;1;0;0;0;0;1;380929,390399999920000;5743273,746400000500000;7,272123148000048;51,827585681000073;1
219584;5201208500300469152;5;1;11;0;2020;12;10;3;3;6;4;0;1;0;1;0;0;0;344723,730200000110000;5675975,679300000900000;6,776765568000030;51,214035437000064;1
219586;5201207601400078386;5;3;15;0;2020;12;18;2;3;1;5;2;1;1;0;0;0;0;353425,384499999690000;5650362,906300000800000;6,911663092000026;50,986170386000026;1
219589;5201210316100263327;5;9;74;8;2020;12;13;5;3;0;1;0;1;0;0;0;0;0;442910,289200000460000;5715444,015100000400000;8,175953484000047;51,587157579000063;1
219592;5201205506100185935;5;1;16;0;2020;12;12;7;3;4;6;0;1;1;0;0;0;0;314546,359699999910000;5674940,250600000800000;6,345680013000049;51,195733501000063;0
219595;5201208705000474659;5;5;54;8;2020;12;15;3;3;0;3;0;1;1;0;0;0;0;336064,327999999750000;5746757,071000000500000;6,619942641000023;51,847517140000036;1
219596;5201208405228382006;5;7;54;28;2020;12;19;3;2;0;1;2;1;0;0;0;0;0;451229,615399999540000;5743850,736199999200000;8,292049290000023;51,843335798000055;0
219601;5201209500300601076;5;1;11;0;2020;12;15;4;3;0;2;0;1;0;0;0;0;0;342285,475999999790000;5674299,542999999600000;6,742620371000044;51,198306838000065;0
219603;5201208601500381806;5;3;15;0;2020;12;16;3;3;5;3;1;1;1;0;0;0;0;359003,696000000460000;5650293,467399999500000;6,991114310000057;50,986939669000037;0
219606;5201208317000073371;5;9;78;28;2020;12;15;3;3;0;1;0;1;0;0;0;0;0;400051,702999999750000;5702084,482999999100000;7,561277952000069;51,461098790000051;1
219616;5201210514210586193;5;1;66;12;2020;12;7;5;3;3;2;1;1;1;0;0;0;0;319758,279000000100000;5694034,537000000500000;6,410560569000040;51,368923339000048;1
219621;5201207711216402946;5;5;70;4;2020;12;8;2;2;5;3;1;1;1;0;0;0;0;424047,959599999710000;5735230,570399999600000;7,899433867000028;51,762808011000061;1
219624;5201209602800585227;5;3;62;12;2020;12;9;4;3;5;3;0;1;1;0;0;0;0;351897,359400000420000;5632672,600099999500000;6,897085750000031;50,826804273000050;0
219626;5201209316300182054;5;9;74;28;2020;12;8;4;3;5;3;1;1;1;0;0;0;0;454466,243499999870000;5723057,728199999800000;8,341751799000065;51,656664497000065;0
219628;5201210406130981430;5;7;58;8;2020;12;7;5;3;8;1;0;1;1;0;0;0;0;467403,978099999950000;5777647,234999999400000;8,523611297000059;52,148367115000042;1
219631;5201205410110386949;5;7;70;24;2020;12;16;7;3;5;3;1;1;1;0;0;0;0;491328,178999999540000;5791051,761900000300000;8,872916313000076;52,269775981000066;0
219634;5201208705000770578;5;5;54;8;2020;12;13;3;3;1;1;0;1;1;0;0;0;0;335633,191399999890000;5746572,576600000300000;6,613776840000071;51,845732999000063;1
219635;5201205404101576171;5;7;66;20;2020;12;15;7;3;8;1;0;1;0;0;0;0;0;486046,342600000090000;5755077,999700000500000;8,796986687000072;51,946236709000061;1
219637;5201208502111785368;5;1;13;0;2020;12;5;3;2;0;7;2;1;0;0;0;0;0;362604,168899999930000;5702553,973799999800000;7,022349095000038;51,457467572000041;2
219640;5201210503200081450;5;1;24;0;2020;12;8;5;3;0;1;0;1;0;0;0;0;0;372083,572999999860000;5680059,944000000100000;7,166805348000025;51,257527979000031;2
219641;5201205400200576202;5;7;11;0;2020;12;11;7;3;0;2;0;1;1;0;0;0;0;469692,799999999810000;5762262,996999999500000;8,558428091000053;52,010184422000066;1
219642;5201209506100822168;5;1;16;0;2020;12;10;4;2;4;6;0;1;1;0;0;0;0;321110,526899999940000;5676622,873299999200000;6,438688984000066;51,212941427000032;0
219643;5201205400200487098;5;7;11;0;2020;12;10;7;2;0;5;0;1;1;0;0;0;0;469447,090900000180000;5763425,352000000000000;8,554744530000050;52,020621292000044;1
219645;5201208405108768213;5;7;54;8;2020;12;16;3;3;0;5;0;1;1;0;0;0;0;457247,696600000370000;5750484,521199999400000;8,378580238000041;51,903470945000038;0
219647;5201207601100176830;5;3;15;0;2020;12;10;2;3;5;3;0;1;1;0;0;0;0;355854,559999999590000;5644464,888000000300000;6,948585345000026;50,933779543000071;1
219650;5201207601300986415;5;3;15;0;2020;12;15;2;3;1;1;0;1;1;0;0;0;0;353623,709200000390000;5647667,383099999300000;6,915571860000057;50,961997311000061;1
219653;5201207406110084700;5;7;58;12;2020;12;19;2;2;1;5;2;1;1;0;0;0;0;479309,602400000210000;5775275,421599999100000;8,697752196000067;52,127617443000076;0
219659;5201209608200685828;5;3;34;2;2020;12;13;4;3;5;2;0;1;1;0;0;0;0;297719,400100000200000;5628834,310000000500000;6,130817662000027;50,775941850000038;0
219661;5201209405108468213;5;7;54;8;2020;12;17;4;3;5;2;2;1;1;0;0;0;0;457694,491000000390000;5753233,746999999500000;8,384736394000072;51,928222158000040;0
219662;5201211601700486632;5;3;16;0;2020;12;16;6;3;3;6;1;1;1;0;0;0;1;360119,093799999920000;5658837,390599999600000;7,003699352000069;51,063996079000049;1
219663;5201215514210076261;5;1;66;12;2020;12;17;3;3;5;7;2;1;0;0;0;0;1;320447,962299999780000;5694513,011600000800000;6,420216395000068;51,373439837000035;1
219664;5201215601200364539;5;3;15;0;2020;12;16;3;3;0;1;2;1;0;0;0;0;0;354983,761300000360000;5642840,804300000900000;6,936847049000050;50,918965969000055;1
219667;5201211601400786441;5;3;15;0;2020;12;18;6;3;5;3;2;1;1;0;0;0;0;355724,220800000240000;5647327,692099999600000;6,945597540000051;50,959474400000033;1
219668;5201215506100775527;5;1;16;0;2020;12;18;3;3;0;1;2;1;0;0;0;0;0;323517,609400000420000;5675945,257200000800000;6,473450368000044;51,207603028000051;1
219669;5201211601400372563;5;3;15;0;2020;12;14;6;3;5;3;0;1;1;0;0;0;0;357225,698699999600000;5648059,266100000600000;6,966676154000027;50,966422969000064;1
219670;5201215505200878970;5;1;14;0;2020;12;16;3;2;0;1;0;1;0;0;0;0;0;334621,787100000310000;5692303,310000000500000;6,624696039000071;51,357892580000055;1
219671;5201216406210086236;5;7;58;4;2020;12;10;4;3;3;2;0;1;1;0;0;0;0;471268,985999999570000;5783151,315999999600000;8,579630210000062;52,198065893000035;0
219673;5201215505100985879;5;1;14;0;2020;12;16;3;3;5;2;2;1;1;0;0;0;0;330538,299300000070000;5689613,666600000100000;6,567381958000055;51,332525960000055;1
219679;5201215501317067330;5;1;12;0;2020;12;10;3;3;5;3;0;1;1;0;0;0;0;344339,458999999800000;5699801,600999999800000;6,760863721000021;51,428010615000062;1
219680;5201211601200286397;5;3;15;0;2020;12;15;6;3;0;1;0;1;0;0;0;0;0;353700,344499999660000;5643120,649199999900000;6,918488391000039;50,921156889000031;1
219685;5201215500300368377;5;1;11;0;2020;12;18;3;3;3;2;2;1;1;0;0;0;0;348438,917000000370000;5675199,972999999300000;6,830245681000065;51,208063303000074;1
219686;5201215500200501791;5;1;11;0;2020;12;18;3;3;0;5;2;1;1;0;0;0;0;346664,755400000140000;5677563,462899999700000;6,803855895000027;51,228827039000066;1
219688;5201211600360433846;5;3;82;12;2020;12;13;6;2;5;3;0;1;1;0;0;0;0;361708,577999999750000;5625920,763000000300000;7,038847530000055;50,768548807000059;1
219693;5201215411132078107;5;7;74;32;2020;12;11;3;3;8;1;0;1;0;0;0;0;0;484634,676699999720000;5730016,429099999400000;8,777561310000067;51,720867261000080;1
219694;5201211600110080202;5;3;14;0;2020;12;12;6;3;1;5;0;1;1;0;0;0;0;366159,766400000080000;5621703,002100000200000;7,103466500000025;50,731683820000057;0
219695;5201215411132072216;5;7;74;32;2020;12;12;3;3;5;2;0;1;1;0;0;0;0;483418,689699999990000;5729499,389599999400000;8,759982643000058;51,716183759000046;1
219696;5201215711111979213;5;5;70;52;2020;12;9;3;3;5;3;0;1;1;0;0;0;0;429839,816999999810000;5756025,932600000900000;7,979122286000063;51,950508941000066;0
219698;5201215410130739375;5;7;70;28;2020;12;12;3;3;5;3;0;1;1;0;0;0;0;500231,776600000450000;5802394,393400000400000;9,003404458000034;52,371819867000056;1
219701;5201215405228555577;5;7;54;28;2020;12;7;3;3;0;2;1;1;1;0;0;0;0;450835,285000000150000;5745530,208000000600000;8,286086792000049;51,858400485000061;0
219703;5201215404101882045;5;7;66;20;2020;12;14;3;3;0;7;0;1;1;0;0;0;0;488978,769600000230000;5754999,975099999500000;8,839653191000025;51,945601022000062;1
219704;5201215601100754016;5;3;15;0;2020;12;18;3;3;5;3;2;1;1;0;0;0;0;354911,818500000050000;5645315,689600000200000;6,934839169000043;50,941189096000073;0
219707;5201215316100173623;5;9;74;40;2020;12;12;3;3;3;1;0;1;0;0;1;0;0;438235,087000000290000;5714345,845000000700000;8,108672153000043;51,576791357000047;1
219721;5201216316200081011;5;9;74;52;2020;12;14;4;2;0;7;0;1;0;1;0;0;0;429791,697100000460000;5712239,283199999500000;7,987265961000048;51,556864437000058;1
219729;5201214711214979615;5;5;70;4;2020;12;7;2;3;5;3;0;1;0;0;0;0;0;423203,975899999960000;5734216,728299999600000;7,887430816000062;51,753578822000065;0
219730;5201214709110506884;5;5;66;8;2020;12;17;2;3;4;6;2;1;1;0;0;0;0;397412,717500000260000;5782704,888900000600000;7,499415051000028;52,185258440000041;1
219732;5201211502105512202;5;1;13;0;2020;12;8;6;3;0;7;0;1;0;0;0;0;0;361932,906999999660000;5701747,275000000400000;7,013008166000077;51,450054950000037;1
219734;5201216301102873324;5;9;13;0;2020;12;13;4;3;2;1;0;1;1;0;0;0;0;395134,174999999810000;5703394,607000000800000;7,490128899000069;51,471985316000030;1
219736;5201214701300381320;5;5;62;14;2020;12;16;2;3;5;3;2;1;1;0;0;0;0;360622,122600000350000;5715306,076600000300000;6,988796474000026;51,571575687000063;1
219739;5201214610121685829;5;3;70;12;2020;12;13;2;3;0;3;0;1;1;0;0;0;0;297415,980999999680000;5650920,042999999600000;6,114285935000055;50,974195149000082;1
219741;5201214608200258005;5;3;34;2;2020;12;10;2;3;5;2;0;1;1;0;0;0;0;299330,752000000330000;5625896,706000000200000;6,155244729000060;50,750116652000031;1
219742;5201211501319774025;5;1;12;0;2020;12;20;6;3;5;2;2;1;1;0;0;0;0;345146,032999999820000;5696784,952999999700000;6,773774191000030;51,401126813000076;1
219743;5201214602100385756;5;3;62;8;2020;12;19;2;3;5;2;2;1;1;0;0;0;0;335113,541000000200000;5646851,643500000200000;6,652576150000073;50,949668575000032;0
219744;5201215706000272192;5;5;58;32;2020;12;9;3;3;8;1;0;1;0;0;0;0;0;387497,488699999640000;5754071,982999999100000;7,363872580000020;51,925995987000078;1
219748;5201214601320696203;5;3;15;0;2020;12;15;2;3;5;2;0;1;1;0;0;0;0;349156,111999999730000;5645593,918999999800000;6,852858535000053;50,942212350000034;0
219751;5201214601200381744;5;3;15;0;2020;12;12;2;3;0;1;0;1;0;0;0;0;0;353411,609100000000000;5643023,603900000500000;6,914422253000055;50,920211495000046;0
219754;5201211500200829204;5;1;11;0;2020;12;14;6;3;5;7;0;1;1;0;0;0;0;343618,262799999680000;5681229,935000000500000;6,758656478000034;51,260944599000027;0
219756;5201215600110479277;5;3;14;0;2020;12;17;3;3;1;5;2;1;1;0;0;0;0;365576,136500000020000;5622044,246400000500000;7,095076815000027;50,734616135000067;1
219758;5201214600130069526;5;3;82;8;2020;12;16;2;3;5;3;0;1;1;0;0;0;0;374705,523400000300000;5610038,017100000800000;7,228450106000025;50,628737256000079;0
219759;5201214518200076345;5;1;70;24;2020;12;15;2;3;3;2;0;1;1;0;0;0;0;337578,696800000030000;5701223,940800000000000;6,663044765000052;51,438892209000073;0
219762;5201216500200759208;5;1;11;0;2020;12;10;4;3;4;5;0;1;1;0;0;0;0;343342,707000000400000;5681102,397700000600000;6,754766175000043;51,259723000000065;1
219765;5201215600110344335;5;3;14;0;2020;12;13;3;3;1;5;0;1;1;0;0;0;0;364584,057400000280000;5621277,828299999200000;7,081307935000041;50,727497215000028;1
219768;5201214506100686698;5;1;16;0;2020;12;14;2;3;0;1;0;1;0;0;0;0;0;322423,141400000080000;5669529,912900000800000;6,460967928000059;51,149632384000029;1
219771;5201214505200591411;5;1;14;0;2020;12;13;2;3;1;5;0;1;1;0;0;0;0;329999,675099999640000;5690341,687899999300000;6,559310063000055;51,338905609000051;1
219774;5201211500200692100;5;1;11;0;2020;12;13;6;2;0;7;0;1;0;0;0;0;0;343339,191999999810000;5681124,371999999500000;6,754706216000045;51,259919477000039;0
219776;5201216411133637839;5;7;74;32;2020;12;9;4;2;0;1;0;1;0;0;0;0;0;490277,890499999750000;5732768,530999999500000;8,859179020000056;51,745738588000052;1
219777;5201211500200470419;5;1;11;0;2020;12;12;6;3;5;3;0;1;0;0;0;0;0;348026,745299999600000;5678622,462400000500000;6,822898590000023;51,238707115000068;0
219778;5201214505100086009;5;1;14;0;2020;12;10;2;3;0;5;0;1;1;0;0;0;0;328162,702800000090000;5687796,816700000300000;6,534189957000024;51,315491129000065;1
219779;5201214503100468932;5;1;24;0;2020;12;16;2;3;1;3;2;1;1;0;0;0;0;372694,151200000200000;5683035,053400000600000;7,174491351000029;51,284403484000052;1
219785;5201214500100000363;5;1;11;0;2020;12;8;2;3;5;2;1;1;1;0;0;0;0;344930,105000000450000;5676971,275000000400000;6,779287480000050;51,223037344000033;1
219787;5201214411216037717;5;7;74;16;2020;12;13;2;3;0;7;0;1;0;0;0;0;0;469401,999800000340000;5711800,295499999100000;8,558641029000057;51,556457210000076;1
219788;5201216307000546576;5;9;62;40;2020;12;10;4;3;0;1;0;1;0;0;0;0;0;415668,906600000340000;5699355,260700000500000;7,786673678000057;51,439106189000029;0
219789;5201211407101390766;5;7;62;20;2020;12;13;6;3;5;3;0;1;1;0;0;0;0;526061,643199999820000;5735859,150399999700000;9,377720765000049;51,773004942000057;0
219791;5201214405116581065;5;7;54;16;2020;12;11;2;3;5;3;0;1;1;0;0;0;0;447314,685700000260000;5757338,776000000500000;8,233163312000045;51,964241646000062;1
219792;5201215602600162205;5;3;62;20;2020;12;8;3;3;5;3;1;1;1;0;0;0;0;343234,235600000250000;5629937,616299999900000;6,775342450000039;50,799946818000080;1
219795;5201211317210290209;5;9;78;20;2020;12;17;6;3;5;3;2;1;1;0;0;0;0;407734,253800000060000;5715664,795499999100000;7,668275669000025;51,584480400000075;0
219802;5201216300510184207;5;9;54;36;2020;12;10;4;3;5;3;0;1;1;0;0;0;0;386110,166000000200000;5700283,144999999600000;7,361257015000035;51,442274669000028;1
219811;5201214301205584915;5;9;13;0;2020;12;16;2;3;3;3;1;1;1;0;0;0;0;386790,238699999640000;5711365,603599999100000;7,367483339000046;51,542021196000064;1
219812;5201215602300632751;5;3;62;36;2020;12;8;3;3;5;3;0;1;1;0;0;0;0;346973,200500000270000;5652465,206399999600000;6,818918882000048;51,003382728000076;0
219814;5201215601700297201;5;3;16;0;2020;12;20;3;3;0;5;2;1;1;0;0;0;0;359671,645100000310000;5657457,113500000900000;6,997853038000073;51,051482447000069;1
219816;5201216500200550578;5;1;11;0;2020;12;14;4;3;6;3;0;1;0;1;0;0;0;348051,686999999920000;5679013,075999999400000;6,823089879000065;51,242223669000055;0
219819;5201216502102862583;5;1;13;0;2020;12;15;4;3;0;1;0;1;0;0;0;0;0;362570,906000000420000;5702699,530999999500000;7,021814058000075;51,458767537000028;1
219824;5201213513000078772;5;1;62;22;2020;12;18;1;3;0;1;2;1;0;0;0;0;0;337816,639700000170000;5678833,781300000800000;6,676662382000075;51,237794972000074;1
219835;5201213500200469085;5;1;11;0;2020;12;20;1;3;0;7;2;1;1;0;0;0;0;347380,266699999570000;5679469,311000000700000;6,813283696000042;51,246143970000048;0
219836;5201213500100038203;5;1;11;0;2020;12;15;1;3;0;1;0;1;0;0;0;0;0;343571,206600000150000;5678642,650100000200000;6,759113320000040;51,237684346000037;1
219837;5201212705000805037;5;5;54;20;2020;12;11;7;3;0;7;0;1;0;0;0;0;0;365995,111800000070000;5782900,756999999300000;7,040036978000046;52,180281022000031;1
219838;5201212702100092506;5;5;15;0;2020;12;16;7;3;3;7;1;1;1;0;0;0;0;405353,528599999850000;5757673,529200000700000;7,622473369000034;51,961690654000051;1
219843;5201212607200873844;5;3;82;20;2020;12;16;7;3;5;3;2;1;1;0;0;0;0;378208,315999999640000;5626167,170199999600000;7,272632533000035;50,774462649000043;1
219846;5201212601600486470;5;3;15;0;2020;12;16;7;3;5;3;2;1;1;0;0;0;0;359113,806300000290000;5645215,590500000900000;6,994648515000051;50,941331560000037;1
219847;5201210711142087219;5;5;70;44;2020;12;15;5;3;5;3;0;1;1;0;0;0;0;415999,834200000390000;5759872,147800000400000;7,776845782000066;51,983164436000038;0
219851;5201210709500236096;5;5;66;76;2020;12;7;5;2;5;3;2;1;1;0;0;0;0;392771,793700000270000;5792866,300100000600000;7,428335027000060;52,275698645000034;0
219854;5201210706000378383;5;5;58;16;2020;12;15;5;3;5;3;0;1;0;0;0;0;0;381621,946299999950000;5744347,576799999900000;7,281800862000068;51,837383555000031;1
219855;5201212600110444335;5;3;14;0;2020;12;22;7;2;5;2;2;1;1;0;0;0;0;366013,552799999710000;5621063,498099999500000;7,101628233000042;50,725902264000069;1
219860;5201210705000281002;5;5;54;20;2020;12;7;5;2;0;2;2;1;1;0;0;0;0;365458,605999999680000;5783521,313999999300000;7,031948795000062;52,185726378000027;2
219867;5201212502214689701;5;1;13;0;2020;12;11;7;3;5;6;0;1;1;0;0;0;0;361310,909599999900000;5700068,198400000100000;7,004720398000075;51,434814168000059;0
219869;5201212500300962207;5;1;11;0;2020;12;18;7;3;0;1;2;1;0;0;0;0;0;344971,518500000240000;5674611,515000000600000;6,780899973000032;51,201845162000041;1
219870;5201216500300576206;5;1;11;0;2020;12;10;4;3;1;5;0;1;1;0;0;0;0;344968,013899999670000;5674624,730100000300000;6,780844139000067;51,201962955000056;0
219872;5201212407301537728;5;7;62;36;2020;12;6;7;2;0;7;2;1;0;0;0;0;0;509997,092699999920000;5704674,322200000300000;9,144002254000043;51,493124242000079;1
219874;5201212316400771293;5;9;74;36;2020;12;10;7;3;0;2;0;1;1;0;0;0;0;461458,320799999870000;5704570,434800000900000;8,444854146000068;51,490964724000037;1
219875;5201212316100582003;5;9;74;8;2020;12;14;7;2;0;2;0;1;0;0;0;0;0;441527,201600000260000;5718179,432000000000000;8,155535937000025;51,611608772000068;1
219883;5201212301302575403;5;9;13;0;2020;12;13;7;3;5;3;0;1;1;0;0;0;0;397309,627999999560000;5706613,126000000200000;7,520503819000055;51,501314813000079;0
219887;5201211709100887267;5;5;66;76;2020;12;14;6;3;5;2;0;1;1;0;0;0;0;392932,537200000140000;5792342,104100000100000;7,430856520000020;52,271018937000065;0
219892;5201216300510294200;5;9;54;36;2020;12;13;4;3;0;7;0;1;1;0;0;0;0;384498,859799999740000;5700051,055199999400000;7,338158322000027;51,439862344000062;1
219897;5201211705000009603;5;5;54;8;2020;12;16;6;2;0;2;0;1;1;0;0;0;0;336664,718100000170000;5745689,434900000700000;6,629155332000039;51,838102001000038;1
219899;5201211702100668375;5;5;15;0;2020;12;12;6;3;5;3;0;1;0;0;0;1;0;404933,861200000160000;5760397,519300000700000;7,615612762000069;51,986103293000042;0
219901;5201210602500467504;5;3;62;24;2020;12;7;5;3;0;7;0;1;0;0;0;0;0;345114,347799999640000;5641604,997199999200000;6,797066399000073;50,905296512000064;2
219902;5201211701910216206;5;5;62;8;2020;12;17;6;3;5;3;2;1;1;0;0;0;0;385711,814100000080000;5725065,199999999300000;7,347474282000064;51,664933559000076;1
219908;5201211609108785709;5;3;58;8;2020;12;17;6;3;0;3;2;1;1;0;0;0;0;323287,139399999750000;5629518,734600000100000;6,492748433000031;50,790444872000080;1
219909;5201211608404380796;5;3;34;4;2020;12;17;6;3;0;3;2;1;1;0;0;0;0;300161,933299999680000;5639243,968000000300000;6,159746105000068;50,870285286000069;1
219911;5201211608100323205;5;3;34;2;2020;12;15;6;3;5;3;0;1;1;0;0;0;0;292785,618599999700000;5630648,018500000200000;6,059910986000034;50,790489342000058;1
219912;5201210601600990350;5;3;15;0;2020;12;9;5;2;3;1;0;1;1;0;0;0;0;359559,396200000310000;5644300,391400000100000;7,001339586000029;50,933215262000033;0
219914;5201215515110065207;5;1;54;36;2020;12;7;3;2;4;2;1;1;1;0;0;0;0;302599,773000000040000;5740160,551999999200000;6,138452898000026;51,777454192000050;1
219920;5201216500200569173;5;1;11;0;2020;12;7;4;3;0;7;1;1;0;0;0;0;0;343312,185300000010000;5681107,707100000200000;6,754326769000045;51,259762318000071;1
219921;5201210601400974407;5;3;15;0;2020;12;9;5;2;7;7;0;1;0;0;0;0;0;355889,602199999620000;5647966,630300000300000;6,947697795000067;50,965257785000063;0
219923;5201217518100244154;5;1;70;48;2020;12;16;5;3;5;2;0;1;1;0;0;0;0;335664,832000000400000;5728029,861999999700000;6,623004583000068;51,679162891000033;0
219924;5201217608312969642;5;3;34;12;2020;12;16;5;2;2;6;1;1;1;0;0;0;0;304198,880300000310000;5635788,034000000000000;6,218897538000022;50,840625065000040;0
219925;5201220302100989997;5;9;14;0;2020;12;15;1;3;0;7;0;1;0;0;0;0;0;393077,412200000140000;5693127,061699999500000;7,463625422000064;51,379309501000080;1
219930;5201218500300276184;5;1;11;0;2020;12;11;6;3;5;2;0;1;1;0;0;0;0;352484,034599999900000;5668311,978399999400000;6,890940234000027;51,147226051000075;0
219937;5201221702100079175;5;5;15;0;2020;12;13;2;3;5;3;0;1;1;0;0;0;0;403528,344999999740000;5761903,369999999200000;7,594728009000050;51,999395961000062;1
219939;5201223500100978076;5;1;11;0;2020;12;12;4;3;0;1;0;1;0;0;0;0;0;346502,450199999850000;5676513,669299999300000;6,801982659000032;51,219350461000033;1
219941;5201222301201793202;5;9;13;0;2020;12;18;3;3;5;3;2;1;1;0;0;0;0;392365,529699999840000;5708938,141400000100000;7,448590054000022;51,521293098000058;0
219942;5201218405228774544;5;7;54;28;2020;12;15;6;3;5;3;0;1;1;0;0;0;0;450719,423999999650000;5744944,104000000300000;8,284488118000070;51,853120909000040;0
219947;5201222702100565812;5;5;15;0;2020;12;17;3;3;0;1;2;1;0;0;0;0;0;406206,356599999590000;5756186,614600000900000;7,635287878000042;51,948470089000068;1
219948;5201218601000381872;5;3;15;0;2020;12;13;6;2;0;1;0;1;0;0;0;0;0;354353,440899999810000;5646972,277100000500000;6,926234279000028;50,955935553000074;0
219950;5201217505200085953;5;1;14;0;2020;12;8;5;3;0;7;2;1;0;0;0;0;1;331129,148900000380000;5690333,073699999600000;6,575514332000068;51,339164823000033;1
219951;5201217608312477535;5;3;34;12;2020;12;8;5;3;5;3;1;1;1;0;0;0;0;308910,386400000190000;5632810,235799999900000;6,287289051000073;50,815451395000082;1
219952;5201220601200187296;5;3;15;0;2020;12;15;1;3;0;3;0;1;1;0;0;0;0;354655,697999999860000;5644236,190999999600000;6,931626705000042;50,931423426000038;0
219953;5201217505100576540;5;1;14;0;2020;12;7;5;3;5;3;2;1;1;0;0;0;0;328487,679499999620000;5686444,535399999500000;6,539498837000053;51,303440657000067;1
219957;5201219500200524209;5;1;11;0;2020;12;17;7;3;5;3;2;1;1;0;0;0;0;346220,369699999690000;5681007,043899999900000;6,796017181000025;51,259649668000066;0
219958;5201222515211646721;5;1;54;16;2020;12;12;3;3;5;3;0;1;1;0;0;0;0;302815,442699999550000;5728771,576400000600000;6,148023376000026;51,675254854000059;1
219961;5201221601500286611;5;3;15;0;2020;12;17;2;3;2;3;2;1;1;0;0;0;0;361072,081600000150000;5648841,579500000900000;7,021120241000062;50,974394227000062;1
219964;5201220500300691223;5;1;11;0;2020;12;14;1;3;0;2;0;1;1;0;0;0;0;348590,253600000400000;5671691,069599999100000;6,833890029000031;51,176573254000061;0