OBJECTID;UIDENTSTLAE;ULAND;UREGBEZ;UKREIS;UGEMEINDE;UJAHR;UMONAT;USTUNDE;UWOCHENTAG;UKATEGORIE;UART;UTYP1;ULICHTVERH;IstRad;IstPKW;IstFuss;IstKrad;IstGkfz;IstSonstige;LINREFX;LINREFY;XGCSWGS84;YGCSWGS84;STRZUSTAND
219965;5201218709500279617;5;5;66;60;2020;12;12;6;3;5;2;0;1;1;0;0;0;0;388535,813000000080000;5789033,222699999800000;7,367539849000025;52,240408638000076;0
219968;5201218502231073547;5;1;13;0;2020;12;15;6;2;0;1;0;1;0;0;0;0;0;364285,954099999740000;5696556,320000000300000;7,048839222000026;51,403974679000044;0
219969;5201219317110951341;5;9;78;36;2020;12;17;7;3;5;2;2;1;0;0;0;0;0;409218,824500000100000;5712306,040899999400000;7,690565072000027;51,554528775000051;0
219970;5201222505100078793;5;1;14;0;2020;12;13;3;3;5;2;0;1;1;0;0;0;0;325529,063000000080000;5686271,794999999900000;6,497182324000050;51,300989789000027;1
219972;5201218506100391609;5;1;16;0;2020;12;15;6;3;0;2;0;1;1;0;0;0;0;323280,007500000300000;5675543,414899999300000;6,470250266000051;51,203919655000050;0
219973;5201221518400200436;5;1;70;8;2020;12;15;2;3;5;2;0;1;1;0;0;0;0;344338,298999999650000;5716202,489000000100000;6,753610177000041;51,575369495000075;0
219978;5201218608408689812;5;3;34;8;2020;12;8;6;3;5;3;0;1;1;0;0;0;0;301596,899199999870000;5643725,834300000200000;6,177680886000076;50,911034568000048;0
219981;5201218500100069712;5;1;11;0;2020;12;14;6;3;1;5;0;1;1;0;0;0;0;343685,089700000360000;5677870,125900000300000;6,761080469000035;51,230774221000047;0
219982;5201217411132280623;5;7;74;32;2020;12;21;5;3;0;1;2;1;0;0;0;0;0;481779,738800000400000;5730483,131799999600000;8,736207337000053;51,724978021000027;0
219983;5201221500100828201;5;1;11;0;2020;12;17;2;3;3;6;2;1;1;0;0;0;0;344805,571000000460000;5677710,309000000400000;6,777185492000058;51,229644002000043;1
219989;5201219608404022203;5;3;34;4;2020;12;18;7;3;0;1;2;1;0;0;0;0;0;301071,639899999830000;5639898,324999999300000;6,172302812000055;50,876476286000070;1
219990;5201223407101537906;5;7;62;20;2020;12;11;4;3;0;6;0;1;1;0;0;0;0;525469,460199999620000;5735557,337300000700000;9,369116101000031;51,770318564000036;1
219991;5201218601620504204;5;3;15;0;2020;12;10;6;2;0;7;0;1;0;0;0;0;0;363643,777400000020000;5639142,788699999500000;7,061356925000041;50,887841532000039;0
219992;5201221705000621108;5;5;54;68;2020;12;17;2;3;5;2;2;1;1;0;0;0;0;350984,097099999900000;5767270,894799999900000;6,827486268000030;52,036007465000068;1
219993;5201218400100974537;5;7;11;0;2020;12;13;6;3;5;3;0;1;1;0;0;0;0;465990,788999999870000;5766094,161000000300000;8,504111510000030;52,044414296000070;0
219996;5201217307000980452;5;9;62;24;2020;12;12;5;2;0;7;0;1;0;0;0;0;0;409082,355000000450000;5693537,416300000600000;7,693426097000042;51,385787654000069;0
219997;5201219506100211776;5;1;16;0;2020;12;14;7;3;0;7;0;1;1;0;0;0;0;321590,097199999730000;5674966,138100000100000;6,446371737000050;51,198208592000071;0
219998;5201222610221754346;5;3;70;20;2020;12;12;3;3;0;2;0;1;1;0;0;0;0;305405,908900000150000;5659464,273800000500000;6,223370503000069;51,053693618000068;1
220000;5201222709100512498;5;5;66;8;2020;12;16;3;3;5;2;1;1;1;0;0;0;0;399633,281999999660000;5781453,065999999600000;7,532254942000066;52,174415947000057;1
220004;5201217303100279813;5;9;15;0;2020;12;12;5;3;5;3;0;1;1;0;0;0;0;418774,122000000440000;5726437,811000000700000;7,825082126000041;51,683025385000064;1
220006;5201217301304891984;5;9;13;0;2020;12;13;5;3;3;6;0;1;1;0;0;0;0;401721,607599999760000;5709336,328600000600000;7,583288121000066;51,526577981000059;1
220007;5201219404301078077;5;7;66;44;2020;12;11;7;3;0;2;0;1;1;0;0;0;0;491057,526999999770000;5770305,043999999800000;8,869496993000041;52,083244869000055;0
220008;5201222513320679544;5;1;62;4;2020;12;14;3;3;1;5;0;1;0;0;0;0;1;347130,208599999550000;5660124,282800000200000;6,817923234000034;51,072248345000048;1
220012;5201217301101084939;5;9;13;0;2020;12;18;5;2;5;3;2;1;1;0;0;0;0;392659,166000000200000;5708003,585999999200000;7,453105419000053;51,512948804000075;0
220017;5201217606000886537;5;3;78;28;2020;12;19;5;2;0;1;2;1;0;0;0;0;0;374216,444600000050000;5641917,443700000600000;7,210636184000066;50,915179862000059;1
220018;5201220505100326567;5;1;14;0;2020;12;12;1;3;5;2;0;1;1;0;0;0;0;337983,706399999560000;5688296,422700000900000;6,674762812000040;51,322861136000029;0
220019;5201219313121948542;5;9;58;32;2020;12;15;7;3;8;1;0;1;0;0;0;0;0;450233,385800000280000;5688384,205399999400000;8,285457480000048;51,344555204000073;1
220021;5201222600110969587;5;3;14;0;2020;12;20;3;3;5;3;2;1;1;0;0;0;0;365401,678899999710000;5622659,948699999600000;7,092381166000052;50,740109614000062;1
220024;5201221518200676345;5;1;70;24;2020;12;4;2;3;0;1;2;1;0;0;0;0;0;338383,154900000430000;5703020,425300000200000;6,673788796000054;51,455262605000030;1
220026;5201217601320259208;5;3;15;0;2020;12;16;5;3;5;3;0;1;0;0;1;0;0;351091,322499999780000;5645579,071000000500000;6,880390484000031;50,942581965000045;0
220027;5201219705000365897;5;5;54;8;2020;12;1;7;2;9;1;2;1;1;0;0;0;0;334300,972799999640000;5745363,969900000800000;6,595033336000029;51,834481999000047;1
220028;5201223500200001154;5;1;11;0;2020;12;11;4;3;5;3;0;1;1;0;0;0;0;347029,472500000150000;5677180,539899999300000;6,809238898000046;51,225484126000026;1
220031;5201222313110181984;5;9;58;4;2020;12;8;3;2;5;3;0;1;1;0;0;0;0;429930,525000000370000;5697737,471000000800000;7,992147368000076;51,426505417000044;1
220033;5201217705000786828;5;5;54;8;2020;12;13;5;3;6;4;0;1;0;1;0;0;0;337429,666000000200000;5747152,960000000900000;6,639560570000072;51,851472854000065;0
220034;5201218701930903205;5;5;62;36;2020;12;14;6;3;5;2;0;1;1;0;0;0;0;390114,221400000150000;5719521,428799999900000;7,412843979000058;51,615984027000081;0
220036;5201216711422065825;5;5;70;20;2020;12;16;4;3;0;3;1;1;1;0;0;0;0;432905,262400000360000;5743545,772199999500000;8,026148030000059;51,838692836000064;0
220040;5201216709500261951;5;5;66;76;2020;12;17;4;3;0;2;2;1;1;0;0;0;0;391588,908200000410000;5792404,471000000800000;7,411152876000074;52,271316168000055;0
220042;5201223405244406678;5;7;54;44;2020;12;5;4;3;2;2;2;1;1;0;0;0;0;466164,044300000180000;5747964,010199999400000;8,508423980000032;51,881422459000078;1
220045;5201221705000125217;5;5;54;4;2020;12;11;2;3;0;1;0;1;0;0;0;0;0;362815,587399999610000;5771320,019400000600000;6,998233669000058;52,075443644000075;0
220048;5201220610211471728;5;3;70;4;2020;12;16;1;3;3;7;0;1;1;0;0;0;0;314288,788800000210000;5661534,157099999500000;6,348907563000068;51,075227860000041;1
220049;5201218406210233665;5;7;58;4;2020;12;14;6;3;3;6;0;1;1;0;0;0;0;473218,430800000210000;5782687,886600000800000;8,608188852000069;52,193997612000032;0
220051;5201221404103180326;5;7;66;32;2020;12;11;2;3;6;7;0;1;0;1;0;0;0;498054,373700000350000;5748977,647099999700000;8,971727246000057;51,891559556000061;1
220052;5201216705000466228;5;5;54;28;2020;12;13;4;3;8;7;0;1;1;0;0;0;0;359506,596099999730000;5741288,447399999900000;6,962250449000067;51,804770578000046;0
220054;5201222702100568260;5;5;15;0;2020;12;7;3;3;5;3;2;1;1;0;0;0;0;407854,641699999570000;5757275,711999999400000;7,658971471000029;51,958535009000059;1
220056;5201218601200390346;5;3;15;0;2020;12;12;6;3;0;3;0;1;1;0;0;0;0;354052,995900000450000;5643463,992799999200000;6,923364882000044;50,924331726000048;0
220058;5201216702100065796;5;5;15;0;2020;12;12;4;3;5;6;0;1;1;0;0;0;0;402052,154000000100000;5754195,832000000400000;7,575430331000064;51,929860407000035;1
220060;5201220601200690617;5;3;15;0;2020;12;15;1;2;5;3;1;1;1;0;0;0;0;354713,242600000460000;5642250,516100000600000;6,933236124000075;50,913593136000031;0
220062;5201219400200168104;5;7;11;0;2020;12;11;7;3;6;4;0;1;0;1;0;0;0;467880,340200000440000;5764243,024700000900000;8,531835919000059;52,027884179000068;0
220063;5201222505200885920;5;1;14;0;2020;12;14;3;3;5;3;0;1;1;0;0;0;0;331838,786799999890000;5691557,678600000200000;6,585114422000061;51,350376983000046;1
220067;5201222518200075413;5;1;70;24;2020;12;11;3;2;5;3;0;1;1;0;0;0;0;332526,166400000450000;5706985,517500000100000;6,587686782000048;51,489182106000044;0
220073;5201220501213672027;5;1;12;0;2020;12;14;1;3;0;7;0;1;0;1;0;0;0;338110,310200000180000;5698755,734899999600000;6,671814779000044;51,416869013000053;0
220078;5201218503300063826;5;1;20;0;2020;12;10;6;3;4;2;0;1;1;0;0;0;0;376541,763000000270000;5675132,360999999600000;7,232361717000060;51,214222455000026;0
220080;5201218506100586038;5;1;16;0;2020;12;10;6;2;0;1;0;1;0;0;0;0;0;322311,478000000120000;5673986,620999999300000;6,457170814000051;51,189634043000069;1
220083;5201217600380756207;5;3;14;0;2020;12;21;5;3;6;4;2;1;0;1;0;0;0;370739,548200000080000;5614397,371600000200000;7,170883540000034;50,667055309000034;1
220085;5201223500300261203;5;1;11;0;2020;12;14;4;3;5;7;0;1;1;0;0;0;0;347197,755900000220000;5674158,071399999800000;6,812934612000049;51,198370470000043;1
220088;5201216608100771738;5;3;34;2;2020;12;7;4;3;0;1;1;1;0;0;0;0;0;292369,928999999540000;5631276,815999999600000;6,053665922000050;50,795987806000028;2
220089;5201218500200001154;5;1;11;0;2020;12;17;6;1;8;1;2;1;1;0;0;0;0;346939,798499999570000;5678457,773800000500000;6,807410037000068;51,236936742000069;0
220090;5201216606100481179;5;3;78;4;2020;12;9;4;3;0;7;0;1;0;0;0;0;0;368609,720999999900000;5651149,469000000500000;7,127588260000039;50,996905961000039;1
220091;5201221500200085937;5;1;11;0;2020;12;16;2;3;4;3;2;1;1;0;0;0;0;344728,998300000090000;5678196,349700000100000;6,775879013000065;51,233990427000037;1
220094;5201223300600679201;5;9;16;0;2020;12;14;4;3;1;7;0;1;1;0;0;0;0;375805,380199999550000;5710674,425499999900000;7,209402001000058;51,533499128000074;1
220097;5201216603104186467;5;3;66;4;2020;12;13;4;3;0;2;0;1;1;0;0;0;0;341655,113400000150000;5603957,441800000100000;6,764078956000049;50,566056950000075;1
220098;5201219609224433250;5;3;58;24;2020;12;9;7;2;0;1;0;1;0;0;0;0;0;311827,477199999620000;5644777,151100000400000;6,322495967000066;50,923903968000047;2
220099;5201223411108068195;5;7;74;8;2020;12;12;4;3;5;3;0;1;1;0;0;0;0;487309,668499999680000;5736905,721500000000000;8,816034556000034;51,782877831000064;1
220102;5201218400200868097;5;7;11;0;2020;12;17;6;3;6;4;2;1;0;1;0;0;0;476194,190600000320000;5766740,830099999900000;8,652838728000063;52,050760446000027;0
220103;5201216601700178576;5;3;16;0;2020;12;10;4;3;5;3;0;1;1;0;0;0;0;359148,964999999850000;5656332,969000000500000;6,990837819000035;51,041251935000048;0
220108;5201218600350815206;5;3;82;32;2020;12;9;6;2;4;2;0;1;1;0;0;0;0;361162,978900000450000;5610004,110600000200000;7,037097458000062;50,625364850000039;1
220110;5201216601510669204;5;3;15;0;2020;12;12;4;3;1;5;0;1;1;0;0;0;0;358890,526700000280000;5651251,654500000200000;6,989130739000075;50,995523139000056;0
220111;5201221702100042572;5;5;15;0;2020;12;13;2;2;0;7;0;1;0;0;0;0;0;405687,639999999660000;5757907,540300000500000;7,627270401000033;51,963850825000065;1
220112;5201218302100075765;5;9;14;0;2020;12;18;6;3;5;2;2;1;1;0;0;0;0;394086,795300000350000;5690152,330000000100000;7,479010007000056;51,352759580000054;0
220113;5201216601210753201;5;3;15;0;2020;12;15;4;2;5;2;0;1;1;0;0;0;0;353718,596300000320000;5643881,634700000300000;6,918442607000031;50,928000248000046;0
220114;5201220603116390914;5;3;66;16;2020;12;10;1;2;3;6;0;1;0;0;0;0;0;347185,121000000280000;5607599,924000000600000;6,840608609000071;50,600263514000062;1
220116;5201219405244456391;5;7;54;44;2020;12;22;7;2;0;7;2;1;0;0;0;0;0;463645,065000000410000;5748784,037000000500000;8,471742911000035;51,888636555000062;0
220118;5201222603116738205;5;3;66;16;2020;12;19;3;2;1;3;2;1;1;0;0;0;0;344533,370000000110000;5612868,695900000600000;6,800958283000057;50,646910759000036;1
220119;5201217610111977581;5;3;70;16;2020;12;10;5;3;2;3;0;1;1;0;0;0;0;296463,867999999780000;5660818,937000000800000;6,095187898000063;51,062760754000067;1
220120;5201218513330986776;5;1;62;12;2020;12;14;6;2;0;1;0;1;0;0;0;0;0;327455,842000000180000;5668094,346000000800000;6,533541888000059;51,138274596000031;1
220122;5201216600380069549;5;3;14;0;2020;12;17;4;3;7;7;2;1;0;1;0;0;0;370584,307199999690000;5616214,699400000300000;7,168052049000039;50,683355698000071;1
220124;5201220410110868090;5;7;70;24;2020;12;19;1;3;0;1;2;1;0;0;0;0;0;491927,495000000110000;5792138,773700000700000;8,881673119000027;52,279557906000036;0
220125;5201218702100242799;5;5;15;0;2020;12;10;6;3;5;3;0;1;1;0;0;0;0;401033,640200000260000;5747910,502200000000000;7,562426659000039;51,873185982000052;0
220126;5201217600110233966;5;3;14;0;2020;12;17;5;3;1;5;2;1;1;0;0;0;0;365841,239599999970000;5618614,539100000600000;7,100078620000033;50,703851279000048;1
220127;5201220514210178903;5;1;66;12;2020;12;20;1;3;0;1;2;1;0;0;0;0;0;320752,068900000300000;5693821,099600000300000;6,424929914000074;51,367320578000033;0
220128;5201219316300037704;5;9;74;28;2020;12;11;7;3;5;3;0;1;1;0;0;0;0;455227,605600000360000;5724113,383300000800000;8,352622247000056;51,666216959000053;1
220130;5201222601000573829;5;3;15;0;2020;12;12;3;3;0;1;0;1;0;0;0;0;0;355409,531800000000000;5644284,242200000200000;6,942327925000029;50,932044718000043;1
220131;5201218505200918006;5;1;14;0;2020;12;17;6;3;5;3;2;1;0;0;0;0;0;332908,458499999720000;5691818,589299999200000;6,600338457000021;51,353036529000065;1
220133;5201216600110620208;5;3;14;0;2020;12;18;4;2;5;3;2;1;1;0;0;0;0;362582,039699999620000;5623699,059100000200000;7,052056101000062;50,748788430000047;1
220134;5201217600110065599;5;3;14;0;2020;12;9;5;3;5;3;0;1;1;0;0;0;0;363935,641300000250000;5624648,221300000300000;7,070881432000022;50,757638132000068;1
220135;5201220301101477631;5;9;13;0;2020;12;16;1;3;0;7;0;1;0;1;0;0;0;393802,967799999750000;5708412,981399999900000;7,469459100000051;51,516844816000059;0
220136;5201223500200558077;5;1;11;0;2020;12;20;4;2;0;1;2;1;0;0;0;0;0;342810,840900000180000;5682283,825300000600000;6,746630416000073;51,270191891000081;1
220138;5201222400100276182;5;7;11;0;2020;12;8;3;3;5;3;0;1;1;0;0;0;0;467372,741000000390000;5764344,381999999300000;8,524427951000064;52,028765814000053;1
220141;5201221411132837622;5;7;74;32;2020;12;12;2;3;5;3;0;1;1;0;0;0;0;482639,483400000260000;5732938,972100000800000;8,748532048000072;51,747086444000047;0
220142;5201222500100585395;5;1;11;0;2020;12;10;3;3;1;5;0;1;1;0;0;0;0;343109,249699999580000;5677867,630500000000000;6,752840519000074;51,230593791000047;1
220147;5201216515210682341;5;1;54;12;2020;12;13;4;2;0;7;0;1;0;0;0;0;0;308682,705699999820000;5707742,174100000400000;6,244233273000020;51,488415376000034;1
220150;5201218601600067774;5;3;15;0;2020;12;15;6;3;5;4;0;1;0;1;0;0;0;364170,502999999560000;5638485,437999999200000;7,069085405000067;50,882057641000074;0
220151;5201221705000486007;5;5;54;48;2020;12;9;2;3;5;3;0;1;1;0;0;0;0;341353,928999999540000;5745301,357000000800000;6,697337906000030;51,835967229000062;1
220154;5201220706200603108;5;5;58;12;2020;12;11;1;3;0;7;0;1;0;0;0;0;0;374335,800499999900000;5753779,539300000300000;7,172668174000023;51,920552714000053;0
220155;5201216506100480669;5;1;16;0;2020;12;9;4;2;5;3;0;1;1;0;0;0;0;321946,191100000400000;5675326,766599999700000;6,451284317000045;51,201559293000059;1
220159;5201222702100570622;5;5;15;0;2020;12;13;3;3;1;1;0;1;1;0;0;0;0;407159,692400000060000;5756600,947399999900000;7,649042950000023;51,952354270000058;1
220160;5201218601200878577;5;3;15;0;2020;12;15;6;3;5;2;0;1;1;0;0;0;0;356877,812699999660000;5641130,744100000700000;6,964446215000066;50,904070623000052;0
220162;5201218301301073404;5;9;78;24;2020;12;13;6;3;0;1;0;1;0;0;0;0;0;400379,380400000140000;5718629,004400000000000;7,561311474000036;51,609872697000071;0
220164;5201220601310961201;5;3;15;0;2020;12;12;1;3;5;3;0;1;1;0;0;0;0;350633,842000000180000;5647311,359999999400000;6,873172733000047;50,958030635000057;0
220166;5201219400200768206;5;7;11;0;2020;12;9;7;3;0;3;0;1;1;0;0;0;0;467763,773000000040000;5763498,913000000600000;8,530207041000040;52,021187392000058;0
220167;5201222506100785924;5;1;16;0;2020;12;14;3;3;6;4;0;1;0;1;0;0;0;320968,768699999900000;5674445,019400000600000;6,437747852000030;51,193332946000055;1
220168;5201222601300286438;5;3;15;0;2020;12;10;3;3;0;5;0;1;1;0;0;0;0;353905,645100000310000;5645848,446200000100000;6,920313837000037;50,945722737000040;1
220171;5201222518320367690;5;1;70;52;2020;12;9;3;3;5;3;0;1;1;0;0;0;0;324351,659900000320000;5726286,324799999600000;6,460411498000042;51,660077765000040;1
220174;5201221602900186627;5;3;62;40;2020;12;11;2;3;0;1;0;1;1;0;0;0;0;358196,176599999890000;5631498,059200000000000;6,986916706000045;50,817825562000053;1
220178;5201217609108385784;5;3;58;8;2020;12;13;5;3;3;7;0;1;1;0;0;0;0;320183,394299999810000;5632419,769200000900000;6,447337268000069;50,815553039000065;0
220179;5201219313110572298;5;9;58;4;2020;12;11;7;2;5;3;0;1;1;0;0;0;0;430007,728000000120000;5698247,907999999800000;7,993156778000071;51,431104015000074;0
220180;5201222500300979207;5;1;11;0;2020;12;13;3;3;0;1;0;1;0;0;0;0;0;344030,582000000400000;5676537,673900000800000;6,766604762000043;51,218896247000032;1
220184;5201216503200080542;5;1;24;0;2020;12;11;4;3;5;3;0;1;1;0;0;0;0;374144,702999999750000;5681643,308000000200000;7,195770686000060;51,272217385000033;1
220185;5201219702100561966;5;5;15;0;2020;12;12;7;3;0;7;0;1;0;0;0;0;0;409463,912100000310000;5752527,237900000100000;7,683635018000075;51,916116867000028;0
220195;5201227410110187151;5;7;70;24;2020;12;9;1;3;0;1;0;1;0;0;0;0;0;490942,342100000010000;5791121,820399999600000;8,867260090000059;52,270399623000060;0
220205;5201226702100357528;5;5;15;0;2020;12;22;7;3;0;1;2;1;0;0;0;0;0;406198,184799999930000;5756150,465399999200000;7,635178878000033;51,948143785000070;1
220207;5201226701200285435;5;5;62;20;2020;12;7;7;2;5;3;2;1;1;0;0;0;0;370820,433699999940000;5719198,277699999500000;7,134436813000036;51,608983172000080;0
220212;5201226610113675534;5;3;70;24;2020;12;13;7;2;7;1;0;1;0;0;0;0;0;283288,253999999720000;5658357,414300000300000;5,908906332000072;51,035837011000069;0
220215;5201226601310020209;5;3;15;0;2020;12;22;7;3;1;5;2;1;1;0;0;0;0;353962,778900000270000;5646720,182199999700000;6,920776948000025;50,953571202000035;0
220218;5201226513210671659;5;1;62;24;2020;12;12;7;2;0;7;0;1;0;0;0;0;0;337678,477599999870000;5676725,296800000600000;6,675639921000027;51,218811503000040;0
220229;5201226310110186072;5;9;54;16;2020;12;14;7;3;0;1;0;1;1;0;0;0;0;370619,827999999750000;5694069,032999999800000;7,140755133000027;51,383101293000038;0
220243;5201225607500437152;5;3;82;56;2020;12;23;6;2;3;6;2;1;0;0;0;0;0;371390,285099999980000;5624850,370400000400000;7,176443852000034;50,761155085000041;0
220247;5201225518320645137;5;1;70;52;2020;12;15;6;3;5;3;0;1;1;0;0;0;0;323704,179800000040000;5726548,713800000000000;6,450927624000030;51,662231990000066;0
220249;5201225515111576311;5;1;54;8;2020;12;13;6;2;4;2;0;1;1;0;0;0;0;310746,729000000280000;5747211,153999999200000;6,252552845000025;51,843588883000052;0
220269;5201231608100485866;5;3;34;2;2020;12;11;5;3;6;4;0;1;0;1;0;0;0;295172,114400000310000;5628138,031300000800000;6,095123464000039;50,768794515000081;0
220276;5201231601200686379;5;3;15;0;2020;12;20;5;2;0;1;2;1;0;0;0;0;0;355407,485299999830000;5641909,709799999400000;6,943240240000023;50,910704710000061;1
220277;5201225300300164510;5;9;11;0;2020;12;14;6;3;4;3;0;1;1;0;0;0;0;377380,616100000220000;5699080,189999999500000;7,236127180000040;51,429640485000050;0
220280;5201231502232286670;5;1;13;0;2020;12;10;5;3;3;7;0;1;1;0;0;0;0;366802,804899999870000;5696136,518300000600000;7,085159674000067;51,400798632000033;1
220294;5201231301302985044;5;9;13;0;2020;12;10;5;3;5;2;0;1;1;0;0;0;0;395149,496000000280000;5708761,698999999100000;7,488754571000072;51,520230832000038;1
220295;5201230709800112245;5;5;66;40;2020;12;13;4;3;5;2;0;1;1;0;0;0;0;421183,817699999550000;5782687,023399999400000;7,847040769000046;52,189007300000071;1
220306;5201230608332785200;5;3;34;32;2020;12;18;4;2;0;1;2;1;0;0;0;0;0;306191,251699999910000;5628910,256300000500000;6,250792950000061;50,779516641000043;1
220313;5201230601320901207;5;3;15;0;2020;12;16;4;3;5;3;1;1;1;0;0;0;0;352364,004200000320000;5648233,693000000000000;6,897416457000077;50,966765048000070;0
220316;5201230601300686647;5;3;15;0;2020;12;17;4;2;0;7;2;1;0;0;0;0;0;353606,631299999540000;5648574,399900000500000;6,914963832000069;50,970143964000044;1
220320;5201230513320574368;5;1;62;4;2020;12;17;4;3;2;6;2;1;0;0;0;0;1;348636,814699999990000;5662502,134299999100000;6,838416172000052;51,094014965000042;1
220327;5201230410120387169;5;7;70;32;2020;12;20;4;3;8;7;2;1;0;0;0;0;0;497754,621000000280000;5786401,167999999600000;8,967125328000066;52,228028266000081;1
220346;5201229608404877565;5;3;34;4;2020;12;8;3;3;0;1;0;1;0;0;0;0;0;300627,065000000410000;5638989,185000000500000;6,166487119000067;50,868157495000048;2
220350;5201229606100081682;5;3;78;4;2020;12;15;3;3;1;5;0;1;1;0;0;0;0;366613,772199999540000;5647625,170199999600000;7,100454455000033;50,964771848000055;0
220351;5201224316300087641;5;9;74;28;2020;12;19;5;3;0;5;2;1;1;0;0;0;0;453531,741600000300000;5723600,615800000700000;8,328171204000057;51,661469038000064;1
220352;5201229602800536203;5;3;62;12;2020;12;15;3;3;6;4;0;1;0;1;0;0;0;351555,068900000300000;5632757,479599999300000;6,892194701000051;50,827479393000033;0
220355;5201229601600774402;5;3;15;0;2020;12;14;3;3;5;5;0;1;1;0;0;0;0;360948,298299999910000;5643885,226600000600000;7,021251266000036;50,929820611000082;0
220356;5201224315230585531;5;9;70;28;2020;12;17;5;2;0;1;2;1;0;0;0;0;0;460002,326899999750000;5642444,960000000900000;8,430812346000039;50,932248489000074;1
220367;5201229400100876097;5;7;11;0;2020;12;10;3;3;5;3;0;1;1;0;0;0;0;466409,565000000410000;5767015,930999999900000;8,510126831000036;52,052727056000037;1
220369;5201223706000865766;5;5;58;16;2020;12;10;4;3;7;7;0;1;0;0;0;0;0;381121,734000000170000;5743685,969699999300000;7,274771369000064;51,831331351000074;1
220372;5201223705000585882;5;5;54;8;2020;12;16;4;3;5;3;1;1;1;0;0;0;0;336090,601499999870000;5746731,633500000500000;6,620335789000023;51,847296338000035;1
220373;5201228705000279162;5;5;54;12;2020;12;19;2;3;5;2;2;1;1;0;0;0;0;352807,288200000300000;5746060,706299999700000;6,863124485000071;51,845925850000071;1
220376;5201228700000682308;5;5;13;0;2020;12;10;2;3;1;5;0;1;1;0;0;0;1;368961,207399999720000;5716339,198899999300000;7,108670060000065;51,582859938000070;1
220380;5201228609224068388;5;3;58;24;2020;12;23;2;3;0;1;2;1;0;0;0;0;0;314167,592299999670000;5643379,899399999500000;6,356467043000066;50,912110809000069;1
220384;5201228608100985701;5;3;34;2;2020;12;8;2;3;0;1;0;1;0;0;0;0;0;296498,736999999730000;5631042,771999999900000;6,112304363000021;50,795349998000063;1
220386;5201228608100380785;5;3;34;2;2020;12;9;2;3;0;1;0;1;0;0;0;0;0;293975,577999999750000;5626962,963999999700000;6,078835352000056;50,757817413000055;2
220387;5201228608100280780;5;3;34;2;2020;12;9;2;3;0;1;0;1;0;0;0;0;0;293975,577999999750000;5626962,963999999700000;6,078835352000056;50,757817413000055;2
220388;5201228608100080750;5;3;34;2;2020;12;9;2;3;0;1;0;1;0;0;0;0;0;295712,327300000000000;5627076,872800000000000;6,103363323000053;50,759454321000078;2
220391;5201228602300073659;5;3;62;36;2020;12;16;2;3;0;7;0;1;0;0;0;0;0;343001,229000000280000;5655145,091000000000000;6,761192490000042;51,026392978000047;1
220394;5201228601700386511;5;3;16;0;2020;12;5;2;3;5;3;2;1;1;0;0;0;0;359730,756299999540000;5654290,876299999700000;6,999921728000061;51,023042055000076;0
220398;5201228516800278641;5;1;58;20;2020;12;12;2;3;5;3;0;1;1;0;0;0;0;357540,218700000080000;5664985,804500000600000;6,964494624000054;51,118615790000035;0
220399;5201223601200272646;5;3;15;0;2020;12;9;4;3;0;5;0;1;1;0;0;0;0;355271,380199999550000;5643059,612700000400000;6,940849364000030;50,921004568000058;1
220401;5201228515210022352;5;1;54;52;2020;12;14;2;3;0;1;0;1;0;0;0;0;0;310009,009999999780000;5701894,847999999300000;6,266455808000046;51,436344537000082;0
220402;5201223600380073814;5;3;14;0;2020;12;10;4;3;5;2;0;1;1;0;0;0;0;370064,423200000080000;5617702,443700000600000;7,160173723000071;50,696612187000028;1
220404;5201223516800786728;5;1;58;20;2020;12;10;4;3;5;3;0;1;1;0;0;0;0;356297,467600000090000;5663342,209200000400000;6,947404679000044;51,103535202000046;1
220405;5201228514119577526;5;1;66;16;2020;12;11;2;2;5;3;0;1;1;0;0;0;0;308209,543800000100000;5687259,738299999400000;6,248493279000059;51,304292757000042;0
220416;5201223513210171877;5;1;62;24;2020;12;13;4;3;5;3;0;1;1;0;0;0;0;338766,603299999610000;5673899,419999999900000;6,692477487000076;51,193729657000063;1
220417;5201228501212578990;5;1;12;0;2020;12;9;2;3;5;3;0;1;1;0;0;0;0;341273,933400000450000;5698140,332100000200000;6,717548133000037;51,412234326000032;1
220419;5201228501115582196;5;1;12;0;2020;12;18;2;3;0;1;2;1;0;0;0;0;0;345766,536999999550000;5706113,994999999200000;6,778622606000056;51,485117899000045;1
220426;5201228313110585015;5;9;58;4;2020;12;17;2;3;5;2;2;1;1;0;0;0;0;429970,209999999960000;5697801,945000000300000;7,992705341000033;51,427089973000079;0
220428;5201228301202504201;5;9;13;0;2020;12;16;2;3;5;3;1;1;1;0;0;0;0;393545,960799999540000;5712035,334400000100000;7,464661293000063;51,549355771000080;0
220429;5201227709300587285;5;5;66;68;2020;12;3;1;3;7;1;2;1;0;0;0;0;1;376087,482200000440000;5786230,954199999600000;7,186347271000045;52,212565934000054;1
220443;5201223502209086115;5;1;13;0;2020;12;7;4;3;0;3;2;1;1;0;0;0;0;360417,353000000120000;5699862,203999999900000;6,991954708000037;51,432743603000063;1